#Timing report of worst 100 path(s)
# Unit scale: 1e-09 seconds
# Output precision: 3

#Path 1
Startpoint: [17752].Q[0] (.latch clocked by pclk)
Endpoint  : [10055].D[0] (.latch clocked by pclk)
Path Type : setup

Point                                                             Incr      Path
--------------------------------------------------------------------------------
clock pclk (rise edge)                                           0.000     0.000
clock source latency                                             0.000     0.000
pclk.inpad[0] (.input)                                           0.000     0.000
[17752].clk[0] (.latch)                                          0.042     0.042
[17752].Q[0] (.latch) [clock-to-output]                          0.124     0.166
[5541].in[4] (.names)                                            0.367     0.533
[5541].out[0] (.names)                                           0.261     0.794
[17555].in[0] (.names)                                           0.424     1.218
[17555].out[0] (.names)                                          0.261     1.479
[17559].in[5] (.names)                                           0.423     1.901
[17559].out[0] (.names)                                          0.261     2.162
nrq8_2.in[0] (.names)                                            0.421     2.583
nrq8_2.out[0] (.names)                                           0.261     2.844
[5292].in[3] (.names)                                            0.497     3.342
[5292].out[0] (.names)                                           0.261     3.603
[17744].in[1] (.names)                                           0.573     4.176
[17744].out[0] (.names)                                          0.261     4.437
[4442].in[4] (.names)                                            0.269     4.706
[4442].out[0] (.names)                                           0.261     4.967
[5173].in[3] (.names)                                            0.269     5.235
[5173].out[0] (.names)                                           0.261     5.496
[19520].in[4] (.names)                                           0.345     5.841
[19520].out[0] (.names)                                          0.261     6.102
[5162].in[4] (.names)                                            0.269     6.371
[5162].out[0] (.names)                                           0.261     6.632
[19490].in[4] (.names)                                           0.421     7.053
[19490].out[0] (.names)                                          0.261     7.314
[19367].in[3] (.names)                                           0.347     7.660
[19367].out[0] (.names)                                          0.261     7.921
[10064].in[4] (.names)                                           0.574     8.495
[10064].out[0] (.names)                                          0.261     8.756
[10055].D[0] (.latch)                                            0.000     8.756
data arrival time                                                          8.756

clock pclk (rise edge)                                           0.000     0.000
clock source latency                                             0.000     0.000
pclk.inpad[0] (.input)                                           0.000     0.000
[10055].clk[0] (.latch)                                          0.042     0.042
clock uncertainty                                                0.000     0.042
cell setup time                                                 -0.066    -0.024
data required time                                                        -0.024
--------------------------------------------------------------------------------
data required time                                                        -0.024
data arrival time                                                         -8.756
--------------------------------------------------------------------------------
slack (VIOLATED)                                                          -8.780


#Path 2
Startpoint: [17752].Q[0] (.latch clocked by pclk)
Endpoint  : [7400].D[0] (.latch clocked by pclk)
Path Type : setup

Point                                                             Incr      Path
--------------------------------------------------------------------------------
clock pclk (rise edge)                                           0.000     0.000
clock source latency                                             0.000     0.000
pclk.inpad[0] (.input)                                           0.000     0.000
[17752].clk[0] (.latch)                                          0.042     0.042
[17752].Q[0] (.latch) [clock-to-output]                          0.124     0.166
[5541].in[4] (.names)                                            0.367     0.533
[5541].out[0] (.names)                                           0.261     0.794
[17555].in[0] (.names)                                           0.424     1.218
[17555].out[0] (.names)                                          0.261     1.479
[17559].in[5] (.names)                                           0.423     1.901
[17559].out[0] (.names)                                          0.261     2.162
nrq8_2.in[0] (.names)                                            0.421     2.583
nrq8_2.out[0] (.names)                                           0.261     2.844
[5292].in[3] (.names)                                            0.497     3.342
[5292].out[0] (.names)                                           0.261     3.603
[17744].in[1] (.names)                                           0.573     4.176
[17744].out[0] (.names)                                          0.261     4.437
[4442].in[4] (.names)                                            0.269     4.706
[4442].out[0] (.names)                                           0.261     4.967
[5173].in[3] (.names)                                            0.269     5.235
[5173].out[0] (.names)                                           0.261     5.496
[19520].in[4] (.names)                                           0.345     5.841
[19520].out[0] (.names)                                          0.261     6.102
[5162].in[4] (.names)                                            0.269     6.371
[5162].out[0] (.names)                                           0.261     6.632
[19490].in[4] (.names)                                           0.421     7.053
[19490].out[0] (.names)                                          0.261     7.314
[19367].in[3] (.names)                                           0.347     7.660
[19367].out[0] (.names)                                          0.261     7.921
[7409].in[4] (.names)                                            0.574     8.495
[7409].out[0] (.names)                                           0.261     8.756
[7400].D[0] (.latch)                                             0.000     8.756
data arrival time                                                          8.756

clock pclk (rise edge)                                           0.000     0.000
clock source latency                                             0.000     0.000
pclk.inpad[0] (.input)                                           0.000     0.000
[7400].clk[0] (.latch)                                           0.042     0.042
clock uncertainty                                                0.000     0.042
cell setup time                                                 -0.066    -0.024
data required time                                                        -0.024
--------------------------------------------------------------------------------
data required time                                                        -0.024
data arrival time                                                         -8.756
--------------------------------------------------------------------------------
slack (VIOLATED)                                                          -8.780


#Path 3
Startpoint: [17752].Q[0] (.latch clocked by pclk)
Endpoint  : [6725].D[0] (.latch clocked by pclk)
Path Type : setup

Point                                                             Incr      Path
--------------------------------------------------------------------------------
clock pclk (rise edge)                                           0.000     0.000
clock source latency                                             0.000     0.000
pclk.inpad[0] (.input)                                           0.000     0.000
[17752].clk[0] (.latch)                                          0.042     0.042
[17752].Q[0] (.latch) [clock-to-output]                          0.124     0.166
[5541].in[4] (.names)                                            0.367     0.533
[5541].out[0] (.names)                                           0.261     0.794
[17555].in[0] (.names)                                           0.424     1.218
[17555].out[0] (.names)                                          0.261     1.479
[17559].in[5] (.names)                                           0.423     1.901
[17559].out[0] (.names)                                          0.261     2.162
nrq8_2.in[0] (.names)                                            0.421     2.583
nrq8_2.out[0] (.names)                                           0.261     2.844
[5292].in[3] (.names)                                            0.497     3.342
[5292].out[0] (.names)                                           0.261     3.603
[17744].in[1] (.names)                                           0.573     4.176
[17744].out[0] (.names)                                          0.261     4.437
[4442].in[4] (.names)                                            0.269     4.706
[4442].out[0] (.names)                                           0.261     4.967
[5173].in[3] (.names)                                            0.269     5.235
[5173].out[0] (.names)                                           0.261     5.496
[19520].in[4] (.names)                                           0.345     5.841
[19520].out[0] (.names)                                          0.261     6.102
[5162].in[4] (.names)                                            0.269     6.371
[5162].out[0] (.names)                                           0.261     6.632
[19490].in[4] (.names)                                           0.421     7.053
[19490].out[0] (.names)                                          0.261     7.314
[19367].in[3] (.names)                                           0.347     7.660
[19367].out[0] (.names)                                          0.261     7.921
[6734].in[4] (.names)                                            0.574     8.495
[6734].out[0] (.names)                                           0.261     8.756
[6725].D[0] (.latch)                                             0.000     8.756
data arrival time                                                          8.756

clock pclk (rise edge)                                           0.000     0.000
clock source latency                                             0.000     0.000
pclk.inpad[0] (.input)                                           0.000     0.000
[6725].clk[0] (.latch)                                           0.042     0.042
clock uncertainty                                                0.000     0.042
cell setup time                                                 -0.066    -0.024
data required time                                                        -0.024
--------------------------------------------------------------------------------
data required time                                                        -0.024
data arrival time                                                         -8.756
--------------------------------------------------------------------------------
slack (VIOLATED)                                                          -8.780


#Path 4
Startpoint: [17752].Q[0] (.latch clocked by pclk)
Endpoint  : [5480].D[0] (.latch clocked by pclk)
Path Type : setup

Point                                                             Incr      Path
--------------------------------------------------------------------------------
clock pclk (rise edge)                                           0.000     0.000
clock source latency                                             0.000     0.000
pclk.inpad[0] (.input)                                           0.000     0.000
[17752].clk[0] (.latch)                                          0.042     0.042
[17752].Q[0] (.latch) [clock-to-output]                          0.124     0.166
[5541].in[4] (.names)                                            0.367     0.533
[5541].out[0] (.names)                                           0.261     0.794
[17555].in[0] (.names)                                           0.424     1.218
[17555].out[0] (.names)                                          0.261     1.479
[17559].in[5] (.names)                                           0.423     1.901
[17559].out[0] (.names)                                          0.261     2.162
nrq8_2.in[0] (.names)                                            0.421     2.583
nrq8_2.out[0] (.names)                                           0.261     2.844
[5292].in[3] (.names)                                            0.497     3.342
[5292].out[0] (.names)                                           0.261     3.603
[17744].in[1] (.names)                                           0.573     4.176
[17744].out[0] (.names)                                          0.261     4.437
[4442].in[4] (.names)                                            0.269     4.706
[4442].out[0] (.names)                                           0.261     4.967
[5173].in[3] (.names)                                            0.269     5.235
[5173].out[0] (.names)                                           0.261     5.496
[19520].in[4] (.names)                                           0.345     5.841
[19520].out[0] (.names)                                          0.261     6.102
[5162].in[4] (.names)                                            0.269     6.371
[5162].out[0] (.names)                                           0.261     6.632
[19490].in[4] (.names)                                           0.421     7.053
[19490].out[0] (.names)                                          0.261     7.314
[19367].in[3] (.names)                                           0.347     7.660
[19367].out[0] (.names)                                          0.261     7.921
[5489].in[3] (.names)                                            0.574     8.495
[5489].out[0] (.names)                                           0.261     8.756
[5480].D[0] (.latch)                                             0.000     8.756
data arrival time                                                          8.756

clock pclk (rise edge)                                           0.000     0.000
clock source latency                                             0.000     0.000
pclk.inpad[0] (.input)                                           0.000     0.000
[5480].clk[0] (.latch)                                           0.042     0.042
clock uncertainty                                                0.000     0.042
cell setup time                                                 -0.066    -0.024
data required time                                                        -0.024
--------------------------------------------------------------------------------
data required time                                                        -0.024
data arrival time                                                         -8.756
--------------------------------------------------------------------------------
slack (VIOLATED)                                                          -8.780


#Path 5
Startpoint: [17752].Q[0] (.latch clocked by pclk)
Endpoint  : [6080].D[0] (.latch clocked by pclk)
Path Type : setup

Point                                                             Incr      Path
--------------------------------------------------------------------------------
clock pclk (rise edge)                                           0.000     0.000
clock source latency                                             0.000     0.000
pclk.inpad[0] (.input)                                           0.000     0.000
[17752].clk[0] (.latch)                                          0.042     0.042
[17752].Q[0] (.latch) [clock-to-output]                          0.124     0.166
[5541].in[4] (.names)                                            0.367     0.533
[5541].out[0] (.names)                                           0.261     0.794
[17555].in[0] (.names)                                           0.424     1.218
[17555].out[0] (.names)                                          0.261     1.479
[17559].in[5] (.names)                                           0.423     1.901
[17559].out[0] (.names)                                          0.261     2.162
nrq8_2.in[0] (.names)                                            0.421     2.583
nrq8_2.out[0] (.names)                                           0.261     2.844
[5292].in[3] (.names)                                            0.497     3.342
[5292].out[0] (.names)                                           0.261     3.603
[17744].in[1] (.names)                                           0.573     4.176
[17744].out[0] (.names)                                          0.261     4.437
[4442].in[4] (.names)                                            0.269     4.706
[4442].out[0] (.names)                                           0.261     4.967
[5173].in[3] (.names)                                            0.269     5.235
[5173].out[0] (.names)                                           0.261     5.496
[19520].in[4] (.names)                                           0.345     5.841
[19520].out[0] (.names)                                          0.261     6.102
[5162].in[4] (.names)                                            0.269     6.371
[5162].out[0] (.names)                                           0.261     6.632
[19490].in[4] (.names)                                           0.421     7.053
[19490].out[0] (.names)                                          0.261     7.314
[19367].in[3] (.names)                                           0.347     7.660
[19367].out[0] (.names)                                          0.261     7.921
[6089].in[3] (.names)                                            0.574     8.495
[6089].out[0] (.names)                                           0.261     8.756
[6080].D[0] (.latch)                                             0.000     8.756
data arrival time                                                          8.756

clock pclk (rise edge)                                           0.000     0.000
clock source latency                                             0.000     0.000
pclk.inpad[0] (.input)                                           0.000     0.000
[6080].clk[0] (.latch)                                           0.042     0.042
clock uncertainty                                                0.000     0.042
cell setup time                                                 -0.066    -0.024
data required time                                                        -0.024
--------------------------------------------------------------------------------
data required time                                                        -0.024
data arrival time                                                         -8.756
--------------------------------------------------------------------------------
slack (VIOLATED)                                                          -8.780


#Path 6
Startpoint: [17752].Q[0] (.latch clocked by pclk)
Endpoint  : [10340].D[0] (.latch clocked by pclk)
Path Type : setup

Point                                                             Incr      Path
--------------------------------------------------------------------------------
clock pclk (rise edge)                                           0.000     0.000
clock source latency                                             0.000     0.000
pclk.inpad[0] (.input)                                           0.000     0.000
[17752].clk[0] (.latch)                                          0.042     0.042
[17752].Q[0] (.latch) [clock-to-output]                          0.124     0.166
[5541].in[4] (.names)                                            0.367     0.533
[5541].out[0] (.names)                                           0.261     0.794
[17555].in[0] (.names)                                           0.424     1.218
[17555].out[0] (.names)                                          0.261     1.479
[17559].in[5] (.names)                                           0.423     1.901
[17559].out[0] (.names)                                          0.261     2.162
nrq8_2.in[0] (.names)                                            0.421     2.583
nrq8_2.out[0] (.names)                                           0.261     2.844
[5292].in[3] (.names)                                            0.497     3.342
[5292].out[0] (.names)                                           0.261     3.603
[17744].in[1] (.names)                                           0.573     4.176
[17744].out[0] (.names)                                          0.261     4.437
[4442].in[4] (.names)                                            0.269     4.706
[4442].out[0] (.names)                                           0.261     4.967
[5173].in[3] (.names)                                            0.269     5.235
[5173].out[0] (.names)                                           0.261     5.496
[19520].in[4] (.names)                                           0.345     5.841
[19520].out[0] (.names)                                          0.261     6.102
[5162].in[4] (.names)                                            0.269     6.371
[5162].out[0] (.names)                                           0.261     6.632
[19490].in[4] (.names)                                           0.421     7.053
[19490].out[0] (.names)                                          0.261     7.314
[3481].in[4] (.names)                                            0.347     7.660
[3481].out[0] (.names)                                           0.261     7.921
[10349].in[4] (.names)                                           0.573     8.494
[10349].out[0] (.names)                                          0.261     8.755
[10340].D[0] (.latch)                                            0.000     8.755
data arrival time                                                          8.755

clock pclk (rise edge)                                           0.000     0.000
clock source latency                                             0.000     0.000
pclk.inpad[0] (.input)                                           0.000     0.000
[10340].clk[0] (.latch)                                          0.042     0.042
clock uncertainty                                                0.000     0.042
cell setup time                                                 -0.066    -0.024
data required time                                                        -0.024
--------------------------------------------------------------------------------
data required time                                                        -0.024
data arrival time                                                         -8.755
--------------------------------------------------------------------------------
slack (VIOLATED)                                                          -8.779


#Path 7
Startpoint: [17752].Q[0] (.latch clocked by pclk)
Endpoint  : [12650].D[0] (.latch clocked by pclk)
Path Type : setup

Point                                                             Incr      Path
--------------------------------------------------------------------------------
clock pclk (rise edge)                                           0.000     0.000
clock source latency                                             0.000     0.000
pclk.inpad[0] (.input)                                           0.000     0.000
[17752].clk[0] (.latch)                                          0.042     0.042
[17752].Q[0] (.latch) [clock-to-output]                          0.124     0.166
[5541].in[4] (.names)                                            0.367     0.533
[5541].out[0] (.names)                                           0.261     0.794
[17555].in[0] (.names)                                           0.424     1.218
[17555].out[0] (.names)                                          0.261     1.479
[17559].in[5] (.names)                                           0.423     1.901
[17559].out[0] (.names)                                          0.261     2.162
nen21_5.in[1] (.names)                                           0.425     2.587
nen21_5.out[0] (.names)                                          0.261     2.848
[4222].in[4] (.names)                                            0.270     3.118
[4222].out[0] (.names)                                           0.261     3.379
[17924].in[1] (.names)                                           0.581     3.961
[17924].out[0] (.names)                                          0.261     4.222
[19153].in[4] (.names)                                           0.269     4.490
[19153].out[0] (.names)                                          0.261     4.751
[19157].in[2] (.names)                                           0.347     5.098
[19157].out[0] (.names)                                          0.261     5.359
[19221].in[2] (.names)                                           0.100     5.459
[19221].out[0] (.names)                                          0.261     5.720
[19227].in[2] (.names)                                           0.100     5.820
[19227].out[0] (.names)                                          0.261     6.081
[19232].in[2] (.names)                                           0.100     6.181
[19232].out[0] (.names)                                          0.261     6.442
[19215].in[2] (.names)                                           0.421     6.863
[19215].out[0] (.names)                                          0.261     7.124
[19068].in[5] (.names)                                           0.100     7.224
[19068].out[0] (.names)                                          0.261     7.485
[12659].in[3] (.names)                                           0.962     8.447
[12659].out[0] (.names)                                          0.261     8.708
[12650].D[0] (.latch)                                            0.000     8.708
data arrival time                                                          8.708

clock pclk (rise edge)                                           0.000     0.000
clock source latency                                             0.000     0.000
pclk.inpad[0] (.input)                                           0.000     0.000
[12650].clk[0] (.latch)                                          0.042     0.042
clock uncertainty                                                0.000     0.042
cell setup time                                                 -0.066    -0.024
data required time                                                        -0.024
--------------------------------------------------------------------------------
data required time                                                        -0.024
data arrival time                                                         -8.708
--------------------------------------------------------------------------------
slack (VIOLATED)                                                          -8.732


#Path 8
Startpoint: [17752].Q[0] (.latch clocked by pclk)
Endpoint  : [13370].D[0] (.latch clocked by pclk)
Path Type : setup

Point                                                             Incr      Path
--------------------------------------------------------------------------------
clock pclk (rise edge)                                           0.000     0.000
clock source latency                                             0.000     0.000
pclk.inpad[0] (.input)                                           0.000     0.000
[17752].clk[0] (.latch)                                          0.042     0.042
[17752].Q[0] (.latch) [clock-to-output]                          0.124     0.166
[5541].in[4] (.names)                                            0.367     0.533
[5541].out[0] (.names)                                           0.261     0.794
[17555].in[0] (.names)                                           0.424     1.218
[17555].out[0] (.names)                                          0.261     1.479
[17559].in[5] (.names)                                           0.423     1.901
[17559].out[0] (.names)                                          0.261     2.162
nrq8_2.in[0] (.names)                                            0.421     2.583
nrq8_2.out[0] (.names)                                           0.261     2.844
[5292].in[3] (.names)                                            0.497     3.342
[5292].out[0] (.names)                                           0.261     3.603
[17744].in[1] (.names)                                           0.573     4.176
[17744].out[0] (.names)                                          0.261     4.437
[4442].in[4] (.names)                                            0.269     4.706
[4442].out[0] (.names)                                           0.261     4.967
[5173].in[3] (.names)                                            0.269     5.235
[5173].out[0] (.names)                                           0.261     5.496
[19520].in[4] (.names)                                           0.345     5.841
[19520].out[0] (.names)                                          0.261     6.102
[5162].in[4] (.names)                                            0.269     6.371
[5162].out[0] (.names)                                           0.261     6.632
[19490].in[4] (.names)                                           0.421     7.053
[19490].out[0] (.names)                                          0.261     7.314
[19367].in[3] (.names)                                           0.347     7.660
[19367].out[0] (.names)                                          0.261     7.921
[13379].in[2] (.names)                                           0.502     8.424
[13379].out[0] (.names)                                          0.261     8.685
[13370].D[0] (.latch)                                            0.000     8.685
data arrival time                                                          8.685

clock pclk (rise edge)                                           0.000     0.000
clock source latency                                             0.000     0.000
pclk.inpad[0] (.input)                                           0.000     0.000
[13370].clk[0] (.latch)                                          0.042     0.042
clock uncertainty                                                0.000     0.042
cell setup time                                                 -0.066    -0.024
data required time                                                        -0.024
--------------------------------------------------------------------------------
data required time                                                        -0.024
data arrival time                                                         -8.685
--------------------------------------------------------------------------------
slack (VIOLATED)                                                          -8.708


#Path 9
Startpoint: [17752].Q[0] (.latch clocked by pclk)
Endpoint  : [13070].D[0] (.latch clocked by pclk)
Path Type : setup

Point                                                             Incr      Path
--------------------------------------------------------------------------------
clock pclk (rise edge)                                           0.000     0.000
clock source latency                                             0.000     0.000
pclk.inpad[0] (.input)                                           0.000     0.000
[17752].clk[0] (.latch)                                          0.042     0.042
[17752].Q[0] (.latch) [clock-to-output]                          0.124     0.166
[5541].in[4] (.names)                                            0.367     0.533
[5541].out[0] (.names)                                           0.261     0.794
[17555].in[0] (.names)                                           0.424     1.218
[17555].out[0] (.names)                                          0.261     1.479
[17559].in[5] (.names)                                           0.423     1.901
[17559].out[0] (.names)                                          0.261     2.162
nrq8_2.in[0] (.names)                                            0.421     2.583
nrq8_2.out[0] (.names)                                           0.261     2.844
[5292].in[3] (.names)                                            0.497     3.342
[5292].out[0] (.names)                                           0.261     3.603
[17744].in[1] (.names)                                           0.573     4.176
[17744].out[0] (.names)                                          0.261     4.437
[4442].in[4] (.names)                                            0.269     4.706
[4442].out[0] (.names)                                           0.261     4.967
[5173].in[3] (.names)                                            0.269     5.235
[5173].out[0] (.names)                                           0.261     5.496
[19520].in[4] (.names)                                           0.345     5.841
[19520].out[0] (.names)                                          0.261     6.102
[5162].in[4] (.names)                                            0.269     6.371
[5162].out[0] (.names)                                           0.261     6.632
[19490].in[4] (.names)                                           0.421     7.053
[19490].out[0] (.names)                                          0.261     7.314
[19367].in[3] (.names)                                           0.347     7.660
[19367].out[0] (.names)                                          0.261     7.921
[13079].in[2] (.names)                                           0.502     8.424
[13079].out[0] (.names)                                          0.261     8.685
[13070].D[0] (.latch)                                            0.000     8.685
data arrival time                                                          8.685

clock pclk (rise edge)                                           0.000     0.000
clock source latency                                             0.000     0.000
pclk.inpad[0] (.input)                                           0.000     0.000
[13070].clk[0] (.latch)                                          0.042     0.042
clock uncertainty                                                0.000     0.042
cell setup time                                                 -0.066    -0.024
data required time                                                        -0.024
--------------------------------------------------------------------------------
data required time                                                        -0.024
data arrival time                                                         -8.685
--------------------------------------------------------------------------------
slack (VIOLATED)                                                          -8.708


#Path 10
Startpoint: [17752].Q[0] (.latch clocked by pclk)
Endpoint  : [11375].D[0] (.latch clocked by pclk)
Path Type : setup

Point                                                             Incr      Path
--------------------------------------------------------------------------------
clock pclk (rise edge)                                           0.000     0.000
clock source latency                                             0.000     0.000
pclk.inpad[0] (.input)                                           0.000     0.000
[17752].clk[0] (.latch)                                          0.042     0.042
[17752].Q[0] (.latch) [clock-to-output]                          0.124     0.166
[5541].in[4] (.names)                                            0.367     0.533
[5541].out[0] (.names)                                           0.261     0.794
[17555].in[0] (.names)                                           0.424     1.218
[17555].out[0] (.names)                                          0.261     1.479
[17559].in[5] (.names)                                           0.423     1.901
[17559].out[0] (.names)                                          0.261     2.162
nrq8_2.in[0] (.names)                                            0.421     2.583
nrq8_2.out[0] (.names)                                           0.261     2.844
[5292].in[3] (.names)                                            0.497     3.342
[5292].out[0] (.names)                                           0.261     3.603
[17744].in[1] (.names)                                           0.573     4.176
[17744].out[0] (.names)                                          0.261     4.437
[4442].in[4] (.names)                                            0.269     4.706
[4442].out[0] (.names)                                           0.261     4.967
[5173].in[3] (.names)                                            0.269     5.235
[5173].out[0] (.names)                                           0.261     5.496
[19520].in[4] (.names)                                           0.345     5.841
[19520].out[0] (.names)                                          0.261     6.102
[5162].in[4] (.names)                                            0.269     6.371
[5162].out[0] (.names)                                           0.261     6.632
[19490].in[4] (.names)                                           0.421     7.053
[19490].out[0] (.names)                                          0.261     7.314
[19367].in[3] (.names)                                           0.347     7.660
[19367].out[0] (.names)                                          0.261     7.921
[11384].in[2] (.names)                                           0.502     8.424
[11384].out[0] (.names)                                          0.261     8.685
[11375].D[0] (.latch)                                            0.000     8.685
data arrival time                                                          8.685

clock pclk (rise edge)                                           0.000     0.000
clock source latency                                             0.000     0.000
pclk.inpad[0] (.input)                                           0.000     0.000
[11375].clk[0] (.latch)                                          0.042     0.042
clock uncertainty                                                0.000     0.042
cell setup time                                                 -0.066    -0.024
data required time                                                        -0.024
--------------------------------------------------------------------------------
data required time                                                        -0.024
data arrival time                                                         -8.685
--------------------------------------------------------------------------------
slack (VIOLATED)                                                          -8.708


#Path 11
Startpoint: [17752].Q[0] (.latch clocked by pclk)
Endpoint  : [8735].D[0] (.latch clocked by pclk)
Path Type : setup

Point                                                             Incr      Path
--------------------------------------------------------------------------------
clock pclk (rise edge)                                           0.000     0.000
clock source latency                                             0.000     0.000
pclk.inpad[0] (.input)                                           0.000     0.000
[17752].clk[0] (.latch)                                          0.042     0.042
[17752].Q[0] (.latch) [clock-to-output]                          0.124     0.166
[5541].in[4] (.names)                                            0.367     0.533
[5541].out[0] (.names)                                           0.261     0.794
[17555].in[0] (.names)                                           0.424     1.218
[17555].out[0] (.names)                                          0.261     1.479
[17559].in[5] (.names)                                           0.423     1.901
[17559].out[0] (.names)                                          0.261     2.162
nrq8_2.in[0] (.names)                                            0.421     2.583
nrq8_2.out[0] (.names)                                           0.261     2.844
[5292].in[3] (.names)                                            0.497     3.342
[5292].out[0] (.names)                                           0.261     3.603
[17744].in[1] (.names)                                           0.573     4.176
[17744].out[0] (.names)                                          0.261     4.437
[4442].in[4] (.names)                                            0.269     4.706
[4442].out[0] (.names)                                           0.261     4.967
[5173].in[3] (.names)                                            0.269     5.235
[5173].out[0] (.names)                                           0.261     5.496
[19520].in[4] (.names)                                           0.345     5.841
[19520].out[0] (.names)                                          0.261     6.102
[5162].in[4] (.names)                                            0.269     6.371
[5162].out[0] (.names)                                           0.261     6.632
[19490].in[4] (.names)                                           0.421     7.053
[19490].out[0] (.names)                                          0.261     7.314
[19367].in[3] (.names)                                           0.347     7.660
[19367].out[0] (.names)                                          0.261     7.921
[8744].in[2] (.names)                                            0.502     8.424
[8744].out[0] (.names)                                           0.261     8.685
[8735].D[0] (.latch)                                             0.000     8.685
data arrival time                                                          8.685

clock pclk (rise edge)                                           0.000     0.000
clock source latency                                             0.000     0.000
pclk.inpad[0] (.input)                                           0.000     0.000
[8735].clk[0] (.latch)                                           0.042     0.042
clock uncertainty                                                0.000     0.042
cell setup time                                                 -0.066    -0.024
data required time                                                        -0.024
--------------------------------------------------------------------------------
data required time                                                        -0.024
data arrival time                                                         -8.685
--------------------------------------------------------------------------------
slack (VIOLATED)                                                          -8.708


#Path 12
Startpoint: [17752].Q[0] (.latch clocked by pclk)
Endpoint  : [16070].D[0] (.latch clocked by pclk)
Path Type : setup

Point                                                             Incr      Path
--------------------------------------------------------------------------------
clock pclk (rise edge)                                           0.000     0.000
clock source latency                                             0.000     0.000
pclk.inpad[0] (.input)                                           0.000     0.000
[17752].clk[0] (.latch)                                          0.042     0.042
[17752].Q[0] (.latch) [clock-to-output]                          0.124     0.166
[5541].in[4] (.names)                                            0.367     0.533
[5541].out[0] (.names)                                           0.261     0.794
[17555].in[0] (.names)                                           0.424     1.218
[17555].out[0] (.names)                                          0.261     1.479
[17559].in[5] (.names)                                           0.423     1.901
[17559].out[0] (.names)                                          0.261     2.162
nrq8_2.in[0] (.names)                                            0.421     2.583
nrq8_2.out[0] (.names)                                           0.261     2.844
[5292].in[3] (.names)                                            0.497     3.342
[5292].out[0] (.names)                                           0.261     3.603
[17744].in[1] (.names)                                           0.573     4.176
[17744].out[0] (.names)                                          0.261     4.437
[4442].in[4] (.names)                                            0.269     4.706
[4442].out[0] (.names)                                           0.261     4.967
[5173].in[3] (.names)                                            0.269     5.235
[5173].out[0] (.names)                                           0.261     5.496
[19520].in[4] (.names)                                           0.345     5.841
[19520].out[0] (.names)                                          0.261     6.102
[5162].in[4] (.names)                                            0.269     6.371
[5162].out[0] (.names)                                           0.261     6.632
[19490].in[4] (.names)                                           0.421     7.053
[19490].out[0] (.names)                                          0.261     7.314
[19367].in[3] (.names)                                           0.347     7.660
[19367].out[0] (.names)                                          0.261     7.921
[16079].in[2] (.names)                                           0.502     8.424
[16079].out[0] (.names)                                          0.261     8.685
[16070].D[0] (.latch)                                            0.000     8.685
data arrival time                                                          8.685

clock pclk (rise edge)                                           0.000     0.000
clock source latency                                             0.000     0.000
pclk.inpad[0] (.input)                                           0.000     0.000
[16070].clk[0] (.latch)                                          0.042     0.042
clock uncertainty                                                0.000     0.042
cell setup time                                                 -0.066    -0.024
data required time                                                        -0.024
--------------------------------------------------------------------------------
data required time                                                        -0.024
data arrival time                                                         -8.685
--------------------------------------------------------------------------------
slack (VIOLATED)                                                          -8.708


#Path 13
Startpoint: [17752].Q[0] (.latch clocked by pclk)
Endpoint  : [5435].D[0] (.latch clocked by pclk)
Path Type : setup

Point                                                             Incr      Path
--------------------------------------------------------------------------------
clock pclk (rise edge)                                           0.000     0.000
clock source latency                                             0.000     0.000
pclk.inpad[0] (.input)                                           0.000     0.000
[17752].clk[0] (.latch)                                          0.042     0.042
[17752].Q[0] (.latch) [clock-to-output]                          0.124     0.166
[5541].in[4] (.names)                                            0.367     0.533
[5541].out[0] (.names)                                           0.261     0.794
[17555].in[0] (.names)                                           0.424     1.218
[17555].out[0] (.names)                                          0.261     1.479
[17559].in[5] (.names)                                           0.423     1.901
[17559].out[0] (.names)                                          0.261     2.162
nrq8_2.in[0] (.names)                                            0.421     2.583
nrq8_2.out[0] (.names)                                           0.261     2.844
[5292].in[3] (.names)                                            0.497     3.342
[5292].out[0] (.names)                                           0.261     3.603
[17744].in[1] (.names)                                           0.573     4.176
[17744].out[0] (.names)                                          0.261     4.437
[4442].in[4] (.names)                                            0.269     4.706
[4442].out[0] (.names)                                           0.261     4.967
[5173].in[3] (.names)                                            0.269     5.235
[5173].out[0] (.names)                                           0.261     5.496
[19520].in[4] (.names)                                           0.345     5.841
[19520].out[0] (.names)                                          0.261     6.102
[5162].in[4] (.names)                                            0.269     6.371
[5162].out[0] (.names)                                           0.261     6.632
[19490].in[4] (.names)                                           0.421     7.053
[19490].out[0] (.names)                                          0.261     7.314
[19367].in[3] (.names)                                           0.347     7.660
[19367].out[0] (.names)                                          0.261     7.921
[5444].in[3] (.names)                                            0.502     8.424
[5444].out[0] (.names)                                           0.261     8.685
[5435].D[0] (.latch)                                             0.000     8.685
data arrival time                                                          8.685

clock pclk (rise edge)                                           0.000     0.000
clock source latency                                             0.000     0.000
pclk.inpad[0] (.input)                                           0.000     0.000
[5435].clk[0] (.latch)                                           0.042     0.042
clock uncertainty                                                0.000     0.042
cell setup time                                                 -0.066    -0.024
data required time                                                        -0.024
--------------------------------------------------------------------------------
data required time                                                        -0.024
data arrival time                                                         -8.685
--------------------------------------------------------------------------------
slack (VIOLATED)                                                          -8.708


#Path 14
Startpoint: [17752].Q[0] (.latch clocked by pclk)
Endpoint  : [6215].D[0] (.latch clocked by pclk)
Path Type : setup

Point                                                             Incr      Path
--------------------------------------------------------------------------------
clock pclk (rise edge)                                           0.000     0.000
clock source latency                                             0.000     0.000
pclk.inpad[0] (.input)                                           0.000     0.000
[17752].clk[0] (.latch)                                          0.042     0.042
[17752].Q[0] (.latch) [clock-to-output]                          0.124     0.166
[5541].in[4] (.names)                                            0.367     0.533
[5541].out[0] (.names)                                           0.261     0.794
[17555].in[0] (.names)                                           0.424     1.218
[17555].out[0] (.names)                                          0.261     1.479
[17559].in[5] (.names)                                           0.423     1.901
[17559].out[0] (.names)                                          0.261     2.162
nrq8_2.in[0] (.names)                                            0.421     2.583
nrq8_2.out[0] (.names)                                           0.261     2.844
[5292].in[3] (.names)                                            0.497     3.342
[5292].out[0] (.names)                                           0.261     3.603
[17744].in[1] (.names)                                           0.573     4.176
[17744].out[0] (.names)                                          0.261     4.437
[4442].in[4] (.names)                                            0.269     4.706
[4442].out[0] (.names)                                           0.261     4.967
[5173].in[3] (.names)                                            0.269     5.235
[5173].out[0] (.names)                                           0.261     5.496
[19520].in[4] (.names)                                           0.345     5.841
[19520].out[0] (.names)                                          0.261     6.102
[5162].in[4] (.names)                                            0.269     6.371
[5162].out[0] (.names)                                           0.261     6.632
[19490].in[4] (.names)                                           0.421     7.053
[19490].out[0] (.names)                                          0.261     7.314
[19367].in[3] (.names)                                           0.347     7.660
[19367].out[0] (.names)                                          0.261     7.921
[6224].in[3] (.names)                                            0.421     8.342
[6224].out[0] (.names)                                           0.261     8.603
[6215].D[0] (.latch)                                             0.000     8.603
data arrival time                                                          8.603

clock pclk (rise edge)                                           0.000     0.000
clock source latency                                             0.000     0.000
pclk.inpad[0] (.input)                                           0.000     0.000
[6215].clk[0] (.latch)                                           0.042     0.042
clock uncertainty                                                0.000     0.042
cell setup time                                                 -0.066    -0.024
data required time                                                        -0.024
--------------------------------------------------------------------------------
data required time                                                        -0.024
data arrival time                                                         -8.603
--------------------------------------------------------------------------------
slack (VIOLATED)                                                          -8.627


#Path 15
Startpoint: [17752].Q[0] (.latch clocked by pclk)
Endpoint  : [8150].D[0] (.latch clocked by pclk)
Path Type : setup

Point                                                             Incr      Path
--------------------------------------------------------------------------------
clock pclk (rise edge)                                           0.000     0.000
clock source latency                                             0.000     0.000
pclk.inpad[0] (.input)                                           0.000     0.000
[17752].clk[0] (.latch)                                          0.042     0.042
[17752].Q[0] (.latch) [clock-to-output]                          0.124     0.166
[5541].in[4] (.names)                                            0.367     0.533
[5541].out[0] (.names)                                           0.261     0.794
[17555].in[0] (.names)                                           0.424     1.218
[17555].out[0] (.names)                                          0.261     1.479
[17559].in[5] (.names)                                           0.423     1.901
[17559].out[0] (.names)                                          0.261     2.162
nrq8_2.in[0] (.names)                                            0.421     2.583
nrq8_2.out[0] (.names)                                           0.261     2.844
[5292].in[3] (.names)                                            0.497     3.342
[5292].out[0] (.names)                                           0.261     3.603
[17744].in[1] (.names)                                           0.573     4.176
[17744].out[0] (.names)                                          0.261     4.437
[4442].in[4] (.names)                                            0.269     4.706
[4442].out[0] (.names)                                           0.261     4.967
[5173].in[3] (.names)                                            0.269     5.235
[5173].out[0] (.names)                                           0.261     5.496
[19520].in[4] (.names)                                           0.345     5.841
[19520].out[0] (.names)                                          0.261     6.102
[5162].in[4] (.names)                                            0.269     6.371
[5162].out[0] (.names)                                           0.261     6.632
[19490].in[4] (.names)                                           0.421     7.053
[19490].out[0] (.names)                                          0.261     7.314
[19474].in[3] (.names)                                           0.270     7.584
[19474].out[0] (.names)                                          0.261     7.845
[8159].in[3] (.names)                                            0.421     8.266
[8159].out[0] (.names)                                           0.261     8.527
[8150].D[0] (.latch)                                             0.000     8.527
data arrival time                                                          8.527

clock pclk (rise edge)                                           0.000     0.000
clock source latency                                             0.000     0.000
pclk.inpad[0] (.input)                                           0.000     0.000
[8150].clk[0] (.latch)                                           0.042     0.042
clock uncertainty                                                0.000     0.042
cell setup time                                                 -0.066    -0.024
data required time                                                        -0.024
--------------------------------------------------------------------------------
data required time                                                        -0.024
data arrival time                                                         -8.527
--------------------------------------------------------------------------------
slack (VIOLATED)                                                          -8.551


#Path 16
Startpoint: [17752].Q[0] (.latch clocked by pclk)
Endpoint  : [7355].D[0] (.latch clocked by pclk)
Path Type : setup

Point                                                             Incr      Path
--------------------------------------------------------------------------------
clock pclk (rise edge)                                           0.000     0.000
clock source latency                                             0.000     0.000
pclk.inpad[0] (.input)                                           0.000     0.000
[17752].clk[0] (.latch)                                          0.042     0.042
[17752].Q[0] (.latch) [clock-to-output]                          0.124     0.166
[5541].in[4] (.names)                                            0.367     0.533
[5541].out[0] (.names)                                           0.261     0.794
[17555].in[0] (.names)                                           0.424     1.218
[17555].out[0] (.names)                                          0.261     1.479
[17559].in[5] (.names)                                           0.423     1.901
[17559].out[0] (.names)                                          0.261     2.162
nrq8_2.in[0] (.names)                                            0.421     2.583
nrq8_2.out[0] (.names)                                           0.261     2.844
[5292].in[3] (.names)                                            0.497     3.342
[5292].out[0] (.names)                                           0.261     3.603
[17744].in[1] (.names)                                           0.573     4.176
[17744].out[0] (.names)                                          0.261     4.437
[4442].in[4] (.names)                                            0.269     4.706
[4442].out[0] (.names)                                           0.261     4.967
[5173].in[3] (.names)                                            0.269     5.235
[5173].out[0] (.names)                                           0.261     5.496
[19520].in[4] (.names)                                           0.345     5.841
[19520].out[0] (.names)                                          0.261     6.102
[5162].in[4] (.names)                                            0.269     6.371
[5162].out[0] (.names)                                           0.261     6.632
[19490].in[4] (.names)                                           0.421     7.053
[19490].out[0] (.names)                                          0.261     7.314
[19474].in[3] (.names)                                           0.270     7.584
[19474].out[0] (.names)                                          0.261     7.845
[7364].in[3] (.names)                                            0.421     8.266
[7364].out[0] (.names)                                           0.261     8.527
[7355].D[0] (.latch)                                             0.000     8.527
data arrival time                                                          8.527

clock pclk (rise edge)                                           0.000     0.000
clock source latency                                             0.000     0.000
pclk.inpad[0] (.input)                                           0.000     0.000
[7355].clk[0] (.latch)                                           0.042     0.042
clock uncertainty                                                0.000     0.042
cell setup time                                                 -0.066    -0.024
data required time                                                        -0.024
--------------------------------------------------------------------------------
data required time                                                        -0.024
data arrival time                                                         -8.527
--------------------------------------------------------------------------------
slack (VIOLATED)                                                          -8.551


#Path 17
Startpoint: [17752].Q[0] (.latch clocked by pclk)
Endpoint  : [6365].D[0] (.latch clocked by pclk)
Path Type : setup

Point                                                             Incr      Path
--------------------------------------------------------------------------------
clock pclk (rise edge)                                           0.000     0.000
clock source latency                                             0.000     0.000
pclk.inpad[0] (.input)                                           0.000     0.000
[17752].clk[0] (.latch)                                          0.042     0.042
[17752].Q[0] (.latch) [clock-to-output]                          0.124     0.166
[5541].in[4] (.names)                                            0.367     0.533
[5541].out[0] (.names)                                           0.261     0.794
[17555].in[0] (.names)                                           0.424     1.218
[17555].out[0] (.names)                                          0.261     1.479
[17559].in[5] (.names)                                           0.423     1.901
[17559].out[0] (.names)                                          0.261     2.162
nen21_5.in[1] (.names)                                           0.425     2.587
nen21_5.out[0] (.names)                                          0.261     2.848
[4222].in[4] (.names)                                            0.270     3.118
[4222].out[0] (.names)                                           0.261     3.379
[17924].in[1] (.names)                                           0.581     3.961
[17924].out[0] (.names)                                          0.261     4.222
[19153].in[4] (.names)                                           0.269     4.490
[19153].out[0] (.names)                                          0.261     4.751
[19157].in[2] (.names)                                           0.347     5.098
[19157].out[0] (.names)                                          0.261     5.359
[19221].in[2] (.names)                                           0.100     5.459
[19221].out[0] (.names)                                          0.261     5.720
[19227].in[2] (.names)                                           0.100     5.820
[19227].out[0] (.names)                                          0.261     6.081
[19232].in[2] (.names)                                           0.100     6.181
[19232].out[0] (.names)                                          0.261     6.442
[19215].in[2] (.names)                                           0.421     6.863
[19215].out[0] (.names)                                          0.261     7.124
[4388].in[3] (.names)                                            0.100     7.224
[4388].out[0] (.names)                                           0.261     7.485
[6374].in[4] (.names)                                            0.734     8.218
[6374].out[0] (.names)                                           0.261     8.479
[6365].D[0] (.latch)                                             0.000     8.479
data arrival time                                                          8.479

clock pclk (rise edge)                                           0.000     0.000
clock source latency                                             0.000     0.000
pclk.inpad[0] (.input)                                           0.000     0.000
[6365].clk[0] (.latch)                                           0.042     0.042
clock uncertainty                                                0.000     0.042
cell setup time                                                 -0.066    -0.024
data required time                                                        -0.024
--------------------------------------------------------------------------------
data required time                                                        -0.024
data arrival time                                                         -8.479
--------------------------------------------------------------------------------
slack (VIOLATED)                                                          -8.503


#Path 18
Startpoint: [17752].Q[0] (.latch clocked by pclk)
Endpoint  : [6320].D[0] (.latch clocked by pclk)
Path Type : setup

Point                                                             Incr      Path
--------------------------------------------------------------------------------
clock pclk (rise edge)                                           0.000     0.000
clock source latency                                             0.000     0.000
pclk.inpad[0] (.input)                                           0.000     0.000
[17752].clk[0] (.latch)                                          0.042     0.042
[17752].Q[0] (.latch) [clock-to-output]                          0.124     0.166
[5541].in[4] (.names)                                            0.367     0.533
[5541].out[0] (.names)                                           0.261     0.794
[17555].in[0] (.names)                                           0.424     1.218
[17555].out[0] (.names)                                          0.261     1.479
[17559].in[5] (.names)                                           0.423     1.901
[17559].out[0] (.names)                                          0.261     2.162
nen21_5.in[1] (.names)                                           0.425     2.587
nen21_5.out[0] (.names)                                          0.261     2.848
[4222].in[4] (.names)                                            0.270     3.118
[4222].out[0] (.names)                                           0.261     3.379
[17924].in[1] (.names)                                           0.581     3.961
[17924].out[0] (.names)                                          0.261     4.222
[19153].in[4] (.names)                                           0.269     4.490
[19153].out[0] (.names)                                          0.261     4.751
[19157].in[2] (.names)                                           0.347     5.098
[19157].out[0] (.names)                                          0.261     5.359
[19221].in[2] (.names)                                           0.100     5.459
[19221].out[0] (.names)                                          0.261     5.720
[19227].in[2] (.names)                                           0.100     5.820
[19227].out[0] (.names)                                          0.261     6.081
[19232].in[2] (.names)                                           0.100     6.181
[19232].out[0] (.names)                                          0.261     6.442
[19215].in[2] (.names)                                           0.421     6.863
[19215].out[0] (.names)                                          0.261     7.124
[4388].in[3] (.names)                                            0.100     7.224
[4388].out[0] (.names)                                           0.261     7.485
[6329].in[4] (.names)                                            0.654     8.139
[6329].out[0] (.names)                                           0.261     8.400
[6320].D[0] (.latch)                                             0.000     8.400
data arrival time                                                          8.400

clock pclk (rise edge)                                           0.000     0.000
clock source latency                                             0.000     0.000
pclk.inpad[0] (.input)                                           0.000     0.000
[6320].clk[0] (.latch)                                           0.042     0.042
clock uncertainty                                                0.000     0.042
cell setup time                                                 -0.066    -0.024
data required time                                                        -0.024
--------------------------------------------------------------------------------
data required time                                                        -0.024
data arrival time                                                         -8.400
--------------------------------------------------------------------------------
slack (VIOLATED)                                                          -8.423


#Path 19
Startpoint: [17752].Q[0] (.latch clocked by pclk)
Endpoint  : [13880].D[0] (.latch clocked by pclk)
Path Type : setup

Point                                                             Incr      Path
--------------------------------------------------------------------------------
clock pclk (rise edge)                                           0.000     0.000
clock source latency                                             0.000     0.000
pclk.inpad[0] (.input)                                           0.000     0.000
[17752].clk[0] (.latch)                                          0.042     0.042
[17752].Q[0] (.latch) [clock-to-output]                          0.124     0.166
[5541].in[4] (.names)                                            0.367     0.533
[5541].out[0] (.names)                                           0.261     0.794
[17555].in[0] (.names)                                           0.424     1.218
[17555].out[0] (.names)                                          0.261     1.479
[17559].in[5] (.names)                                           0.423     1.901
[17559].out[0] (.names)                                          0.261     2.162
nen21_5.in[1] (.names)                                           0.425     2.587
nen21_5.out[0] (.names)                                          0.261     2.848
[4222].in[4] (.names)                                            0.270     3.118
[4222].out[0] (.names)                                           0.261     3.379
[17924].in[1] (.names)                                           0.581     3.961
[17924].out[0] (.names)                                          0.261     4.222
[19153].in[4] (.names)                                           0.269     4.490
[19153].out[0] (.names)                                          0.261     4.751
[19157].in[2] (.names)                                           0.347     5.098
[19157].out[0] (.names)                                          0.261     5.359
[19221].in[2] (.names)                                           0.100     5.459
[19221].out[0] (.names)                                          0.261     5.720
[19227].in[2] (.names)                                           0.100     5.820
[19227].out[0] (.names)                                          0.261     6.081
[19232].in[2] (.names)                                           0.100     6.181
[19232].out[0] (.names)                                          0.261     6.442
[19215].in[2] (.names)                                           0.421     6.863
[19215].out[0] (.names)                                          0.261     7.124
[4388].in[3] (.names)                                            0.100     7.224
[4388].out[0] (.names)                                           0.261     7.485
[13889].in[4] (.names)                                           0.651     8.136
[13889].out[0] (.names)                                          0.261     8.397
[13880].D[0] (.latch)                                            0.000     8.397
data arrival time                                                          8.397

clock pclk (rise edge)                                           0.000     0.000
clock source latency                                             0.000     0.000
pclk.inpad[0] (.input)                                           0.000     0.000
[13880].clk[0] (.latch)                                          0.042     0.042
clock uncertainty                                                0.000     0.042
cell setup time                                                 -0.066    -0.024
data required time                                                        -0.024
--------------------------------------------------------------------------------
data required time                                                        -0.024
data arrival time                                                         -8.397
--------------------------------------------------------------------------------
slack (VIOLATED)                                                          -8.421


#Path 20
Startpoint: [17752].Q[0] (.latch clocked by pclk)
Endpoint  : [10355].D[0] (.latch clocked by pclk)
Path Type : setup

Point                                                             Incr      Path
--------------------------------------------------------------------------------
clock pclk (rise edge)                                           0.000     0.000
clock source latency                                             0.000     0.000
pclk.inpad[0] (.input)                                           0.000     0.000
[17752].clk[0] (.latch)                                          0.042     0.042
[17752].Q[0] (.latch) [clock-to-output]                          0.124     0.166
[5541].in[4] (.names)                                            0.367     0.533
[5541].out[0] (.names)                                           0.261     0.794
[17555].in[0] (.names)                                           0.424     1.218
[17555].out[0] (.names)                                          0.261     1.479
[17559].in[5] (.names)                                           0.423     1.901
[17559].out[0] (.names)                                          0.261     2.162
nen21_5.in[1] (.names)                                           0.425     2.587
nen21_5.out[0] (.names)                                          0.261     2.848
[4222].in[4] (.names)                                            0.270     3.118
[4222].out[0] (.names)                                           0.261     3.379
[17924].in[1] (.names)                                           0.581     3.961
[17924].out[0] (.names)                                          0.261     4.222
[19153].in[4] (.names)                                           0.269     4.490
[19153].out[0] (.names)                                          0.261     4.751
[19157].in[2] (.names)                                           0.347     5.098
[19157].out[0] (.names)                                          0.261     5.359
[19221].in[2] (.names)                                           0.100     5.459
[19221].out[0] (.names)                                          0.261     5.720
[19227].in[2] (.names)                                           0.100     5.820
[19227].out[0] (.names)                                          0.261     6.081
[19232].in[2] (.names)                                           0.100     6.181
[19232].out[0] (.names)                                          0.261     6.442
[19215].in[2] (.names)                                           0.421     6.863
[19215].out[0] (.names)                                          0.261     7.124
[4388].in[3] (.names)                                            0.100     7.224
[4388].out[0] (.names)                                           0.261     7.485
[10364].in[4] (.names)                                           0.651     8.136
[10364].out[0] (.names)                                          0.261     8.397
[10355].D[0] (.latch)                                            0.000     8.397
data arrival time                                                          8.397

clock pclk (rise edge)                                           0.000     0.000
clock source latency                                             0.000     0.000
pclk.inpad[0] (.input)                                           0.000     0.000
[10355].clk[0] (.latch)                                          0.042     0.042
clock uncertainty                                                0.000     0.042
cell setup time                                                 -0.066    -0.024
data required time                                                        -0.024
--------------------------------------------------------------------------------
data required time                                                        -0.024
data arrival time                                                         -8.397
--------------------------------------------------------------------------------
slack (VIOLATED)                                                          -8.421


#Path 21
Startpoint: [17752].Q[0] (.latch clocked by pclk)
Endpoint  : [6755].D[0] (.latch clocked by pclk)
Path Type : setup

Point                                                             Incr      Path
--------------------------------------------------------------------------------
clock pclk (rise edge)                                           0.000     0.000
clock source latency                                             0.000     0.000
pclk.inpad[0] (.input)                                           0.000     0.000
[17752].clk[0] (.latch)                                          0.042     0.042
[17752].Q[0] (.latch) [clock-to-output]                          0.124     0.166
[5541].in[4] (.names)                                            0.367     0.533
[5541].out[0] (.names)                                           0.261     0.794
[17555].in[0] (.names)                                           0.424     1.218
[17555].out[0] (.names)                                          0.261     1.479
[17559].in[5] (.names)                                           0.423     1.901
[17559].out[0] (.names)                                          0.261     2.162
nrq8_2.in[0] (.names)                                            0.421     2.583
nrq8_2.out[0] (.names)                                           0.261     2.844
[5292].in[3] (.names)                                            0.497     3.342
[5292].out[0] (.names)                                           0.261     3.603
[17744].in[1] (.names)                                           0.573     4.176
[17744].out[0] (.names)                                          0.261     4.437
[4442].in[4] (.names)                                            0.269     4.706
[4442].out[0] (.names)                                           0.261     4.967
[5173].in[3] (.names)                                            0.269     5.235
[5173].out[0] (.names)                                           0.261     5.496
[19520].in[4] (.names)                                           0.345     5.841
[19520].out[0] (.names)                                          0.261     6.102
[5162].in[4] (.names)                                            0.269     6.371
[5162].out[0] (.names)                                           0.261     6.632
[19490].in[4] (.names)                                           0.421     7.053
[19490].out[0] (.names)                                          0.261     7.314
[19474].in[3] (.names)                                           0.270     7.584
[19474].out[0] (.names)                                          0.261     7.845
[6764].in[3] (.names)                                            0.269     8.114
[6764].out[0] (.names)                                           0.261     8.375
[6755].D[0] (.latch)                                             0.000     8.375
data arrival time                                                          8.375

clock pclk (rise edge)                                           0.000     0.000
clock source latency                                             0.000     0.000
pclk.inpad[0] (.input)                                           0.000     0.000
[6755].clk[0] (.latch)                                           0.042     0.042
clock uncertainty                                                0.000     0.042
cell setup time                                                 -0.066    -0.024
data required time                                                        -0.024
--------------------------------------------------------------------------------
data required time                                                        -0.024
data arrival time                                                         -8.375
--------------------------------------------------------------------------------
slack (VIOLATED)                                                          -8.398


#Path 22
Startpoint: [17752].Q[0] (.latch clocked by pclk)
Endpoint  : [4775].D[0] (.latch clocked by pclk)
Path Type : setup

Point                                                             Incr      Path
--------------------------------------------------------------------------------
clock pclk (rise edge)                                           0.000     0.000
clock source latency                                             0.000     0.000
pclk.inpad[0] (.input)                                           0.000     0.000
[17752].clk[0] (.latch)                                          0.042     0.042
[17752].Q[0] (.latch) [clock-to-output]                          0.124     0.166
[5541].in[4] (.names)                                            0.367     0.533
[5541].out[0] (.names)                                           0.261     0.794
[17555].in[0] (.names)                                           0.424     1.218
[17555].out[0] (.names)                                          0.261     1.479
[17559].in[5] (.names)                                           0.423     1.901
[17559].out[0] (.names)                                          0.261     2.162
nrq8_2.in[0] (.names)                                            0.421     2.583
nrq8_2.out[0] (.names)                                           0.261     2.844
[5292].in[3] (.names)                                            0.497     3.342
[5292].out[0] (.names)                                           0.261     3.603
[17744].in[1] (.names)                                           0.573     4.176
[17744].out[0] (.names)                                          0.261     4.437
[4442].in[4] (.names)                                            0.269     4.706
[4442].out[0] (.names)                                           0.261     4.967
[5173].in[3] (.names)                                            0.269     5.235
[5173].out[0] (.names)                                           0.261     5.496
[19520].in[4] (.names)                                           0.345     5.841
[19520].out[0] (.names)                                          0.261     6.102
[5162].in[4] (.names)                                            0.269     6.371
[5162].out[0] (.names)                                           0.261     6.632
[19490].in[4] (.names)                                           0.421     7.053
[19490].out[0] (.names)                                          0.261     7.314
[5063].in[4] (.names)                                            0.423     7.736
[5063].out[0] (.names)                                           0.261     7.997
[4784].in[4] (.names)                                            0.100     8.097
[4784].out[0] (.names)                                           0.261     8.358
[4775].D[0] (.latch)                                             0.000     8.358
data arrival time                                                          8.358

clock pclk (rise edge)                                           0.000     0.000
clock source latency                                             0.000     0.000
pclk.inpad[0] (.input)                                           0.000     0.000
[4775].clk[0] (.latch)                                           0.042     0.042
clock uncertainty                                                0.000     0.042
cell setup time                                                 -0.066    -0.024
data required time                                                        -0.024
--------------------------------------------------------------------------------
data required time                                                        -0.024
data arrival time                                                         -8.358
--------------------------------------------------------------------------------
slack (VIOLATED)                                                          -8.382


#Path 23
Startpoint: [17752].Q[0] (.latch clocked by pclk)
Endpoint  : [6050].D[0] (.latch clocked by pclk)
Path Type : setup

Point                                                             Incr      Path
--------------------------------------------------------------------------------
clock pclk (rise edge)                                           0.000     0.000
clock source latency                                             0.000     0.000
pclk.inpad[0] (.input)                                           0.000     0.000
[17752].clk[0] (.latch)                                          0.042     0.042
[17752].Q[0] (.latch) [clock-to-output]                          0.124     0.166
[5541].in[4] (.names)                                            0.367     0.533
[5541].out[0] (.names)                                           0.261     0.794
[17555].in[0] (.names)                                           0.424     1.218
[17555].out[0] (.names)                                          0.261     1.479
[17559].in[5] (.names)                                           0.423     1.901
[17559].out[0] (.names)                                          0.261     2.162
nrq8_2.in[0] (.names)                                            0.421     2.583
nrq8_2.out[0] (.names)                                           0.261     2.844
[5292].in[3] (.names)                                            0.497     3.342
[5292].out[0] (.names)                                           0.261     3.603
[17744].in[1] (.names)                                           0.573     4.176
[17744].out[0] (.names)                                          0.261     4.437
[4442].in[4] (.names)                                            0.269     4.706
[4442].out[0] (.names)                                           0.261     4.967
[5173].in[3] (.names)                                            0.269     5.235
[5173].out[0] (.names)                                           0.261     5.496
[19520].in[4] (.names)                                           0.345     5.841
[19520].out[0] (.names)                                          0.261     6.102
[5162].in[4] (.names)                                            0.269     6.371
[5162].out[0] (.names)                                           0.261     6.632
[19490].in[4] (.names)                                           0.421     7.053
[19490].out[0] (.names)                                          0.261     7.314
[4494].in[4] (.names)                                            0.423     7.736
[4494].out[0] (.names)                                           0.261     7.997
[6059].in[4] (.names)                                            0.100     8.097
[6059].out[0] (.names)                                           0.261     8.358
[6050].D[0] (.latch)                                             0.000     8.358
data arrival time                                                          8.358

clock pclk (rise edge)                                           0.000     0.000
clock source latency                                             0.000     0.000
pclk.inpad[0] (.input)                                           0.000     0.000
[6050].clk[0] (.latch)                                           0.042     0.042
clock uncertainty                                                0.000     0.042
cell setup time                                                 -0.066    -0.024
data required time                                                        -0.024
--------------------------------------------------------------------------------
data required time                                                        -0.024
data arrival time                                                         -8.358
--------------------------------------------------------------------------------
slack (VIOLATED)                                                          -8.382


#Path 24
Startpoint: [17752].Q[0] (.latch clocked by pclk)
Endpoint  : [6890].D[0] (.latch clocked by pclk)
Path Type : setup

Point                                                             Incr      Path
--------------------------------------------------------------------------------
clock pclk (rise edge)                                           0.000     0.000
clock source latency                                             0.000     0.000
pclk.inpad[0] (.input)                                           0.000     0.000
[17752].clk[0] (.latch)                                          0.042     0.042
[17752].Q[0] (.latch) [clock-to-output]                          0.124     0.166
[5541].in[4] (.names)                                            0.367     0.533
[5541].out[0] (.names)                                           0.261     0.794
[17555].in[0] (.names)                                           0.424     1.218
[17555].out[0] (.names)                                          0.261     1.479
[17559].in[5] (.names)                                           0.423     1.901
[17559].out[0] (.names)                                          0.261     2.162
nrq8_2.in[0] (.names)                                            0.421     2.583
nrq8_2.out[0] (.names)                                           0.261     2.844
[5292].in[3] (.names)                                            0.497     3.342
[5292].out[0] (.names)                                           0.261     3.603
[17744].in[1] (.names)                                           0.573     4.176
[17744].out[0] (.names)                                          0.261     4.437
[4442].in[4] (.names)                                            0.269     4.706
[4442].out[0] (.names)                                           0.261     4.967
[5173].in[3] (.names)                                            0.269     5.235
[5173].out[0] (.names)                                           0.261     5.496
[19520].in[4] (.names)                                           0.345     5.841
[19520].out[0] (.names)                                          0.261     6.102
[5162].in[4] (.names)                                            0.269     6.371
[5162].out[0] (.names)                                           0.261     6.632
[19490].in[4] (.names)                                           0.421     7.053
[19490].out[0] (.names)                                          0.261     7.314
[4065].in[4] (.names)                                            0.423     7.736
[4065].out[0] (.names)                                           0.261     7.997
[6899].in[4] (.names)                                            0.100     8.097
[6899].out[0] (.names)                                           0.261     8.358
[6890].D[0] (.latch)                                             0.000     8.358
data arrival time                                                          8.358

clock pclk (rise edge)                                           0.000     0.000
clock source latency                                             0.000     0.000
pclk.inpad[0] (.input)                                           0.000     0.000
[6890].clk[0] (.latch)                                           0.042     0.042
clock uncertainty                                                0.000     0.042
cell setup time                                                 -0.066    -0.024
data required time                                                        -0.024
--------------------------------------------------------------------------------
data required time                                                        -0.024
data arrival time                                                         -8.358
--------------------------------------------------------------------------------
slack (VIOLATED)                                                          -8.382


#Path 25
Startpoint: [17752].Q[0] (.latch clocked by pclk)
Endpoint  : [8030].D[0] (.latch clocked by pclk)
Path Type : setup

Point                                                             Incr      Path
--------------------------------------------------------------------------------
clock pclk (rise edge)                                           0.000     0.000
clock source latency                                             0.000     0.000
pclk.inpad[0] (.input)                                           0.000     0.000
[17752].clk[0] (.latch)                                          0.042     0.042
[17752].Q[0] (.latch) [clock-to-output]                          0.124     0.166
[5541].in[4] (.names)                                            0.367     0.533
[5541].out[0] (.names)                                           0.261     0.794
[17555].in[0] (.names)                                           0.424     1.218
[17555].out[0] (.names)                                          0.261     1.479
[17559].in[5] (.names)                                           0.423     1.901
[17559].out[0] (.names)                                          0.261     2.162
nrq8_2.in[0] (.names)                                            0.421     2.583
nrq8_2.out[0] (.names)                                           0.261     2.844
[5292].in[3] (.names)                                            0.497     3.342
[5292].out[0] (.names)                                           0.261     3.603
[17744].in[1] (.names)                                           0.573     4.176
[17744].out[0] (.names)                                          0.261     4.437
[4442].in[4] (.names)                                            0.269     4.706
[4442].out[0] (.names)                                           0.261     4.967
[5173].in[3] (.names)                                            0.269     5.235
[5173].out[0] (.names)                                           0.261     5.496
[19520].in[4] (.names)                                           0.345     5.841
[19520].out[0] (.names)                                          0.261     6.102
[5162].in[4] (.names)                                            0.269     6.371
[5162].out[0] (.names)                                           0.261     6.632
[19490].in[4] (.names)                                           0.421     7.053
[19490].out[0] (.names)                                          0.261     7.314
[3858].in[4] (.names)                                            0.423     7.736
[3858].out[0] (.names)                                           0.261     7.997
[8039].in[4] (.names)                                            0.100     8.097
[8039].out[0] (.names)                                           0.261     8.358
[8030].D[0] (.latch)                                             0.000     8.358
data arrival time                                                          8.358

clock pclk (rise edge)                                           0.000     0.000
clock source latency                                             0.000     0.000
pclk.inpad[0] (.input)                                           0.000     0.000
[8030].clk[0] (.latch)                                           0.042     0.042
clock uncertainty                                                0.000     0.042
cell setup time                                                 -0.066    -0.024
data required time                                                        -0.024
--------------------------------------------------------------------------------
data required time                                                        -0.024
data arrival time                                                         -8.358
--------------------------------------------------------------------------------
slack (VIOLATED)                                                          -8.382


#Path 26
Startpoint: [17752].Q[0] (.latch clocked by pclk)
Endpoint  : [5345].D[0] (.latch clocked by pclk)
Path Type : setup

Point                                                             Incr      Path
--------------------------------------------------------------------------------
clock pclk (rise edge)                                           0.000     0.000
clock source latency                                             0.000     0.000
pclk.inpad[0] (.input)                                           0.000     0.000
[17752].clk[0] (.latch)                                          0.042     0.042
[17752].Q[0] (.latch) [clock-to-output]                          0.124     0.166
[5541].in[4] (.names)                                            0.367     0.533
[5541].out[0] (.names)                                           0.261     0.794
[17555].in[0] (.names)                                           0.424     1.218
[17555].out[0] (.names)                                          0.261     1.479
[17559].in[5] (.names)                                           0.423     1.901
[17559].out[0] (.names)                                          0.261     2.162
nrq8_2.in[0] (.names)                                            0.421     2.583
nrq8_2.out[0] (.names)                                           0.261     2.844
[5292].in[3] (.names)                                            0.497     3.342
[5292].out[0] (.names)                                           0.261     3.603
[17744].in[1] (.names)                                           0.573     4.176
[17744].out[0] (.names)                                          0.261     4.437
[4442].in[4] (.names)                                            0.269     4.706
[4442].out[0] (.names)                                           0.261     4.967
[5173].in[3] (.names)                                            0.269     5.235
[5173].out[0] (.names)                                           0.261     5.496
[19520].in[4] (.names)                                           0.345     5.841
[19520].out[0] (.names)                                          0.261     6.102
[5162].in[4] (.names)                                            0.269     6.371
[5162].out[0] (.names)                                           0.261     6.632
[19490].in[4] (.names)                                           0.421     7.053
[19490].out[0] (.names)                                          0.261     7.314
[4697].in[4] (.names)                                            0.422     7.735
[4697].out[0] (.names)                                           0.261     7.996
[5354].in[3] (.names)                                            0.100     8.096
[5354].out[0] (.names)                                           0.261     8.357
[5345].D[0] (.latch)                                             0.000     8.357
data arrival time                                                          8.357

clock pclk (rise edge)                                           0.000     0.000
clock source latency                                             0.000     0.000
pclk.inpad[0] (.input)                                           0.000     0.000
[5345].clk[0] (.latch)                                           0.042     0.042
clock uncertainty                                                0.000     0.042
cell setup time                                                 -0.066    -0.024
data required time                                                        -0.024
--------------------------------------------------------------------------------
data required time                                                        -0.024
data arrival time                                                         -8.357
--------------------------------------------------------------------------------
slack (VIOLATED)                                                          -8.381


#Path 27
Startpoint: [17752].Q[0] (.latch clocked by pclk)
Endpoint  : [9740].D[0] (.latch clocked by pclk)
Path Type : setup

Point                                                             Incr      Path
--------------------------------------------------------------------------------
clock pclk (rise edge)                                           0.000     0.000
clock source latency                                             0.000     0.000
pclk.inpad[0] (.input)                                           0.000     0.000
[17752].clk[0] (.latch)                                          0.042     0.042
[17752].Q[0] (.latch) [clock-to-output]                          0.124     0.166
[5541].in[4] (.names)                                            0.367     0.533
[5541].out[0] (.names)                                           0.261     0.794
[17555].in[0] (.names)                                           0.424     1.218
[17555].out[0] (.names)                                          0.261     1.479
[17559].in[5] (.names)                                           0.423     1.901
[17559].out[0] (.names)                                          0.261     2.162
nrq8_2.in[0] (.names)                                            0.421     2.583
nrq8_2.out[0] (.names)                                           0.261     2.844
[5292].in[3] (.names)                                            0.497     3.342
[5292].out[0] (.names)                                           0.261     3.603
[17744].in[1] (.names)                                           0.573     4.176
[17744].out[0] (.names)                                          0.261     4.437
[4442].in[4] (.names)                                            0.269     4.706
[4442].out[0] (.names)                                           0.261     4.967
[5173].in[3] (.names)                                            0.269     5.235
[5173].out[0] (.names)                                           0.261     5.496
[19520].in[4] (.names)                                           0.345     5.841
[19520].out[0] (.names)                                          0.261     6.102
[5162].in[4] (.names)                                            0.269     6.371
[5162].out[0] (.names)                                           0.261     6.632
[19490].in[4] (.names)                                           0.421     7.053
[19490].out[0] (.names)                                          0.261     7.314
[3557].in[4] (.names)                                            0.422     7.735
[3557].out[0] (.names)                                           0.261     7.996
[9749].in[4] (.names)                                            0.100     8.096
[9749].out[0] (.names)                                           0.261     8.357
[9740].D[0] (.latch)                                             0.000     8.357
data arrival time                                                          8.357

clock pclk (rise edge)                                           0.000     0.000
clock source latency                                             0.000     0.000
pclk.inpad[0] (.input)                                           0.000     0.000
[9740].clk[0] (.latch)                                           0.042     0.042
clock uncertainty                                                0.000     0.042
cell setup time                                                 -0.066    -0.024
data required time                                                        -0.024
--------------------------------------------------------------------------------
data required time                                                        -0.024
data arrival time                                                         -8.357
--------------------------------------------------------------------------------
slack (VIOLATED)                                                          -8.381


#Path 28
Startpoint: [17752].Q[0] (.latch clocked by pclk)
Endpoint  : [14690].D[0] (.latch clocked by pclk)
Path Type : setup

Point                                                             Incr      Path
--------------------------------------------------------------------------------
clock pclk (rise edge)                                           0.000     0.000
clock source latency                                             0.000     0.000
pclk.inpad[0] (.input)                                           0.000     0.000
[17752].clk[0] (.latch)                                          0.042     0.042
[17752].Q[0] (.latch) [clock-to-output]                          0.124     0.166
[5541].in[4] (.names)                                            0.367     0.533
[5541].out[0] (.names)                                           0.261     0.794
[17555].in[0] (.names)                                           0.424     1.218
[17555].out[0] (.names)                                          0.261     1.479
[17559].in[5] (.names)                                           0.423     1.901
[17559].out[0] (.names)                                          0.261     2.162
nen21_5.in[1] (.names)                                           0.425     2.587
nen21_5.out[0] (.names)                                          0.261     2.848
[4222].in[4] (.names)                                            0.270     3.118
[4222].out[0] (.names)                                           0.261     3.379
[17924].in[1] (.names)                                           0.581     3.961
[17924].out[0] (.names)                                          0.261     4.222
[19153].in[4] (.names)                                           0.269     4.490
[19153].out[0] (.names)                                          0.261     4.751
[19157].in[2] (.names)                                           0.347     5.098
[19157].out[0] (.names)                                          0.261     5.359
[19221].in[2] (.names)                                           0.100     5.459
[19221].out[0] (.names)                                          0.261     5.720
[19227].in[2] (.names)                                           0.100     5.820
[19227].out[0] (.names)                                          0.261     6.081
[19232].in[2] (.names)                                           0.100     6.181
[19232].out[0] (.names)                                          0.261     6.442
[19215].in[2] (.names)                                           0.421     6.863
[19215].out[0] (.names)                                          0.261     7.124
[14699].in[4] (.names)                                           0.961     8.085
[14699].out[0] (.names)                                          0.261     8.346
[14690].D[0] (.latch)                                            0.000     8.346
data arrival time                                                          8.346

clock pclk (rise edge)                                           0.000     0.000
clock source latency                                             0.000     0.000
pclk.inpad[0] (.input)                                           0.000     0.000
[14690].clk[0] (.latch)                                          0.042     0.042
clock uncertainty                                                0.000     0.042
cell setup time                                                 -0.066    -0.024
data required time                                                        -0.024
--------------------------------------------------------------------------------
data required time                                                        -0.024
data arrival time                                                         -8.346
--------------------------------------------------------------------------------
slack (VIOLATED)                                                          -8.370


#Path 29
Startpoint: [17752].Q[0] (.latch clocked by pclk)
Endpoint  : [9890].D[0] (.latch clocked by pclk)
Path Type : setup

Point                                                             Incr      Path
--------------------------------------------------------------------------------
clock pclk (rise edge)                                           0.000     0.000
clock source latency                                             0.000     0.000
pclk.inpad[0] (.input)                                           0.000     0.000
[17752].clk[0] (.latch)                                          0.042     0.042
[17752].Q[0] (.latch) [clock-to-output]                          0.124     0.166
[5541].in[4] (.names)                                            0.367     0.533
[5541].out[0] (.names)                                           0.261     0.794
[17555].in[0] (.names)                                           0.424     1.218
[17555].out[0] (.names)                                          0.261     1.479
[17559].in[5] (.names)                                           0.423     1.901
[17559].out[0] (.names)                                          0.261     2.162
nen21_5.in[1] (.names)                                           0.425     2.587
nen21_5.out[0] (.names)                                          0.261     2.848
[4222].in[4] (.names)                                            0.270     3.118
[4222].out[0] (.names)                                           0.261     3.379
[17924].in[1] (.names)                                           0.581     3.961
[17924].out[0] (.names)                                          0.261     4.222
[19153].in[4] (.names)                                           0.269     4.490
[19153].out[0] (.names)                                          0.261     4.751
[19157].in[2] (.names)                                           0.347     5.098
[19157].out[0] (.names)                                          0.261     5.359
[19221].in[2] (.names)                                           0.100     5.459
[19221].out[0] (.names)                                          0.261     5.720
[19227].in[2] (.names)                                           0.100     5.820
[19227].out[0] (.names)                                          0.261     6.081
[19232].in[2] (.names)                                           0.100     6.181
[19232].out[0] (.names)                                          0.261     6.442
[19215].in[2] (.names)                                           0.421     6.863
[19215].out[0] (.names)                                          0.261     7.124
[4388].in[3] (.names)                                            0.100     7.224
[4388].out[0] (.names)                                           0.261     7.485
[9899].in[4] (.names)                                            0.582     8.067
[9899].out[0] (.names)                                           0.261     8.328
[9890].D[0] (.latch)                                             0.000     8.328
data arrival time                                                          8.328

clock pclk (rise edge)                                           0.000     0.000
clock source latency                                             0.000     0.000
pclk.inpad[0] (.input)                                           0.000     0.000
[9890].clk[0] (.latch)                                           0.042     0.042
clock uncertainty                                                0.000     0.042
cell setup time                                                 -0.066    -0.024
data required time                                                        -0.024
--------------------------------------------------------------------------------
data required time                                                        -0.024
data arrival time                                                         -8.328
--------------------------------------------------------------------------------
slack (VIOLATED)                                                          -8.352


#Path 30
Startpoint: [17752].Q[0] (.latch clocked by pclk)
Endpoint  : [8210].D[0] (.latch clocked by pclk)
Path Type : setup

Point                                                             Incr      Path
--------------------------------------------------------------------------------
clock pclk (rise edge)                                           0.000     0.000
clock source latency                                             0.000     0.000
pclk.inpad[0] (.input)                                           0.000     0.000
[17752].clk[0] (.latch)                                          0.042     0.042
[17752].Q[0] (.latch) [clock-to-output]                          0.124     0.166
[5541].in[4] (.names)                                            0.367     0.533
[5541].out[0] (.names)                                           0.261     0.794
[17555].in[0] (.names)                                           0.424     1.218
[17555].out[0] (.names)                                          0.261     1.479
[17559].in[5] (.names)                                           0.423     1.901
[17559].out[0] (.names)                                          0.261     2.162
nen21_5.in[1] (.names)                                           0.425     2.587
nen21_5.out[0] (.names)                                          0.261     2.848
[4222].in[4] (.names)                                            0.270     3.118
[4222].out[0] (.names)                                           0.261     3.379
[17924].in[1] (.names)                                           0.581     3.961
[17924].out[0] (.names)                                          0.261     4.222
[19153].in[4] (.names)                                           0.269     4.490
[19153].out[0] (.names)                                          0.261     4.751
[19157].in[2] (.names)                                           0.347     5.098
[19157].out[0] (.names)                                          0.261     5.359
[19221].in[2] (.names)                                           0.100     5.459
[19221].out[0] (.names)                                          0.261     5.720
[19227].in[2] (.names)                                           0.100     5.820
[19227].out[0] (.names)                                          0.261     6.081
[19232].in[2] (.names)                                           0.100     6.181
[19232].out[0] (.names)                                          0.261     6.442
[19215].in[2] (.names)                                           0.421     6.863
[19215].out[0] (.names)                                          0.261     7.124
[4388].in[3] (.names)                                            0.100     7.224
[4388].out[0] (.names)                                           0.261     7.485
[8219].in[4] (.names)                                            0.582     8.067
[8219].out[0] (.names)                                           0.261     8.328
[8210].D[0] (.latch)                                             0.000     8.328
data arrival time                                                          8.328

clock pclk (rise edge)                                           0.000     0.000
clock source latency                                             0.000     0.000
pclk.inpad[0] (.input)                                           0.000     0.000
[8210].clk[0] (.latch)                                           0.042     0.042
clock uncertainty                                                0.000     0.042
cell setup time                                                 -0.066    -0.024
data required time                                                        -0.024
--------------------------------------------------------------------------------
data required time                                                        -0.024
data arrival time                                                         -8.328
--------------------------------------------------------------------------------
slack (VIOLATED)                                                          -8.352


#Path 31
Startpoint: [17752].Q[0] (.latch clocked by pclk)
Endpoint  : [11450].D[0] (.latch clocked by pclk)
Path Type : setup

Point                                                             Incr      Path
--------------------------------------------------------------------------------
clock pclk (rise edge)                                           0.000     0.000
clock source latency                                             0.000     0.000
pclk.inpad[0] (.input)                                           0.000     0.000
[17752].clk[0] (.latch)                                          0.042     0.042
[17752].Q[0] (.latch) [clock-to-output]                          0.124     0.166
[5541].in[4] (.names)                                            0.367     0.533
[5541].out[0] (.names)                                           0.261     0.794
[17555].in[0] (.names)                                           0.424     1.218
[17555].out[0] (.names)                                          0.261     1.479
[17559].in[5] (.names)                                           0.423     1.901
[17559].out[0] (.names)                                          0.261     2.162
nen21_5.in[1] (.names)                                           0.425     2.587
nen21_5.out[0] (.names)                                          0.261     2.848
[4222].in[4] (.names)                                            0.270     3.118
[4222].out[0] (.names)                                           0.261     3.379
[17924].in[1] (.names)                                           0.581     3.961
[17924].out[0] (.names)                                          0.261     4.222
[19153].in[4] (.names)                                           0.269     4.490
[19153].out[0] (.names)                                          0.261     4.751
[19157].in[2] (.names)                                           0.347     5.098
[19157].out[0] (.names)                                          0.261     5.359
[19221].in[2] (.names)                                           0.100     5.459
[19221].out[0] (.names)                                          0.261     5.720
[19227].in[2] (.names)                                           0.100     5.820
[19227].out[0] (.names)                                          0.261     6.081
[19232].in[2] (.names)                                           0.100     6.181
[19232].out[0] (.names)                                          0.261     6.442
[19215].in[2] (.names)                                           0.421     6.863
[19215].out[0] (.names)                                          0.261     7.124
[4388].in[3] (.names)                                            0.100     7.224
[4388].out[0] (.names)                                           0.261     7.485
[11459].in[4] (.names)                                           0.580     8.065
[11459].out[0] (.names)                                          0.261     8.326
[11450].D[0] (.latch)                                            0.000     8.326
data arrival time                                                          8.326

clock pclk (rise edge)                                           0.000     0.000
clock source latency                                             0.000     0.000
pclk.inpad[0] (.input)                                           0.000     0.000
[11450].clk[0] (.latch)                                          0.042     0.042
clock uncertainty                                                0.000     0.042
cell setup time                                                 -0.066    -0.024
data required time                                                        -0.024
--------------------------------------------------------------------------------
data required time                                                        -0.024
data arrival time                                                         -8.326
--------------------------------------------------------------------------------
slack (VIOLATED)                                                          -8.350


#Path 32
Startpoint: [17752].Q[0] (.latch clocked by pclk)
Endpoint  : [12425].D[0] (.latch clocked by pclk)
Path Type : setup

Point                                                             Incr      Path
--------------------------------------------------------------------------------
clock pclk (rise edge)                                           0.000     0.000
clock source latency                                             0.000     0.000
pclk.inpad[0] (.input)                                           0.000     0.000
[17752].clk[0] (.latch)                                          0.042     0.042
[17752].Q[0] (.latch) [clock-to-output]                          0.124     0.166
[5541].in[4] (.names)                                            0.367     0.533
[5541].out[0] (.names)                                           0.261     0.794
[17555].in[0] (.names)                                           0.424     1.218
[17555].out[0] (.names)                                          0.261     1.479
[17559].in[5] (.names)                                           0.423     1.901
[17559].out[0] (.names)                                          0.261     2.162
nen21_5.in[1] (.names)                                           0.425     2.587
nen21_5.out[0] (.names)                                          0.261     2.848
[4222].in[4] (.names)                                            0.270     3.118
[4222].out[0] (.names)                                           0.261     3.379
[17924].in[1] (.names)                                           0.581     3.961
[17924].out[0] (.names)                                          0.261     4.222
[19153].in[4] (.names)                                           0.269     4.490
[19153].out[0] (.names)                                          0.261     4.751
[19157].in[2] (.names)                                           0.347     5.098
[19157].out[0] (.names)                                          0.261     5.359
[19221].in[2] (.names)                                           0.100     5.459
[19221].out[0] (.names)                                          0.261     5.720
[19227].in[2] (.names)                                           0.100     5.820
[19227].out[0] (.names)                                          0.261     6.081
[19232].in[2] (.names)                                           0.100     6.181
[19232].out[0] (.names)                                          0.261     6.442
[19215].in[2] (.names)                                           0.421     6.863
[19215].out[0] (.names)                                          0.261     7.124
[4388].in[3] (.names)                                            0.100     7.224
[4388].out[0] (.names)                                           0.261     7.485
[12434].in[4] (.names)                                           0.580     8.065
[12434].out[0] (.names)                                          0.261     8.326
[12425].D[0] (.latch)                                            0.000     8.326
data arrival time                                                          8.326

clock pclk (rise edge)                                           0.000     0.000
clock source latency                                             0.000     0.000
pclk.inpad[0] (.input)                                           0.000     0.000
[12425].clk[0] (.latch)                                          0.042     0.042
clock uncertainty                                                0.000     0.042
cell setup time                                                 -0.066    -0.024
data required time                                                        -0.024
--------------------------------------------------------------------------------
data required time                                                        -0.024
data arrival time                                                         -8.326
--------------------------------------------------------------------------------
slack (VIOLATED)                                                          -8.350


#Path 33
Startpoint: [17752].Q[0] (.latch clocked by pclk)
Endpoint  : [15050].D[0] (.latch clocked by pclk)
Path Type : setup

Point                                                             Incr      Path
--------------------------------------------------------------------------------
clock pclk (rise edge)                                           0.000     0.000
clock source latency                                             0.000     0.000
pclk.inpad[0] (.input)                                           0.000     0.000
[17752].clk[0] (.latch)                                          0.042     0.042
[17752].Q[0] (.latch) [clock-to-output]                          0.124     0.166
[5541].in[4] (.names)                                            0.367     0.533
[5541].out[0] (.names)                                           0.261     0.794
[17555].in[0] (.names)                                           0.424     1.218
[17555].out[0] (.names)                                          0.261     1.479
[17559].in[5] (.names)                                           0.423     1.901
[17559].out[0] (.names)                                          0.261     2.162
nen21_5.in[1] (.names)                                           0.425     2.587
nen21_5.out[0] (.names)                                          0.261     2.848
[4222].in[4] (.names)                                            0.270     3.118
[4222].out[0] (.names)                                           0.261     3.379
[17924].in[1] (.names)                                           0.581     3.961
[17924].out[0] (.names)                                          0.261     4.222
[19153].in[4] (.names)                                           0.269     4.490
[19153].out[0] (.names)                                          0.261     4.751
[19157].in[2] (.names)                                           0.347     5.098
[19157].out[0] (.names)                                          0.261     5.359
[19221].in[2] (.names)                                           0.100     5.459
[19221].out[0] (.names)                                          0.261     5.720
[19227].in[2] (.names)                                           0.100     5.820
[19227].out[0] (.names)                                          0.261     6.081
[19232].in[2] (.names)                                           0.100     6.181
[19232].out[0] (.names)                                          0.261     6.442
[19215].in[2] (.names)                                           0.421     6.863
[19215].out[0] (.names)                                          0.261     7.124
[4388].in[3] (.names)                                            0.100     7.224
[4388].out[0] (.names)                                           0.261     7.485
[15059].in[4] (.names)                                           0.579     8.063
[15059].out[0] (.names)                                          0.261     8.324
[15050].D[0] (.latch)                                            0.000     8.324
data arrival time                                                          8.324

clock pclk (rise edge)                                           0.000     0.000
clock source latency                                             0.000     0.000
pclk.inpad[0] (.input)                                           0.000     0.000
[15050].clk[0] (.latch)                                          0.042     0.042
clock uncertainty                                                0.000     0.042
cell setup time                                                 -0.066    -0.024
data required time                                                        -0.024
--------------------------------------------------------------------------------
data required time                                                        -0.024
data arrival time                                                         -8.324
--------------------------------------------------------------------------------
slack (VIOLATED)                                                          -8.348


#Path 34
Startpoint: [17752].Q[0] (.latch clocked by pclk)
Endpoint  : [4880].D[0] (.latch clocked by pclk)
Path Type : setup

Point                                                             Incr      Path
--------------------------------------------------------------------------------
clock pclk (rise edge)                                           0.000     0.000
clock source latency                                             0.000     0.000
pclk.inpad[0] (.input)                                           0.000     0.000
[17752].clk[0] (.latch)                                          0.042     0.042
[17752].Q[0] (.latch) [clock-to-output]                          0.124     0.166
[5541].in[4] (.names)                                            0.367     0.533
[5541].out[0] (.names)                                           0.261     0.794
[17555].in[0] (.names)                                           0.424     1.218
[17555].out[0] (.names)                                          0.261     1.479
[17559].in[5] (.names)                                           0.423     1.901
[17559].out[0] (.names)                                          0.261     2.162
nen21_5.in[1] (.names)                                           0.425     2.587
nen21_5.out[0] (.names)                                          0.261     2.848
[4222].in[4] (.names)                                            0.270     3.118
[4222].out[0] (.names)                                           0.261     3.379
[17924].in[1] (.names)                                           0.581     3.961
[17924].out[0] (.names)                                          0.261     4.222
[19153].in[4] (.names)                                           0.269     4.490
[19153].out[0] (.names)                                          0.261     4.751
[19157].in[2] (.names)                                           0.347     5.098
[19157].out[0] (.names)                                          0.261     5.359
[19221].in[2] (.names)                                           0.100     5.459
[19221].out[0] (.names)                                          0.261     5.720
[19227].in[2] (.names)                                           0.100     5.820
[19227].out[0] (.names)                                          0.261     6.081
[19232].in[2] (.names)                                           0.100     6.181
[19232].out[0] (.names)                                          0.261     6.442
[19215].in[2] (.names)                                           0.421     6.863
[19215].out[0] (.names)                                          0.261     7.124
[4388].in[3] (.names)                                            0.100     7.224
[4388].out[0] (.names)                                           0.261     7.485
[4889].in[4] (.names)                                            0.579     8.063
[4889].out[0] (.names)                                           0.261     8.324
[4880].D[0] (.latch)                                             0.000     8.324
data arrival time                                                          8.324

clock pclk (rise edge)                                           0.000     0.000
clock source latency                                             0.000     0.000
pclk.inpad[0] (.input)                                           0.000     0.000
[4880].clk[0] (.latch)                                           0.042     0.042
clock uncertainty                                                0.000     0.042
cell setup time                                                 -0.066    -0.024
data required time                                                        -0.024
--------------------------------------------------------------------------------
data required time                                                        -0.024
data arrival time                                                         -8.324
--------------------------------------------------------------------------------
slack (VIOLATED)                                                          -8.348


#Path 35
Startpoint: [17752].Q[0] (.latch clocked by pclk)
Endpoint  : [14270].D[0] (.latch clocked by pclk)
Path Type : setup

Point                                                             Incr      Path
--------------------------------------------------------------------------------
clock pclk (rise edge)                                           0.000     0.000
clock source latency                                             0.000     0.000
pclk.inpad[0] (.input)                                           0.000     0.000
[17752].clk[0] (.latch)                                          0.042     0.042
[17752].Q[0] (.latch) [clock-to-output]                          0.124     0.166
[5541].in[4] (.names)                                            0.367     0.533
[5541].out[0] (.names)                                           0.261     0.794
[17555].in[0] (.names)                                           0.424     1.218
[17555].out[0] (.names)                                          0.261     1.479
[17559].in[5] (.names)                                           0.423     1.901
[17559].out[0] (.names)                                          0.261     2.162
nen21_5.in[1] (.names)                                           0.425     2.587
nen21_5.out[0] (.names)                                          0.261     2.848
[4222].in[4] (.names)                                            0.270     3.118
[4222].out[0] (.names)                                           0.261     3.379
[17924].in[1] (.names)                                           0.581     3.961
[17924].out[0] (.names)                                          0.261     4.222
[19153].in[4] (.names)                                           0.269     4.490
[19153].out[0] (.names)                                          0.261     4.751
[19157].in[2] (.names)                                           0.347     5.098
[19157].out[0] (.names)                                          0.261     5.359
[19221].in[2] (.names)                                           0.100     5.459
[19221].out[0] (.names)                                          0.261     5.720
[19227].in[2] (.names)                                           0.100     5.820
[19227].out[0] (.names)                                          0.261     6.081
[19232].in[2] (.names)                                           0.100     6.181
[19232].out[0] (.names)                                          0.261     6.442
[19215].in[2] (.names)                                           0.421     6.863
[19215].out[0] (.names)                                          0.261     7.124
[19068].in[5] (.names)                                           0.100     7.224
[19068].out[0] (.names)                                          0.261     7.485
[14279].in[3] (.names)                                           0.576     8.061
[14279].out[0] (.names)                                          0.261     8.322
[14270].D[0] (.latch)                                            0.000     8.322
data arrival time                                                          8.322

clock pclk (rise edge)                                           0.000     0.000
clock source latency                                             0.000     0.000
pclk.inpad[0] (.input)                                           0.000     0.000
[14270].clk[0] (.latch)                                          0.042     0.042
clock uncertainty                                                0.000     0.042
cell setup time                                                 -0.066    -0.024
data required time                                                        -0.024
--------------------------------------------------------------------------------
data required time                                                        -0.024
data arrival time                                                         -8.322
--------------------------------------------------------------------------------
slack (VIOLATED)                                                          -8.345


#Path 36
Startpoint: [17752].Q[0] (.latch clocked by pclk)
Endpoint  : [10070].D[0] (.latch clocked by pclk)
Path Type : setup

Point                                                             Incr      Path
--------------------------------------------------------------------------------
clock pclk (rise edge)                                           0.000     0.000
clock source latency                                             0.000     0.000
pclk.inpad[0] (.input)                                           0.000     0.000
[17752].clk[0] (.latch)                                          0.042     0.042
[17752].Q[0] (.latch) [clock-to-output]                          0.124     0.166
[5541].in[4] (.names)                                            0.367     0.533
[5541].out[0] (.names)                                           0.261     0.794
[17555].in[0] (.names)                                           0.424     1.218
[17555].out[0] (.names)                                          0.261     1.479
[17559].in[5] (.names)                                           0.423     1.901
[17559].out[0] (.names)                                          0.261     2.162
nen21_5.in[1] (.names)                                           0.425     2.587
nen21_5.out[0] (.names)                                          0.261     2.848
[4222].in[4] (.names)                                            0.270     3.118
[4222].out[0] (.names)                                           0.261     3.379
[17924].in[1] (.names)                                           0.581     3.961
[17924].out[0] (.names)                                          0.261     4.222
[19153].in[4] (.names)                                           0.269     4.490
[19153].out[0] (.names)                                          0.261     4.751
[19157].in[2] (.names)                                           0.347     5.098
[19157].out[0] (.names)                                          0.261     5.359
[19221].in[2] (.names)                                           0.100     5.459
[19221].out[0] (.names)                                          0.261     5.720
[19227].in[2] (.names)                                           0.100     5.820
[19227].out[0] (.names)                                          0.261     6.081
[19232].in[2] (.names)                                           0.100     6.181
[19232].out[0] (.names)                                          0.261     6.442
[19215].in[2] (.names)                                           0.421     6.863
[19215].out[0] (.names)                                          0.261     7.124
[19068].in[5] (.names)                                           0.100     7.224
[19068].out[0] (.names)                                          0.261     7.485
[10079].in[4] (.names)                                           0.574     8.059
[10079].out[0] (.names)                                          0.261     8.320
[10070].D[0] (.latch)                                            0.000     8.320
data arrival time                                                          8.320

clock pclk (rise edge)                                           0.000     0.000
clock source latency                                             0.000     0.000
pclk.inpad[0] (.input)                                           0.000     0.000
[10070].clk[0] (.latch)                                          0.042     0.042
clock uncertainty                                                0.000     0.042
cell setup time                                                 -0.066    -0.024
data required time                                                        -0.024
--------------------------------------------------------------------------------
data required time                                                        -0.024
data arrival time                                                         -8.320
--------------------------------------------------------------------------------
slack (VIOLATED)                                                          -8.344


#Path 37
Startpoint: [17752].Q[0] (.latch clocked by pclk)
Endpoint  : [10730].D[0] (.latch clocked by pclk)
Path Type : setup

Point                                                             Incr      Path
--------------------------------------------------------------------------------
clock pclk (rise edge)                                           0.000     0.000
clock source latency                                             0.000     0.000
pclk.inpad[0] (.input)                                           0.000     0.000
[17752].clk[0] (.latch)                                          0.042     0.042
[17752].Q[0] (.latch) [clock-to-output]                          0.124     0.166
[5541].in[4] (.names)                                            0.367     0.533
[5541].out[0] (.names)                                           0.261     0.794
[17555].in[0] (.names)                                           0.424     1.218
[17555].out[0] (.names)                                          0.261     1.479
[17559].in[5] (.names)                                           0.423     1.901
[17559].out[0] (.names)                                          0.261     2.162
nen21_5.in[1] (.names)                                           0.425     2.587
nen21_5.out[0] (.names)                                          0.261     2.848
[4222].in[4] (.names)                                            0.270     3.118
[4222].out[0] (.names)                                           0.261     3.379
[17924].in[1] (.names)                                           0.581     3.961
[17924].out[0] (.names)                                          0.261     4.222
[19153].in[4] (.names)                                           0.269     4.490
[19153].out[0] (.names)                                          0.261     4.751
[19157].in[2] (.names)                                           0.347     5.098
[19157].out[0] (.names)                                          0.261     5.359
[19221].in[2] (.names)                                           0.100     5.459
[19221].out[0] (.names)                                          0.261     5.720
[19227].in[2] (.names)                                           0.100     5.820
[19227].out[0] (.names)                                          0.261     6.081
[19232].in[2] (.names)                                           0.100     6.181
[19232].out[0] (.names)                                          0.261     6.442
[19215].in[2] (.names)                                           0.421     6.863
[19215].out[0] (.names)                                          0.261     7.124
[19068].in[5] (.names)                                           0.100     7.224
[19068].out[0] (.names)                                          0.261     7.485
[10739].in[4] (.names)                                           0.574     8.059
[10739].out[0] (.names)                                          0.261     8.320
[10730].D[0] (.latch)                                            0.000     8.320
data arrival time                                                          8.320

clock pclk (rise edge)                                           0.000     0.000
clock source latency                                             0.000     0.000
pclk.inpad[0] (.input)                                           0.000     0.000
[10730].clk[0] (.latch)                                          0.042     0.042
clock uncertainty                                                0.000     0.042
cell setup time                                                 -0.066    -0.024
data required time                                                        -0.024
--------------------------------------------------------------------------------
data required time                                                        -0.024
data arrival time                                                         -8.320
--------------------------------------------------------------------------------
slack (VIOLATED)                                                          -8.344


#Path 38
Startpoint: [17752].Q[0] (.latch clocked by pclk)
Endpoint  : [12815].D[0] (.latch clocked by pclk)
Path Type : setup

Point                                                             Incr      Path
--------------------------------------------------------------------------------
clock pclk (rise edge)                                           0.000     0.000
clock source latency                                             0.000     0.000
pclk.inpad[0] (.input)                                           0.000     0.000
[17752].clk[0] (.latch)                                          0.042     0.042
[17752].Q[0] (.latch) [clock-to-output]                          0.124     0.166
[5541].in[4] (.names)                                            0.367     0.533
[5541].out[0] (.names)                                           0.261     0.794
[17555].in[0] (.names)                                           0.424     1.218
[17555].out[0] (.names)                                          0.261     1.479
[17559].in[5] (.names)                                           0.423     1.901
[17559].out[0] (.names)                                          0.261     2.162
nrq8_2.in[0] (.names)                                            0.421     2.583
nrq8_2.out[0] (.names)                                           0.261     2.844
[5292].in[3] (.names)                                            0.497     3.342
[5292].out[0] (.names)                                           0.261     3.603
[17744].in[1] (.names)                                           0.573     4.176
[17744].out[0] (.names)                                          0.261     4.437
[4442].in[4] (.names)                                            0.269     4.706
[4442].out[0] (.names)                                           0.261     4.967
[5173].in[3] (.names)                                            0.269     5.235
[5173].out[0] (.names)                                           0.261     5.496
[19520].in[4] (.names)                                           0.345     5.841
[19520].out[0] (.names)                                          0.261     6.102
[5162].in[4] (.names)                                            0.269     6.371
[5162].out[0] (.names)                                           0.261     6.632
[19490].in[4] (.names)                                           0.421     7.053
[19490].out[0] (.names)                                          0.261     7.314
[3140].in[4] (.names)                                            0.347     7.660
[3140].out[0] (.names)                                           0.261     7.921
[12824].in[3] (.names)                                           0.100     8.021
[12824].out[0] (.names)                                          0.261     8.282
[12815].D[0] (.latch)                                            0.000     8.282
data arrival time                                                          8.282

clock pclk (rise edge)                                           0.000     0.000
clock source latency                                             0.000     0.000
pclk.inpad[0] (.input)                                           0.000     0.000
[12815].clk[0] (.latch)                                          0.042     0.042
clock uncertainty                                                0.000     0.042
cell setup time                                                 -0.066    -0.024
data required time                                                        -0.024
--------------------------------------------------------------------------------
data required time                                                        -0.024
data arrival time                                                         -8.282
--------------------------------------------------------------------------------
slack (VIOLATED)                                                          -8.306


#Path 39
Startpoint: [17752].Q[0] (.latch clocked by pclk)
Endpoint  : [8705].D[0] (.latch clocked by pclk)
Path Type : setup

Point                                                             Incr      Path
--------------------------------------------------------------------------------
clock pclk (rise edge)                                           0.000     0.000
clock source latency                                             0.000     0.000
pclk.inpad[0] (.input)                                           0.000     0.000
[17752].clk[0] (.latch)                                          0.042     0.042
[17752].Q[0] (.latch) [clock-to-output]                          0.124     0.166
[5541].in[4] (.names)                                            0.367     0.533
[5541].out[0] (.names)                                           0.261     0.794
[17555].in[0] (.names)                                           0.424     1.218
[17555].out[0] (.names)                                          0.261     1.479
[17559].in[5] (.names)                                           0.423     1.901
[17559].out[0] (.names)                                          0.261     2.162
nrq8_2.in[0] (.names)                                            0.421     2.583
nrq8_2.out[0] (.names)                                           0.261     2.844
[5292].in[3] (.names)                                            0.497     3.342
[5292].out[0] (.names)                                           0.261     3.603
[17744].in[1] (.names)                                           0.573     4.176
[17744].out[0] (.names)                                          0.261     4.437
[4442].in[4] (.names)                                            0.269     4.706
[4442].out[0] (.names)                                           0.261     4.967
[5173].in[3] (.names)                                            0.269     5.235
[5173].out[0] (.names)                                           0.261     5.496
[19520].in[4] (.names)                                           0.345     5.841
[19520].out[0] (.names)                                          0.261     6.102
[5162].in[4] (.names)                                            0.269     6.371
[5162].out[0] (.names)                                           0.261     6.632
[19490].in[4] (.names)                                           0.421     7.053
[19490].out[0] (.names)                                          0.261     7.314
[3735].in[4] (.names)                                            0.347     7.660
[3735].out[0] (.names)                                           0.261     7.921
[8714].in[4] (.names)                                            0.100     8.021
[8714].out[0] (.names)                                           0.261     8.282
[8705].D[0] (.latch)                                             0.000     8.282
data arrival time                                                          8.282

clock pclk (rise edge)                                           0.000     0.000
clock source latency                                             0.000     0.000
pclk.inpad[0] (.input)                                           0.000     0.000
[8705].clk[0] (.latch)                                           0.042     0.042
clock uncertainty                                                0.000     0.042
cell setup time                                                 -0.066    -0.024
data required time                                                        -0.024
--------------------------------------------------------------------------------
data required time                                                        -0.024
data arrival time                                                         -8.282
--------------------------------------------------------------------------------
slack (VIOLATED)                                                          -8.306


#Path 40
Startpoint: [17752].Q[0] (.latch clocked by pclk)
Endpoint  : paddress_1_1_.D[0] (.latch clocked by pclk)
Path Type : setup

Point                                                             Incr      Path
--------------------------------------------------------------------------------
clock pclk (rise edge)                                           0.000     0.000
clock source latency                                             0.000     0.000
pclk.inpad[0] (.input)                                           0.000     0.000
[17752].clk[0] (.latch)                                          0.042     0.042
[17752].Q[0] (.latch) [clock-to-output]                          0.124     0.166
[5541].in[4] (.names)                                            0.367     0.533
[5541].out[0] (.names)                                           0.261     0.794
[17555].in[0] (.names)                                           0.424     1.218
[17555].out[0] (.names)                                          0.261     1.479
[17559].in[5] (.names)                                           0.423     1.901
[17559].out[0] (.names)                                          0.261     2.162
nen17_4.in[1] (.names)                                           0.423     2.585
nen17_4.out[0] (.names)                                          0.261     2.846
[4234].in[3] (.names)                                            1.427     4.273
[4234].out[0] (.names)                                           0.261     4.534
[4303].in[2] (.names)                                            0.736     5.271
[4303].out[0] (.names)                                           0.261     5.532
[2044].in[4] (.names)                                            0.729     6.261
[2044].out[0] (.names)                                           0.261     6.522
[19038].in[0] (.names)                                           0.735     7.256
[19038].out[0] (.names)                                          0.261     7.517
[18334].in[5] (.names)                                           0.501     8.018
[18334].out[0] (.names)                                          0.261     8.279
paddress_1_1_.D[0] (.latch)                                      0.000     8.279
data arrival time                                                          8.279

clock pclk (rise edge)                                           0.000     0.000
clock source latency                                             0.000     0.000
pclk.inpad[0] (.input)                                           0.000     0.000
paddress_1_1_.clk[0] (.latch)                                    0.042     0.042
clock uncertainty                                                0.000     0.042
cell setup time                                                 -0.066    -0.024
data required time                                                        -0.024
--------------------------------------------------------------------------------
data required time                                                        -0.024
data arrival time                                                         -8.279
--------------------------------------------------------------------------------
slack (VIOLATED)                                                          -8.303


#Path 41
Startpoint: [17752].Q[0] (.latch clocked by pclk)
Endpoint  : [11675].D[0] (.latch clocked by pclk)
Path Type : setup

Point                                                             Incr      Path
--------------------------------------------------------------------------------
clock pclk (rise edge)                                           0.000     0.000
clock source latency                                             0.000     0.000
pclk.inpad[0] (.input)                                           0.000     0.000
[17752].clk[0] (.latch)                                          0.042     0.042
[17752].Q[0] (.latch) [clock-to-output]                          0.124     0.166
[5541].in[4] (.names)                                            0.367     0.533
[5541].out[0] (.names)                                           0.261     0.794
[17555].in[0] (.names)                                           0.424     1.218
[17555].out[0] (.names)                                          0.261     1.479
[17559].in[5] (.names)                                           0.423     1.901
[17559].out[0] (.names)                                          0.261     2.162
nen21_5.in[1] (.names)                                           0.425     2.587
nen21_5.out[0] (.names)                                          0.261     2.848
[4222].in[4] (.names)                                            0.270     3.118
[4222].out[0] (.names)                                           0.261     3.379
[17924].in[1] (.names)                                           0.581     3.961
[17924].out[0] (.names)                                          0.261     4.222
[19153].in[4] (.names)                                           0.269     4.490
[19153].out[0] (.names)                                          0.261     4.751
[19157].in[2] (.names)                                           0.347     5.098
[19157].out[0] (.names)                                          0.261     5.359
[19221].in[2] (.names)                                           0.100     5.459
[19221].out[0] (.names)                                          0.261     5.720
[19227].in[2] (.names)                                           0.100     5.820
[19227].out[0] (.names)                                          0.261     6.081
[19232].in[2] (.names)                                           0.100     6.181
[19232].out[0] (.names)                                          0.261     6.442
[19215].in[2] (.names)                                           0.421     6.863
[19215].out[0] (.names)                                          0.261     7.124
[19068].in[5] (.names)                                           0.100     7.224
[19068].out[0] (.names)                                          0.261     7.485
[11684].in[4] (.names)                                           0.501     7.986
[11684].out[0] (.names)                                          0.261     8.247
[11675].D[0] (.latch)                                            0.000     8.247
data arrival time                                                          8.247

clock pclk (rise edge)                                           0.000     0.000
clock source latency                                             0.000     0.000
pclk.inpad[0] (.input)                                           0.000     0.000
[11675].clk[0] (.latch)                                          0.042     0.042
clock uncertainty                                                0.000     0.042
cell setup time                                                 -0.066    -0.024
data required time                                                        -0.024
--------------------------------------------------------------------------------
data required time                                                        -0.024
data arrival time                                                         -8.247
--------------------------------------------------------------------------------
slack (VIOLATED)                                                          -8.270


#Path 42
Startpoint: [17752].Q[0] (.latch clocked by pclk)
Endpoint  : [11180].D[0] (.latch clocked by pclk)
Path Type : setup

Point                                                             Incr      Path
--------------------------------------------------------------------------------
clock pclk (rise edge)                                           0.000     0.000
clock source latency                                             0.000     0.000
pclk.inpad[0] (.input)                                           0.000     0.000
[17752].clk[0] (.latch)                                          0.042     0.042
[17752].Q[0] (.latch) [clock-to-output]                          0.124     0.166
[5541].in[4] (.names)                                            0.367     0.533
[5541].out[0] (.names)                                           0.261     0.794
[17555].in[0] (.names)                                           0.424     1.218
[17555].out[0] (.names)                                          0.261     1.479
[17559].in[5] (.names)                                           0.423     1.901
[17559].out[0] (.names)                                          0.261     2.162
nrq8_2.in[0] (.names)                                            0.421     2.583
nrq8_2.out[0] (.names)                                           0.261     2.844
[5292].in[3] (.names)                                            0.497     3.342
[5292].out[0] (.names)                                           0.261     3.603
[17744].in[1] (.names)                                           0.573     4.176
[17744].out[0] (.names)                                          0.261     4.437
[4442].in[4] (.names)                                            0.269     4.706
[4442].out[0] (.names)                                           0.261     4.967
[5173].in[3] (.names)                                            0.269     5.235
[5173].out[0] (.names)                                           0.261     5.496
[19520].in[4] (.names)                                           0.345     5.841
[19520].out[0] (.names)                                          0.261     6.102
[5162].in[4] (.names)                                            0.269     6.371
[5162].out[0] (.names)                                           0.261     6.632
[19490].in[4] (.names)                                           0.421     7.053
[19490].out[0] (.names)                                          0.261     7.314
[19474].in[3] (.names)                                           0.270     7.584
[19474].out[0] (.names)                                          0.261     7.845
[11189].in[3] (.names)                                           0.100     7.945
[11189].out[0] (.names)                                          0.261     8.206
[11180].D[0] (.latch)                                            0.000     8.206
data arrival time                                                          8.206

clock pclk (rise edge)                                           0.000     0.000
clock source latency                                             0.000     0.000
pclk.inpad[0] (.input)                                           0.000     0.000
[11180].clk[0] (.latch)                                          0.042     0.042
clock uncertainty                                                0.000     0.042
cell setup time                                                 -0.066    -0.024
data required time                                                        -0.024
--------------------------------------------------------------------------------
data required time                                                        -0.024
data arrival time                                                         -8.206
--------------------------------------------------------------------------------
slack (VIOLATED)                                                          -8.230


#Path 43
Startpoint: [17752].Q[0] (.latch clocked by pclk)
Endpoint  : [10580].D[0] (.latch clocked by pclk)
Path Type : setup

Point                                                             Incr      Path
--------------------------------------------------------------------------------
clock pclk (rise edge)                                           0.000     0.000
clock source latency                                             0.000     0.000
pclk.inpad[0] (.input)                                           0.000     0.000
[17752].clk[0] (.latch)                                          0.042     0.042
[17752].Q[0] (.latch) [clock-to-output]                          0.124     0.166
[5541].in[4] (.names)                                            0.367     0.533
[5541].out[0] (.names)                                           0.261     0.794
[17555].in[0] (.names)                                           0.424     1.218
[17555].out[0] (.names)                                          0.261     1.479
[17559].in[5] (.names)                                           0.423     1.901
[17559].out[0] (.names)                                          0.261     2.162
nrq8_2.in[0] (.names)                                            0.421     2.583
nrq8_2.out[0] (.names)                                           0.261     2.844
[5292].in[3] (.names)                                            0.497     3.342
[5292].out[0] (.names)                                           0.261     3.603
[17744].in[1] (.names)                                           0.573     4.176
[17744].out[0] (.names)                                          0.261     4.437
[4442].in[4] (.names)                                            0.269     4.706
[4442].out[0] (.names)                                           0.261     4.967
[5173].in[3] (.names)                                            0.269     5.235
[5173].out[0] (.names)                                           0.261     5.496
[19520].in[4] (.names)                                           0.345     5.841
[19520].out[0] (.names)                                          0.261     6.102
[5162].in[4] (.names)                                            0.269     6.371
[5162].out[0] (.names)                                           0.261     6.632
[19490].in[4] (.names)                                           0.421     7.053
[19490].out[0] (.names)                                          0.261     7.314
[19474].in[3] (.names)                                           0.270     7.584
[19474].out[0] (.names)                                          0.261     7.845
[10589].in[3] (.names)                                           0.100     7.945
[10589].out[0] (.names)                                          0.261     8.206
[10580].D[0] (.latch)                                            0.000     8.206
data arrival time                                                          8.206

clock pclk (rise edge)                                           0.000     0.000
clock source latency                                             0.000     0.000
pclk.inpad[0] (.input)                                           0.000     0.000
[10580].clk[0] (.latch)                                          0.042     0.042
clock uncertainty                                                0.000     0.042
cell setup time                                                 -0.066    -0.024
data required time                                                        -0.024
--------------------------------------------------------------------------------
data required time                                                        -0.024
data arrival time                                                         -8.206
--------------------------------------------------------------------------------
slack (VIOLATED)                                                          -8.230


#Path 44
Startpoint: [17752].Q[0] (.latch clocked by pclk)
Endpoint  : [9395].D[0] (.latch clocked by pclk)
Path Type : setup

Point                                                             Incr      Path
--------------------------------------------------------------------------------
clock pclk (rise edge)                                           0.000     0.000
clock source latency                                             0.000     0.000
pclk.inpad[0] (.input)                                           0.000     0.000
[17752].clk[0] (.latch)                                          0.042     0.042
[17752].Q[0] (.latch) [clock-to-output]                          0.124     0.166
[5541].in[4] (.names)                                            0.367     0.533
[5541].out[0] (.names)                                           0.261     0.794
[17555].in[0] (.names)                                           0.424     1.218
[17555].out[0] (.names)                                          0.261     1.479
[17559].in[5] (.names)                                           0.423     1.901
[17559].out[0] (.names)                                          0.261     2.162
nrq8_2.in[0] (.names)                                            0.421     2.583
nrq8_2.out[0] (.names)                                           0.261     2.844
[5292].in[3] (.names)                                            0.497     3.342
[5292].out[0] (.names)                                           0.261     3.603
[17744].in[1] (.names)                                           0.573     4.176
[17744].out[0] (.names)                                          0.261     4.437
[4442].in[4] (.names)                                            0.269     4.706
[4442].out[0] (.names)                                           0.261     4.967
[5173].in[3] (.names)                                            0.269     5.235
[5173].out[0] (.names)                                           0.261     5.496
[19520].in[4] (.names)                                           0.345     5.841
[19520].out[0] (.names)                                          0.261     6.102
[5162].in[4] (.names)                                            0.269     6.371
[5162].out[0] (.names)                                           0.261     6.632
[19490].in[4] (.names)                                           0.421     7.053
[19490].out[0] (.names)                                          0.261     7.314
[19474].in[3] (.names)                                           0.270     7.584
[19474].out[0] (.names)                                          0.261     7.845
[9404].in[3] (.names)                                            0.100     7.945
[9404].out[0] (.names)                                           0.261     8.206
[9395].D[0] (.latch)                                             0.000     8.206
data arrival time                                                          8.206

clock pclk (rise edge)                                           0.000     0.000
clock source latency                                             0.000     0.000
pclk.inpad[0] (.input)                                           0.000     0.000
[9395].clk[0] (.latch)                                           0.042     0.042
clock uncertainty                                                0.000     0.042
cell setup time                                                 -0.066    -0.024
data required time                                                        -0.024
--------------------------------------------------------------------------------
data required time                                                        -0.024
data arrival time                                                         -8.206
--------------------------------------------------------------------------------
slack (VIOLATED)                                                          -8.230


#Path 45
Startpoint: [17752].Q[0] (.latch clocked by pclk)
Endpoint  : [8765].D[0] (.latch clocked by pclk)
Path Type : setup

Point                                                             Incr      Path
--------------------------------------------------------------------------------
clock pclk (rise edge)                                           0.000     0.000
clock source latency                                             0.000     0.000
pclk.inpad[0] (.input)                                           0.000     0.000
[17752].clk[0] (.latch)                                          0.042     0.042
[17752].Q[0] (.latch) [clock-to-output]                          0.124     0.166
[5541].in[4] (.names)                                            0.367     0.533
[5541].out[0] (.names)                                           0.261     0.794
[17555].in[0] (.names)                                           0.424     1.218
[17555].out[0] (.names)                                          0.261     1.479
[17559].in[5] (.names)                                           0.423     1.901
[17559].out[0] (.names)                                          0.261     2.162
nrq8_2.in[0] (.names)                                            0.421     2.583
nrq8_2.out[0] (.names)                                           0.261     2.844
[5292].in[3] (.names)                                            0.497     3.342
[5292].out[0] (.names)                                           0.261     3.603
[17744].in[1] (.names)                                           0.573     4.176
[17744].out[0] (.names)                                          0.261     4.437
[4442].in[4] (.names)                                            0.269     4.706
[4442].out[0] (.names)                                           0.261     4.967
[5173].in[3] (.names)                                            0.269     5.235
[5173].out[0] (.names)                                           0.261     5.496
[19520].in[4] (.names)                                           0.345     5.841
[19520].out[0] (.names)                                          0.261     6.102
[5162].in[4] (.names)                                            0.269     6.371
[5162].out[0] (.names)                                           0.261     6.632
[19490].in[4] (.names)                                           0.421     7.053
[19490].out[0] (.names)                                          0.261     7.314
[19474].in[3] (.names)                                           0.270     7.584
[19474].out[0] (.names)                                          0.261     7.845
[8774].in[3] (.names)                                            0.100     7.945
[8774].out[0] (.names)                                           0.261     8.206
[8765].D[0] (.latch)                                             0.000     8.206
data arrival time                                                          8.206

clock pclk (rise edge)                                           0.000     0.000
clock source latency                                             0.000     0.000
pclk.inpad[0] (.input)                                           0.000     0.000
[8765].clk[0] (.latch)                                           0.042     0.042
clock uncertainty                                                0.000     0.042
cell setup time                                                 -0.066    -0.024
data required time                                                        -0.024
--------------------------------------------------------------------------------
data required time                                                        -0.024
data arrival time                                                         -8.206
--------------------------------------------------------------------------------
slack (VIOLATED)                                                          -8.230


#Path 46
Startpoint: [17752].Q[0] (.latch clocked by pclk)
Endpoint  : [15725].D[0] (.latch clocked by pclk)
Path Type : setup

Point                                                             Incr      Path
--------------------------------------------------------------------------------
clock pclk (rise edge)                                           0.000     0.000
clock source latency                                             0.000     0.000
pclk.inpad[0] (.input)                                           0.000     0.000
[17752].clk[0] (.latch)                                          0.042     0.042
[17752].Q[0] (.latch) [clock-to-output]                          0.124     0.166
[5541].in[4] (.names)                                            0.367     0.533
[5541].out[0] (.names)                                           0.261     0.794
[17555].in[0] (.names)                                           0.424     1.218
[17555].out[0] (.names)                                          0.261     1.479
[17559].in[5] (.names)                                           0.423     1.901
[17559].out[0] (.names)                                          0.261     2.162
nrq8_2.in[0] (.names)                                            0.421     2.583
nrq8_2.out[0] (.names)                                           0.261     2.844
[5292].in[3] (.names)                                            0.497     3.342
[5292].out[0] (.names)                                           0.261     3.603
[17744].in[1] (.names)                                           0.573     4.176
[17744].out[0] (.names)                                          0.261     4.437
[4442].in[4] (.names)                                            0.269     4.706
[4442].out[0] (.names)                                           0.261     4.967
[5173].in[3] (.names)                                            0.269     5.235
[5173].out[0] (.names)                                           0.261     5.496
[19520].in[4] (.names)                                           0.345     5.841
[19520].out[0] (.names)                                          0.261     6.102
[5162].in[4] (.names)                                            0.269     6.371
[5162].out[0] (.names)                                           0.261     6.632
[19490].in[4] (.names)                                           0.421     7.053
[19490].out[0] (.names)                                          0.261     7.314
[19474].in[3] (.names)                                           0.270     7.584
[19474].out[0] (.names)                                          0.261     7.845
[15734].in[3] (.names)                                           0.100     7.945
[15734].out[0] (.names)                                          0.261     8.206
[15725].D[0] (.latch)                                            0.000     8.206
data arrival time                                                          8.206

clock pclk (rise edge)                                           0.000     0.000
clock source latency                                             0.000     0.000
pclk.inpad[0] (.input)                                           0.000     0.000
[15725].clk[0] (.latch)                                          0.042     0.042
clock uncertainty                                                0.000     0.042
cell setup time                                                 -0.066    -0.024
data required time                                                        -0.024
--------------------------------------------------------------------------------
data required time                                                        -0.024
data arrival time                                                         -8.206
--------------------------------------------------------------------------------
slack (VIOLATED)                                                          -8.230


#Path 47
Startpoint: [17752].Q[0] (.latch clocked by pclk)
Endpoint  : [4730].D[0] (.latch clocked by pclk)
Path Type : setup

Point                                                             Incr      Path
--------------------------------------------------------------------------------
clock pclk (rise edge)                                           0.000     0.000
clock source latency                                             0.000     0.000
pclk.inpad[0] (.input)                                           0.000     0.000
[17752].clk[0] (.latch)                                          0.042     0.042
[17752].Q[0] (.latch) [clock-to-output]                          0.124     0.166
[5541].in[4] (.names)                                            0.367     0.533
[5541].out[0] (.names)                                           0.261     0.794
[17555].in[0] (.names)                                           0.424     1.218
[17555].out[0] (.names)                                          0.261     1.479
[17559].in[5] (.names)                                           0.423     1.901
[17559].out[0] (.names)                                          0.261     2.162
nrq8_2.in[0] (.names)                                            0.421     2.583
nrq8_2.out[0] (.names)                                           0.261     2.844
[5292].in[3] (.names)                                            0.497     3.342
[5292].out[0] (.names)                                           0.261     3.603
[17744].in[1] (.names)                                           0.573     4.176
[17744].out[0] (.names)                                          0.261     4.437
[4442].in[4] (.names)                                            0.269     4.706
[4442].out[0] (.names)                                           0.261     4.967
[5173].in[3] (.names)                                            0.269     5.235
[5173].out[0] (.names)                                           0.261     5.496
[19520].in[4] (.names)                                           0.345     5.841
[19520].out[0] (.names)                                          0.261     6.102
[5162].in[4] (.names)                                            0.269     6.371
[5162].out[0] (.names)                                           0.261     6.632
[19490].in[4] (.names)                                           0.421     7.053
[19490].out[0] (.names)                                          0.261     7.314
[19474].in[3] (.names)                                           0.270     7.584
[19474].out[0] (.names)                                          0.261     7.845
[4739].in[3] (.names)                                            0.100     7.945
[4739].out[0] (.names)                                           0.261     8.206
[4730].D[0] (.latch)                                             0.000     8.206
data arrival time                                                          8.206

clock pclk (rise edge)                                           0.000     0.000
clock source latency                                             0.000     0.000
pclk.inpad[0] (.input)                                           0.000     0.000
[4730].clk[0] (.latch)                                           0.042     0.042
clock uncertainty                                                0.000     0.042
cell setup time                                                 -0.066    -0.024
data required time                                                        -0.024
--------------------------------------------------------------------------------
data required time                                                        -0.024
data arrival time                                                         -8.206
--------------------------------------------------------------------------------
slack (VIOLATED)                                                          -8.230


#Path 48
Startpoint: [17752].Q[0] (.latch clocked by pclk)
Endpoint  : [15320].D[0] (.latch clocked by pclk)
Path Type : setup

Point                                                             Incr      Path
--------------------------------------------------------------------------------
clock pclk (rise edge)                                           0.000     0.000
clock source latency                                             0.000     0.000
pclk.inpad[0] (.input)                                           0.000     0.000
[17752].clk[0] (.latch)                                          0.042     0.042
[17752].Q[0] (.latch) [clock-to-output]                          0.124     0.166
[5541].in[4] (.names)                                            0.367     0.533
[5541].out[0] (.names)                                           0.261     0.794
[17555].in[0] (.names)                                           0.424     1.218
[17555].out[0] (.names)                                          0.261     1.479
[17559].in[5] (.names)                                           0.423     1.901
[17559].out[0] (.names)                                          0.261     2.162
nrq8_2.in[0] (.names)                                            0.421     2.583
nrq8_2.out[0] (.names)                                           0.261     2.844
[5292].in[3] (.names)                                            0.497     3.342
[5292].out[0] (.names)                                           0.261     3.603
[17744].in[1] (.names)                                           0.573     4.176
[17744].out[0] (.names)                                          0.261     4.437
[4442].in[4] (.names)                                            0.269     4.706
[4442].out[0] (.names)                                           0.261     4.967
[5173].in[3] (.names)                                            0.269     5.235
[5173].out[0] (.names)                                           0.261     5.496
[19520].in[4] (.names)                                           0.345     5.841
[19520].out[0] (.names)                                          0.261     6.102
[5162].in[4] (.names)                                            0.269     6.371
[5162].out[0] (.names)                                           0.261     6.632
[19490].in[4] (.names)                                           0.421     7.053
[19490].out[0] (.names)                                          0.261     7.314
[19474].in[3] (.names)                                           0.270     7.584
[19474].out[0] (.names)                                          0.261     7.845
[15329].in[3] (.names)                                           0.100     7.945
[15329].out[0] (.names)                                          0.261     8.206
[15320].D[0] (.latch)                                            0.000     8.206
data arrival time                                                          8.206

clock pclk (rise edge)                                           0.000     0.000
clock source latency                                             0.000     0.000
pclk.inpad[0] (.input)                                           0.000     0.000
[15320].clk[0] (.latch)                                          0.042     0.042
clock uncertainty                                                0.000     0.042
cell setup time                                                 -0.066    -0.024
data required time                                                        -0.024
--------------------------------------------------------------------------------
data required time                                                        -0.024
data arrival time                                                         -8.206
--------------------------------------------------------------------------------
slack (VIOLATED)                                                          -8.230


#Path 49
Startpoint: [17752].Q[0] (.latch clocked by pclk)
Endpoint  : [13730].D[0] (.latch clocked by pclk)
Path Type : setup

Point                                                             Incr      Path
--------------------------------------------------------------------------------
clock pclk (rise edge)                                           0.000     0.000
clock source latency                                             0.000     0.000
pclk.inpad[0] (.input)                                           0.000     0.000
[17752].clk[0] (.latch)                                          0.042     0.042
[17752].Q[0] (.latch) [clock-to-output]                          0.124     0.166
[5541].in[4] (.names)                                            0.367     0.533
[5541].out[0] (.names)                                           0.261     0.794
[17555].in[0] (.names)                                           0.424     1.218
[17555].out[0] (.names)                                          0.261     1.479
[17559].in[5] (.names)                                           0.423     1.901
[17559].out[0] (.names)                                          0.261     2.162
nrq8_2.in[0] (.names)                                            0.421     2.583
nrq8_2.out[0] (.names)                                           0.261     2.844
[5292].in[3] (.names)                                            0.497     3.342
[5292].out[0] (.names)                                           0.261     3.603
[17744].in[1] (.names)                                           0.573     4.176
[17744].out[0] (.names)                                          0.261     4.437
[4442].in[4] (.names)                                            0.269     4.706
[4442].out[0] (.names)                                           0.261     4.967
[5173].in[3] (.names)                                            0.269     5.235
[5173].out[0] (.names)                                           0.261     5.496
[19520].in[4] (.names)                                           0.345     5.841
[19520].out[0] (.names)                                          0.261     6.102
[5162].in[4] (.names)                                            0.269     6.371
[5162].out[0] (.names)                                           0.261     6.632
[19490].in[4] (.names)                                           0.421     7.053
[19490].out[0] (.names)                                          0.261     7.314
[19474].in[3] (.names)                                           0.270     7.584
[19474].out[0] (.names)                                          0.261     7.845
[13739].in[3] (.names)                                           0.100     7.945
[13739].out[0] (.names)                                          0.261     8.206
[13730].D[0] (.latch)                                            0.000     8.206
data arrival time                                                          8.206

clock pclk (rise edge)                                           0.000     0.000
clock source latency                                             0.000     0.000
pclk.inpad[0] (.input)                                           0.000     0.000
[13730].clk[0] (.latch)                                          0.042     0.042
clock uncertainty                                                0.000     0.042
cell setup time                                                 -0.066    -0.024
data required time                                                        -0.024
--------------------------------------------------------------------------------
data required time                                                        -0.024
data arrival time                                                         -8.206
--------------------------------------------------------------------------------
slack (VIOLATED)                                                          -8.230


#Path 50
Startpoint: [17752].Q[0] (.latch clocked by pclk)
Endpoint  : [12365].D[0] (.latch clocked by pclk)
Path Type : setup

Point                                                             Incr      Path
--------------------------------------------------------------------------------
clock pclk (rise edge)                                           0.000     0.000
clock source latency                                             0.000     0.000
pclk.inpad[0] (.input)                                           0.000     0.000
[17752].clk[0] (.latch)                                          0.042     0.042
[17752].Q[0] (.latch) [clock-to-output]                          0.124     0.166
[5541].in[4] (.names)                                            0.367     0.533
[5541].out[0] (.names)                                           0.261     0.794
[17555].in[0] (.names)                                           0.424     1.218
[17555].out[0] (.names)                                          0.261     1.479
[17559].in[5] (.names)                                           0.423     1.901
[17559].out[0] (.names)                                          0.261     2.162
nrq8_2.in[0] (.names)                                            0.421     2.583
nrq8_2.out[0] (.names)                                           0.261     2.844
[5292].in[3] (.names)                                            0.497     3.342
[5292].out[0] (.names)                                           0.261     3.603
[17744].in[1] (.names)                                           0.573     4.176
[17744].out[0] (.names)                                          0.261     4.437
[4442].in[4] (.names)                                            0.269     4.706
[4442].out[0] (.names)                                           0.261     4.967
[5173].in[3] (.names)                                            0.269     5.235
[5173].out[0] (.names)                                           0.261     5.496
[19520].in[4] (.names)                                           0.345     5.841
[19520].out[0] (.names)                                          0.261     6.102
[5162].in[4] (.names)                                            0.269     6.371
[5162].out[0] (.names)                                           0.261     6.632
[19490].in[4] (.names)                                           0.421     7.053
[19490].out[0] (.names)                                          0.261     7.314
[19474].in[3] (.names)                                           0.270     7.584
[19474].out[0] (.names)                                          0.261     7.845
[12374].in[3] (.names)                                           0.100     7.945
[12374].out[0] (.names)                                          0.261     8.206
[12365].D[0] (.latch)                                            0.000     8.206
data arrival time                                                          8.206

clock pclk (rise edge)                                           0.000     0.000
clock source latency                                             0.000     0.000
pclk.inpad[0] (.input)                                           0.000     0.000
[12365].clk[0] (.latch)                                          0.042     0.042
clock uncertainty                                                0.000     0.042
cell setup time                                                 -0.066    -0.024
data required time                                                        -0.024
--------------------------------------------------------------------------------
data required time                                                        -0.024
data arrival time                                                         -8.206
--------------------------------------------------------------------------------
slack (VIOLATED)                                                          -8.230


#Path 51
Startpoint: [17752].Q[0] (.latch clocked by pclk)
Endpoint  : [11510].D[0] (.latch clocked by pclk)
Path Type : setup

Point                                                             Incr      Path
--------------------------------------------------------------------------------
clock pclk (rise edge)                                           0.000     0.000
clock source latency                                             0.000     0.000
pclk.inpad[0] (.input)                                           0.000     0.000
[17752].clk[0] (.latch)                                          0.042     0.042
[17752].Q[0] (.latch) [clock-to-output]                          0.124     0.166
[5541].in[4] (.names)                                            0.367     0.533
[5541].out[0] (.names)                                           0.261     0.794
[17555].in[0] (.names)                                           0.424     1.218
[17555].out[0] (.names)                                          0.261     1.479
[17559].in[5] (.names)                                           0.423     1.901
[17559].out[0] (.names)                                          0.261     2.162
nen21_5.in[1] (.names)                                           0.425     2.587
nen21_5.out[0] (.names)                                          0.261     2.848
[4222].in[4] (.names)                                            0.270     3.118
[4222].out[0] (.names)                                           0.261     3.379
[17924].in[1] (.names)                                           0.581     3.961
[17924].out[0] (.names)                                          0.261     4.222
[19153].in[4] (.names)                                           0.269     4.490
[19153].out[0] (.names)                                          0.261     4.751
[19157].in[2] (.names)                                           0.347     5.098
[19157].out[0] (.names)                                          0.261     5.359
[19221].in[2] (.names)                                           0.100     5.459
[19221].out[0] (.names)                                          0.261     5.720
[19227].in[2] (.names)                                           0.100     5.820
[19227].out[0] (.names)                                          0.261     6.081
[19232].in[2] (.names)                                           0.100     6.181
[19232].out[0] (.names)                                          0.261     6.442
[19091].in[5] (.names)                                           0.497     6.939
[19091].out[0] (.names)                                          0.261     7.200
[11519].in[3] (.names)                                           0.732     7.932
[11519].out[0] (.names)                                          0.261     8.193
[11510].D[0] (.latch)                                            0.000     8.193
data arrival time                                                          8.193

clock pclk (rise edge)                                           0.000     0.000
clock source latency                                             0.000     0.000
pclk.inpad[0] (.input)                                           0.000     0.000
[11510].clk[0] (.latch)                                          0.042     0.042
clock uncertainty                                                0.000     0.042
cell setup time                                                 -0.066    -0.024
data required time                                                        -0.024
--------------------------------------------------------------------------------
data required time                                                        -0.024
data arrival time                                                         -8.193
--------------------------------------------------------------------------------
slack (VIOLATED)                                                          -8.216


#Path 52
Startpoint: [17752].Q[0] (.latch clocked by pclk)
Endpoint  : [14660].D[0] (.latch clocked by pclk)
Path Type : setup

Point                                                             Incr      Path
--------------------------------------------------------------------------------
clock pclk (rise edge)                                           0.000     0.000
clock source latency                                             0.000     0.000
pclk.inpad[0] (.input)                                           0.000     0.000
[17752].clk[0] (.latch)                                          0.042     0.042
[17752].Q[0] (.latch) [clock-to-output]                          0.124     0.166
[5541].in[4] (.names)                                            0.367     0.533
[5541].out[0] (.names)                                           0.261     0.794
[17555].in[0] (.names)                                           0.424     1.218
[17555].out[0] (.names)                                          0.261     1.479
[17559].in[5] (.names)                                           0.423     1.901
[17559].out[0] (.names)                                          0.261     2.162
nen21_5.in[1] (.names)                                           0.425     2.587
nen21_5.out[0] (.names)                                          0.261     2.848
[4222].in[4] (.names)                                            0.270     3.118
[4222].out[0] (.names)                                           0.261     3.379
[17924].in[1] (.names)                                           0.581     3.961
[17924].out[0] (.names)                                          0.261     4.222
[19153].in[4] (.names)                                           0.269     4.490
[19153].out[0] (.names)                                          0.261     4.751
[19157].in[2] (.names)                                           0.347     5.098
[19157].out[0] (.names)                                          0.261     5.359
[19221].in[2] (.names)                                           0.100     5.459
[19221].out[0] (.names)                                          0.261     5.720
[19227].in[2] (.names)                                           0.100     5.820
[19227].out[0] (.names)                                          0.261     6.081
[19232].in[2] (.names)                                           0.100     6.181
[19232].out[0] (.names)                                          0.261     6.442
[19091].in[5] (.names)                                           0.497     6.939
[19091].out[0] (.names)                                          0.261     7.200
[14669].in[3] (.names)                                           0.732     7.932
[14669].out[0] (.names)                                          0.261     8.193
[14660].D[0] (.latch)                                            0.000     8.193
data arrival time                                                          8.193

clock pclk (rise edge)                                           0.000     0.000
clock source latency                                             0.000     0.000
pclk.inpad[0] (.input)                                           0.000     0.000
[14660].clk[0] (.latch)                                          0.042     0.042
clock uncertainty                                                0.000     0.042
cell setup time                                                 -0.066    -0.024
data required time                                                        -0.024
--------------------------------------------------------------------------------
data required time                                                        -0.024
data arrival time                                                         -8.193
--------------------------------------------------------------------------------
slack (VIOLATED)                                                          -8.216


#Path 53
Startpoint: [17752].Q[0] (.latch clocked by pclk)
Endpoint  : [14240].D[0] (.latch clocked by pclk)
Path Type : setup

Point                                                             Incr      Path
--------------------------------------------------------------------------------
clock pclk (rise edge)                                           0.000     0.000
clock source latency                                             0.000     0.000
pclk.inpad[0] (.input)                                           0.000     0.000
[17752].clk[0] (.latch)                                          0.042     0.042
[17752].Q[0] (.latch) [clock-to-output]                          0.124     0.166
[5541].in[4] (.names)                                            0.367     0.533
[5541].out[0] (.names)                                           0.261     0.794
[17555].in[0] (.names)                                           0.424     1.218
[17555].out[0] (.names)                                          0.261     1.479
[17559].in[5] (.names)                                           0.423     1.901
[17559].out[0] (.names)                                          0.261     2.162
nen21_5.in[1] (.names)                                           0.425     2.587
nen21_5.out[0] (.names)                                          0.261     2.848
[4222].in[4] (.names)                                            0.270     3.118
[4222].out[0] (.names)                                           0.261     3.379
[17924].in[1] (.names)                                           0.581     3.961
[17924].out[0] (.names)                                          0.261     4.222
[19153].in[4] (.names)                                           0.269     4.490
[19153].out[0] (.names)                                          0.261     4.751
[19157].in[2] (.names)                                           0.347     5.098
[19157].out[0] (.names)                                          0.261     5.359
[19221].in[2] (.names)                                           0.100     5.459
[19221].out[0] (.names)                                          0.261     5.720
[19227].in[2] (.names)                                           0.100     5.820
[19227].out[0] (.names)                                          0.261     6.081
[19232].in[2] (.names)                                           0.100     6.181
[19232].out[0] (.names)                                          0.261     6.442
[19215].in[2] (.names)                                           0.421     6.863
[19215].out[0] (.names)                                          0.261     7.124
[14249].in[4] (.names)                                           0.805     7.929
[14249].out[0] (.names)                                          0.261     8.190
[14240].D[0] (.latch)                                            0.000     8.190
data arrival time                                                          8.190

clock pclk (rise edge)                                           0.000     0.000
clock source latency                                             0.000     0.000
pclk.inpad[0] (.input)                                           0.000     0.000
[14240].clk[0] (.latch)                                          0.042     0.042
clock uncertainty                                                0.000     0.042
cell setup time                                                 -0.066    -0.024
data required time                                                        -0.024
--------------------------------------------------------------------------------
data required time                                                        -0.024
data arrival time                                                         -8.190
--------------------------------------------------------------------------------
slack (VIOLATED)                                                          -8.214


#Path 54
Startpoint: [17752].Q[0] (.latch clocked by pclk)
Endpoint  : [10700].D[0] (.latch clocked by pclk)
Path Type : setup

Point                                                             Incr      Path
--------------------------------------------------------------------------------
clock pclk (rise edge)                                           0.000     0.000
clock source latency                                             0.000     0.000
pclk.inpad[0] (.input)                                           0.000     0.000
[17752].clk[0] (.latch)                                          0.042     0.042
[17752].Q[0] (.latch) [clock-to-output]                          0.124     0.166
[5541].in[4] (.names)                                            0.367     0.533
[5541].out[0] (.names)                                           0.261     0.794
[17555].in[0] (.names)                                           0.424     1.218
[17555].out[0] (.names)                                          0.261     1.479
[17559].in[5] (.names)                                           0.423     1.901
[17559].out[0] (.names)                                          0.261     2.162
nen21_5.in[1] (.names)                                           0.425     2.587
nen21_5.out[0] (.names)                                          0.261     2.848
[4222].in[4] (.names)                                            0.270     3.118
[4222].out[0] (.names)                                           0.261     3.379
[17924].in[1] (.names)                                           0.581     3.961
[17924].out[0] (.names)                                          0.261     4.222
[19153].in[4] (.names)                                           0.269     4.490
[19153].out[0] (.names)                                          0.261     4.751
[19157].in[2] (.names)                                           0.347     5.098
[19157].out[0] (.names)                                          0.261     5.359
[19221].in[2] (.names)                                           0.100     5.459
[19221].out[0] (.names)                                          0.261     5.720
[19227].in[2] (.names)                                           0.100     5.820
[19227].out[0] (.names)                                          0.261     6.081
[19232].in[2] (.names)                                           0.100     6.181
[19232].out[0] (.names)                                          0.261     6.442
[19215].in[2] (.names)                                           0.421     6.863
[19215].out[0] (.names)                                          0.261     7.124
[10709].in[4] (.names)                                           0.805     7.929
[10709].out[0] (.names)                                          0.261     8.190
[10700].D[0] (.latch)                                            0.000     8.190
data arrival time                                                          8.190

clock pclk (rise edge)                                           0.000     0.000
clock source latency                                             0.000     0.000
pclk.inpad[0] (.input)                                           0.000     0.000
[10700].clk[0] (.latch)                                          0.042     0.042
clock uncertainty                                                0.000     0.042
cell setup time                                                 -0.066    -0.024
data required time                                                        -0.024
--------------------------------------------------------------------------------
data required time                                                        -0.024
data arrival time                                                         -8.190
--------------------------------------------------------------------------------
slack (VIOLATED)                                                          -8.214


#Path 55
Startpoint: [17752].Q[0] (.latch clocked by pclk)
Endpoint  : [15410].D[0] (.latch clocked by pclk)
Path Type : setup

Point                                                             Incr      Path
--------------------------------------------------------------------------------
clock pclk (rise edge)                                           0.000     0.000
clock source latency                                             0.000     0.000
pclk.inpad[0] (.input)                                           0.000     0.000
[17752].clk[0] (.latch)                                          0.042     0.042
[17752].Q[0] (.latch) [clock-to-output]                          0.124     0.166
[5541].in[4] (.names)                                            0.367     0.533
[5541].out[0] (.names)                                           0.261     0.794
[17555].in[0] (.names)                                           0.424     1.218
[17555].out[0] (.names)                                          0.261     1.479
[17559].in[5] (.names)                                           0.423     1.901
[17559].out[0] (.names)                                          0.261     2.162
nen21_5.in[1] (.names)                                           0.425     2.587
nen21_5.out[0] (.names)                                          0.261     2.848
[4222].in[4] (.names)                                            0.270     3.118
[4222].out[0] (.names)                                           0.261     3.379
[17924].in[1] (.names)                                           0.581     3.961
[17924].out[0] (.names)                                          0.261     4.222
[19153].in[4] (.names)                                           0.269     4.490
[19153].out[0] (.names)                                          0.261     4.751
[19157].in[2] (.names)                                           0.347     5.098
[19157].out[0] (.names)                                          0.261     5.359
[19221].in[2] (.names)                                           0.100     5.459
[19221].out[0] (.names)                                          0.261     5.720
[19227].in[2] (.names)                                           0.100     5.820
[19227].out[0] (.names)                                          0.261     6.081
[19232].in[2] (.names)                                           0.100     6.181
[19232].out[0] (.names)                                          0.261     6.442
[19215].in[2] (.names)                                           0.421     6.863
[19215].out[0] (.names)                                          0.261     7.124
[19068].in[5] (.names)                                           0.100     7.224
[19068].out[0] (.names)                                          0.261     7.485
[15419].in[4] (.names)                                           0.423     7.908
[15419].out[0] (.names)                                          0.261     8.169
[15410].D[0] (.latch)                                            0.000     8.169
data arrival time                                                          8.169

clock pclk (rise edge)                                           0.000     0.000
clock source latency                                             0.000     0.000
pclk.inpad[0] (.input)                                           0.000     0.000
[15410].clk[0] (.latch)                                          0.042     0.042
clock uncertainty                                                0.000     0.042
cell setup time                                                 -0.066    -0.024
data required time                                                        -0.024
--------------------------------------------------------------------------------
data required time                                                        -0.024
data arrival time                                                         -8.169
--------------------------------------------------------------------------------
slack (VIOLATED)                                                          -8.192


#Path 56
Startpoint: [17752].Q[0] (.latch clocked by pclk)
Endpoint  : [10985].D[0] (.latch clocked by pclk)
Path Type : setup

Point                                                             Incr      Path
--------------------------------------------------------------------------------
clock pclk (rise edge)                                           0.000     0.000
clock source latency                                             0.000     0.000
pclk.inpad[0] (.input)                                           0.000     0.000
[17752].clk[0] (.latch)                                          0.042     0.042
[17752].Q[0] (.latch) [clock-to-output]                          0.124     0.166
[5541].in[4] (.names)                                            0.367     0.533
[5541].out[0] (.names)                                           0.261     0.794
[17555].in[0] (.names)                                           0.424     1.218
[17555].out[0] (.names)                                          0.261     1.479
[17559].in[5] (.names)                                           0.423     1.901
[17559].out[0] (.names)                                          0.261     2.162
nen21_5.in[1] (.names)                                           0.425     2.587
nen21_5.out[0] (.names)                                          0.261     2.848
[4222].in[4] (.names)                                            0.270     3.118
[4222].out[0] (.names)                                           0.261     3.379
[17924].in[1] (.names)                                           0.581     3.961
[17924].out[0] (.names)                                          0.261     4.222
[19153].in[4] (.names)                                           0.269     4.490
[19153].out[0] (.names)                                          0.261     4.751
[19157].in[2] (.names)                                           0.347     5.098
[19157].out[0] (.names)                                          0.261     5.359
[19221].in[2] (.names)                                           0.100     5.459
[19221].out[0] (.names)                                          0.261     5.720
[19227].in[2] (.names)                                           0.100     5.820
[19227].out[0] (.names)                                          0.261     6.081
[19232].in[2] (.names)                                           0.100     6.181
[19232].out[0] (.names)                                          0.261     6.442
[19215].in[2] (.names)                                           0.421     6.863
[19215].out[0] (.names)                                          0.261     7.124
[19068].in[5] (.names)                                           0.100     7.224
[19068].out[0] (.names)                                          0.261     7.485
[10994].in[3] (.names)                                           0.423     7.908
[10994].out[0] (.names)                                          0.261     8.169
[10985].D[0] (.latch)                                            0.000     8.169
data arrival time                                                          8.169

clock pclk (rise edge)                                           0.000     0.000
clock source latency                                             0.000     0.000
pclk.inpad[0] (.input)                                           0.000     0.000
[10985].clk[0] (.latch)                                          0.042     0.042
clock uncertainty                                                0.000     0.042
cell setup time                                                 -0.066    -0.024
data required time                                                        -0.024
--------------------------------------------------------------------------------
data required time                                                        -0.024
data arrival time                                                         -8.169
--------------------------------------------------------------------------------
slack (VIOLATED)                                                          -8.192


#Path 57
Startpoint: [17752].Q[0] (.latch clocked by pclk)
Endpoint  : [5360].D[0] (.latch clocked by pclk)
Path Type : setup

Point                                                             Incr      Path
--------------------------------------------------------------------------------
clock pclk (rise edge)                                           0.000     0.000
clock source latency                                             0.000     0.000
pclk.inpad[0] (.input)                                           0.000     0.000
[17752].clk[0] (.latch)                                          0.042     0.042
[17752].Q[0] (.latch) [clock-to-output]                          0.124     0.166
[5541].in[4] (.names)                                            0.367     0.533
[5541].out[0] (.names)                                           0.261     0.794
[17555].in[0] (.names)                                           0.424     1.218
[17555].out[0] (.names)                                          0.261     1.479
[17559].in[5] (.names)                                           0.423     1.901
[17559].out[0] (.names)                                          0.261     2.162
nrq8_2.in[0] (.names)                                            0.421     2.583
nrq8_2.out[0] (.names)                                           0.261     2.844
[5292].in[3] (.names)                                            0.497     3.342
[5292].out[0] (.names)                                           0.261     3.603
[17744].in[1] (.names)                                           0.573     4.176
[17744].out[0] (.names)                                          0.261     4.437
[4442].in[4] (.names)                                            0.269     4.706
[4442].out[0] (.names)                                           0.261     4.967
[5173].in[3] (.names)                                            0.269     5.235
[5173].out[0] (.names)                                           0.261     5.496
[19520].in[4] (.names)                                           0.345     5.841
[19520].out[0] (.names)                                          0.261     6.102
[5162].in[4] (.names)                                            0.269     6.371
[5162].out[0] (.names)                                           0.261     6.632
[19490].in[4] (.names)                                           0.421     7.053
[19490].out[0] (.names)                                          0.261     7.314
[5369].in[3] (.names)                                            0.578     7.891
[5369].out[0] (.names)                                           0.261     8.152
[5360].D[0] (.latch)                                             0.000     8.152
data arrival time                                                          8.152

clock pclk (rise edge)                                           0.000     0.000
clock source latency                                             0.000     0.000
pclk.inpad[0] (.input)                                           0.000     0.000
[5360].clk[0] (.latch)                                           0.042     0.042
clock uncertainty                                                0.000     0.042
cell setup time                                                 -0.066    -0.024
data required time                                                        -0.024
--------------------------------------------------------------------------------
data required time                                                        -0.024
data arrival time                                                         -8.152
--------------------------------------------------------------------------------
slack (VIOLATED)                                                          -8.176


#Path 58
Startpoint: [17752].Q[0] (.latch clocked by pclk)
Endpoint  : [14120].D[0] (.latch clocked by pclk)
Path Type : setup

Point                                                             Incr      Path
--------------------------------------------------------------------------------
clock pclk (rise edge)                                           0.000     0.000
clock source latency                                             0.000     0.000
pclk.inpad[0] (.input)                                           0.000     0.000
[17752].clk[0] (.latch)                                          0.042     0.042
[17752].Q[0] (.latch) [clock-to-output]                          0.124     0.166
[5541].in[4] (.names)                                            0.367     0.533
[5541].out[0] (.names)                                           0.261     0.794
[17555].in[0] (.names)                                           0.424     1.218
[17555].out[0] (.names)                                          0.261     1.479
[17559].in[5] (.names)                                           0.423     1.901
[17559].out[0] (.names)                                          0.261     2.162
nrq8_2.in[0] (.names)                                            0.421     2.583
nrq8_2.out[0] (.names)                                           0.261     2.844
[5292].in[3] (.names)                                            0.497     3.342
[5292].out[0] (.names)                                           0.261     3.603
[17744].in[1] (.names)                                           0.573     4.176
[17744].out[0] (.names)                                          0.261     4.437
[4442].in[4] (.names)                                            0.269     4.706
[4442].out[0] (.names)                                           0.261     4.967
[5173].in[3] (.names)                                            0.269     5.235
[5173].out[0] (.names)                                           0.261     5.496
[19520].in[4] (.names)                                           0.345     5.841
[19520].out[0] (.names)                                          0.261     6.102
[5162].in[4] (.names)                                            0.269     6.371
[5162].out[0] (.names)                                           0.261     6.632
[19490].in[4] (.names)                                           0.421     7.053
[19490].out[0] (.names)                                          0.261     7.314
[14129].in[3] (.names)                                           0.578     7.891
[14129].out[0] (.names)                                          0.261     8.152
[14120].D[0] (.latch)                                            0.000     8.152
data arrival time                                                          8.152

clock pclk (rise edge)                                           0.000     0.000
clock source latency                                             0.000     0.000
pclk.inpad[0] (.input)                                           0.000     0.000
[14120].clk[0] (.latch)                                          0.042     0.042
clock uncertainty                                                0.000     0.042
cell setup time                                                 -0.066    -0.024
data required time                                                        -0.024
--------------------------------------------------------------------------------
data required time                                                        -0.024
data arrival time                                                         -8.152
--------------------------------------------------------------------------------
slack (VIOLATED)                                                          -8.176


#Path 59
Startpoint: [17752].Q[0] (.latch clocked by pclk)
Endpoint  : [11615].D[0] (.latch clocked by pclk)
Path Type : setup

Point                                                             Incr      Path
--------------------------------------------------------------------------------
clock pclk (rise edge)                                           0.000     0.000
clock source latency                                             0.000     0.000
pclk.inpad[0] (.input)                                           0.000     0.000
[17752].clk[0] (.latch)                                          0.042     0.042
[17752].Q[0] (.latch) [clock-to-output]                          0.124     0.166
[5541].in[4] (.names)                                            0.367     0.533
[5541].out[0] (.names)                                           0.261     0.794
[17555].in[0] (.names)                                           0.424     1.218
[17555].out[0] (.names)                                          0.261     1.479
[17559].in[5] (.names)                                           0.423     1.901
[17559].out[0] (.names)                                          0.261     2.162
nrq8_2.in[0] (.names)                                            0.421     2.583
nrq8_2.out[0] (.names)                                           0.261     2.844
[5292].in[3] (.names)                                            0.497     3.342
[5292].out[0] (.names)                                           0.261     3.603
[17744].in[1] (.names)                                           0.573     4.176
[17744].out[0] (.names)                                          0.261     4.437
[4442].in[4] (.names)                                            0.269     4.706
[4442].out[0] (.names)                                           0.261     4.967
[5173].in[3] (.names)                                            0.269     5.235
[5173].out[0] (.names)                                           0.261     5.496
[19520].in[4] (.names)                                           0.345     5.841
[19520].out[0] (.names)                                          0.261     6.102
[5162].in[4] (.names)                                            0.269     6.371
[5162].out[0] (.names)                                           0.261     6.632
[19490].in[4] (.names)                                           0.421     7.053
[19490].out[0] (.names)                                          0.261     7.314
[11624].in[5] (.names)                                           0.576     7.890
[11624].out[0] (.names)                                          0.261     8.151
[11615].D[0] (.latch)                                            0.000     8.151
data arrival time                                                          8.151

clock pclk (rise edge)                                           0.000     0.000
clock source latency                                             0.000     0.000
pclk.inpad[0] (.input)                                           0.000     0.000
[11615].clk[0] (.latch)                                          0.042     0.042
clock uncertainty                                                0.000     0.042
cell setup time                                                 -0.066    -0.024
data required time                                                        -0.024
--------------------------------------------------------------------------------
data required time                                                        -0.024
data arrival time                                                         -8.151
--------------------------------------------------------------------------------
slack (VIOLATED)                                                          -8.174


#Path 60
Startpoint: [17752].Q[0] (.latch clocked by pclk)
Endpoint  : [7460].D[0] (.latch clocked by pclk)
Path Type : setup

Point                                                             Incr      Path
--------------------------------------------------------------------------------
clock pclk (rise edge)                                           0.000     0.000
clock source latency                                             0.000     0.000
pclk.inpad[0] (.input)                                           0.000     0.000
[17752].clk[0] (.latch)                                          0.042     0.042
[17752].Q[0] (.latch) [clock-to-output]                          0.124     0.166
[5541].in[4] (.names)                                            0.367     0.533
[5541].out[0] (.names)                                           0.261     0.794
[17555].in[0] (.names)                                           0.424     1.218
[17555].out[0] (.names)                                          0.261     1.479
[17559].in[5] (.names)                                           0.423     1.901
[17559].out[0] (.names)                                          0.261     2.162
nrq8_2.in[0] (.names)                                            0.421     2.583
nrq8_2.out[0] (.names)                                           0.261     2.844
[5292].in[3] (.names)                                            0.497     3.342
[5292].out[0] (.names)                                           0.261     3.603
[17744].in[1] (.names)                                           0.573     4.176
[17744].out[0] (.names)                                          0.261     4.437
[4442].in[4] (.names)                                            0.269     4.706
[4442].out[0] (.names)                                           0.261     4.967
[5173].in[3] (.names)                                            0.269     5.235
[5173].out[0] (.names)                                           0.261     5.496
[19520].in[4] (.names)                                           0.345     5.841
[19520].out[0] (.names)                                          0.261     6.102
[5162].in[4] (.names)                                            0.269     6.371
[5162].out[0] (.names)                                           0.261     6.632
[19490].in[4] (.names)                                           0.421     7.053
[19490].out[0] (.names)                                          0.261     7.314
[7469].in[5] (.names)                                            0.576     7.890
[7469].out[0] (.names)                                           0.261     8.151
[7460].D[0] (.latch)                                             0.000     8.151
data arrival time                                                          8.151

clock pclk (rise edge)                                           0.000     0.000
clock source latency                                             0.000     0.000
pclk.inpad[0] (.input)                                           0.000     0.000
[7460].clk[0] (.latch)                                           0.042     0.042
clock uncertainty                                                0.000     0.042
cell setup time                                                 -0.066    -0.024
data required time                                                        -0.024
--------------------------------------------------------------------------------
data required time                                                        -0.024
data arrival time                                                         -8.151
--------------------------------------------------------------------------------
slack (VIOLATED)                                                          -8.174


#Path 61
Startpoint: [17752].Q[0] (.latch clocked by pclk)
Endpoint  : [13775].D[0] (.latch clocked by pclk)
Path Type : setup

Point                                                             Incr      Path
--------------------------------------------------------------------------------
clock pclk (rise edge)                                           0.000     0.000
clock source latency                                             0.000     0.000
pclk.inpad[0] (.input)                                           0.000     0.000
[17752].clk[0] (.latch)                                          0.042     0.042
[17752].Q[0] (.latch) [clock-to-output]                          0.124     0.166
[5541].in[4] (.names)                                            0.367     0.533
[5541].out[0] (.names)                                           0.261     0.794
[17555].in[0] (.names)                                           0.424     1.218
[17555].out[0] (.names)                                          0.261     1.479
[17559].in[5] (.names)                                           0.423     1.901
[17559].out[0] (.names)                                          0.261     2.162
nrq8_2.in[0] (.names)                                            0.421     2.583
nrq8_2.out[0] (.names)                                           0.261     2.844
[5292].in[3] (.names)                                            0.497     3.342
[5292].out[0] (.names)                                           0.261     3.603
[17744].in[1] (.names)                                           0.573     4.176
[17744].out[0] (.names)                                          0.261     4.437
[4442].in[4] (.names)                                            0.269     4.706
[4442].out[0] (.names)                                           0.261     4.967
[5173].in[3] (.names)                                            0.269     5.235
[5173].out[0] (.names)                                           0.261     5.496
[19520].in[4] (.names)                                           0.345     5.841
[19520].out[0] (.names)                                          0.261     6.102
[5162].in[4] (.names)                                            0.269     6.371
[5162].out[0] (.names)                                           0.261     6.632
[19490].in[4] (.names)                                           0.421     7.053
[19490].out[0] (.names)                                          0.261     7.314
[13784].in[5] (.names)                                           0.576     7.890
[13784].out[0] (.names)                                          0.261     8.151
[13775].D[0] (.latch)                                            0.000     8.151
data arrival time                                                          8.151

clock pclk (rise edge)                                           0.000     0.000
clock source latency                                             0.000     0.000
pclk.inpad[0] (.input)                                           0.000     0.000
[13775].clk[0] (.latch)                                          0.042     0.042
clock uncertainty                                                0.000     0.042
cell setup time                                                 -0.066    -0.024
data required time                                                        -0.024
--------------------------------------------------------------------------------
data required time                                                        -0.024
data arrival time                                                         -8.151
--------------------------------------------------------------------------------
slack (VIOLATED)                                                          -8.174


#Path 62
Startpoint: [17752].Q[0] (.latch clocked by pclk)
Endpoint  : [9365].D[0] (.latch clocked by pclk)
Path Type : setup

Point                                                             Incr      Path
--------------------------------------------------------------------------------
clock pclk (rise edge)                                           0.000     0.000
clock source latency                                             0.000     0.000
pclk.inpad[0] (.input)                                           0.000     0.000
[17752].clk[0] (.latch)                                          0.042     0.042
[17752].Q[0] (.latch) [clock-to-output]                          0.124     0.166
[5541].in[4] (.names)                                            0.367     0.533
[5541].out[0] (.names)                                           0.261     0.794
[17555].in[0] (.names)                                           0.424     1.218
[17555].out[0] (.names)                                          0.261     1.479
[17559].in[5] (.names)                                           0.423     1.901
[17559].out[0] (.names)                                          0.261     2.162
nrq8_2.in[0] (.names)                                            0.421     2.583
nrq8_2.out[0] (.names)                                           0.261     2.844
[5292].in[3] (.names)                                            0.497     3.342
[5292].out[0] (.names)                                           0.261     3.603
[17744].in[1] (.names)                                           0.573     4.176
[17744].out[0] (.names)                                          0.261     4.437
[4442].in[4] (.names)                                            0.269     4.706
[4442].out[0] (.names)                                           0.261     4.967
[5173].in[3] (.names)                                            0.269     5.235
[5173].out[0] (.names)                                           0.261     5.496
[19520].in[4] (.names)                                           0.345     5.841
[19520].out[0] (.names)                                          0.261     6.102
[5162].in[4] (.names)                                            0.269     6.371
[5162].out[0] (.names)                                           0.261     6.632
[19490].in[4] (.names)                                           0.421     7.053
[19490].out[0] (.names)                                          0.261     7.314
[9374].in[3] (.names)                                            0.572     7.886
[9374].out[0] (.names)                                           0.261     8.147
[9365].D[0] (.latch)                                             0.000     8.147
data arrival time                                                          8.147

clock pclk (rise edge)                                           0.000     0.000
clock source latency                                             0.000     0.000
pclk.inpad[0] (.input)                                           0.000     0.000
[9365].clk[0] (.latch)                                           0.042     0.042
clock uncertainty                                                0.000     0.042
cell setup time                                                 -0.066    -0.024
data required time                                                        -0.024
--------------------------------------------------------------------------------
data required time                                                        -0.024
data arrival time                                                         -8.147
--------------------------------------------------------------------------------
slack (VIOLATED)                                                          -8.171


#Path 63
Startpoint: [17752].Q[0] (.latch clocked by pclk)
Endpoint  : [6860].D[0] (.latch clocked by pclk)
Path Type : setup

Point                                                             Incr      Path
--------------------------------------------------------------------------------
clock pclk (rise edge)                                           0.000     0.000
clock source latency                                             0.000     0.000
pclk.inpad[0] (.input)                                           0.000     0.000
[17752].clk[0] (.latch)                                          0.042     0.042
[17752].Q[0] (.latch) [clock-to-output]                          0.124     0.166
[5541].in[4] (.names)                                            0.367     0.533
[5541].out[0] (.names)                                           0.261     0.794
[17555].in[0] (.names)                                           0.424     1.218
[17555].out[0] (.names)                                          0.261     1.479
[17559].in[5] (.names)                                           0.423     1.901
[17559].out[0] (.names)                                          0.261     2.162
nrq8_2.in[0] (.names)                                            0.421     2.583
nrq8_2.out[0] (.names)                                           0.261     2.844
[5292].in[3] (.names)                                            0.497     3.342
[5292].out[0] (.names)                                           0.261     3.603
[17744].in[1] (.names)                                           0.573     4.176
[17744].out[0] (.names)                                          0.261     4.437
[4442].in[4] (.names)                                            0.269     4.706
[4442].out[0] (.names)                                           0.261     4.967
[5173].in[3] (.names)                                            0.269     5.235
[5173].out[0] (.names)                                           0.261     5.496
[19520].in[4] (.names)                                           0.345     5.841
[19520].out[0] (.names)                                          0.261     6.102
[5162].in[4] (.names)                                            0.269     6.371
[5162].out[0] (.names)                                           0.261     6.632
[19490].in[4] (.names)                                           0.421     7.053
[19490].out[0] (.names)                                          0.261     7.314
[6869].in[3] (.names)                                            0.572     7.886
[6869].out[0] (.names)                                           0.261     8.147
[6860].D[0] (.latch)                                             0.000     8.147
data arrival time                                                          8.147

clock pclk (rise edge)                                           0.000     0.000
clock source latency                                             0.000     0.000
pclk.inpad[0] (.input)                                           0.000     0.000
[6860].clk[0] (.latch)                                           0.042     0.042
clock uncertainty                                                0.000     0.042
cell setup time                                                 -0.066    -0.024
data required time                                                        -0.024
--------------------------------------------------------------------------------
data required time                                                        -0.024
data arrival time                                                         -8.147
--------------------------------------------------------------------------------
slack (VIOLATED)                                                          -8.171


#Path 64
Startpoint: [17752].Q[0] (.latch clocked by pclk)
Endpoint  : [8675].D[0] (.latch clocked by pclk)
Path Type : setup

Point                                                             Incr      Path
--------------------------------------------------------------------------------
clock pclk (rise edge)                                           0.000     0.000
clock source latency                                             0.000     0.000
pclk.inpad[0] (.input)                                           0.000     0.000
[17752].clk[0] (.latch)                                          0.042     0.042
[17752].Q[0] (.latch) [clock-to-output]                          0.124     0.166
[5541].in[4] (.names)                                            0.367     0.533
[5541].out[0] (.names)                                           0.261     0.794
[17555].in[0] (.names)                                           0.424     1.218
[17555].out[0] (.names)                                          0.261     1.479
[17559].in[5] (.names)                                           0.423     1.901
[17559].out[0] (.names)                                          0.261     2.162
nrq8_2.in[0] (.names)                                            0.421     2.583
nrq8_2.out[0] (.names)                                           0.261     2.844
[5292].in[3] (.names)                                            0.497     3.342
[5292].out[0] (.names)                                           0.261     3.603
[17744].in[1] (.names)                                           0.573     4.176
[17744].out[0] (.names)                                          0.261     4.437
[4442].in[4] (.names)                                            0.269     4.706
[4442].out[0] (.names)                                           0.261     4.967
[5173].in[3] (.names)                                            0.269     5.235
[5173].out[0] (.names)                                           0.261     5.496
[19520].in[4] (.names)                                           0.345     5.841
[19520].out[0] (.names)                                          0.261     6.102
[5162].in[4] (.names)                                            0.269     6.371
[5162].out[0] (.names)                                           0.261     6.632
[19490].in[4] (.names)                                           0.421     7.053
[19490].out[0] (.names)                                          0.261     7.314
[8684].in[3] (.names)                                            0.572     7.886
[8684].out[0] (.names)                                           0.261     8.147
[8675].D[0] (.latch)                                             0.000     8.147
data arrival time                                                          8.147

clock pclk (rise edge)                                           0.000     0.000
clock source latency                                             0.000     0.000
pclk.inpad[0] (.input)                                           0.000     0.000
[8675].clk[0] (.latch)                                           0.042     0.042
clock uncertainty                                                0.000     0.042
cell setup time                                                 -0.066    -0.024
data required time                                                        -0.024
--------------------------------------------------------------------------------
data required time                                                        -0.024
data arrival time                                                         -8.147
--------------------------------------------------------------------------------
slack (VIOLATED)                                                          -8.171


#Path 65
Startpoint: [17752].Q[0] (.latch clocked by pclk)
Endpoint  : [10625].D[0] (.latch clocked by pclk)
Path Type : setup

Point                                                             Incr      Path
--------------------------------------------------------------------------------
clock pclk (rise edge)                                           0.000     0.000
clock source latency                                             0.000     0.000
pclk.inpad[0] (.input)                                           0.000     0.000
[17752].clk[0] (.latch)                                          0.042     0.042
[17752].Q[0] (.latch) [clock-to-output]                          0.124     0.166
[5541].in[4] (.names)                                            0.367     0.533
[5541].out[0] (.names)                                           0.261     0.794
[17555].in[0] (.names)                                           0.424     1.218
[17555].out[0] (.names)                                          0.261     1.479
[17559].in[5] (.names)                                           0.423     1.901
[17559].out[0] (.names)                                          0.261     2.162
nrq8_2.in[0] (.names)                                            0.421     2.583
nrq8_2.out[0] (.names)                                           0.261     2.844
[5292].in[3] (.names)                                            0.497     3.342
[5292].out[0] (.names)                                           0.261     3.603
[17744].in[1] (.names)                                           0.573     4.176
[17744].out[0] (.names)                                          0.261     4.437
[4442].in[4] (.names)                                            0.269     4.706
[4442].out[0] (.names)                                           0.261     4.967
[5173].in[3] (.names)                                            0.269     5.235
[5173].out[0] (.names)                                           0.261     5.496
[19520].in[4] (.names)                                           0.345     5.841
[19520].out[0] (.names)                                          0.261     6.102
[5162].in[4] (.names)                                            0.269     6.371
[5162].out[0] (.names)                                           0.261     6.632
[19490].in[4] (.names)                                           0.421     7.053
[19490].out[0] (.names)                                          0.261     7.314
[10634].in[3] (.names)                                           0.572     7.886
[10634].out[0] (.names)                                          0.261     8.147
[10625].D[0] (.latch)                                            0.000     8.147
data arrival time                                                          8.147

clock pclk (rise edge)                                           0.000     0.000
clock source latency                                             0.000     0.000
pclk.inpad[0] (.input)                                           0.000     0.000
[10625].clk[0] (.latch)                                          0.042     0.042
clock uncertainty                                                0.000     0.042
cell setup time                                                 -0.066    -0.024
data required time                                                        -0.024
--------------------------------------------------------------------------------
data required time                                                        -0.024
data arrival time                                                         -8.147
--------------------------------------------------------------------------------
slack (VIOLATED)                                                          -8.171


#Path 66
Startpoint: [17752].Q[0] (.latch clocked by pclk)
Endpoint  : [9800].D[0] (.latch clocked by pclk)
Path Type : setup

Point                                                             Incr      Path
--------------------------------------------------------------------------------
clock pclk (rise edge)                                           0.000     0.000
clock source latency                                             0.000     0.000
pclk.inpad[0] (.input)                                           0.000     0.000
[17752].clk[0] (.latch)                                          0.042     0.042
[17752].Q[0] (.latch) [clock-to-output]                          0.124     0.166
[5541].in[4] (.names)                                            0.367     0.533
[5541].out[0] (.names)                                           0.261     0.794
[17555].in[0] (.names)                                           0.424     1.218
[17555].out[0] (.names)                                          0.261     1.479
[17559].in[5] (.names)                                           0.423     1.901
[17559].out[0] (.names)                                          0.261     2.162
nen21_5.in[1] (.names)                                           0.425     2.587
nen21_5.out[0] (.names)                                          0.261     2.848
[4222].in[4] (.names)                                            0.270     3.118
[4222].out[0] (.names)                                           0.261     3.379
[17924].in[1] (.names)                                           0.581     3.961
[17924].out[0] (.names)                                          0.261     4.222
[19153].in[4] (.names)                                           0.269     4.490
[19153].out[0] (.names)                                          0.261     4.751
[19157].in[2] (.names)                                           0.347     5.098
[19157].out[0] (.names)                                          0.261     5.359
[19221].in[2] (.names)                                           0.100     5.459
[19221].out[0] (.names)                                          0.261     5.720
[19227].in[2] (.names)                                           0.100     5.820
[19227].out[0] (.names)                                          0.261     6.081
[19232].in[2] (.names)                                           0.100     6.181
[19232].out[0] (.names)                                          0.261     6.442
[19215].in[2] (.names)                                           0.421     6.863
[19215].out[0] (.names)                                          0.261     7.124
[9809].in[4] (.names)                                            0.733     7.857
[9809].out[0] (.names)                                           0.261     8.118
[9800].D[0] (.latch)                                             0.000     8.118
data arrival time                                                          8.118

clock pclk (rise edge)                                           0.000     0.000
clock source latency                                             0.000     0.000
pclk.inpad[0] (.input)                                           0.000     0.000
[9800].clk[0] (.latch)                                           0.042     0.042
clock uncertainty                                                0.000     0.042
cell setup time                                                 -0.066    -0.024
data required time                                                        -0.024
--------------------------------------------------------------------------------
data required time                                                        -0.024
data arrival time                                                         -8.118
--------------------------------------------------------------------------------
slack (VIOLATED)                                                          -8.141


#Path 67
Startpoint: [17752].Q[0] (.latch clocked by pclk)
Endpoint  : [9845].D[0] (.latch clocked by pclk)
Path Type : setup

Point                                                             Incr      Path
--------------------------------------------------------------------------------
clock pclk (rise edge)                                           0.000     0.000
clock source latency                                             0.000     0.000
pclk.inpad[0] (.input)                                           0.000     0.000
[17752].clk[0] (.latch)                                          0.042     0.042
[17752].Q[0] (.latch) [clock-to-output]                          0.124     0.166
[5541].in[4] (.names)                                            0.367     0.533
[5541].out[0] (.names)                                           0.261     0.794
[17555].in[0] (.names)                                           0.424     1.218
[17555].out[0] (.names)                                          0.261     1.479
[17559].in[5] (.names)                                           0.423     1.901
[17559].out[0] (.names)                                          0.261     2.162
nen21_5.in[1] (.names)                                           0.425     2.587
nen21_5.out[0] (.names)                                          0.261     2.848
[4222].in[4] (.names)                                            0.270     3.118
[4222].out[0] (.names)                                           0.261     3.379
[17924].in[1] (.names)                                           0.581     3.961
[17924].out[0] (.names)                                          0.261     4.222
[19153].in[4] (.names)                                           0.269     4.490
[19153].out[0] (.names)                                          0.261     4.751
[19157].in[2] (.names)                                           0.347     5.098
[19157].out[0] (.names)                                          0.261     5.359
[19221].in[2] (.names)                                           0.100     5.459
[19221].out[0] (.names)                                          0.261     5.720
[19227].in[2] (.names)                                           0.100     5.820
[19227].out[0] (.names)                                          0.261     6.081
[19232].in[2] (.names)                                           0.100     6.181
[19232].out[0] (.names)                                          0.261     6.442
[19091].in[5] (.names)                                           0.497     6.939
[19091].out[0] (.names)                                          0.261     7.200
[9854].in[3] (.names)                                            0.656     7.856
[9854].out[0] (.names)                                           0.261     8.117
[9845].D[0] (.latch)                                             0.000     8.117
data arrival time                                                          8.117

clock pclk (rise edge)                                           0.000     0.000
clock source latency                                             0.000     0.000
pclk.inpad[0] (.input)                                           0.000     0.000
[9845].clk[0] (.latch)                                           0.042     0.042
clock uncertainty                                                0.000     0.042
cell setup time                                                 -0.066    -0.024
data required time                                                        -0.024
--------------------------------------------------------------------------------
data required time                                                        -0.024
data arrival time                                                         -8.117
--------------------------------------------------------------------------------
slack (VIOLATED)                                                          -8.140


#Path 68
Startpoint: [17752].Q[0] (.latch clocked by pclk)
Endpoint  : [11210].D[0] (.latch clocked by pclk)
Path Type : setup

Point                                                             Incr      Path
--------------------------------------------------------------------------------
clock pclk (rise edge)                                           0.000     0.000
clock source latency                                             0.000     0.000
pclk.inpad[0] (.input)                                           0.000     0.000
[17752].clk[0] (.latch)                                          0.042     0.042
[17752].Q[0] (.latch) [clock-to-output]                          0.124     0.166
[5541].in[4] (.names)                                            0.367     0.533
[5541].out[0] (.names)                                           0.261     0.794
[17555].in[0] (.names)                                           0.424     1.218
[17555].out[0] (.names)                                          0.261     1.479
[17559].in[5] (.names)                                           0.423     1.901
[17559].out[0] (.names)                                          0.261     2.162
nen21_5.in[1] (.names)                                           0.425     2.587
nen21_5.out[0] (.names)                                          0.261     2.848
[4222].in[4] (.names)                                            0.270     3.118
[4222].out[0] (.names)                                           0.261     3.379
[17924].in[1] (.names)                                           0.581     3.961
[17924].out[0] (.names)                                          0.261     4.222
[19153].in[4] (.names)                                           0.269     4.490
[19153].out[0] (.names)                                          0.261     4.751
[19157].in[2] (.names)                                           0.347     5.098
[19157].out[0] (.names)                                          0.261     5.359
[19221].in[2] (.names)                                           0.100     5.459
[19221].out[0] (.names)                                          0.261     5.720
[19227].in[2] (.names)                                           0.100     5.820
[19227].out[0] (.names)                                          0.261     6.081
[19232].in[2] (.names)                                           0.100     6.181
[19232].out[0] (.names)                                          0.261     6.442
[19091].in[5] (.names)                                           0.497     6.939
[19091].out[0] (.names)                                          0.261     7.200
[11219].in[4] (.names)                                           0.655     7.855
[11219].out[0] (.names)                                          0.261     8.116
[11210].D[0] (.latch)                                            0.000     8.116
data arrival time                                                          8.116

clock pclk (rise edge)                                           0.000     0.000
clock source latency                                             0.000     0.000
pclk.inpad[0] (.input)                                           0.000     0.000
[11210].clk[0] (.latch)                                          0.042     0.042
clock uncertainty                                                0.000     0.042
cell setup time                                                 -0.066    -0.024
data required time                                                        -0.024
--------------------------------------------------------------------------------
data required time                                                        -0.024
data arrival time                                                         -8.116
--------------------------------------------------------------------------------
slack (VIOLATED)                                                          -8.139


#Path 69
Startpoint: [17752].Q[0] (.latch clocked by pclk)
Endpoint  : [5645].D[0] (.latch clocked by pclk)
Path Type : setup

Point                                                             Incr      Path
--------------------------------------------------------------------------------
clock pclk (rise edge)                                           0.000     0.000
clock source latency                                             0.000     0.000
pclk.inpad[0] (.input)                                           0.000     0.000
[17752].clk[0] (.latch)                                          0.042     0.042
[17752].Q[0] (.latch) [clock-to-output]                          0.124     0.166
[5541].in[4] (.names)                                            0.367     0.533
[5541].out[0] (.names)                                           0.261     0.794
[17555].in[0] (.names)                                           0.424     1.218
[17555].out[0] (.names)                                          0.261     1.479
[17559].in[5] (.names)                                           0.423     1.901
[17559].out[0] (.names)                                          0.261     2.162
nen21_5.in[1] (.names)                                           0.425     2.587
nen21_5.out[0] (.names)                                          0.261     2.848
[4222].in[4] (.names)                                            0.270     3.118
[4222].out[0] (.names)                                           0.261     3.379
[17924].in[1] (.names)                                           0.581     3.961
[17924].out[0] (.names)                                          0.261     4.222
[19153].in[4] (.names)                                           0.269     4.490
[19153].out[0] (.names)                                          0.261     4.751
[19157].in[2] (.names)                                           0.347     5.098
[19157].out[0] (.names)                                          0.261     5.359
[19221].in[2] (.names)                                           0.100     5.459
[19221].out[0] (.names)                                          0.261     5.720
[19227].in[2] (.names)                                           0.100     5.820
[19227].out[0] (.names)                                          0.261     6.081
[19232].in[2] (.names)                                           0.100     6.181
[19232].out[0] (.names)                                          0.261     6.442
[19215].in[2] (.names)                                           0.421     6.863
[19215].out[0] (.names)                                          0.261     7.124
[5654].in[5] (.names)                                            0.727     7.851
[5654].out[0] (.names)                                           0.261     8.112
[5645].D[0] (.latch)                                             0.000     8.112
data arrival time                                                          8.112

clock pclk (rise edge)                                           0.000     0.000
clock source latency                                             0.000     0.000
pclk.inpad[0] (.input)                                           0.000     0.000
[5645].clk[0] (.latch)                                           0.042     0.042
clock uncertainty                                                0.000     0.042
cell setup time                                                 -0.066    -0.024
data required time                                                        -0.024
--------------------------------------------------------------------------------
data required time                                                        -0.024
data arrival time                                                         -8.112
--------------------------------------------------------------------------------
slack (VIOLATED)                                                          -8.136


#Path 70
Startpoint: [17752].Q[0] (.latch clocked by pclk)
Endpoint  : [14540].D[0] (.latch clocked by pclk)
Path Type : setup

Point                                                             Incr      Path
--------------------------------------------------------------------------------
clock pclk (rise edge)                                           0.000     0.000
clock source latency                                             0.000     0.000
pclk.inpad[0] (.input)                                           0.000     0.000
[17752].clk[0] (.latch)                                          0.042     0.042
[17752].Q[0] (.latch) [clock-to-output]                          0.124     0.166
[5541].in[4] (.names)                                            0.367     0.533
[5541].out[0] (.names)                                           0.261     0.794
[17555].in[0] (.names)                                           0.424     1.218
[17555].out[0] (.names)                                          0.261     1.479
[17559].in[5] (.names)                                           0.423     1.901
[17559].out[0] (.names)                                          0.261     2.162
nrq8_2.in[0] (.names)                                            0.421     2.583
nrq8_2.out[0] (.names)                                           0.261     2.844
[5292].in[3] (.names)                                            0.497     3.342
[5292].out[0] (.names)                                           0.261     3.603
[17744].in[1] (.names)                                           0.573     4.176
[17744].out[0] (.names)                                          0.261     4.437
[4442].in[4] (.names)                                            0.269     4.706
[4442].out[0] (.names)                                           0.261     4.967
[5173].in[3] (.names)                                            0.269     5.235
[5173].out[0] (.names)                                           0.261     5.496
[19520].in[4] (.names)                                           0.345     5.841
[19520].out[0] (.names)                                          0.261     6.102
[5162].in[4] (.names)                                            0.269     6.371
[5162].out[0] (.names)                                           0.261     6.632
[19490].in[4] (.names)                                           0.421     7.053
[19490].out[0] (.names)                                          0.261     7.314
[2812].in[4] (.names)                                            0.100     7.414
[2812].out[0] (.names)                                           0.261     7.675
[14549].in[3] (.names)                                           0.100     7.775
[14549].out[0] (.names)                                          0.261     8.036
[14540].D[0] (.latch)                                            0.000     8.036
data arrival time                                                          8.036

clock pclk (rise edge)                                           0.000     0.000
clock source latency                                             0.000     0.000
pclk.inpad[0] (.input)                                           0.000     0.000
[14540].clk[0] (.latch)                                          0.042     0.042
clock uncertainty                                                0.000     0.042
cell setup time                                                 -0.066    -0.024
data required time                                                        -0.024
--------------------------------------------------------------------------------
data required time                                                        -0.024
data arrival time                                                         -8.036
--------------------------------------------------------------------------------
slack (VIOLATED)                                                          -8.059


#Path 71
Startpoint: [17752].Q[0] (.latch clocked by pclk)
Endpoint  : [14990].D[0] (.latch clocked by pclk)
Path Type : setup

Point                                                             Incr      Path
--------------------------------------------------------------------------------
clock pclk (rise edge)                                           0.000     0.000
clock source latency                                             0.000     0.000
pclk.inpad[0] (.input)                                           0.000     0.000
[17752].clk[0] (.latch)                                          0.042     0.042
[17752].Q[0] (.latch) [clock-to-output]                          0.124     0.166
[5541].in[4] (.names)                                            0.367     0.533
[5541].out[0] (.names)                                           0.261     0.794
[17555].in[0] (.names)                                           0.424     1.218
[17555].out[0] (.names)                                          0.261     1.479
[17559].in[5] (.names)                                           0.423     1.901
[17559].out[0] (.names)                                          0.261     2.162
nrq8_2.in[0] (.names)                                            0.421     2.583
nrq8_2.out[0] (.names)                                           0.261     2.844
[5292].in[3] (.names)                                            0.497     3.342
[5292].out[0] (.names)                                           0.261     3.603
[17744].in[1] (.names)                                           0.573     4.176
[17744].out[0] (.names)                                          0.261     4.437
[4442].in[4] (.names)                                            0.269     4.706
[4442].out[0] (.names)                                           0.261     4.967
[5173].in[3] (.names)                                            0.269     5.235
[5173].out[0] (.names)                                           0.261     5.496
[19520].in[4] (.names)                                           0.345     5.841
[19520].out[0] (.names)                                          0.261     6.102
[5162].in[4] (.names)                                            0.269     6.371
[5162].out[0] (.names)                                           0.261     6.632
[19490].in[4] (.names)                                           0.421     7.053
[19490].out[0] (.names)                                          0.261     7.314
[2702].in[4] (.names)                                            0.100     7.414
[2702].out[0] (.names)                                           0.261     7.675
[14999].in[3] (.names)                                           0.100     7.775
[14999].out[0] (.names)                                          0.261     8.036
[14990].D[0] (.latch)                                            0.000     8.036
data arrival time                                                          8.036

clock pclk (rise edge)                                           0.000     0.000
clock source latency                                             0.000     0.000
pclk.inpad[0] (.input)                                           0.000     0.000
[14990].clk[0] (.latch)                                          0.042     0.042
clock uncertainty                                                0.000     0.042
cell setup time                                                 -0.066    -0.024
data required time                                                        -0.024
--------------------------------------------------------------------------------
data required time                                                        -0.024
data arrival time                                                         -8.036
--------------------------------------------------------------------------------
slack (VIOLATED)                                                          -8.059


#Path 72
Startpoint: [17752].Q[0] (.latch clocked by pclk)
Endpoint  : [8090].D[0] (.latch clocked by pclk)
Path Type : setup

Point                                                             Incr      Path
--------------------------------------------------------------------------------
clock pclk (rise edge)                                           0.000     0.000
clock source latency                                             0.000     0.000
pclk.inpad[0] (.input)                                           0.000     0.000
[17752].clk[0] (.latch)                                          0.042     0.042
[17752].Q[0] (.latch) [clock-to-output]                          0.124     0.166
[5541].in[4] (.names)                                            0.367     0.533
[5541].out[0] (.names)                                           0.261     0.794
[17555].in[0] (.names)                                           0.424     1.218
[17555].out[0] (.names)                                          0.261     1.479
[17559].in[5] (.names)                                           0.423     1.901
[17559].out[0] (.names)                                          0.261     2.162
nrq8_2.in[0] (.names)                                            0.421     2.583
nrq8_2.out[0] (.names)                                           0.261     2.844
[5292].in[3] (.names)                                            0.497     3.342
[5292].out[0] (.names)                                           0.261     3.603
[17744].in[1] (.names)                                           0.573     4.176
[17744].out[0] (.names)                                          0.261     4.437
[4442].in[4] (.names)                                            0.269     4.706
[4442].out[0] (.names)                                           0.261     4.967
[5173].in[3] (.names)                                            0.269     5.235
[5173].out[0] (.names)                                           0.261     5.496
[19520].in[4] (.names)                                           0.345     5.841
[19520].out[0] (.names)                                          0.261     6.102
[5162].in[4] (.names)                                            0.269     6.371
[5162].out[0] (.names)                                           0.261     6.632
[19490].in[4] (.names)                                           0.421     7.053
[19490].out[0] (.names)                                          0.261     7.314
[3850].in[4] (.names)                                            0.100     7.414
[3850].out[0] (.names)                                           0.261     7.675
[8099].in[3] (.names)                                            0.100     7.775
[8099].out[0] (.names)                                           0.261     8.036
[8090].D[0] (.latch)                                             0.000     8.036
data arrival time                                                          8.036

clock pclk (rise edge)                                           0.000     0.000
clock source latency                                             0.000     0.000
pclk.inpad[0] (.input)                                           0.000     0.000
[8090].clk[0] (.latch)                                           0.042     0.042
clock uncertainty                                                0.000     0.042
cell setup time                                                 -0.066    -0.024
data required time                                                        -0.024
--------------------------------------------------------------------------------
data required time                                                        -0.024
data arrival time                                                         -8.036
--------------------------------------------------------------------------------
slack (VIOLATED)                                                          -8.059


#Path 73
Startpoint: [17752].Q[0] (.latch clocked by pclk)
Endpoint  : [4640].D[0] (.latch clocked by pclk)
Path Type : setup

Point                                                             Incr      Path
--------------------------------------------------------------------------------
clock pclk (rise edge)                                           0.000     0.000
clock source latency                                             0.000     0.000
pclk.inpad[0] (.input)                                           0.000     0.000
[17752].clk[0] (.latch)                                          0.042     0.042
[17752].Q[0] (.latch) [clock-to-output]                          0.124     0.166
[5541].in[4] (.names)                                            0.367     0.533
[5541].out[0] (.names)                                           0.261     0.794
[17555].in[0] (.names)                                           0.424     1.218
[17555].out[0] (.names)                                          0.261     1.479
[17559].in[5] (.names)                                           0.423     1.901
[17559].out[0] (.names)                                          0.261     2.162
nrq8_2.in[0] (.names)                                            0.421     2.583
nrq8_2.out[0] (.names)                                           0.261     2.844
[5292].in[3] (.names)                                            0.497     3.342
[5292].out[0] (.names)                                           0.261     3.603
[17744].in[1] (.names)                                           0.573     4.176
[17744].out[0] (.names)                                          0.261     4.437
[4442].in[4] (.names)                                            0.269     4.706
[4442].out[0] (.names)                                           0.261     4.967
[5173].in[3] (.names)                                            0.269     5.235
[5173].out[0] (.names)                                           0.261     5.496
[19520].in[4] (.names)                                           0.345     5.841
[19520].out[0] (.names)                                          0.261     6.102
[5162].in[4] (.names)                                            0.269     6.371
[5162].out[0] (.names)                                           0.261     6.632
[19490].in[4] (.names)                                           0.421     7.053
[19490].out[0] (.names)                                          0.261     7.314
[4649].in[3] (.names)                                            0.422     7.735
[4649].out[0] (.names)                                           0.261     7.996
[4640].D[0] (.latch)                                             0.000     7.996
data arrival time                                                          7.996

clock pclk (rise edge)                                           0.000     0.000
clock source latency                                             0.000     0.000
pclk.inpad[0] (.input)                                           0.000     0.000
[4640].clk[0] (.latch)                                           0.042     0.042
clock uncertainty                                                0.000     0.042
cell setup time                                                 -0.066    -0.024
data required time                                                        -0.024
--------------------------------------------------------------------------------
data required time                                                        -0.024
data arrival time                                                         -7.996
--------------------------------------------------------------------------------
slack (VIOLATED)                                                          -8.020


#Path 74
Startpoint: [17752].Q[0] (.latch clocked by pclk)
Endpoint  : [10010].D[0] (.latch clocked by pclk)
Path Type : setup

Point                                                             Incr      Path
--------------------------------------------------------------------------------
clock pclk (rise edge)                                           0.000     0.000
clock source latency                                             0.000     0.000
pclk.inpad[0] (.input)                                           0.000     0.000
[17752].clk[0] (.latch)                                          0.042     0.042
[17752].Q[0] (.latch) [clock-to-output]                          0.124     0.166
[5541].in[4] (.names)                                            0.367     0.533
[5541].out[0] (.names)                                           0.261     0.794
[17555].in[0] (.names)                                           0.424     1.218
[17555].out[0] (.names)                                          0.261     1.479
[17559].in[5] (.names)                                           0.423     1.901
[17559].out[0] (.names)                                          0.261     2.162
nrq8_2.in[0] (.names)                                            0.421     2.583
nrq8_2.out[0] (.names)                                           0.261     2.844
[5292].in[3] (.names)                                            0.497     3.342
[5292].out[0] (.names)                                           0.261     3.603
[17744].in[1] (.names)                                           0.573     4.176
[17744].out[0] (.names)                                          0.261     4.437
[4442].in[4] (.names)                                            0.269     4.706
[4442].out[0] (.names)                                           0.261     4.967
[5173].in[3] (.names)                                            0.269     5.235
[5173].out[0] (.names)                                           0.261     5.496
[19520].in[4] (.names)                                           0.345     5.841
[19520].out[0] (.names)                                          0.261     6.102
[5162].in[4] (.names)                                            0.269     6.371
[5162].out[0] (.names)                                           0.261     6.632
[19490].in[4] (.names)                                           0.421     7.053
[19490].out[0] (.names)                                          0.261     7.314
[10019].in[3] (.names)                                           0.422     7.735
[10019].out[0] (.names)                                          0.261     7.996
[10010].D[0] (.latch)                                            0.000     7.996
data arrival time                                                          7.996

clock pclk (rise edge)                                           0.000     0.000
clock source latency                                             0.000     0.000
pclk.inpad[0] (.input)                                           0.000     0.000
[10010].clk[0] (.latch)                                          0.042     0.042
clock uncertainty                                                0.000     0.042
cell setup time                                                 -0.066    -0.024
data required time                                                        -0.024
--------------------------------------------------------------------------------
data required time                                                        -0.024
data arrival time                                                         -7.996
--------------------------------------------------------------------------------
slack (VIOLATED)                                                          -8.020


#Path 75
Startpoint: [17752].Q[0] (.latch clocked by pclk)
Endpoint  : [4820].D[0] (.latch clocked by pclk)
Path Type : setup

Point                                                             Incr      Path
--------------------------------------------------------------------------------
clock pclk (rise edge)                                           0.000     0.000
clock source latency                                             0.000     0.000
pclk.inpad[0] (.input)                                           0.000     0.000
[17752].clk[0] (.latch)                                          0.042     0.042
[17752].Q[0] (.latch) [clock-to-output]                          0.124     0.166
[5541].in[4] (.names)                                            0.367     0.533
[5541].out[0] (.names)                                           0.261     0.794
[17555].in[0] (.names)                                           0.424     1.218
[17555].out[0] (.names)                                          0.261     1.479
[17559].in[5] (.names)                                           0.423     1.901
[17559].out[0] (.names)                                          0.261     2.162
nrq8_2.in[0] (.names)                                            0.421     2.583
nrq8_2.out[0] (.names)                                           0.261     2.844
[5292].in[3] (.names)                                            0.497     3.342
[5292].out[0] (.names)                                           0.261     3.603
[17744].in[1] (.names)                                           0.573     4.176
[17744].out[0] (.names)                                          0.261     4.437
[4442].in[4] (.names)                                            0.269     4.706
[4442].out[0] (.names)                                           0.261     4.967
[5173].in[3] (.names)                                            0.269     5.235
[5173].out[0] (.names)                                           0.261     5.496
[19520].in[4] (.names)                                           0.345     5.841
[19520].out[0] (.names)                                          0.261     6.102
[5162].in[4] (.names)                                            0.269     6.371
[5162].out[0] (.names)                                           0.261     6.632
[19490].in[4] (.names)                                           0.421     7.053
[19490].out[0] (.names)                                          0.261     7.314
[4829].in[3] (.names)                                            0.421     7.735
[4829].out[0] (.names)                                           0.261     7.996
[4820].D[0] (.latch)                                             0.000     7.996
data arrival time                                                          7.996

clock pclk (rise edge)                                           0.000     0.000
clock source latency                                             0.000     0.000
pclk.inpad[0] (.input)                                           0.000     0.000
[4820].clk[0] (.latch)                                           0.042     0.042
clock uncertainty                                                0.000     0.042
cell setup time                                                 -0.066    -0.024
data required time                                                        -0.024
--------------------------------------------------------------------------------
data required time                                                        -0.024
data arrival time                                                         -7.996
--------------------------------------------------------------------------------
slack (VIOLATED)                                                          -8.019


#Path 76
Startpoint: [17752].Q[0] (.latch clocked by pclk)
Endpoint  : [4850].D[0] (.latch clocked by pclk)
Path Type : setup

Point                                                             Incr      Path
--------------------------------------------------------------------------------
clock pclk (rise edge)                                           0.000     0.000
clock source latency                                             0.000     0.000
pclk.inpad[0] (.input)                                           0.000     0.000
[17752].clk[0] (.latch)                                          0.042     0.042
[17752].Q[0] (.latch) [clock-to-output]                          0.124     0.166
[5541].in[4] (.names)                                            0.367     0.533
[5541].out[0] (.names)                                           0.261     0.794
[17555].in[0] (.names)                                           0.424     1.218
[17555].out[0] (.names)                                          0.261     1.479
[17559].in[5] (.names)                                           0.423     1.901
[17559].out[0] (.names)                                          0.261     2.162
nen21_5.in[1] (.names)                                           0.425     2.587
nen21_5.out[0] (.names)                                          0.261     2.848
[4222].in[4] (.names)                                            0.270     3.118
[4222].out[0] (.names)                                           0.261     3.379
[17924].in[1] (.names)                                           0.581     3.961
[17924].out[0] (.names)                                          0.261     4.222
[19153].in[4] (.names)                                           0.269     4.490
[19153].out[0] (.names)                                          0.261     4.751
[19157].in[2] (.names)                                           0.347     5.098
[19157].out[0] (.names)                                          0.261     5.359
[19221].in[2] (.names)                                           0.100     5.459
[19221].out[0] (.names)                                          0.261     5.720
[19227].in[2] (.names)                                           0.100     5.820
[19227].out[0] (.names)                                          0.261     6.081
[19092].in[5] (.names)                                           0.424     6.504
[19092].out[0] (.names)                                          0.261     6.765
[4859].in[4] (.names)                                            0.963     7.728
[4859].out[0] (.names)                                           0.261     7.990
[4850].D[0] (.latch)                                             0.000     7.990
data arrival time                                                          7.990

clock pclk (rise edge)                                           0.000     0.000
clock source latency                                             0.000     0.000
pclk.inpad[0] (.input)                                           0.000     0.000
[4850].clk[0] (.latch)                                           0.042     0.042
clock uncertainty                                                0.000     0.042
cell setup time                                                 -0.066    -0.024
data required time                                                        -0.024
--------------------------------------------------------------------------------
data required time                                                        -0.024
data arrival time                                                         -7.990
--------------------------------------------------------------------------------
slack (VIOLATED)                                                          -8.013


#Path 77
Startpoint: [17752].Q[0] (.latch clocked by pclk)
Endpoint  : [6965].D[0] (.latch clocked by pclk)
Path Type : setup

Point                                                             Incr      Path
--------------------------------------------------------------------------------
clock pclk (rise edge)                                           0.000     0.000
clock source latency                                             0.000     0.000
pclk.inpad[0] (.input)                                           0.000     0.000
[17752].clk[0] (.latch)                                          0.042     0.042
[17752].Q[0] (.latch) [clock-to-output]                          0.124     0.166
[5541].in[4] (.names)                                            0.367     0.533
[5541].out[0] (.names)                                           0.261     0.794
[17555].in[0] (.names)                                           0.424     1.218
[17555].out[0] (.names)                                          0.261     1.479
[17559].in[5] (.names)                                           0.423     1.901
[17559].out[0] (.names)                                          0.261     2.162
nen21_5.in[1] (.names)                                           0.425     2.587
nen21_5.out[0] (.names)                                          0.261     2.848
[4222].in[4] (.names)                                            0.270     3.118
[4222].out[0] (.names)                                           0.261     3.379
[17924].in[1] (.names)                                           0.581     3.961
[17924].out[0] (.names)                                          0.261     4.222
[19153].in[4] (.names)                                           0.269     4.490
[19153].out[0] (.names)                                          0.261     4.751
[19157].in[2] (.names)                                           0.347     5.098
[19157].out[0] (.names)                                          0.261     5.359
[19221].in[2] (.names)                                           0.100     5.459
[19221].out[0] (.names)                                          0.261     5.720
[19227].in[2] (.names)                                           0.100     5.820
[19227].out[0] (.names)                                          0.261     6.081
[19092].in[5] (.names)                                           0.424     6.504
[19092].out[0] (.names)                                          0.261     6.765
[6974].in[4] (.names)                                            0.963     7.728
[6974].out[0] (.names)                                           0.261     7.990
[6965].D[0] (.latch)                                             0.000     7.990
data arrival time                                                          7.990

clock pclk (rise edge)                                           0.000     0.000
clock source latency                                             0.000     0.000
pclk.inpad[0] (.input)                                           0.000     0.000
[6965].clk[0] (.latch)                                           0.042     0.042
clock uncertainty                                                0.000     0.042
cell setup time                                                 -0.066    -0.024
data required time                                                        -0.024
--------------------------------------------------------------------------------
data required time                                                        -0.024
data arrival time                                                         -7.990
--------------------------------------------------------------------------------
slack (VIOLATED)                                                          -8.013


#Path 78
Startpoint: [17752].Q[0] (.latch clocked by pclk)
Endpoint  : paddress_8_8_.D[0] (.latch clocked by pclk)
Path Type : setup

Point                                                             Incr      Path
--------------------------------------------------------------------------------
clock pclk (rise edge)                                           0.000     0.000
clock source latency                                             0.000     0.000
pclk.inpad[0] (.input)                                           0.000     0.000
[17752].clk[0] (.latch)                                          0.042     0.042
[17752].Q[0] (.latch) [clock-to-output]                          0.124     0.166
[5541].in[4] (.names)                                            0.367     0.533
[5541].out[0] (.names)                                           0.261     0.794
[17555].in[0] (.names)                                           0.424     1.218
[17555].out[0] (.names)                                          0.261     1.479
[17559].in[5] (.names)                                           0.423     1.901
[17559].out[0] (.names)                                          0.261     2.162
nen17_4.in[1] (.names)                                           0.423     2.585
nen17_4.out[0] (.names)                                          0.261     2.846
[4234].in[3] (.names)                                            1.427     4.273
[4234].out[0] (.names)                                           0.261     4.534
[4303].in[2] (.names)                                            0.736     5.271
[4303].out[0] (.names)                                           0.261     5.532
[2390].in[4] (.names)                                            1.115     6.647
[2390].out[0] (.names)                                           0.261     6.908
[16904].in[0] (.names)                                           0.812     7.720
[16904].out[0] (.names)                                          0.261     7.981
paddress_8_8_.D[0] (.latch)                                      0.000     7.981
data arrival time                                                          7.981

clock pclk (rise edge)                                           0.000     0.000
clock source latency                                             0.000     0.000
pclk.inpad[0] (.input)                                           0.000     0.000
paddress_8_8_.clk[0] (.latch)                                    0.042     0.042
clock uncertainty                                                0.000     0.042
cell setup time                                                 -0.066    -0.024
data required time                                                        -0.024
--------------------------------------------------------------------------------
data required time                                                        -0.024
data arrival time                                                         -7.981
--------------------------------------------------------------------------------
slack (VIOLATED)                                                          -8.005


#Path 79
Startpoint: [17752].Q[0] (.latch clocked by pclk)
Endpoint  : [13805].D[0] (.latch clocked by pclk)
Path Type : setup

Point                                                             Incr      Path
--------------------------------------------------------------------------------
clock pclk (rise edge)                                           0.000     0.000
clock source latency                                             0.000     0.000
pclk.inpad[0] (.input)                                           0.000     0.000
[17752].clk[0] (.latch)                                          0.042     0.042
[17752].Q[0] (.latch) [clock-to-output]                          0.124     0.166
[5541].in[4] (.names)                                            0.367     0.533
[5541].out[0] (.names)                                           0.261     0.794
[17555].in[0] (.names)                                           0.424     1.218
[17555].out[0] (.names)                                          0.261     1.479
[17559].in[5] (.names)                                           0.423     1.901
[17559].out[0] (.names)                                          0.261     2.162
nen21_5.in[1] (.names)                                           0.425     2.587
nen21_5.out[0] (.names)                                          0.261     2.848
[4222].in[4] (.names)                                            0.270     3.118
[4222].out[0] (.names)                                           0.261     3.379
[17924].in[1] (.names)                                           0.581     3.961
[17924].out[0] (.names)                                          0.261     4.222
[19153].in[4] (.names)                                           0.269     4.490
[19153].out[0] (.names)                                          0.261     4.751
[19157].in[2] (.names)                                           0.347     5.098
[19157].out[0] (.names)                                          0.261     5.359
[19221].in[2] (.names)                                           0.100     5.459
[19221].out[0] (.names)                                          0.261     5.720
[19227].in[2] (.names)                                           0.100     5.820
[19227].out[0] (.names)                                          0.261     6.081
[19232].in[2] (.names)                                           0.100     6.181
[19232].out[0] (.names)                                          0.261     6.442
[19215].in[2] (.names)                                           0.421     6.863
[19215].out[0] (.names)                                          0.261     7.124
[13814].in[4] (.names)                                           0.577     7.701
[13814].out[0] (.names)                                          0.261     7.962
[13805].D[0] (.latch)                                            0.000     7.962
data arrival time                                                          7.962

clock pclk (rise edge)                                           0.000     0.000
clock source latency                                             0.000     0.000
pclk.inpad[0] (.input)                                           0.000     0.000
[13805].clk[0] (.latch)                                          0.042     0.042
clock uncertainty                                                0.000     0.042
cell setup time                                                 -0.066    -0.024
data required time                                                        -0.024
--------------------------------------------------------------------------------
data required time                                                        -0.024
data arrival time                                                         -7.962
--------------------------------------------------------------------------------
slack (VIOLATED)                                                          -7.985


#Path 80
Startpoint: [17752].Q[0] (.latch clocked by pclk)
Endpoint  : [9530].D[0] (.latch clocked by pclk)
Path Type : setup

Point                                                             Incr      Path
--------------------------------------------------------------------------------
clock pclk (rise edge)                                           0.000     0.000
clock source latency                                             0.000     0.000
pclk.inpad[0] (.input)                                           0.000     0.000
[17752].clk[0] (.latch)                                          0.042     0.042
[17752].Q[0] (.latch) [clock-to-output]                          0.124     0.166
[5541].in[4] (.names)                                            0.367     0.533
[5541].out[0] (.names)                                           0.261     0.794
[17555].in[0] (.names)                                           0.424     1.218
[17555].out[0] (.names)                                          0.261     1.479
[17559].in[5] (.names)                                           0.423     1.901
[17559].out[0] (.names)                                          0.261     2.162
nen21_5.in[1] (.names)                                           0.425     2.587
nen21_5.out[0] (.names)                                          0.261     2.848
[4222].in[4] (.names)                                            0.270     3.118
[4222].out[0] (.names)                                           0.261     3.379
[17924].in[1] (.names)                                           0.581     3.961
[17924].out[0] (.names)                                          0.261     4.222
[19153].in[4] (.names)                                           0.269     4.490
[19153].out[0] (.names)                                          0.261     4.751
[19157].in[2] (.names)                                           0.347     5.098
[19157].out[0] (.names)                                          0.261     5.359
[19221].in[2] (.names)                                           0.100     5.459
[19221].out[0] (.names)                                          0.261     5.720
[19227].in[2] (.names)                                           0.100     5.820
[19227].out[0] (.names)                                          0.261     6.081
[19232].in[2] (.names)                                           0.100     6.181
[19232].out[0] (.names)                                          0.261     6.442
[19215].in[2] (.names)                                           0.421     6.863
[19215].out[0] (.names)                                          0.261     7.124
[9539].in[4] (.names)                                            0.577     7.701
[9539].out[0] (.names)                                           0.261     7.962
[9530].D[0] (.latch)                                             0.000     7.962
data arrival time                                                          7.962

clock pclk (rise edge)                                           0.000     0.000
clock source latency                                             0.000     0.000
pclk.inpad[0] (.input)                                           0.000     0.000
[9530].clk[0] (.latch)                                           0.042     0.042
clock uncertainty                                                0.000     0.042
cell setup time                                                 -0.066    -0.024
data required time                                                        -0.024
--------------------------------------------------------------------------------
data required time                                                        -0.024
data arrival time                                                         -7.962
--------------------------------------------------------------------------------
slack (VIOLATED)                                                          -7.985


#Path 81
Startpoint: [17752].Q[0] (.latch clocked by pclk)
Endpoint  : [6710].D[0] (.latch clocked by pclk)
Path Type : setup

Point                                                             Incr      Path
--------------------------------------------------------------------------------
clock pclk (rise edge)                                           0.000     0.000
clock source latency                                             0.000     0.000
pclk.inpad[0] (.input)                                           0.000     0.000
[17752].clk[0] (.latch)                                          0.042     0.042
[17752].Q[0] (.latch) [clock-to-output]                          0.124     0.166
[5541].in[4] (.names)                                            0.367     0.533
[5541].out[0] (.names)                                           0.261     0.794
[17555].in[0] (.names)                                           0.424     1.218
[17555].out[0] (.names)                                          0.261     1.479
[17559].in[5] (.names)                                           0.423     1.901
[17559].out[0] (.names)                                          0.261     2.162
nrq8_2.in[0] (.names)                                            0.421     2.583
nrq8_2.out[0] (.names)                                           0.261     2.844
[5292].in[3] (.names)                                            0.497     3.342
[5292].out[0] (.names)                                           0.261     3.603
[17744].in[1] (.names)                                           0.573     4.176
[17744].out[0] (.names)                                          0.261     4.437
[4442].in[4] (.names)                                            0.269     4.706
[4442].out[0] (.names)                                           0.261     4.967
[5173].in[3] (.names)                                            0.269     5.235
[5173].out[0] (.names)                                           0.261     5.496
[19520].in[4] (.names)                                           0.345     5.841
[19520].out[0] (.names)                                          0.261     6.102
[5162].in[4] (.names)                                            0.269     6.371
[5162].out[0] (.names)                                           0.261     6.632
[19395].in[4] (.names)                                           0.425     7.056
[19395].out[0] (.names)                                          0.261     7.317
[6719].in[2] (.names)                                            0.345     7.662
[6719].out[0] (.names)                                           0.261     7.923
[6710].D[0] (.latch)                                             0.000     7.923
data arrival time                                                          7.923

clock pclk (rise edge)                                           0.000     0.000
clock source latency                                             0.000     0.000
pclk.inpad[0] (.input)                                           0.000     0.000
[6710].clk[0] (.latch)                                           0.042     0.042
clock uncertainty                                                0.000     0.042
cell setup time                                                 -0.066    -0.024
data required time                                                        -0.024
--------------------------------------------------------------------------------
data required time                                                        -0.024
data arrival time                                                         -7.923
--------------------------------------------------------------------------------
slack (VIOLATED)                                                          -7.947


#Path 82
Startpoint: [17752].Q[0] (.latch clocked by pclk)
Endpoint  : [7430].D[0] (.latch clocked by pclk)
Path Type : setup

Point                                                             Incr      Path
--------------------------------------------------------------------------------
clock pclk (rise edge)                                           0.000     0.000
clock source latency                                             0.000     0.000
pclk.inpad[0] (.input)                                           0.000     0.000
[17752].clk[0] (.latch)                                          0.042     0.042
[17752].Q[0] (.latch) [clock-to-output]                          0.124     0.166
[5541].in[4] (.names)                                            0.367     0.533
[5541].out[0] (.names)                                           0.261     0.794
[17555].in[0] (.names)                                           0.424     1.218
[17555].out[0] (.names)                                          0.261     1.479
[17559].in[5] (.names)                                           0.423     1.901
[17559].out[0] (.names)                                          0.261     2.162
nrq8_2.in[0] (.names)                                            0.421     2.583
nrq8_2.out[0] (.names)                                           0.261     2.844
[5292].in[3] (.names)                                            0.497     3.342
[5292].out[0] (.names)                                           0.261     3.603
[17744].in[1] (.names)                                           0.573     4.176
[17744].out[0] (.names)                                          0.261     4.437
[4442].in[4] (.names)                                            0.269     4.706
[4442].out[0] (.names)                                           0.261     4.967
[5173].in[3] (.names)                                            0.269     5.235
[5173].out[0] (.names)                                           0.261     5.496
[19520].in[4] (.names)                                           0.345     5.841
[19520].out[0] (.names)                                          0.261     6.102
[5162].in[4] (.names)                                            0.269     6.371
[5162].out[0] (.names)                                           0.261     6.632
[19395].in[4] (.names)                                           0.425     7.056
[19395].out[0] (.names)                                          0.261     7.317
[7439].in[3] (.names)                                            0.345     7.662
[7439].out[0] (.names)                                           0.261     7.923
[7430].D[0] (.latch)                                             0.000     7.923
data arrival time                                                          7.923

clock pclk (rise edge)                                           0.000     0.000
clock source latency                                             0.000     0.000
pclk.inpad[0] (.input)                                           0.000     0.000
[7430].clk[0] (.latch)                                           0.042     0.042
clock uncertainty                                                0.000     0.042
cell setup time                                                 -0.066    -0.024
data required time                                                        -0.024
--------------------------------------------------------------------------------
data required time                                                        -0.024
data arrival time                                                         -7.923
--------------------------------------------------------------------------------
slack (VIOLATED)                                                          -7.947


#Path 83
Startpoint: [17752].Q[0] (.latch clocked by pclk)
Endpoint  : [5525].D[0] (.latch clocked by pclk)
Path Type : setup

Point                                                             Incr      Path
--------------------------------------------------------------------------------
clock pclk (rise edge)                                           0.000     0.000
clock source latency                                             0.000     0.000
pclk.inpad[0] (.input)                                           0.000     0.000
[17752].clk[0] (.latch)                                          0.042     0.042
[17752].Q[0] (.latch) [clock-to-output]                          0.124     0.166
[5541].in[4] (.names)                                            0.367     0.533
[5541].out[0] (.names)                                           0.261     0.794
[17555].in[0] (.names)                                           0.424     1.218
[17555].out[0] (.names)                                          0.261     1.479
[17559].in[5] (.names)                                           0.423     1.901
[17559].out[0] (.names)                                          0.261     2.162
nrq8_2.in[0] (.names)                                            0.421     2.583
nrq8_2.out[0] (.names)                                           0.261     2.844
[5292].in[3] (.names)                                            0.497     3.342
[5292].out[0] (.names)                                           0.261     3.603
[17744].in[1] (.names)                                           0.573     4.176
[17744].out[0] (.names)                                          0.261     4.437
[4442].in[4] (.names)                                            0.269     4.706
[4442].out[0] (.names)                                           0.261     4.967
[5173].in[3] (.names)                                            0.269     5.235
[5173].out[0] (.names)                                           0.261     5.496
[19520].in[4] (.names)                                           0.345     5.841
[19520].out[0] (.names)                                          0.261     6.102
[5162].in[4] (.names)                                            0.269     6.371
[5162].out[0] (.names)                                           0.261     6.632
[19395].in[4] (.names)                                           0.425     7.056
[19395].out[0] (.names)                                          0.261     7.317
[5534].in[3] (.names)                                            0.345     7.662
[5534].out[0] (.names)                                           0.261     7.923
[5525].D[0] (.latch)                                             0.000     7.923
data arrival time                                                          7.923

clock pclk (rise edge)                                           0.000     0.000
clock source latency                                             0.000     0.000
pclk.inpad[0] (.input)                                           0.000     0.000
[5525].clk[0] (.latch)                                           0.042     0.042
clock uncertainty                                                0.000     0.042
cell setup time                                                 -0.066    -0.024
data required time                                                        -0.024
--------------------------------------------------------------------------------
data required time                                                        -0.024
data arrival time                                                         -7.923
--------------------------------------------------------------------------------
slack (VIOLATED)                                                          -7.947


#Path 84
Startpoint: [17752].Q[0] (.latch clocked by pclk)
Endpoint  : paddress_10_10_.D[0] (.latch clocked by pclk)
Path Type : setup

Point                                                             Incr      Path
--------------------------------------------------------------------------------
clock pclk (rise edge)                                           0.000     0.000
clock source latency                                             0.000     0.000
pclk.inpad[0] (.input)                                           0.000     0.000
[17752].clk[0] (.latch)                                          0.042     0.042
[17752].Q[0] (.latch) [clock-to-output]                          0.124     0.166
[5541].in[4] (.names)                                            0.367     0.533
[5541].out[0] (.names)                                           0.261     0.794
[17555].in[0] (.names)                                           0.424     1.218
[17555].out[0] (.names)                                          0.261     1.479
[17559].in[5] (.names)                                           0.423     1.901
[17559].out[0] (.names)                                          0.261     2.162
nen17_4.in[1] (.names)                                           0.423     2.585
nen17_4.out[0] (.names)                                          0.261     2.846
[4234].in[3] (.names)                                            1.427     4.273
[4234].out[0] (.names)                                           0.261     4.534
[4303].in[2] (.names)                                            0.736     5.271
[4303].out[0] (.names)                                           0.261     5.532
[2298].in[4] (.names)                                            1.115     6.647
[2298].out[0] (.names)                                           0.261     6.908
[17476].in[0] (.names)                                           0.737     7.645
[17476].out[0] (.names)                                          0.261     7.906
paddress_10_10_.D[0] (.latch)                                    0.000     7.906
data arrival time                                                          7.906

clock pclk (rise edge)                                           0.000     0.000
clock source latency                                             0.000     0.000
pclk.inpad[0] (.input)                                           0.000     0.000
paddress_10_10_.clk[0] (.latch)                                  0.042     0.042
clock uncertainty                                                0.000     0.042
cell setup time                                                 -0.066    -0.024
data required time                                                        -0.024
--------------------------------------------------------------------------------
data required time                                                        -0.024
data arrival time                                                         -7.906
--------------------------------------------------------------------------------
slack (VIOLATED)                                                          -7.930


#Path 85
Startpoint: [17752].Q[0] (.latch clocked by pclk)
Endpoint  : paddress_9_9_.D[0] (.latch clocked by pclk)
Path Type : setup

Point                                                             Incr      Path
--------------------------------------------------------------------------------
clock pclk (rise edge)                                           0.000     0.000
clock source latency                                             0.000     0.000
pclk.inpad[0] (.input)                                           0.000     0.000
[17752].clk[0] (.latch)                                          0.042     0.042
[17752].Q[0] (.latch) [clock-to-output]                          0.124     0.166
[5541].in[4] (.names)                                            0.367     0.533
[5541].out[0] (.names)                                           0.261     0.794
[17555].in[0] (.names)                                           0.424     1.218
[17555].out[0] (.names)                                          0.261     1.479
[17559].in[5] (.names)                                           0.423     1.901
[17559].out[0] (.names)                                          0.261     2.162
nen17_4.in[1] (.names)                                           0.423     2.585
nen17_4.out[0] (.names)                                          0.261     2.846
[4234].in[3] (.names)                                            1.427     4.273
[4234].out[0] (.names)                                           0.261     4.534
[4303].in[2] (.names)                                            0.736     5.271
[4303].out[0] (.names)                                           0.261     5.532
[18824].in[4] (.names)                                           0.805     6.337
[18824].out[0] (.names)                                          0.261     6.598
[16956].in[4] (.names)                                           1.043     7.641
[16956].out[0] (.names)                                          0.261     7.902
paddress_9_9_.D[0] (.latch)                                      0.000     7.902
data arrival time                                                          7.902

clock pclk (rise edge)                                           0.000     0.000
clock source latency                                             0.000     0.000
pclk.inpad[0] (.input)                                           0.000     0.000
paddress_9_9_.clk[0] (.latch)                                    0.042     0.042
clock uncertainty                                                0.000     0.042
cell setup time                                                 -0.066    -0.024
data required time                                                        -0.024
--------------------------------------------------------------------------------
data required time                                                        -0.024
data arrival time                                                         -7.902
--------------------------------------------------------------------------------
slack (VIOLATED)                                                          -7.925


#Path 86
Startpoint: [17752].Q[0] (.latch clocked by pclk)
Endpoint  : [12395].D[0] (.latch clocked by pclk)
Path Type : setup

Point                                                             Incr      Path
--------------------------------------------------------------------------------
clock pclk (rise edge)                                           0.000     0.000
clock source latency                                             0.000     0.000
pclk.inpad[0] (.input)                                           0.000     0.000
[17752].clk[0] (.latch)                                          0.042     0.042
[17752].Q[0] (.latch) [clock-to-output]                          0.124     0.166
[5541].in[4] (.names)                                            0.367     0.533
[5541].out[0] (.names)                                           0.261     0.794
[17555].in[0] (.names)                                           0.424     1.218
[17555].out[0] (.names)                                          0.261     1.479
[17559].in[5] (.names)                                           0.423     1.901
[17559].out[0] (.names)                                          0.261     2.162
nen21_5.in[1] (.names)                                           0.425     2.587
nen21_5.out[0] (.names)                                          0.261     2.848
[4222].in[4] (.names)                                            0.270     3.118
[4222].out[0] (.names)                                           0.261     3.379
[17924].in[1] (.names)                                           0.581     3.961
[17924].out[0] (.names)                                          0.261     4.222
[19153].in[4] (.names)                                           0.269     4.490
[19153].out[0] (.names)                                          0.261     4.751
[19157].in[2] (.names)                                           0.347     5.098
[19157].out[0] (.names)                                          0.261     5.359
[19221].in[2] (.names)                                           0.100     5.459
[19221].out[0] (.names)                                          0.261     5.720
[19227].in[2] (.names)                                           0.100     5.820
[19227].out[0] (.names)                                          0.261     6.081
[19232].in[2] (.names)                                           0.100     6.181
[19232].out[0] (.names)                                          0.261     6.442
[19091].in[5] (.names)                                           0.497     6.939
[19091].out[0] (.names)                                          0.261     7.200
[12404].in[4] (.names)                                           0.424     7.624
[12404].out[0] (.names)                                          0.261     7.885
[12395].D[0] (.latch)                                            0.000     7.885
data arrival time                                                          7.885

clock pclk (rise edge)                                           0.000     0.000
clock source latency                                             0.000     0.000
pclk.inpad[0] (.input)                                           0.000     0.000
[12395].clk[0] (.latch)                                          0.042     0.042
clock uncertainty                                                0.000     0.042
cell setup time                                                 -0.066    -0.024
data required time                                                        -0.024
--------------------------------------------------------------------------------
data required time                                                        -0.024
data arrival time                                                         -7.885
--------------------------------------------------------------------------------
slack (VIOLATED)                                                          -7.908


#Path 87
Startpoint: [17752].Q[0] (.latch clocked by pclk)
Endpoint  : [10445].D[0] (.latch clocked by pclk)
Path Type : setup

Point                                                             Incr      Path
--------------------------------------------------------------------------------
clock pclk (rise edge)                                           0.000     0.000
clock source latency                                             0.000     0.000
pclk.inpad[0] (.input)                                           0.000     0.000
[17752].clk[0] (.latch)                                          0.042     0.042
[17752].Q[0] (.latch) [clock-to-output]                          0.124     0.166
[5541].in[4] (.names)                                            0.367     0.533
[5541].out[0] (.names)                                           0.261     0.794
[17555].in[0] (.names)                                           0.424     1.218
[17555].out[0] (.names)                                          0.261     1.479
[17559].in[5] (.names)                                           0.423     1.901
[17559].out[0] (.names)                                          0.261     2.162
nen21_5.in[1] (.names)                                           0.425     2.587
nen21_5.out[0] (.names)                                          0.261     2.848
[4222].in[4] (.names)                                            0.270     3.118
[4222].out[0] (.names)                                           0.261     3.379
[17924].in[1] (.names)                                           0.581     3.961
[17924].out[0] (.names)                                          0.261     4.222
[19153].in[4] (.names)                                           0.269     4.490
[19153].out[0] (.names)                                          0.261     4.751
[19157].in[2] (.names)                                           0.347     5.098
[19157].out[0] (.names)                                          0.261     5.359
[19221].in[2] (.names)                                           0.100     5.459
[19221].out[0] (.names)                                          0.261     5.720
[19227].in[2] (.names)                                           0.100     5.820
[19227].out[0] (.names)                                          0.261     6.081
[19232].in[2] (.names)                                           0.100     6.181
[19232].out[0] (.names)                                          0.261     6.442
[19215].in[2] (.names)                                           0.421     6.863
[19215].out[0] (.names)                                          0.261     7.124
[10454].in[4] (.names)                                           0.499     7.623
[10454].out[0] (.names)                                          0.261     7.884
[10445].D[0] (.latch)                                            0.000     7.884
data arrival time                                                          7.884

clock pclk (rise edge)                                           0.000     0.000
clock source latency                                             0.000     0.000
pclk.inpad[0] (.input)                                           0.000     0.000
[10445].clk[0] (.latch)                                          0.042     0.042
clock uncertainty                                                0.000     0.042
cell setup time                                                 -0.066    -0.024
data required time                                                        -0.024
--------------------------------------------------------------------------------
data required time                                                        -0.024
data arrival time                                                         -7.884
--------------------------------------------------------------------------------
slack (VIOLATED)                                                          -7.907


#Path 88
Startpoint: [17752].Q[0] (.latch clocked by pclk)
Endpoint  : [6335].D[0] (.latch clocked by pclk)
Path Type : setup

Point                                                             Incr      Path
--------------------------------------------------------------------------------
clock pclk (rise edge)                                           0.000     0.000
clock source latency                                             0.000     0.000
pclk.inpad[0] (.input)                                           0.000     0.000
[17752].clk[0] (.latch)                                          0.042     0.042
[17752].Q[0] (.latch) [clock-to-output]                          0.124     0.166
[5541].in[4] (.names)                                            0.367     0.533
[5541].out[0] (.names)                                           0.261     0.794
[17555].in[0] (.names)                                           0.424     1.218
[17555].out[0] (.names)                                          0.261     1.479
[17559].in[5] (.names)                                           0.423     1.901
[17559].out[0] (.names)                                          0.261     2.162
nen21_5.in[1] (.names)                                           0.425     2.587
nen21_5.out[0] (.names)                                          0.261     2.848
[4222].in[4] (.names)                                            0.270     3.118
[4222].out[0] (.names)                                           0.261     3.379
[17924].in[1] (.names)                                           0.581     3.961
[17924].out[0] (.names)                                          0.261     4.222
[19153].in[4] (.names)                                           0.269     4.490
[19153].out[0] (.names)                                          0.261     4.751
[19157].in[2] (.names)                                           0.347     5.098
[19157].out[0] (.names)                                          0.261     5.359
[19221].in[2] (.names)                                           0.100     5.459
[19221].out[0] (.names)                                          0.261     5.720
[19227].in[2] (.names)                                           0.100     5.820
[19227].out[0] (.names)                                          0.261     6.081
[19232].in[2] (.names)                                           0.100     6.181
[19232].out[0] (.names)                                          0.261     6.442
[19215].in[2] (.names)                                           0.421     6.863
[19215].out[0] (.names)                                          0.261     7.124
[19068].in[5] (.names)                                           0.100     7.224
[19068].out[0] (.names)                                          0.261     7.485
[6344].in[3] (.names)                                            0.100     7.585
[6344].out[0] (.names)                                           0.261     7.846
[6335].D[0] (.latch)                                             0.000     7.846
data arrival time                                                          7.846

clock pclk (rise edge)                                           0.000     0.000
clock source latency                                             0.000     0.000
pclk.inpad[0] (.input)                                           0.000     0.000
[6335].clk[0] (.latch)                                           0.042     0.042
clock uncertainty                                                0.000     0.042
cell setup time                                                 -0.066    -0.024
data required time                                                        -0.024
--------------------------------------------------------------------------------
data required time                                                        -0.024
data arrival time                                                         -7.846
--------------------------------------------------------------------------------
slack (VIOLATED)                                                          -7.869


#Path 89
Startpoint: [17752].Q[0] (.latch clocked by pclk)
Endpoint  : [14615].D[0] (.latch clocked by pclk)
Path Type : setup

Point                                                             Incr      Path
--------------------------------------------------------------------------------
clock pclk (rise edge)                                           0.000     0.000
clock source latency                                             0.000     0.000
pclk.inpad[0] (.input)                                           0.000     0.000
[17752].clk[0] (.latch)                                          0.042     0.042
[17752].Q[0] (.latch) [clock-to-output]                          0.124     0.166
[5541].in[4] (.names)                                            0.367     0.533
[5541].out[0] (.names)                                           0.261     0.794
[17555].in[0] (.names)                                           0.424     1.218
[17555].out[0] (.names)                                          0.261     1.479
[17559].in[5] (.names)                                           0.423     1.901
[17559].out[0] (.names)                                          0.261     2.162
nen21_5.in[1] (.names)                                           0.425     2.587
nen21_5.out[0] (.names)                                          0.261     2.848
[4222].in[4] (.names)                                            0.270     3.118
[4222].out[0] (.names)                                           0.261     3.379
[17924].in[1] (.names)                                           0.581     3.961
[17924].out[0] (.names)                                          0.261     4.222
[19153].in[4] (.names)                                           0.269     4.490
[19153].out[0] (.names)                                          0.261     4.751
[19157].in[2] (.names)                                           0.347     5.098
[19157].out[0] (.names)                                          0.261     5.359
[19221].in[2] (.names)                                           0.100     5.459
[19221].out[0] (.names)                                          0.261     5.720
[19227].in[2] (.names)                                           0.100     5.820
[19227].out[0] (.names)                                          0.261     6.081
[19232].in[2] (.names)                                           0.100     6.181
[19232].out[0] (.names)                                          0.261     6.442
[19215].in[2] (.names)                                           0.421     6.863
[19215].out[0] (.names)                                          0.261     7.124
[4388].in[3] (.names)                                            0.100     7.224
[4388].out[0] (.names)                                           0.261     7.485
[14624].in[4] (.names)                                           0.100     7.585
[14624].out[0] (.names)                                          0.261     7.846
[14615].D[0] (.latch)                                            0.000     7.846
data arrival time                                                          7.846

clock pclk (rise edge)                                           0.000     0.000
clock source latency                                             0.000     0.000
pclk.inpad[0] (.input)                                           0.000     0.000
[14615].clk[0] (.latch)                                          0.042     0.042
clock uncertainty                                                0.000     0.042
cell setup time                                                 -0.066    -0.024
data required time                                                        -0.024
--------------------------------------------------------------------------------
data required time                                                        -0.024
data arrival time                                                         -7.846
--------------------------------------------------------------------------------
slack (VIOLATED)                                                          -7.869


#Path 90
Startpoint: [17752].Q[0] (.latch clocked by pclk)
Endpoint  : [7010].D[0] (.latch clocked by pclk)
Path Type : setup

Point                                                             Incr      Path
--------------------------------------------------------------------------------
clock pclk (rise edge)                                           0.000     0.000
clock source latency                                             0.000     0.000
pclk.inpad[0] (.input)                                           0.000     0.000
[17752].clk[0] (.latch)                                          0.042     0.042
[17752].Q[0] (.latch) [clock-to-output]                          0.124     0.166
[5541].in[4] (.names)                                            0.367     0.533
[5541].out[0] (.names)                                           0.261     0.794
[17555].in[0] (.names)                                           0.424     1.218
[17555].out[0] (.names)                                          0.261     1.479
[17559].in[5] (.names)                                           0.423     1.901
[17559].out[0] (.names)                                          0.261     2.162
nen21_5.in[1] (.names)                                           0.425     2.587
nen21_5.out[0] (.names)                                          0.261     2.848
[4222].in[4] (.names)                                            0.270     3.118
[4222].out[0] (.names)                                           0.261     3.379
[17924].in[1] (.names)                                           0.581     3.961
[17924].out[0] (.names)                                          0.261     4.222
[19153].in[4] (.names)                                           0.269     4.490
[19153].out[0] (.names)                                          0.261     4.751
[19157].in[2] (.names)                                           0.347     5.098
[19157].out[0] (.names)                                          0.261     5.359
[19221].in[2] (.names)                                           0.100     5.459
[19221].out[0] (.names)                                          0.261     5.720
[19227].in[2] (.names)                                           0.100     5.820
[19227].out[0] (.names)                                          0.261     6.081
[19232].in[2] (.names)                                           0.100     6.181
[19232].out[0] (.names)                                          0.261     6.442
[19215].in[2] (.names)                                           0.421     6.863
[19215].out[0] (.names)                                          0.261     7.124
[4388].in[3] (.names)                                            0.100     7.224
[4388].out[0] (.names)                                           0.261     7.485
[7019].in[5] (.names)                                            0.100     7.585
[7019].out[0] (.names)                                           0.261     7.846
[7010].D[0] (.latch)                                             0.000     7.846
data arrival time                                                          7.846

clock pclk (rise edge)                                           0.000     0.000
clock source latency                                             0.000     0.000
pclk.inpad[0] (.input)                                           0.000     0.000
[7010].clk[0] (.latch)                                           0.042     0.042
clock uncertainty                                                0.000     0.042
cell setup time                                                 -0.066    -0.024
data required time                                                        -0.024
--------------------------------------------------------------------------------
data required time                                                        -0.024
data arrival time                                                         -7.846
--------------------------------------------------------------------------------
slack (VIOLATED)                                                          -7.869


#Path 91
Startpoint: [17752].Q[0] (.latch clocked by pclk)
Endpoint  : [13445].D[0] (.latch clocked by pclk)
Path Type : setup

Point                                                             Incr      Path
--------------------------------------------------------------------------------
clock pclk (rise edge)                                           0.000     0.000
clock source latency                                             0.000     0.000
pclk.inpad[0] (.input)                                           0.000     0.000
[17752].clk[0] (.latch)                                          0.042     0.042
[17752].Q[0] (.latch) [clock-to-output]                          0.124     0.166
[5541].in[4] (.names)                                            0.367     0.533
[5541].out[0] (.names)                                           0.261     0.794
[17555].in[0] (.names)                                           0.424     1.218
[17555].out[0] (.names)                                          0.261     1.479
[17559].in[5] (.names)                                           0.423     1.901
[17559].out[0] (.names)                                          0.261     2.162
nen21_5.in[1] (.names)                                           0.425     2.587
nen21_5.out[0] (.names)                                          0.261     2.848
[4222].in[4] (.names)                                            0.270     3.118
[4222].out[0] (.names)                                           0.261     3.379
[17924].in[1] (.names)                                           0.581     3.961
[17924].out[0] (.names)                                          0.261     4.222
[19153].in[4] (.names)                                           0.269     4.490
[19153].out[0] (.names)                                          0.261     4.751
[19157].in[2] (.names)                                           0.347     5.098
[19157].out[0] (.names)                                          0.261     5.359
[19221].in[2] (.names)                                           0.100     5.459
[19221].out[0] (.names)                                          0.261     5.720
[19227].in[2] (.names)                                           0.100     5.820
[19227].out[0] (.names)                                          0.261     6.081
[19232].in[2] (.names)                                           0.100     6.181
[19232].out[0] (.names)                                          0.261     6.442
[19215].in[2] (.names)                                           0.421     6.863
[19215].out[0] (.names)                                          0.261     7.124
[19068].in[5] (.names)                                           0.100     7.224
[19068].out[0] (.names)                                          0.261     7.485
[13454].in[1] (.names)                                           0.100     7.585
[13454].out[0] (.names)                                          0.261     7.846
[13445].D[0] (.latch)                                            0.000     7.846
data arrival time                                                          7.846

clock pclk (rise edge)                                           0.000     0.000
clock source latency                                             0.000     0.000
pclk.inpad[0] (.input)                                           0.000     0.000
[13445].clk[0] (.latch)                                          0.042     0.042
clock uncertainty                                                0.000     0.042
cell setup time                                                 -0.066    -0.024
data required time                                                        -0.024
--------------------------------------------------------------------------------
data required time                                                        -0.024
data arrival time                                                         -7.846
--------------------------------------------------------------------------------
slack (VIOLATED)                                                          -7.869


#Path 92
Startpoint: [17752].Q[0] (.latch clocked by pclk)
Endpoint  : [9560].D[0] (.latch clocked by pclk)
Path Type : setup

Point                                                             Incr      Path
--------------------------------------------------------------------------------
clock pclk (rise edge)                                           0.000     0.000
clock source latency                                             0.000     0.000
pclk.inpad[0] (.input)                                           0.000     0.000
[17752].clk[0] (.latch)                                          0.042     0.042
[17752].Q[0] (.latch) [clock-to-output]                          0.124     0.166
[5541].in[4] (.names)                                            0.367     0.533
[5541].out[0] (.names)                                           0.261     0.794
[17555].in[0] (.names)                                           0.424     1.218
[17555].out[0] (.names)                                          0.261     1.479
[17559].in[5] (.names)                                           0.423     1.901
[17559].out[0] (.names)                                          0.261     2.162
nen21_5.in[1] (.names)                                           0.425     2.587
nen21_5.out[0] (.names)                                          0.261     2.848
[4222].in[4] (.names)                                            0.270     3.118
[4222].out[0] (.names)                                           0.261     3.379
[17924].in[1] (.names)                                           0.581     3.961
[17924].out[0] (.names)                                          0.261     4.222
[19153].in[4] (.names)                                           0.269     4.490
[19153].out[0] (.names)                                          0.261     4.751
[19157].in[2] (.names)                                           0.347     5.098
[19157].out[0] (.names)                                          0.261     5.359
[19221].in[2] (.names)                                           0.100     5.459
[19221].out[0] (.names)                                          0.261     5.720
[19227].in[2] (.names)                                           0.100     5.820
[19227].out[0] (.names)                                          0.261     6.081
[19232].in[2] (.names)                                           0.100     6.181
[19232].out[0] (.names)                                          0.261     6.442
[19215].in[2] (.names)                                           0.421     6.863
[19215].out[0] (.names)                                          0.261     7.124
[19068].in[5] (.names)                                           0.100     7.224
[19068].out[0] (.names)                                          0.261     7.485
[9569].in[3] (.names)                                            0.100     7.585
[9569].out[0] (.names)                                           0.261     7.846
[9560].D[0] (.latch)                                             0.000     7.846
data arrival time                                                          7.846

clock pclk (rise edge)                                           0.000     0.000
clock source latency                                             0.000     0.000
pclk.inpad[0] (.input)                                           0.000     0.000
[9560].clk[0] (.latch)                                           0.042     0.042
clock uncertainty                                                0.000     0.042
cell setup time                                                 -0.066    -0.024
data required time                                                        -0.024
--------------------------------------------------------------------------------
data required time                                                        -0.024
data arrival time                                                         -7.846
--------------------------------------------------------------------------------
slack (VIOLATED)                                                          -7.869


#Path 93
Startpoint: [17752].Q[0] (.latch clocked by pclk)
Endpoint  : [8315].D[0] (.latch clocked by pclk)
Path Type : setup

Point                                                             Incr      Path
--------------------------------------------------------------------------------
clock pclk (rise edge)                                           0.000     0.000
clock source latency                                             0.000     0.000
pclk.inpad[0] (.input)                                           0.000     0.000
[17752].clk[0] (.latch)                                          0.042     0.042
[17752].Q[0] (.latch) [clock-to-output]                          0.124     0.166
[5541].in[4] (.names)                                            0.367     0.533
[5541].out[0] (.names)                                           0.261     0.794
[17555].in[0] (.names)                                           0.424     1.218
[17555].out[0] (.names)                                          0.261     1.479
[17559].in[5] (.names)                                           0.423     1.901
[17559].out[0] (.names)                                          0.261     2.162
nen21_5.in[1] (.names)                                           0.425     2.587
nen21_5.out[0] (.names)                                          0.261     2.848
[4222].in[4] (.names)                                            0.270     3.118
[4222].out[0] (.names)                                           0.261     3.379
[17924].in[1] (.names)                                           0.581     3.961
[17924].out[0] (.names)                                          0.261     4.222
[19153].in[4] (.names)                                           0.269     4.490
[19153].out[0] (.names)                                          0.261     4.751
[19157].in[2] (.names)                                           0.347     5.098
[19157].out[0] (.names)                                          0.261     5.359
[19221].in[2] (.names)                                           0.100     5.459
[19221].out[0] (.names)                                          0.261     5.720
[19227].in[2] (.names)                                           0.100     5.820
[19227].out[0] (.names)                                          0.261     6.081
[19232].in[2] (.names)                                           0.100     6.181
[19232].out[0] (.names)                                          0.261     6.442
[19215].in[2] (.names)                                           0.421     6.863
[19215].out[0] (.names)                                          0.261     7.124
[19068].in[5] (.names)                                           0.100     7.224
[19068].out[0] (.names)                                          0.261     7.485
[8324].in[3] (.names)                                            0.100     7.585
[8324].out[0] (.names)                                           0.261     7.846
[8315].D[0] (.latch)                                             0.000     7.846
data arrival time                                                          7.846

clock pclk (rise edge)                                           0.000     0.000
clock source latency                                             0.000     0.000
pclk.inpad[0] (.input)                                           0.000     0.000
[8315].clk[0] (.latch)                                           0.042     0.042
clock uncertainty                                                0.000     0.042
cell setup time                                                 -0.066    -0.024
data required time                                                        -0.024
--------------------------------------------------------------------------------
data required time                                                        -0.024
data arrival time                                                         -7.846
--------------------------------------------------------------------------------
slack (VIOLATED)                                                          -7.869


#Path 94
Startpoint: [17752].Q[0] (.latch clocked by pclk)
Endpoint  : [7580].D[0] (.latch clocked by pclk)
Path Type : setup

Point                                                             Incr      Path
--------------------------------------------------------------------------------
clock pclk (rise edge)                                           0.000     0.000
clock source latency                                             0.000     0.000
pclk.inpad[0] (.input)                                           0.000     0.000
[17752].clk[0] (.latch)                                          0.042     0.042
[17752].Q[0] (.latch) [clock-to-output]                          0.124     0.166
[5541].in[4] (.names)                                            0.367     0.533
[5541].out[0] (.names)                                           0.261     0.794
[17555].in[0] (.names)                                           0.424     1.218
[17555].out[0] (.names)                                          0.261     1.479
[17559].in[5] (.names)                                           0.423     1.901
[17559].out[0] (.names)                                          0.261     2.162
nen21_5.in[1] (.names)                                           0.425     2.587
nen21_5.out[0] (.names)                                          0.261     2.848
[4222].in[4] (.names)                                            0.270     3.118
[4222].out[0] (.names)                                           0.261     3.379
[17924].in[1] (.names)                                           0.581     3.961
[17924].out[0] (.names)                                          0.261     4.222
[19153].in[4] (.names)                                           0.269     4.490
[19153].out[0] (.names)                                          0.261     4.751
[19157].in[2] (.names)                                           0.347     5.098
[19157].out[0] (.names)                                          0.261     5.359
[19221].in[2] (.names)                                           0.100     5.459
[19221].out[0] (.names)                                          0.261     5.720
[19227].in[2] (.names)                                           0.100     5.820
[19227].out[0] (.names)                                          0.261     6.081
[19232].in[2] (.names)                                           0.100     6.181
[19232].out[0] (.names)                                          0.261     6.442
[19215].in[2] (.names)                                           0.421     6.863
[19215].out[0] (.names)                                          0.261     7.124
[19068].in[5] (.names)                                           0.100     7.224
[19068].out[0] (.names)                                          0.261     7.485
[7589].in[4] (.names)                                            0.100     7.585
[7589].out[0] (.names)                                           0.261     7.846
[7580].D[0] (.latch)                                             0.000     7.846
data arrival time                                                          7.846

clock pclk (rise edge)                                           0.000     0.000
clock source latency                                             0.000     0.000
pclk.inpad[0] (.input)                                           0.000     0.000
[7580].clk[0] (.latch)                                           0.042     0.042
clock uncertainty                                                0.000     0.042
cell setup time                                                 -0.066    -0.024
data required time                                                        -0.024
--------------------------------------------------------------------------------
data required time                                                        -0.024
data arrival time                                                         -7.846
--------------------------------------------------------------------------------
slack (VIOLATED)                                                          -7.869


#Path 95
Startpoint: [17752].Q[0] (.latch clocked by pclk)
Endpoint  : [10190].D[0] (.latch clocked by pclk)
Path Type : setup

Point                                                             Incr      Path
--------------------------------------------------------------------------------
clock pclk (rise edge)                                           0.000     0.000
clock source latency                                             0.000     0.000
pclk.inpad[0] (.input)                                           0.000     0.000
[17752].clk[0] (.latch)                                          0.042     0.042
[17752].Q[0] (.latch) [clock-to-output]                          0.124     0.166
[5541].in[4] (.names)                                            0.367     0.533
[5541].out[0] (.names)                                           0.261     0.794
[17555].in[0] (.names)                                           0.424     1.218
[17555].out[0] (.names)                                          0.261     1.479
[17559].in[5] (.names)                                           0.423     1.901
[17559].out[0] (.names)                                          0.261     2.162
nen21_5.in[1] (.names)                                           0.425     2.587
nen21_5.out[0] (.names)                                          0.261     2.848
[4222].in[4] (.names)                                            0.270     3.118
[4222].out[0] (.names)                                           0.261     3.379
[17924].in[1] (.names)                                           0.581     3.961
[17924].out[0] (.names)                                          0.261     4.222
[19153].in[4] (.names)                                           0.269     4.490
[19153].out[0] (.names)                                          0.261     4.751
[19157].in[2] (.names)                                           0.347     5.098
[19157].out[0] (.names)                                          0.261     5.359
[19221].in[2] (.names)                                           0.100     5.459
[19221].out[0] (.names)                                          0.261     5.720
[19227].in[2] (.names)                                           0.100     5.820
[19227].out[0] (.names)                                          0.261     6.081
[19232].in[2] (.names)                                           0.100     6.181
[19232].out[0] (.names)                                          0.261     6.442
[19215].in[2] (.names)                                           0.421     6.863
[19215].out[0] (.names)                                          0.261     7.124
[10199].in[4] (.names)                                           0.425     7.548
[10199].out[0] (.names)                                          0.261     7.809
[10190].D[0] (.latch)                                            0.000     7.809
data arrival time                                                          7.809

clock pclk (rise edge)                                           0.000     0.000
clock source latency                                             0.000     0.000
pclk.inpad[0] (.input)                                           0.000     0.000
[10190].clk[0] (.latch)                                          0.042     0.042
clock uncertainty                                                0.000     0.042
cell setup time                                                 -0.066    -0.024
data required time                                                        -0.024
--------------------------------------------------------------------------------
data required time                                                        -0.024
data arrival time                                                         -7.809
--------------------------------------------------------------------------------
slack (VIOLATED)                                                          -7.833


#Path 96
Startpoint: [17752].Q[0] (.latch clocked by pclk)
Endpoint  : [10415].D[0] (.latch clocked by pclk)
Path Type : setup

Point                                                             Incr      Path
--------------------------------------------------------------------------------
clock pclk (rise edge)                                           0.000     0.000
clock source latency                                             0.000     0.000
pclk.inpad[0] (.input)                                           0.000     0.000
[17752].clk[0] (.latch)                                          0.042     0.042
[17752].Q[0] (.latch) [clock-to-output]                          0.124     0.166
[5541].in[4] (.names)                                            0.367     0.533
[5541].out[0] (.names)                                           0.261     0.794
[17555].in[0] (.names)                                           0.424     1.218
[17555].out[0] (.names)                                          0.261     1.479
[17559].in[5] (.names)                                           0.423     1.901
[17559].out[0] (.names)                                          0.261     2.162
nen21_5.in[1] (.names)                                           0.425     2.587
nen21_5.out[0] (.names)                                          0.261     2.848
[4222].in[4] (.names)                                            0.270     3.118
[4222].out[0] (.names)                                           0.261     3.379
[17924].in[1] (.names)                                           0.581     3.961
[17924].out[0] (.names)                                          0.261     4.222
[19153].in[4] (.names)                                           0.269     4.490
[19153].out[0] (.names)                                          0.261     4.751
[19157].in[2] (.names)                                           0.347     5.098
[19157].out[0] (.names)                                          0.261     5.359
[19221].in[2] (.names)                                           0.100     5.459
[19221].out[0] (.names)                                          0.261     5.720
[19227].in[2] (.names)                                           0.100     5.820
[19227].out[0] (.names)                                          0.261     6.081
[19232].in[2] (.names)                                           0.100     6.181
[19232].out[0] (.names)                                          0.261     6.442
[19091].in[5] (.names)                                           0.497     6.939
[19091].out[0] (.names)                                          0.261     7.200
[10424].in[3] (.names)                                           0.347     7.547
[10424].out[0] (.names)                                          0.261     7.808
[10415].D[0] (.latch)                                            0.000     7.808
data arrival time                                                          7.808

clock pclk (rise edge)                                           0.000     0.000
clock source latency                                             0.000     0.000
pclk.inpad[0] (.input)                                           0.000     0.000
[10415].clk[0] (.latch)                                          0.042     0.042
clock uncertainty                                                0.000     0.042
cell setup time                                                 -0.066    -0.024
data required time                                                        -0.024
--------------------------------------------------------------------------------
data required time                                                        -0.024
data arrival time                                                         -7.808
--------------------------------------------------------------------------------
slack (VIOLATED)                                                          -7.831


#Path 97
Startpoint: [17752].Q[0] (.latch clocked by pclk)
Endpoint  : [15065].D[0] (.latch clocked by pclk)
Path Type : setup

Point                                                             Incr      Path
--------------------------------------------------------------------------------
clock pclk (rise edge)                                           0.000     0.000
clock source latency                                             0.000     0.000
pclk.inpad[0] (.input)                                           0.000     0.000
[17752].clk[0] (.latch)                                          0.042     0.042
[17752].Q[0] (.latch) [clock-to-output]                          0.124     0.166
[5541].in[4] (.names)                                            0.367     0.533
[5541].out[0] (.names)                                           0.261     0.794
[17555].in[0] (.names)                                           0.424     1.218
[17555].out[0] (.names)                                          0.261     1.479
[17559].in[5] (.names)                                           0.423     1.901
[17559].out[0] (.names)                                          0.261     2.162
nen21_5.in[1] (.names)                                           0.425     2.587
nen21_5.out[0] (.names)                                          0.261     2.848
[4222].in[4] (.names)                                            0.270     3.118
[4222].out[0] (.names)                                           0.261     3.379
[17924].in[1] (.names)                                           0.581     3.961
[17924].out[0] (.names)                                          0.261     4.222
[19153].in[4] (.names)                                           0.269     4.490
[19153].out[0] (.names)                                          0.261     4.751
[19157].in[2] (.names)                                           0.347     5.098
[19157].out[0] (.names)                                          0.261     5.359
[19221].in[2] (.names)                                           0.100     5.459
[19221].out[0] (.names)                                          0.261     5.720
[19227].in[2] (.names)                                           0.100     5.820
[19227].out[0] (.names)                                          0.261     6.081
[19232].in[2] (.names)                                           0.100     6.181
[19232].out[0] (.names)                                          0.261     6.442
[19091].in[5] (.names)                                           0.497     6.939
[19091].out[0] (.names)                                          0.261     7.200
[15074].in[3] (.names)                                           0.347     7.547
[15074].out[0] (.names)                                          0.261     7.808
[15065].D[0] (.latch)                                            0.000     7.808
data arrival time                                                          7.808

clock pclk (rise edge)                                           0.000     0.000
clock source latency                                             0.000     0.000
pclk.inpad[0] (.input)                                           0.000     0.000
[15065].clk[0] (.latch)                                          0.042     0.042
clock uncertainty                                                0.000     0.042
cell setup time                                                 -0.066    -0.024
data required time                                                        -0.024
--------------------------------------------------------------------------------
data required time                                                        -0.024
data arrival time                                                         -7.808
--------------------------------------------------------------------------------
slack (VIOLATED)                                                          -7.831


#Path 98
Startpoint: [17752].Q[0] (.latch clocked by pclk)
Endpoint  : [8885].D[0] (.latch clocked by pclk)
Path Type : setup

Point                                                             Incr      Path
--------------------------------------------------------------------------------
clock pclk (rise edge)                                           0.000     0.000
clock source latency                                             0.000     0.000
pclk.inpad[0] (.input)                                           0.000     0.000
[17752].clk[0] (.latch)                                          0.042     0.042
[17752].Q[0] (.latch) [clock-to-output]                          0.124     0.166
[5541].in[4] (.names)                                            0.367     0.533
[5541].out[0] (.names)                                           0.261     0.794
[17555].in[0] (.names)                                           0.424     1.218
[17555].out[0] (.names)                                          0.261     1.479
[17559].in[5] (.names)                                           0.423     1.901
[17559].out[0] (.names)                                          0.261     2.162
nen21_5.in[1] (.names)                                           0.425     2.587
nen21_5.out[0] (.names)                                          0.261     2.848
[4222].in[4] (.names)                                            0.270     3.118
[4222].out[0] (.names)                                           0.261     3.379
[17924].in[1] (.names)                                           0.581     3.961
[17924].out[0] (.names)                                          0.261     4.222
[19153].in[4] (.names)                                           0.269     4.490
[19153].out[0] (.names)                                          0.261     4.751
[19157].in[2] (.names)                                           0.347     5.098
[19157].out[0] (.names)                                          0.261     5.359
[19221].in[2] (.names)                                           0.100     5.459
[19221].out[0] (.names)                                          0.261     5.720
[19227].in[2] (.names)                                           0.100     5.820
[19227].out[0] (.names)                                          0.261     6.081
[19232].in[2] (.names)                                           0.100     6.181
[19232].out[0] (.names)                                          0.261     6.442
[19215].in[2] (.names)                                           0.421     6.863
[19215].out[0] (.names)                                          0.261     7.124
[8894].in[4] (.names)                                            0.421     7.545
[8894].out[0] (.names)                                           0.261     7.806
[8885].D[0] (.latch)                                             0.000     7.806
data arrival time                                                          7.806

clock pclk (rise edge)                                           0.000     0.000
clock source latency                                             0.000     0.000
pclk.inpad[0] (.input)                                           0.000     0.000
[8885].clk[0] (.latch)                                           0.042     0.042
clock uncertainty                                                0.000     0.042
cell setup time                                                 -0.066    -0.024
data required time                                                        -0.024
--------------------------------------------------------------------------------
data required time                                                        -0.024
data arrival time                                                         -7.806
--------------------------------------------------------------------------------
slack (VIOLATED)                                                          -7.829


#Path 99
Startpoint: [17752].Q[0] (.latch clocked by pclk)
Endpoint  : [10955].D[0] (.latch clocked by pclk)
Path Type : setup

Point                                                             Incr      Path
--------------------------------------------------------------------------------
clock pclk (rise edge)                                           0.000     0.000
clock source latency                                             0.000     0.000
pclk.inpad[0] (.input)                                           0.000     0.000
[17752].clk[0] (.latch)                                          0.042     0.042
[17752].Q[0] (.latch) [clock-to-output]                          0.124     0.166
[5541].in[4] (.names)                                            0.367     0.533
[5541].out[0] (.names)                                           0.261     0.794
[17555].in[0] (.names)                                           0.424     1.218
[17555].out[0] (.names)                                          0.261     1.479
[17559].in[5] (.names)                                           0.423     1.901
[17559].out[0] (.names)                                          0.261     2.162
nen21_5.in[1] (.names)                                           0.425     2.587
nen21_5.out[0] (.names)                                          0.261     2.848
[4222].in[4] (.names)                                            0.270     3.118
[4222].out[0] (.names)                                           0.261     3.379
[17924].in[1] (.names)                                           0.581     3.961
[17924].out[0] (.names)                                          0.261     4.222
[19153].in[4] (.names)                                           0.269     4.490
[19153].out[0] (.names)                                          0.261     4.751
[19157].in[2] (.names)                                           0.347     5.098
[19157].out[0] (.names)                                          0.261     5.359
[19221].in[2] (.names)                                           0.100     5.459
[19221].out[0] (.names)                                          0.261     5.720
[19227].in[2] (.names)                                           0.100     5.820
[19227].out[0] (.names)                                          0.261     6.081
[19232].in[2] (.names)                                           0.100     6.181
[19232].out[0] (.names)                                          0.261     6.442
[19215].in[2] (.names)                                           0.421     6.863
[19215].out[0] (.names)                                          0.261     7.124
[10964].in[4] (.names)                                           0.421     7.545
[10964].out[0] (.names)                                          0.261     7.806
[10955].D[0] (.latch)                                            0.000     7.806
data arrival time                                                          7.806

clock pclk (rise edge)                                           0.000     0.000
clock source latency                                             0.000     0.000
pclk.inpad[0] (.input)                                           0.000     0.000
[10955].clk[0] (.latch)                                          0.042     0.042
clock uncertainty                                                0.000     0.042
cell setup time                                                 -0.066    -0.024
data required time                                                        -0.024
--------------------------------------------------------------------------------
data required time                                                        -0.024
data arrival time                                                         -7.806
--------------------------------------------------------------------------------
slack (VIOLATED)                                                          -7.829


#Path 100
Startpoint: [17752].Q[0] (.latch clocked by pclk)
Endpoint  : paddress_0_0_.D[0] (.latch clocked by pclk)
Path Type : setup

Point                                                             Incr      Path
--------------------------------------------------------------------------------
clock pclk (rise edge)                                           0.000     0.000
clock source latency                                             0.000     0.000
pclk.inpad[0] (.input)                                           0.000     0.000
[17752].clk[0] (.latch)                                          0.042     0.042
[17752].Q[0] (.latch) [clock-to-output]                          0.124     0.166
[5541].in[4] (.names)                                            0.367     0.533
[5541].out[0] (.names)                                           0.261     0.794
[17555].in[0] (.names)                                           0.424     1.218
[17555].out[0] (.names)                                          0.261     1.479
[17559].in[5] (.names)                                           0.423     1.901
[17559].out[0] (.names)                                          0.261     2.162
nen17_4.in[1] (.names)                                           0.423     2.585
nen17_4.out[0] (.names)                                          0.261     2.846
[4234].in[3] (.names)                                            1.427     4.273
[4234].out[0] (.names)                                           0.261     4.534
[4303].in[2] (.names)                                            0.736     5.271
[4303].out[0] (.names)                                           0.261     5.532
[2067].in[4] (.names)                                            0.729     6.261
[2067].out[0] (.names)                                           0.261     6.522
[19019].in[0] (.names)                                           0.657     7.178
[19019].out[0] (.names)                                          0.261     7.439
[18269].in[5] (.names)                                           0.100     7.539
[18269].out[0] (.names)                                          0.261     7.800
paddress_0_0_.D[0] (.latch)                                      0.000     7.800
data arrival time                                                          7.800

clock pclk (rise edge)                                           0.000     0.000
clock source latency                                             0.000     0.000
pclk.inpad[0] (.input)                                           0.000     0.000
paddress_0_0_.clk[0] (.latch)                                    0.042     0.042
clock uncertainty                                                0.000     0.042
cell setup time                                                 -0.066    -0.024
data required time                                                        -0.024
--------------------------------------------------------------------------------
data required time                                                        -0.024
data arrival time                                                         -7.800
--------------------------------------------------------------------------------
slack (VIOLATED)                                                          -7.824


#End of timing report
