#Timing report of worst 100 path(s)
# Unit scale: 1e-09 seconds
# Output precision: 3

#Path 1
Startpoint: [17752].Q[0] (.latch clocked by pclk)
Endpoint  : [8735].D[0] (.latch clocked by pclk)
Path Type : setup

Point                                                             Incr      Path
--------------------------------------------------------------------------------
clock pclk (rise edge)                                           0.000     0.000
clock source latency                                             0.000     0.000
pclk.inpad[0] (.input)                                           0.000     0.000
[17752].clk[0] (.latch)                                          0.042     0.042
[17752].Q[0] (.latch) [clock-to-output]                          0.124     0.166
[5541].in[4] (.names)                                            0.359     0.525
[5541].out[0] (.names)                                           0.261     0.786
[17555].in[0] (.names)                                           0.332     1.119
[17555].out[0] (.names)                                          0.261     1.380
[17559].in[5] (.names)                                           0.336     1.716
[17559].out[0] (.names)                                          0.261     1.977
nrq20_3.in[0] (.names)                                           0.608     2.585
nrq20_3.out[0] (.names)                                          0.261     2.846
[4265].in[1] (.names)                                            0.476     3.321
[4265].out[0] (.names)                                           0.261     3.582
[17744].in[0] (.names)                                           0.332     3.915
[17744].out[0] (.names)                                          0.261     4.176
[4442].in[4] (.names)                                            0.340     4.516
[4442].out[0] (.names)                                           0.261     4.777
[5173].in[3] (.names)                                            0.328     5.105
[5173].out[0] (.names)                                           0.261     5.366
[19520].in[4] (.names)                                           0.328     5.694
[19520].out[0] (.names)                                          0.261     5.955
[5162].in[4] (.names)                                            0.332     6.287
[5162].out[0] (.names)                                           0.261     6.548
[19490].in[4] (.names)                                           0.332     6.881
[19490].out[0] (.names)                                          0.261     7.142
[19367].in[3] (.names)                                           0.336     7.477
[19367].out[0] (.names)                                          0.261     7.738
[8744].in[2] (.names)                                            0.770     8.508
[8744].out[0] (.names)                                           0.261     8.769
[8735].D[0] (.latch)                                             0.000     8.769
data arrival time                                                          8.769

clock pclk (rise edge)                                           0.000     0.000
clock source latency                                             0.000     0.000
pclk.inpad[0] (.input)                                           0.000     0.000
[8735].clk[0] (.latch)                                           0.042     0.042
clock uncertainty                                                0.000     0.042
cell setup time                                                 -0.066    -0.024
data required time                                                        -0.024
--------------------------------------------------------------------------------
data required time                                                        -0.024
data arrival time                                                         -8.769
--------------------------------------------------------------------------------
slack (VIOLATED)                                                          -8.793


#Path 2
Startpoint: [17752].Q[0] (.latch clocked by pclk)
Endpoint  : [5435].D[0] (.latch clocked by pclk)
Path Type : setup

Point                                                             Incr      Path
--------------------------------------------------------------------------------
clock pclk (rise edge)                                           0.000     0.000
clock source latency                                             0.000     0.000
pclk.inpad[0] (.input)                                           0.000     0.000
[17752].clk[0] (.latch)                                          0.042     0.042
[17752].Q[0] (.latch) [clock-to-output]                          0.124     0.166
[5541].in[4] (.names)                                            0.359     0.525
[5541].out[0] (.names)                                           0.261     0.786
[17555].in[0] (.names)                                           0.332     1.119
[17555].out[0] (.names)                                          0.261     1.380
[17559].in[5] (.names)                                           0.336     1.716
[17559].out[0] (.names)                                          0.261     1.977
nrq20_3.in[0] (.names)                                           0.608     2.585
nrq20_3.out[0] (.names)                                          0.261     2.846
[4265].in[1] (.names)                                            0.476     3.321
[4265].out[0] (.names)                                           0.261     3.582
[17744].in[0] (.names)                                           0.332     3.915
[17744].out[0] (.names)                                          0.261     4.176
[4442].in[4] (.names)                                            0.340     4.516
[4442].out[0] (.names)                                           0.261     4.777
[5173].in[3] (.names)                                            0.328     5.105
[5173].out[0] (.names)                                           0.261     5.366
[19520].in[4] (.names)                                           0.328     5.694
[19520].out[0] (.names)                                          0.261     5.955
[5162].in[4] (.names)                                            0.332     6.287
[5162].out[0] (.names)                                           0.261     6.548
[19490].in[4] (.names)                                           0.332     6.881
[19490].out[0] (.names)                                          0.261     7.142
[19367].in[3] (.names)                                           0.336     7.477
[19367].out[0] (.names)                                          0.261     7.738
[5444].in[3] (.names)                                            0.770     8.508
[5444].out[0] (.names)                                           0.261     8.769
[5435].D[0] (.latch)                                             0.000     8.769
data arrival time                                                          8.769

clock pclk (rise edge)                                           0.000     0.000
clock source latency                                             0.000     0.000
pclk.inpad[0] (.input)                                           0.000     0.000
[5435].clk[0] (.latch)                                           0.042     0.042
clock uncertainty                                                0.000     0.042
cell setup time                                                 -0.066    -0.024
data required time                                                        -0.024
--------------------------------------------------------------------------------
data required time                                                        -0.024
data arrival time                                                         -8.769
--------------------------------------------------------------------------------
slack (VIOLATED)                                                          -8.793


#Path 3
Startpoint: [17752].Q[0] (.latch clocked by pclk)
Endpoint  : [11375].D[0] (.latch clocked by pclk)
Path Type : setup

Point                                                             Incr      Path
--------------------------------------------------------------------------------
clock pclk (rise edge)                                           0.000     0.000
clock source latency                                             0.000     0.000
pclk.inpad[0] (.input)                                           0.000     0.000
[17752].clk[0] (.latch)                                          0.042     0.042
[17752].Q[0] (.latch) [clock-to-output]                          0.124     0.166
[5541].in[4] (.names)                                            0.359     0.525
[5541].out[0] (.names)                                           0.261     0.786
[17555].in[0] (.names)                                           0.332     1.119
[17555].out[0] (.names)                                          0.261     1.380
[17559].in[5] (.names)                                           0.336     1.716
[17559].out[0] (.names)                                          0.261     1.977
nrq20_3.in[0] (.names)                                           0.608     2.585
nrq20_3.out[0] (.names)                                          0.261     2.846
[4265].in[1] (.names)                                            0.476     3.321
[4265].out[0] (.names)                                           0.261     3.582
[17744].in[0] (.names)                                           0.332     3.915
[17744].out[0] (.names)                                          0.261     4.176
[4442].in[4] (.names)                                            0.340     4.516
[4442].out[0] (.names)                                           0.261     4.777
[5173].in[3] (.names)                                            0.328     5.105
[5173].out[0] (.names)                                           0.261     5.366
[19520].in[4] (.names)                                           0.328     5.694
[19520].out[0] (.names)                                          0.261     5.955
[5162].in[4] (.names)                                            0.332     6.287
[5162].out[0] (.names)                                           0.261     6.548
[19490].in[4] (.names)                                           0.332     6.881
[19490].out[0] (.names)                                          0.261     7.142
[19367].in[3] (.names)                                           0.336     7.477
[19367].out[0] (.names)                                          0.261     7.738
[11384].in[2] (.names)                                           0.770     8.508
[11384].out[0] (.names)                                          0.261     8.769
[11375].D[0] (.latch)                                            0.000     8.769
data arrival time                                                          8.769

clock pclk (rise edge)                                           0.000     0.000
clock source latency                                             0.000     0.000
pclk.inpad[0] (.input)                                           0.000     0.000
[11375].clk[0] (.latch)                                          0.042     0.042
clock uncertainty                                                0.000     0.042
cell setup time                                                 -0.066    -0.024
data required time                                                        -0.024
--------------------------------------------------------------------------------
data required time                                                        -0.024
data arrival time                                                         -8.769
--------------------------------------------------------------------------------
slack (VIOLATED)                                                          -8.793


#Path 4
Startpoint: [17752].Q[0] (.latch clocked by pclk)
Endpoint  : [13070].D[0] (.latch clocked by pclk)
Path Type : setup

Point                                                             Incr      Path
--------------------------------------------------------------------------------
clock pclk (rise edge)                                           0.000     0.000
clock source latency                                             0.000     0.000
pclk.inpad[0] (.input)                                           0.000     0.000
[17752].clk[0] (.latch)                                          0.042     0.042
[17752].Q[0] (.latch) [clock-to-output]                          0.124     0.166
[5541].in[4] (.names)                                            0.359     0.525
[5541].out[0] (.names)                                           0.261     0.786
[17555].in[0] (.names)                                           0.332     1.119
[17555].out[0] (.names)                                          0.261     1.380
[17559].in[5] (.names)                                           0.336     1.716
[17559].out[0] (.names)                                          0.261     1.977
nrq20_3.in[0] (.names)                                           0.608     2.585
nrq20_3.out[0] (.names)                                          0.261     2.846
[4265].in[1] (.names)                                            0.476     3.321
[4265].out[0] (.names)                                           0.261     3.582
[17744].in[0] (.names)                                           0.332     3.915
[17744].out[0] (.names)                                          0.261     4.176
[4442].in[4] (.names)                                            0.340     4.516
[4442].out[0] (.names)                                           0.261     4.777
[5173].in[3] (.names)                                            0.328     5.105
[5173].out[0] (.names)                                           0.261     5.366
[19520].in[4] (.names)                                           0.328     5.694
[19520].out[0] (.names)                                          0.261     5.955
[5162].in[4] (.names)                                            0.332     6.287
[5162].out[0] (.names)                                           0.261     6.548
[19490].in[4] (.names)                                           0.332     6.881
[19490].out[0] (.names)                                          0.261     7.142
[19367].in[3] (.names)                                           0.336     7.477
[19367].out[0] (.names)                                          0.261     7.738
[13079].in[2] (.names)                                           0.770     8.508
[13079].out[0] (.names)                                          0.261     8.769
[13070].D[0] (.latch)                                            0.000     8.769
data arrival time                                                          8.769

clock pclk (rise edge)                                           0.000     0.000
clock source latency                                             0.000     0.000
pclk.inpad[0] (.input)                                           0.000     0.000
[13070].clk[0] (.latch)                                          0.042     0.042
clock uncertainty                                                0.000     0.042
cell setup time                                                 -0.066    -0.024
data required time                                                        -0.024
--------------------------------------------------------------------------------
data required time                                                        -0.024
data arrival time                                                         -8.769
--------------------------------------------------------------------------------
slack (VIOLATED)                                                          -8.793


#Path 5
Startpoint: [17752].Q[0] (.latch clocked by pclk)
Endpoint  : [16070].D[0] (.latch clocked by pclk)
Path Type : setup

Point                                                             Incr      Path
--------------------------------------------------------------------------------
clock pclk (rise edge)                                           0.000     0.000
clock source latency                                             0.000     0.000
pclk.inpad[0] (.input)                                           0.000     0.000
[17752].clk[0] (.latch)                                          0.042     0.042
[17752].Q[0] (.latch) [clock-to-output]                          0.124     0.166
[5541].in[4] (.names)                                            0.359     0.525
[5541].out[0] (.names)                                           0.261     0.786
[17555].in[0] (.names)                                           0.332     1.119
[17555].out[0] (.names)                                          0.261     1.380
[17559].in[5] (.names)                                           0.336     1.716
[17559].out[0] (.names)                                          0.261     1.977
nrq20_3.in[0] (.names)                                           0.608     2.585
nrq20_3.out[0] (.names)                                          0.261     2.846
[4265].in[1] (.names)                                            0.476     3.321
[4265].out[0] (.names)                                           0.261     3.582
[17744].in[0] (.names)                                           0.332     3.915
[17744].out[0] (.names)                                          0.261     4.176
[4442].in[4] (.names)                                            0.340     4.516
[4442].out[0] (.names)                                           0.261     4.777
[5173].in[3] (.names)                                            0.328     5.105
[5173].out[0] (.names)                                           0.261     5.366
[19520].in[4] (.names)                                           0.328     5.694
[19520].out[0] (.names)                                          0.261     5.955
[5162].in[4] (.names)                                            0.332     6.287
[5162].out[0] (.names)                                           0.261     6.548
[19490].in[4] (.names)                                           0.332     6.881
[19490].out[0] (.names)                                          0.261     7.142
[19367].in[3] (.names)                                           0.336     7.477
[19367].out[0] (.names)                                          0.261     7.738
[16079].in[2] (.names)                                           0.770     8.508
[16079].out[0] (.names)                                          0.261     8.769
[16070].D[0] (.latch)                                            0.000     8.769
data arrival time                                                          8.769

clock pclk (rise edge)                                           0.000     0.000
clock source latency                                             0.000     0.000
pclk.inpad[0] (.input)                                           0.000     0.000
[16070].clk[0] (.latch)                                          0.042     0.042
clock uncertainty                                                0.000     0.042
cell setup time                                                 -0.066    -0.024
data required time                                                        -0.024
--------------------------------------------------------------------------------
data required time                                                        -0.024
data arrival time                                                         -8.769
--------------------------------------------------------------------------------
slack (VIOLATED)                                                          -8.793


#Path 6
Startpoint: [17752].Q[0] (.latch clocked by pclk)
Endpoint  : [13370].D[0] (.latch clocked by pclk)
Path Type : setup

Point                                                             Incr      Path
--------------------------------------------------------------------------------
clock pclk (rise edge)                                           0.000     0.000
clock source latency                                             0.000     0.000
pclk.inpad[0] (.input)                                           0.000     0.000
[17752].clk[0] (.latch)                                          0.042     0.042
[17752].Q[0] (.latch) [clock-to-output]                          0.124     0.166
[5541].in[4] (.names)                                            0.359     0.525
[5541].out[0] (.names)                                           0.261     0.786
[17555].in[0] (.names)                                           0.332     1.119
[17555].out[0] (.names)                                          0.261     1.380
[17559].in[5] (.names)                                           0.336     1.716
[17559].out[0] (.names)                                          0.261     1.977
nrq20_3.in[0] (.names)                                           0.608     2.585
nrq20_3.out[0] (.names)                                          0.261     2.846
[4265].in[1] (.names)                                            0.476     3.321
[4265].out[0] (.names)                                           0.261     3.582
[17744].in[0] (.names)                                           0.332     3.915
[17744].out[0] (.names)                                          0.261     4.176
[4442].in[4] (.names)                                            0.340     4.516
[4442].out[0] (.names)                                           0.261     4.777
[5173].in[3] (.names)                                            0.328     5.105
[5173].out[0] (.names)                                           0.261     5.366
[19520].in[4] (.names)                                           0.328     5.694
[19520].out[0] (.names)                                          0.261     5.955
[5162].in[4] (.names)                                            0.332     6.287
[5162].out[0] (.names)                                           0.261     6.548
[19490].in[4] (.names)                                           0.332     6.881
[19490].out[0] (.names)                                          0.261     7.142
[19367].in[3] (.names)                                           0.336     7.477
[19367].out[0] (.names)                                          0.261     7.738
[13379].in[2] (.names)                                           0.770     8.508
[13379].out[0] (.names)                                          0.261     8.769
[13370].D[0] (.latch)                                            0.000     8.769
data arrival time                                                          8.769

clock pclk (rise edge)                                           0.000     0.000
clock source latency                                             0.000     0.000
pclk.inpad[0] (.input)                                           0.000     0.000
[13370].clk[0] (.latch)                                          0.042     0.042
clock uncertainty                                                0.000     0.042
cell setup time                                                 -0.066    -0.024
data required time                                                        -0.024
--------------------------------------------------------------------------------
data required time                                                        -0.024
data arrival time                                                         -8.769
--------------------------------------------------------------------------------
slack (VIOLATED)                                                          -8.793


#Path 7
Startpoint: [17752].Q[0] (.latch clocked by pclk)
Endpoint  : [6215].D[0] (.latch clocked by pclk)
Path Type : setup

Point                                                             Incr      Path
--------------------------------------------------------------------------------
clock pclk (rise edge)                                           0.000     0.000
clock source latency                                             0.000     0.000
pclk.inpad[0] (.input)                                           0.000     0.000
[17752].clk[0] (.latch)                                          0.042     0.042
[17752].Q[0] (.latch) [clock-to-output]                          0.124     0.166
[5541].in[4] (.names)                                            0.359     0.525
[5541].out[0] (.names)                                           0.261     0.786
[17555].in[0] (.names)                                           0.332     1.119
[17555].out[0] (.names)                                          0.261     1.380
[17559].in[5] (.names)                                           0.336     1.716
[17559].out[0] (.names)                                          0.261     1.977
nrq20_3.in[0] (.names)                                           0.608     2.585
nrq20_3.out[0] (.names)                                          0.261     2.846
[4265].in[1] (.names)                                            0.476     3.321
[4265].out[0] (.names)                                           0.261     3.582
[17744].in[0] (.names)                                           0.332     3.915
[17744].out[0] (.names)                                          0.261     4.176
[4442].in[4] (.names)                                            0.340     4.516
[4442].out[0] (.names)                                           0.261     4.777
[5173].in[3] (.names)                                            0.328     5.105
[5173].out[0] (.names)                                           0.261     5.366
[19520].in[4] (.names)                                           0.328     5.694
[19520].out[0] (.names)                                          0.261     5.955
[5162].in[4] (.names)                                            0.332     6.287
[5162].out[0] (.names)                                           0.261     6.548
[19490].in[4] (.names)                                           0.332     6.881
[19490].out[0] (.names)                                          0.261     7.142
[19367].in[3] (.names)                                           0.336     7.477
[19367].out[0] (.names)                                          0.261     7.738
[6224].in[3] (.names)                                            0.482     8.221
[6224].out[0] (.names)                                           0.261     8.482
[6215].D[0] (.latch)                                             0.000     8.482
data arrival time                                                          8.482

clock pclk (rise edge)                                           0.000     0.000
clock source latency                                             0.000     0.000
pclk.inpad[0] (.input)                                           0.000     0.000
[6215].clk[0] (.latch)                                           0.042     0.042
clock uncertainty                                                0.000     0.042
cell setup time                                                 -0.066    -0.024
data required time                                                        -0.024
--------------------------------------------------------------------------------
data required time                                                        -0.024
data arrival time                                                         -8.482
--------------------------------------------------------------------------------
slack (VIOLATED)                                                          -8.505


#Path 8
Startpoint: [17752].Q[0] (.latch clocked by pclk)
Endpoint  : [10340].D[0] (.latch clocked by pclk)
Path Type : setup

Point                                                             Incr      Path
--------------------------------------------------------------------------------
clock pclk (rise edge)                                           0.000     0.000
clock source latency                                             0.000     0.000
pclk.inpad[0] (.input)                                           0.000     0.000
[17752].clk[0] (.latch)                                          0.042     0.042
[17752].Q[0] (.latch) [clock-to-output]                          0.124     0.166
[5541].in[4] (.names)                                            0.359     0.525
[5541].out[0] (.names)                                           0.261     0.786
[17555].in[0] (.names)                                           0.332     1.119
[17555].out[0] (.names)                                          0.261     1.380
[17559].in[5] (.names)                                           0.336     1.716
[17559].out[0] (.names)                                          0.261     1.977
nrq20_3.in[0] (.names)                                           0.608     2.585
nrq20_3.out[0] (.names)                                          0.261     2.846
[4265].in[1] (.names)                                            0.476     3.321
[4265].out[0] (.names)                                           0.261     3.582
[17744].in[0] (.names)                                           0.332     3.915
[17744].out[0] (.names)                                          0.261     4.176
[4442].in[4] (.names)                                            0.340     4.516
[4442].out[0] (.names)                                           0.261     4.777
[5173].in[3] (.names)                                            0.328     5.105
[5173].out[0] (.names)                                           0.261     5.366
[19520].in[4] (.names)                                           0.328     5.694
[19520].out[0] (.names)                                          0.261     5.955
[5162].in[4] (.names)                                            0.332     6.287
[5162].out[0] (.names)                                           0.261     6.548
[19490].in[4] (.names)                                           0.332     6.881
[19490].out[0] (.names)                                          0.261     7.142
[3481].in[4] (.names)                                            0.336     7.477
[3481].out[0] (.names)                                           0.261     7.738
[10349].in[4] (.names)                                           0.339     8.078
[10349].out[0] (.names)                                          0.261     8.339
[10340].D[0] (.latch)                                            0.000     8.339
data arrival time                                                          8.339

clock pclk (rise edge)                                           0.000     0.000
clock source latency                                             0.000     0.000
pclk.inpad[0] (.input)                                           0.000     0.000
[10340].clk[0] (.latch)                                          0.042     0.042
clock uncertainty                                                0.000     0.042
cell setup time                                                 -0.066    -0.024
data required time                                                        -0.024
--------------------------------------------------------------------------------
data required time                                                        -0.024
data arrival time                                                         -8.339
--------------------------------------------------------------------------------
slack (VIOLATED)                                                          -8.362


#Path 9
Startpoint: [17752].Q[0] (.latch clocked by pclk)
Endpoint  : [8150].D[0] (.latch clocked by pclk)
Path Type : setup

Point                                                             Incr      Path
--------------------------------------------------------------------------------
clock pclk (rise edge)                                           0.000     0.000
clock source latency                                             0.000     0.000
pclk.inpad[0] (.input)                                           0.000     0.000
[17752].clk[0] (.latch)                                          0.042     0.042
[17752].Q[0] (.latch) [clock-to-output]                          0.124     0.166
[5541].in[4] (.names)                                            0.359     0.525
[5541].out[0] (.names)                                           0.261     0.786
[17555].in[0] (.names)                                           0.332     1.119
[17555].out[0] (.names)                                          0.261     1.380
[17559].in[5] (.names)                                           0.336     1.716
[17559].out[0] (.names)                                          0.261     1.977
nrq20_3.in[0] (.names)                                           0.608     2.585
nrq20_3.out[0] (.names)                                          0.261     2.846
[4265].in[1] (.names)                                            0.476     3.321
[4265].out[0] (.names)                                           0.261     3.582
[17744].in[0] (.names)                                           0.332     3.915
[17744].out[0] (.names)                                          0.261     4.176
[4442].in[4] (.names)                                            0.340     4.516
[4442].out[0] (.names)                                           0.261     4.777
[5173].in[3] (.names)                                            0.328     5.105
[5173].out[0] (.names)                                           0.261     5.366
[19520].in[4] (.names)                                           0.328     5.694
[19520].out[0] (.names)                                          0.261     5.955
[5162].in[4] (.names)                                            0.332     6.287
[5162].out[0] (.names)                                           0.261     6.548
[19490].in[4] (.names)                                           0.332     6.881
[19490].out[0] (.names)                                          0.261     7.142
[19474].in[3] (.names)                                           0.336     7.477
[19474].out[0] (.names)                                          0.261     7.738
[8159].in[3] (.names)                                            0.337     8.075
[8159].out[0] (.names)                                           0.261     8.336
[8150].D[0] (.latch)                                             0.000     8.336
data arrival time                                                          8.336

clock pclk (rise edge)                                           0.000     0.000
clock source latency                                             0.000     0.000
pclk.inpad[0] (.input)                                           0.000     0.000
[8150].clk[0] (.latch)                                           0.042     0.042
clock uncertainty                                                0.000     0.042
cell setup time                                                 -0.066    -0.024
data required time                                                        -0.024
--------------------------------------------------------------------------------
data required time                                                        -0.024
data arrival time                                                         -8.336
--------------------------------------------------------------------------------
slack (VIOLATED)                                                          -8.360


#Path 10
Startpoint: [17752].Q[0] (.latch clocked by pclk)
Endpoint  : [7355].D[0] (.latch clocked by pclk)
Path Type : setup

Point                                                             Incr      Path
--------------------------------------------------------------------------------
clock pclk (rise edge)                                           0.000     0.000
clock source latency                                             0.000     0.000
pclk.inpad[0] (.input)                                           0.000     0.000
[17752].clk[0] (.latch)                                          0.042     0.042
[17752].Q[0] (.latch) [clock-to-output]                          0.124     0.166
[5541].in[4] (.names)                                            0.359     0.525
[5541].out[0] (.names)                                           0.261     0.786
[17555].in[0] (.names)                                           0.332     1.119
[17555].out[0] (.names)                                          0.261     1.380
[17559].in[5] (.names)                                           0.336     1.716
[17559].out[0] (.names)                                          0.261     1.977
nrq20_3.in[0] (.names)                                           0.608     2.585
nrq20_3.out[0] (.names)                                          0.261     2.846
[4265].in[1] (.names)                                            0.476     3.321
[4265].out[0] (.names)                                           0.261     3.582
[17744].in[0] (.names)                                           0.332     3.915
[17744].out[0] (.names)                                          0.261     4.176
[4442].in[4] (.names)                                            0.340     4.516
[4442].out[0] (.names)                                           0.261     4.777
[5173].in[3] (.names)                                            0.328     5.105
[5173].out[0] (.names)                                           0.261     5.366
[19520].in[4] (.names)                                           0.328     5.694
[19520].out[0] (.names)                                          0.261     5.955
[5162].in[4] (.names)                                            0.332     6.287
[5162].out[0] (.names)                                           0.261     6.548
[19490].in[4] (.names)                                           0.332     6.881
[19490].out[0] (.names)                                          0.261     7.142
[19474].in[3] (.names)                                           0.336     7.477
[19474].out[0] (.names)                                          0.261     7.738
[7364].in[3] (.names)                                            0.337     8.075
[7364].out[0] (.names)                                           0.261     8.336
[7355].D[0] (.latch)                                             0.000     8.336
data arrival time                                                          8.336

clock pclk (rise edge)                                           0.000     0.000
clock source latency                                             0.000     0.000
pclk.inpad[0] (.input)                                           0.000     0.000
[7355].clk[0] (.latch)                                           0.042     0.042
clock uncertainty                                                0.000     0.042
cell setup time                                                 -0.066    -0.024
data required time                                                        -0.024
--------------------------------------------------------------------------------
data required time                                                        -0.024
data arrival time                                                         -8.336
--------------------------------------------------------------------------------
slack (VIOLATED)                                                          -8.360


#Path 11
Startpoint: [17752].Q[0] (.latch clocked by pclk)
Endpoint  : [11450].D[0] (.latch clocked by pclk)
Path Type : setup

Point                                                             Incr      Path
--------------------------------------------------------------------------------
clock pclk (rise edge)                                           0.000     0.000
clock source latency                                             0.000     0.000
pclk.inpad[0] (.input)                                           0.000     0.000
[17752].clk[0] (.latch)                                          0.042     0.042
[17752].Q[0] (.latch) [clock-to-output]                          0.124     0.166
[5541].in[4] (.names)                                            0.359     0.525
[5541].out[0] (.names)                                           0.261     0.786
[17555].in[0] (.names)                                           0.332     1.119
[17555].out[0] (.names)                                          0.261     1.380
[17559].in[5] (.names)                                           0.336     1.716
[17559].out[0] (.names)                                          0.261     1.977
nen12_2.in[1] (.names)                                           0.626     2.602
nen12_2.out[0] (.names)                                          0.261     2.863
[17865].in[3] (.names)                                           0.336     3.199
[17865].out[0] (.names)                                          0.261     3.460
[17924].in[3] (.names)                                           0.337     3.797
[17924].out[0] (.names)                                          0.261     4.058
[19153].in[4] (.names)                                           0.332     4.390
[19153].out[0] (.names)                                          0.261     4.651
[19157].in[2] (.names)                                           0.338     4.989
[19157].out[0] (.names)                                          0.261     5.250
[19221].in[2] (.names)                                           0.100     5.350
[19221].out[0] (.names)                                          0.261     5.611
[19227].in[2] (.names)                                           0.100     5.711
[19227].out[0] (.names)                                          0.261     5.972
[19232].in[2] (.names)                                           0.100     6.072
[19232].out[0] (.names)                                          0.261     6.333
[19215].in[2] (.names)                                           0.631     6.964
[19215].out[0] (.names)                                          0.261     7.225
[4388].in[3] (.names)                                            0.100     7.325
[4388].out[0] (.names)                                           0.261     7.586
[11459].in[4] (.names)                                           0.486     8.072
[11459].out[0] (.names)                                          0.261     8.333
[11450].D[0] (.latch)                                            0.000     8.333
data arrival time                                                          8.333

clock pclk (rise edge)                                           0.000     0.000
clock source latency                                             0.000     0.000
pclk.inpad[0] (.input)                                           0.000     0.000
[11450].clk[0] (.latch)                                          0.042     0.042
clock uncertainty                                                0.000     0.042
cell setup time                                                 -0.066    -0.024
data required time                                                        -0.024
--------------------------------------------------------------------------------
data required time                                                        -0.024
data arrival time                                                         -8.333
--------------------------------------------------------------------------------
slack (VIOLATED)                                                          -8.357


#Path 12
Startpoint: [17752].Q[0] (.latch clocked by pclk)
Endpoint  : [12425].D[0] (.latch clocked by pclk)
Path Type : setup

Point                                                             Incr      Path
--------------------------------------------------------------------------------
clock pclk (rise edge)                                           0.000     0.000
clock source latency                                             0.000     0.000
pclk.inpad[0] (.input)                                           0.000     0.000
[17752].clk[0] (.latch)                                          0.042     0.042
[17752].Q[0] (.latch) [clock-to-output]                          0.124     0.166
[5541].in[4] (.names)                                            0.359     0.525
[5541].out[0] (.names)                                           0.261     0.786
[17555].in[0] (.names)                                           0.332     1.119
[17555].out[0] (.names)                                          0.261     1.380
[17559].in[5] (.names)                                           0.336     1.716
[17559].out[0] (.names)                                          0.261     1.977
nen12_2.in[1] (.names)                                           0.626     2.602
nen12_2.out[0] (.names)                                          0.261     2.863
[17865].in[3] (.names)                                           0.336     3.199
[17865].out[0] (.names)                                          0.261     3.460
[17924].in[3] (.names)                                           0.337     3.797
[17924].out[0] (.names)                                          0.261     4.058
[19153].in[4] (.names)                                           0.332     4.390
[19153].out[0] (.names)                                          0.261     4.651
[19157].in[2] (.names)                                           0.338     4.989
[19157].out[0] (.names)                                          0.261     5.250
[19221].in[2] (.names)                                           0.100     5.350
[19221].out[0] (.names)                                          0.261     5.611
[19227].in[2] (.names)                                           0.100     5.711
[19227].out[0] (.names)                                          0.261     5.972
[19232].in[2] (.names)                                           0.100     6.072
[19232].out[0] (.names)                                          0.261     6.333
[19215].in[2] (.names)                                           0.631     6.964
[19215].out[0] (.names)                                          0.261     7.225
[4388].in[3] (.names)                                            0.100     7.325
[4388].out[0] (.names)                                           0.261     7.586
[12434].in[4] (.names)                                           0.486     8.072
[12434].out[0] (.names)                                          0.261     8.333
[12425].D[0] (.latch)                                            0.000     8.333
data arrival time                                                          8.333

clock pclk (rise edge)                                           0.000     0.000
clock source latency                                             0.000     0.000
pclk.inpad[0] (.input)                                           0.000     0.000
[12425].clk[0] (.latch)                                          0.042     0.042
clock uncertainty                                                0.000     0.042
cell setup time                                                 -0.066    -0.024
data required time                                                        -0.024
--------------------------------------------------------------------------------
data required time                                                        -0.024
data arrival time                                                         -8.333
--------------------------------------------------------------------------------
slack (VIOLATED)                                                          -8.357


#Path 13
Startpoint: [17752].Q[0] (.latch clocked by pclk)
Endpoint  : [14270].D[0] (.latch clocked by pclk)
Path Type : setup

Point                                                             Incr      Path
--------------------------------------------------------------------------------
clock pclk (rise edge)                                           0.000     0.000
clock source latency                                             0.000     0.000
pclk.inpad[0] (.input)                                           0.000     0.000
[17752].clk[0] (.latch)                                          0.042     0.042
[17752].Q[0] (.latch) [clock-to-output]                          0.124     0.166
[5541].in[4] (.names)                                            0.359     0.525
[5541].out[0] (.names)                                           0.261     0.786
[17555].in[0] (.names)                                           0.332     1.119
[17555].out[0] (.names)                                          0.261     1.380
[17559].in[5] (.names)                                           0.336     1.716
[17559].out[0] (.names)                                          0.261     1.977
nen12_2.in[1] (.names)                                           0.626     2.602
nen12_2.out[0] (.names)                                          0.261     2.863
[17865].in[3] (.names)                                           0.336     3.199
[17865].out[0] (.names)                                          0.261     3.460
[17924].in[3] (.names)                                           0.337     3.797
[17924].out[0] (.names)                                          0.261     4.058
[19153].in[4] (.names)                                           0.332     4.390
[19153].out[0] (.names)                                          0.261     4.651
[19157].in[2] (.names)                                           0.338     4.989
[19157].out[0] (.names)                                          0.261     5.250
[19221].in[2] (.names)                                           0.100     5.350
[19221].out[0] (.names)                                          0.261     5.611
[19227].in[2] (.names)                                           0.100     5.711
[19227].out[0] (.names)                                          0.261     5.972
[19232].in[2] (.names)                                           0.100     6.072
[19232].out[0] (.names)                                          0.261     6.333
[19215].in[2] (.names)                                           0.631     6.964
[19215].out[0] (.names)                                          0.261     7.225
[19068].in[5] (.names)                                           0.100     7.325
[19068].out[0] (.names)                                          0.261     7.586
[14279].in[3] (.names)                                           0.472     8.059
[14279].out[0] (.names)                                          0.261     8.320
[14270].D[0] (.latch)                                            0.000     8.320
data arrival time                                                          8.320

clock pclk (rise edge)                                           0.000     0.000
clock source latency                                             0.000     0.000
pclk.inpad[0] (.input)                                           0.000     0.000
[14270].clk[0] (.latch)                                          0.042     0.042
clock uncertainty                                                0.000     0.042
cell setup time                                                 -0.066    -0.024
data required time                                                        -0.024
--------------------------------------------------------------------------------
data required time                                                        -0.024
data arrival time                                                         -8.320
--------------------------------------------------------------------------------
slack (VIOLATED)                                                          -8.343


#Path 14
Startpoint: [17752].Q[0] (.latch clocked by pclk)
Endpoint  : [6755].D[0] (.latch clocked by pclk)
Path Type : setup

Point                                                             Incr      Path
--------------------------------------------------------------------------------
clock pclk (rise edge)                                           0.000     0.000
clock source latency                                             0.000     0.000
pclk.inpad[0] (.input)                                           0.000     0.000
[17752].clk[0] (.latch)                                          0.042     0.042
[17752].Q[0] (.latch) [clock-to-output]                          0.124     0.166
[5541].in[4] (.names)                                            0.359     0.525
[5541].out[0] (.names)                                           0.261     0.786
[17555].in[0] (.names)                                           0.332     1.119
[17555].out[0] (.names)                                          0.261     1.380
[17559].in[5] (.names)                                           0.336     1.716
[17559].out[0] (.names)                                          0.261     1.977
nrq20_3.in[0] (.names)                                           0.608     2.585
nrq20_3.out[0] (.names)                                          0.261     2.846
[4265].in[1] (.names)                                            0.476     3.321
[4265].out[0] (.names)                                           0.261     3.582
[17744].in[0] (.names)                                           0.332     3.915
[17744].out[0] (.names)                                          0.261     4.176
[4442].in[4] (.names)                                            0.340     4.516
[4442].out[0] (.names)                                           0.261     4.777
[5173].in[3] (.names)                                            0.328     5.105
[5173].out[0] (.names)                                           0.261     5.366
[19520].in[4] (.names)                                           0.328     5.694
[19520].out[0] (.names)                                          0.261     5.955
[5162].in[4] (.names)                                            0.332     6.287
[5162].out[0] (.names)                                           0.261     6.548
[19490].in[4] (.names)                                           0.332     6.881
[19490].out[0] (.names)                                          0.261     7.142
[19474].in[3] (.names)                                           0.336     7.477
[19474].out[0] (.names)                                          0.261     7.738
[6764].in[3] (.names)                                            0.314     8.052
[6764].out[0] (.names)                                           0.261     8.313
[6755].D[0] (.latch)                                             0.000     8.313
data arrival time                                                          8.313

clock pclk (rise edge)                                           0.000     0.000
clock source latency                                             0.000     0.000
pclk.inpad[0] (.input)                                           0.000     0.000
[6755].clk[0] (.latch)                                           0.042     0.042
clock uncertainty                                                0.000     0.042
cell setup time                                                 -0.066    -0.024
data required time                                                        -0.024
--------------------------------------------------------------------------------
data required time                                                        -0.024
data arrival time                                                         -8.313
--------------------------------------------------------------------------------
slack (VIOLATED)                                                          -8.337


#Path 15
Startpoint: [17752].Q[0] (.latch clocked by pclk)
Endpoint  : [5480].D[0] (.latch clocked by pclk)
Path Type : setup

Point                                                             Incr      Path
--------------------------------------------------------------------------------
clock pclk (rise edge)                                           0.000     0.000
clock source latency                                             0.000     0.000
pclk.inpad[0] (.input)                                           0.000     0.000
[17752].clk[0] (.latch)                                          0.042     0.042
[17752].Q[0] (.latch) [clock-to-output]                          0.124     0.166
[5541].in[4] (.names)                                            0.359     0.525
[5541].out[0] (.names)                                           0.261     0.786
[17555].in[0] (.names)                                           0.332     1.119
[17555].out[0] (.names)                                          0.261     1.380
[17559].in[5] (.names)                                           0.336     1.716
[17559].out[0] (.names)                                          0.261     1.977
nrq20_3.in[0] (.names)                                           0.608     2.585
nrq20_3.out[0] (.names)                                          0.261     2.846
[4265].in[1] (.names)                                            0.476     3.321
[4265].out[0] (.names)                                           0.261     3.582
[17744].in[0] (.names)                                           0.332     3.915
[17744].out[0] (.names)                                          0.261     4.176
[4442].in[4] (.names)                                            0.340     4.516
[4442].out[0] (.names)                                           0.261     4.777
[5173].in[3] (.names)                                            0.328     5.105
[5173].out[0] (.names)                                           0.261     5.366
[19520].in[4] (.names)                                           0.328     5.694
[19520].out[0] (.names)                                          0.261     5.955
[5162].in[4] (.names)                                            0.332     6.287
[5162].out[0] (.names)                                           0.261     6.548
[19490].in[4] (.names)                                           0.332     6.881
[19490].out[0] (.names)                                          0.261     7.142
[19367].in[3] (.names)                                           0.336     7.477
[19367].out[0] (.names)                                          0.261     7.738
[5489].in[3] (.names)                                            0.312     8.050
[5489].out[0] (.names)                                           0.261     8.311
[5480].D[0] (.latch)                                             0.000     8.311
data arrival time                                                          8.311

clock pclk (rise edge)                                           0.000     0.000
clock source latency                                             0.000     0.000
pclk.inpad[0] (.input)                                           0.000     0.000
[5480].clk[0] (.latch)                                           0.042     0.042
clock uncertainty                                                0.000     0.042
cell setup time                                                 -0.066    -0.024
data required time                                                        -0.024
--------------------------------------------------------------------------------
data required time                                                        -0.024
data arrival time                                                         -8.311
--------------------------------------------------------------------------------
slack (VIOLATED)                                                          -8.335


#Path 16
Startpoint: [17752].Q[0] (.latch clocked by pclk)
Endpoint  : [6080].D[0] (.latch clocked by pclk)
Path Type : setup

Point                                                             Incr      Path
--------------------------------------------------------------------------------
clock pclk (rise edge)                                           0.000     0.000
clock source latency                                             0.000     0.000
pclk.inpad[0] (.input)                                           0.000     0.000
[17752].clk[0] (.latch)                                          0.042     0.042
[17752].Q[0] (.latch) [clock-to-output]                          0.124     0.166
[5541].in[4] (.names)                                            0.359     0.525
[5541].out[0] (.names)                                           0.261     0.786
[17555].in[0] (.names)                                           0.332     1.119
[17555].out[0] (.names)                                          0.261     1.380
[17559].in[5] (.names)                                           0.336     1.716
[17559].out[0] (.names)                                          0.261     1.977
nrq20_3.in[0] (.names)                                           0.608     2.585
nrq20_3.out[0] (.names)                                          0.261     2.846
[4265].in[1] (.names)                                            0.476     3.321
[4265].out[0] (.names)                                           0.261     3.582
[17744].in[0] (.names)                                           0.332     3.915
[17744].out[0] (.names)                                          0.261     4.176
[4442].in[4] (.names)                                            0.340     4.516
[4442].out[0] (.names)                                           0.261     4.777
[5173].in[3] (.names)                                            0.328     5.105
[5173].out[0] (.names)                                           0.261     5.366
[19520].in[4] (.names)                                           0.328     5.694
[19520].out[0] (.names)                                          0.261     5.955
[5162].in[4] (.names)                                            0.332     6.287
[5162].out[0] (.names)                                           0.261     6.548
[19490].in[4] (.names)                                           0.332     6.881
[19490].out[0] (.names)                                          0.261     7.142
[19367].in[3] (.names)                                           0.336     7.477
[19367].out[0] (.names)                                          0.261     7.738
[6089].in[3] (.names)                                            0.312     8.050
[6089].out[0] (.names)                                           0.261     8.311
[6080].D[0] (.latch)                                             0.000     8.311
data arrival time                                                          8.311

clock pclk (rise edge)                                           0.000     0.000
clock source latency                                             0.000     0.000
pclk.inpad[0] (.input)                                           0.000     0.000
[6080].clk[0] (.latch)                                           0.042     0.042
clock uncertainty                                                0.000     0.042
cell setup time                                                 -0.066    -0.024
data required time                                                        -0.024
--------------------------------------------------------------------------------
data required time                                                        -0.024
data arrival time                                                         -8.311
--------------------------------------------------------------------------------
slack (VIOLATED)                                                          -8.335


#Path 17
Startpoint: [17752].Q[0] (.latch clocked by pclk)
Endpoint  : [6725].D[0] (.latch clocked by pclk)
Path Type : setup

Point                                                             Incr      Path
--------------------------------------------------------------------------------
clock pclk (rise edge)                                           0.000     0.000
clock source latency                                             0.000     0.000
pclk.inpad[0] (.input)                                           0.000     0.000
[17752].clk[0] (.latch)                                          0.042     0.042
[17752].Q[0] (.latch) [clock-to-output]                          0.124     0.166
[5541].in[4] (.names)                                            0.359     0.525
[5541].out[0] (.names)                                           0.261     0.786
[17555].in[0] (.names)                                           0.332     1.119
[17555].out[0] (.names)                                          0.261     1.380
[17559].in[5] (.names)                                           0.336     1.716
[17559].out[0] (.names)                                          0.261     1.977
nrq20_3.in[0] (.names)                                           0.608     2.585
nrq20_3.out[0] (.names)                                          0.261     2.846
[4265].in[1] (.names)                                            0.476     3.321
[4265].out[0] (.names)                                           0.261     3.582
[17744].in[0] (.names)                                           0.332     3.915
[17744].out[0] (.names)                                          0.261     4.176
[4442].in[4] (.names)                                            0.340     4.516
[4442].out[0] (.names)                                           0.261     4.777
[5173].in[3] (.names)                                            0.328     5.105
[5173].out[0] (.names)                                           0.261     5.366
[19520].in[4] (.names)                                           0.328     5.694
[19520].out[0] (.names)                                          0.261     5.955
[5162].in[4] (.names)                                            0.332     6.287
[5162].out[0] (.names)                                           0.261     6.548
[19490].in[4] (.names)                                           0.332     6.881
[19490].out[0] (.names)                                          0.261     7.142
[19367].in[3] (.names)                                           0.336     7.477
[19367].out[0] (.names)                                          0.261     7.738
[6734].in[4] (.names)                                            0.312     8.050
[6734].out[0] (.names)                                           0.261     8.311
[6725].D[0] (.latch)                                             0.000     8.311
data arrival time                                                          8.311

clock pclk (rise edge)                                           0.000     0.000
clock source latency                                             0.000     0.000
pclk.inpad[0] (.input)                                           0.000     0.000
[6725].clk[0] (.latch)                                           0.042     0.042
clock uncertainty                                                0.000     0.042
cell setup time                                                 -0.066    -0.024
data required time                                                        -0.024
--------------------------------------------------------------------------------
data required time                                                        -0.024
data arrival time                                                         -8.311
--------------------------------------------------------------------------------
slack (VIOLATED)                                                          -8.335


#Path 18
Startpoint: [17752].Q[0] (.latch clocked by pclk)
Endpoint  : [7400].D[0] (.latch clocked by pclk)
Path Type : setup

Point                                                             Incr      Path
--------------------------------------------------------------------------------
clock pclk (rise edge)                                           0.000     0.000
clock source latency                                             0.000     0.000
pclk.inpad[0] (.input)                                           0.000     0.000
[17752].clk[0] (.latch)                                          0.042     0.042
[17752].Q[0] (.latch) [clock-to-output]                          0.124     0.166
[5541].in[4] (.names)                                            0.359     0.525
[5541].out[0] (.names)                                           0.261     0.786
[17555].in[0] (.names)                                           0.332     1.119
[17555].out[0] (.names)                                          0.261     1.380
[17559].in[5] (.names)                                           0.336     1.716
[17559].out[0] (.names)                                          0.261     1.977
nrq20_3.in[0] (.names)                                           0.608     2.585
nrq20_3.out[0] (.names)                                          0.261     2.846
[4265].in[1] (.names)                                            0.476     3.321
[4265].out[0] (.names)                                           0.261     3.582
[17744].in[0] (.names)                                           0.332     3.915
[17744].out[0] (.names)                                          0.261     4.176
[4442].in[4] (.names)                                            0.340     4.516
[4442].out[0] (.names)                                           0.261     4.777
[5173].in[3] (.names)                                            0.328     5.105
[5173].out[0] (.names)                                           0.261     5.366
[19520].in[4] (.names)                                           0.328     5.694
[19520].out[0] (.names)                                          0.261     5.955
[5162].in[4] (.names)                                            0.332     6.287
[5162].out[0] (.names)                                           0.261     6.548
[19490].in[4] (.names)                                           0.332     6.881
[19490].out[0] (.names)                                          0.261     7.142
[19367].in[3] (.names)                                           0.336     7.477
[19367].out[0] (.names)                                          0.261     7.738
[7409].in[4] (.names)                                            0.312     8.050
[7409].out[0] (.names)                                           0.261     8.311
[7400].D[0] (.latch)                                             0.000     8.311
data arrival time                                                          8.311

clock pclk (rise edge)                                           0.000     0.000
clock source latency                                             0.000     0.000
pclk.inpad[0] (.input)                                           0.000     0.000
[7400].clk[0] (.latch)                                           0.042     0.042
clock uncertainty                                                0.000     0.042
cell setup time                                                 -0.066    -0.024
data required time                                                        -0.024
--------------------------------------------------------------------------------
data required time                                                        -0.024
data arrival time                                                         -8.311
--------------------------------------------------------------------------------
slack (VIOLATED)                                                          -8.335


#Path 19
Startpoint: [17752].Q[0] (.latch clocked by pclk)
Endpoint  : [10055].D[0] (.latch clocked by pclk)
Path Type : setup

Point                                                             Incr      Path
--------------------------------------------------------------------------------
clock pclk (rise edge)                                           0.000     0.000
clock source latency                                             0.000     0.000
pclk.inpad[0] (.input)                                           0.000     0.000
[17752].clk[0] (.latch)                                          0.042     0.042
[17752].Q[0] (.latch) [clock-to-output]                          0.124     0.166
[5541].in[4] (.names)                                            0.359     0.525
[5541].out[0] (.names)                                           0.261     0.786
[17555].in[0] (.names)                                           0.332     1.119
[17555].out[0] (.names)                                          0.261     1.380
[17559].in[5] (.names)                                           0.336     1.716
[17559].out[0] (.names)                                          0.261     1.977
nrq20_3.in[0] (.names)                                           0.608     2.585
nrq20_3.out[0] (.names)                                          0.261     2.846
[4265].in[1] (.names)                                            0.476     3.321
[4265].out[0] (.names)                                           0.261     3.582
[17744].in[0] (.names)                                           0.332     3.915
[17744].out[0] (.names)                                          0.261     4.176
[4442].in[4] (.names)                                            0.340     4.516
[4442].out[0] (.names)                                           0.261     4.777
[5173].in[3] (.names)                                            0.328     5.105
[5173].out[0] (.names)                                           0.261     5.366
[19520].in[4] (.names)                                           0.328     5.694
[19520].out[0] (.names)                                          0.261     5.955
[5162].in[4] (.names)                                            0.332     6.287
[5162].out[0] (.names)                                           0.261     6.548
[19490].in[4] (.names)                                           0.332     6.881
[19490].out[0] (.names)                                          0.261     7.142
[19367].in[3] (.names)                                           0.336     7.477
[19367].out[0] (.names)                                          0.261     7.738
[10064].in[4] (.names)                                           0.312     8.050
[10064].out[0] (.names)                                          0.261     8.311
[10055].D[0] (.latch)                                            0.000     8.311
data arrival time                                                          8.311

clock pclk (rise edge)                                           0.000     0.000
clock source latency                                             0.000     0.000
pclk.inpad[0] (.input)                                           0.000     0.000
[10055].clk[0] (.latch)                                          0.042     0.042
clock uncertainty                                                0.000     0.042
cell setup time                                                 -0.066    -0.024
data required time                                                        -0.024
--------------------------------------------------------------------------------
data required time                                                        -0.024
data arrival time                                                         -8.311
--------------------------------------------------------------------------------
slack (VIOLATED)                                                          -8.335


#Path 20
Startpoint: [17752].Q[0] (.latch clocked by pclk)
Endpoint  : [10730].D[0] (.latch clocked by pclk)
Path Type : setup

Point                                                             Incr      Path
--------------------------------------------------------------------------------
clock pclk (rise edge)                                           0.000     0.000
clock source latency                                             0.000     0.000
pclk.inpad[0] (.input)                                           0.000     0.000
[17752].clk[0] (.latch)                                          0.042     0.042
[17752].Q[0] (.latch) [clock-to-output]                          0.124     0.166
[5541].in[4] (.names)                                            0.359     0.525
[5541].out[0] (.names)                                           0.261     0.786
[17555].in[0] (.names)                                           0.332     1.119
[17555].out[0] (.names)                                          0.261     1.380
[17559].in[5] (.names)                                           0.336     1.716
[17559].out[0] (.names)                                          0.261     1.977
nen12_2.in[1] (.names)                                           0.626     2.602
nen12_2.out[0] (.names)                                          0.261     2.863
[17865].in[3] (.names)                                           0.336     3.199
[17865].out[0] (.names)                                          0.261     3.460
[17924].in[3] (.names)                                           0.337     3.797
[17924].out[0] (.names)                                          0.261     4.058
[19153].in[4] (.names)                                           0.332     4.390
[19153].out[0] (.names)                                          0.261     4.651
[19157].in[2] (.names)                                           0.338     4.989
[19157].out[0] (.names)                                          0.261     5.250
[19221].in[2] (.names)                                           0.100     5.350
[19221].out[0] (.names)                                          0.261     5.611
[19227].in[2] (.names)                                           0.100     5.711
[19227].out[0] (.names)                                          0.261     5.972
[19232].in[2] (.names)                                           0.100     6.072
[19232].out[0] (.names)                                          0.261     6.333
[19215].in[2] (.names)                                           0.631     6.964
[19215].out[0] (.names)                                          0.261     7.225
[19068].in[5] (.names)                                           0.100     7.325
[19068].out[0] (.names)                                          0.261     7.586
[10739].in[4] (.names)                                           0.456     8.043
[10739].out[0] (.names)                                          0.261     8.304
[10730].D[0] (.latch)                                            0.000     8.304
data arrival time                                                          8.304

clock pclk (rise edge)                                           0.000     0.000
clock source latency                                             0.000     0.000
pclk.inpad[0] (.input)                                           0.000     0.000
[10730].clk[0] (.latch)                                          0.042     0.042
clock uncertainty                                                0.000     0.042
cell setup time                                                 -0.066    -0.024
data required time                                                        -0.024
--------------------------------------------------------------------------------
data required time                                                        -0.024
data arrival time                                                         -8.304
--------------------------------------------------------------------------------
slack (VIOLATED)                                                          -8.327


#Path 21
Startpoint: [17752].Q[0] (.latch clocked by pclk)
Endpoint  : [10070].D[0] (.latch clocked by pclk)
Path Type : setup

Point                                                             Incr      Path
--------------------------------------------------------------------------------
clock pclk (rise edge)                                           0.000     0.000
clock source latency                                             0.000     0.000
pclk.inpad[0] (.input)                                           0.000     0.000
[17752].clk[0] (.latch)                                          0.042     0.042
[17752].Q[0] (.latch) [clock-to-output]                          0.124     0.166
[5541].in[4] (.names)                                            0.359     0.525
[5541].out[0] (.names)                                           0.261     0.786
[17555].in[0] (.names)                                           0.332     1.119
[17555].out[0] (.names)                                          0.261     1.380
[17559].in[5] (.names)                                           0.336     1.716
[17559].out[0] (.names)                                          0.261     1.977
nen12_2.in[1] (.names)                                           0.626     2.602
nen12_2.out[0] (.names)                                          0.261     2.863
[17865].in[3] (.names)                                           0.336     3.199
[17865].out[0] (.names)                                          0.261     3.460
[17924].in[3] (.names)                                           0.337     3.797
[17924].out[0] (.names)                                          0.261     4.058
[19153].in[4] (.names)                                           0.332     4.390
[19153].out[0] (.names)                                          0.261     4.651
[19157].in[2] (.names)                                           0.338     4.989
[19157].out[0] (.names)                                          0.261     5.250
[19221].in[2] (.names)                                           0.100     5.350
[19221].out[0] (.names)                                          0.261     5.611
[19227].in[2] (.names)                                           0.100     5.711
[19227].out[0] (.names)                                          0.261     5.972
[19232].in[2] (.names)                                           0.100     6.072
[19232].out[0] (.names)                                          0.261     6.333
[19215].in[2] (.names)                                           0.631     6.964
[19215].out[0] (.names)                                          0.261     7.225
[19068].in[5] (.names)                                           0.100     7.325
[19068].out[0] (.names)                                          0.261     7.586
[10079].in[4] (.names)                                           0.456     8.043
[10079].out[0] (.names)                                          0.261     8.304
[10070].D[0] (.latch)                                            0.000     8.304
data arrival time                                                          8.304

clock pclk (rise edge)                                           0.000     0.000
clock source latency                                             0.000     0.000
pclk.inpad[0] (.input)                                           0.000     0.000
[10070].clk[0] (.latch)                                          0.042     0.042
clock uncertainty                                                0.000     0.042
cell setup time                                                 -0.066    -0.024
data required time                                                        -0.024
--------------------------------------------------------------------------------
data required time                                                        -0.024
data arrival time                                                         -8.304
--------------------------------------------------------------------------------
slack (VIOLATED)                                                          -8.327


#Path 22
Startpoint: [17752].Q[0] (.latch clocked by pclk)
Endpoint  : [12650].D[0] (.latch clocked by pclk)
Path Type : setup

Point                                                             Incr      Path
--------------------------------------------------------------------------------
clock pclk (rise edge)                                           0.000     0.000
clock source latency                                             0.000     0.000
pclk.inpad[0] (.input)                                           0.000     0.000
[17752].clk[0] (.latch)                                          0.042     0.042
[17752].Q[0] (.latch) [clock-to-output]                          0.124     0.166
[5541].in[4] (.names)                                            0.359     0.525
[5541].out[0] (.names)                                           0.261     0.786
[17555].in[0] (.names)                                           0.332     1.119
[17555].out[0] (.names)                                          0.261     1.380
[17559].in[5] (.names)                                           0.336     1.716
[17559].out[0] (.names)                                          0.261     1.977
nen12_2.in[1] (.names)                                           0.626     2.602
nen12_2.out[0] (.names)                                          0.261     2.863
[17865].in[3] (.names)                                           0.336     3.199
[17865].out[0] (.names)                                          0.261     3.460
[17924].in[3] (.names)                                           0.337     3.797
[17924].out[0] (.names)                                          0.261     4.058
[19153].in[4] (.names)                                           0.332     4.390
[19153].out[0] (.names)                                          0.261     4.651
[19157].in[2] (.names)                                           0.338     4.989
[19157].out[0] (.names)                                          0.261     5.250
[19221].in[2] (.names)                                           0.100     5.350
[19221].out[0] (.names)                                          0.261     5.611
[19227].in[2] (.names)                                           0.100     5.711
[19227].out[0] (.names)                                          0.261     5.972
[19232].in[2] (.names)                                           0.100     6.072
[19232].out[0] (.names)                                          0.261     6.333
[19215].in[2] (.names)                                           0.631     6.964
[19215].out[0] (.names)                                          0.261     7.225
[19068].in[5] (.names)                                           0.100     7.325
[19068].out[0] (.names)                                          0.261     7.586
[12659].in[3] (.names)                                           0.446     8.033
[12659].out[0] (.names)                                          0.261     8.294
[12650].D[0] (.latch)                                            0.000     8.294
data arrival time                                                          8.294

clock pclk (rise edge)                                           0.000     0.000
clock source latency                                             0.000     0.000
pclk.inpad[0] (.input)                                           0.000     0.000
[12650].clk[0] (.latch)                                          0.042     0.042
clock uncertainty                                                0.000     0.042
cell setup time                                                 -0.066    -0.024
data required time                                                        -0.024
--------------------------------------------------------------------------------
data required time                                                        -0.024
data arrival time                                                         -8.294
--------------------------------------------------------------------------------
slack (VIOLATED)                                                          -8.317


#Path 23
Startpoint: [17752].Q[0] (.latch clocked by pclk)
Endpoint  : [8030].D[0] (.latch clocked by pclk)
Path Type : setup

Point                                                             Incr      Path
--------------------------------------------------------------------------------
clock pclk (rise edge)                                           0.000     0.000
clock source latency                                             0.000     0.000
pclk.inpad[0] (.input)                                           0.000     0.000
[17752].clk[0] (.latch)                                          0.042     0.042
[17752].Q[0] (.latch) [clock-to-output]                          0.124     0.166
[5541].in[4] (.names)                                            0.359     0.525
[5541].out[0] (.names)                                           0.261     0.786
[17555].in[0] (.names)                                           0.332     1.119
[17555].out[0] (.names)                                          0.261     1.380
[17559].in[5] (.names)                                           0.336     1.716
[17559].out[0] (.names)                                          0.261     1.977
nrq20_3.in[0] (.names)                                           0.608     2.585
nrq20_3.out[0] (.names)                                          0.261     2.846
[4265].in[1] (.names)                                            0.476     3.321
[4265].out[0] (.names)                                           0.261     3.582
[17744].in[0] (.names)                                           0.332     3.915
[17744].out[0] (.names)                                          0.261     4.176
[4442].in[4] (.names)                                            0.340     4.516
[4442].out[0] (.names)                                           0.261     4.777
[5173].in[3] (.names)                                            0.328     5.105
[5173].out[0] (.names)                                           0.261     5.366
[19520].in[4] (.names)                                           0.328     5.694
[19520].out[0] (.names)                                          0.261     5.955
[5162].in[4] (.names)                                            0.332     6.287
[5162].out[0] (.names)                                           0.261     6.548
[19490].in[4] (.names)                                           0.332     6.881
[19490].out[0] (.names)                                          0.261     7.142
[3858].in[4] (.names)                                            0.434     7.575
[3858].out[0] (.names)                                           0.261     7.836
[8039].in[4] (.names)                                            0.100     7.936
[8039].out[0] (.names)                                           0.261     8.197
[8030].D[0] (.latch)                                             0.000     8.197
data arrival time                                                          8.197

clock pclk (rise edge)                                           0.000     0.000
clock source latency                                             0.000     0.000
pclk.inpad[0] (.input)                                           0.000     0.000
[8030].clk[0] (.latch)                                           0.042     0.042
clock uncertainty                                                0.000     0.042
cell setup time                                                 -0.066    -0.024
data required time                                                        -0.024
--------------------------------------------------------------------------------
data required time                                                        -0.024
data arrival time                                                         -8.197
--------------------------------------------------------------------------------
slack (VIOLATED)                                                          -8.221


#Path 24
Startpoint: [17752].Q[0] (.latch clocked by pclk)
Endpoint  : [6890].D[0] (.latch clocked by pclk)
Path Type : setup

Point                                                             Incr      Path
--------------------------------------------------------------------------------
clock pclk (rise edge)                                           0.000     0.000
clock source latency                                             0.000     0.000
pclk.inpad[0] (.input)                                           0.000     0.000
[17752].clk[0] (.latch)                                          0.042     0.042
[17752].Q[0] (.latch) [clock-to-output]                          0.124     0.166
[5541].in[4] (.names)                                            0.359     0.525
[5541].out[0] (.names)                                           0.261     0.786
[17555].in[0] (.names)                                           0.332     1.119
[17555].out[0] (.names)                                          0.261     1.380
[17559].in[5] (.names)                                           0.336     1.716
[17559].out[0] (.names)                                          0.261     1.977
nrq20_3.in[0] (.names)                                           0.608     2.585
nrq20_3.out[0] (.names)                                          0.261     2.846
[4265].in[1] (.names)                                            0.476     3.321
[4265].out[0] (.names)                                           0.261     3.582
[17744].in[0] (.names)                                           0.332     3.915
[17744].out[0] (.names)                                          0.261     4.176
[4442].in[4] (.names)                                            0.340     4.516
[4442].out[0] (.names)                                           0.261     4.777
[5173].in[3] (.names)                                            0.328     5.105
[5173].out[0] (.names)                                           0.261     5.366
[19520].in[4] (.names)                                           0.328     5.694
[19520].out[0] (.names)                                          0.261     5.955
[5162].in[4] (.names)                                            0.332     6.287
[5162].out[0] (.names)                                           0.261     6.548
[19490].in[4] (.names)                                           0.332     6.881
[19490].out[0] (.names)                                          0.261     7.142
[4065].in[4] (.names)                                            0.434     7.575
[4065].out[0] (.names)                                           0.261     7.836
[6899].in[4] (.names)                                            0.100     7.936
[6899].out[0] (.names)                                           0.261     8.197
[6890].D[0] (.latch)                                             0.000     8.197
data arrival time                                                          8.197

clock pclk (rise edge)                                           0.000     0.000
clock source latency                                             0.000     0.000
pclk.inpad[0] (.input)                                           0.000     0.000
[6890].clk[0] (.latch)                                           0.042     0.042
clock uncertainty                                                0.000     0.042
cell setup time                                                 -0.066    -0.024
data required time                                                        -0.024
--------------------------------------------------------------------------------
data required time                                                        -0.024
data arrival time                                                         -8.197
--------------------------------------------------------------------------------
slack (VIOLATED)                                                          -8.221


#Path 25
Startpoint: [17752].Q[0] (.latch clocked by pclk)
Endpoint  : [4775].D[0] (.latch clocked by pclk)
Path Type : setup

Point                                                             Incr      Path
--------------------------------------------------------------------------------
clock pclk (rise edge)                                           0.000     0.000
clock source latency                                             0.000     0.000
pclk.inpad[0] (.input)                                           0.000     0.000
[17752].clk[0] (.latch)                                          0.042     0.042
[17752].Q[0] (.latch) [clock-to-output]                          0.124     0.166
[5541].in[4] (.names)                                            0.359     0.525
[5541].out[0] (.names)                                           0.261     0.786
[17555].in[0] (.names)                                           0.332     1.119
[17555].out[0] (.names)                                          0.261     1.380
[17559].in[5] (.names)                                           0.336     1.716
[17559].out[0] (.names)                                          0.261     1.977
nrq20_3.in[0] (.names)                                           0.608     2.585
nrq20_3.out[0] (.names)                                          0.261     2.846
[4265].in[1] (.names)                                            0.476     3.321
[4265].out[0] (.names)                                           0.261     3.582
[17744].in[0] (.names)                                           0.332     3.915
[17744].out[0] (.names)                                          0.261     4.176
[4442].in[4] (.names)                                            0.340     4.516
[4442].out[0] (.names)                                           0.261     4.777
[5173].in[3] (.names)                                            0.328     5.105
[5173].out[0] (.names)                                           0.261     5.366
[19520].in[4] (.names)                                           0.328     5.694
[19520].out[0] (.names)                                          0.261     5.955
[5162].in[4] (.names)                                            0.332     6.287
[5162].out[0] (.names)                                           0.261     6.548
[19490].in[4] (.names)                                           0.332     6.881
[19490].out[0] (.names)                                          0.261     7.142
[5063].in[4] (.names)                                            0.434     7.575
[5063].out[0] (.names)                                           0.261     7.836
[4784].in[4] (.names)                                            0.100     7.936
[4784].out[0] (.names)                                           0.261     8.197
[4775].D[0] (.latch)                                             0.000     8.197
data arrival time                                                          8.197

clock pclk (rise edge)                                           0.000     0.000
clock source latency                                             0.000     0.000
pclk.inpad[0] (.input)                                           0.000     0.000
[4775].clk[0] (.latch)                                           0.042     0.042
clock uncertainty                                                0.000     0.042
cell setup time                                                 -0.066    -0.024
data required time                                                        -0.024
--------------------------------------------------------------------------------
data required time                                                        -0.024
data arrival time                                                         -8.197
--------------------------------------------------------------------------------
slack (VIOLATED)                                                          -8.221


#Path 26
Startpoint: [17752].Q[0] (.latch clocked by pclk)
Endpoint  : [6050].D[0] (.latch clocked by pclk)
Path Type : setup

Point                                                             Incr      Path
--------------------------------------------------------------------------------
clock pclk (rise edge)                                           0.000     0.000
clock source latency                                             0.000     0.000
pclk.inpad[0] (.input)                                           0.000     0.000
[17752].clk[0] (.latch)                                          0.042     0.042
[17752].Q[0] (.latch) [clock-to-output]                          0.124     0.166
[5541].in[4] (.names)                                            0.359     0.525
[5541].out[0] (.names)                                           0.261     0.786
[17555].in[0] (.names)                                           0.332     1.119
[17555].out[0] (.names)                                          0.261     1.380
[17559].in[5] (.names)                                           0.336     1.716
[17559].out[0] (.names)                                          0.261     1.977
nrq20_3.in[0] (.names)                                           0.608     2.585
nrq20_3.out[0] (.names)                                          0.261     2.846
[4265].in[1] (.names)                                            0.476     3.321
[4265].out[0] (.names)                                           0.261     3.582
[17744].in[0] (.names)                                           0.332     3.915
[17744].out[0] (.names)                                          0.261     4.176
[4442].in[4] (.names)                                            0.340     4.516
[4442].out[0] (.names)                                           0.261     4.777
[5173].in[3] (.names)                                            0.328     5.105
[5173].out[0] (.names)                                           0.261     5.366
[19520].in[4] (.names)                                           0.328     5.694
[19520].out[0] (.names)                                          0.261     5.955
[5162].in[4] (.names)                                            0.332     6.287
[5162].out[0] (.names)                                           0.261     6.548
[19490].in[4] (.names)                                           0.332     6.881
[19490].out[0] (.names)                                          0.261     7.142
[4494].in[4] (.names)                                            0.432     7.574
[4494].out[0] (.names)                                           0.261     7.835
[6059].in[4] (.names)                                            0.100     7.935
[6059].out[0] (.names)                                           0.261     8.196
[6050].D[0] (.latch)                                             0.000     8.196
data arrival time                                                          8.196

clock pclk (rise edge)                                           0.000     0.000
clock source latency                                             0.000     0.000
pclk.inpad[0] (.input)                                           0.000     0.000
[6050].clk[0] (.latch)                                           0.042     0.042
clock uncertainty                                                0.000     0.042
cell setup time                                                 -0.066    -0.024
data required time                                                        -0.024
--------------------------------------------------------------------------------
data required time                                                        -0.024
data arrival time                                                         -8.196
--------------------------------------------------------------------------------
slack (VIOLATED)                                                          -8.220


#Path 27
Startpoint: [17752].Q[0] (.latch clocked by pclk)
Endpoint  : [15050].D[0] (.latch clocked by pclk)
Path Type : setup

Point                                                             Incr      Path
--------------------------------------------------------------------------------
clock pclk (rise edge)                                           0.000     0.000
clock source latency                                             0.000     0.000
pclk.inpad[0] (.input)                                           0.000     0.000
[17752].clk[0] (.latch)                                          0.042     0.042
[17752].Q[0] (.latch) [clock-to-output]                          0.124     0.166
[5541].in[4] (.names)                                            0.359     0.525
[5541].out[0] (.names)                                           0.261     0.786
[17555].in[0] (.names)                                           0.332     1.119
[17555].out[0] (.names)                                          0.261     1.380
[17559].in[5] (.names)                                           0.336     1.716
[17559].out[0] (.names)                                          0.261     1.977
nen12_2.in[1] (.names)                                           0.626     2.602
nen12_2.out[0] (.names)                                          0.261     2.863
[17865].in[3] (.names)                                           0.336     3.199
[17865].out[0] (.names)                                          0.261     3.460
[17924].in[3] (.names)                                           0.337     3.797
[17924].out[0] (.names)                                          0.261     4.058
[19153].in[4] (.names)                                           0.332     4.390
[19153].out[0] (.names)                                          0.261     4.651
[19157].in[2] (.names)                                           0.338     4.989
[19157].out[0] (.names)                                          0.261     5.250
[19221].in[2] (.names)                                           0.100     5.350
[19221].out[0] (.names)                                          0.261     5.611
[19227].in[2] (.names)                                           0.100     5.711
[19227].out[0] (.names)                                          0.261     5.972
[19232].in[2] (.names)                                           0.100     6.072
[19232].out[0] (.names)                                          0.261     6.333
[19215].in[2] (.names)                                           0.631     6.964
[19215].out[0] (.names)                                          0.261     7.225
[4388].in[3] (.names)                                            0.100     7.325
[4388].out[0] (.names)                                           0.261     7.586
[15059].in[4] (.names)                                           0.338     7.924
[15059].out[0] (.names)                                          0.261     8.185
[15050].D[0] (.latch)                                            0.000     8.185
data arrival time                                                          8.185

clock pclk (rise edge)                                           0.000     0.000
clock source latency                                             0.000     0.000
pclk.inpad[0] (.input)                                           0.000     0.000
[15050].clk[0] (.latch)                                          0.042     0.042
clock uncertainty                                                0.000     0.042
cell setup time                                                 -0.066    -0.024
data required time                                                        -0.024
--------------------------------------------------------------------------------
data required time                                                        -0.024
data arrival time                                                         -8.185
--------------------------------------------------------------------------------
slack (VIOLATED)                                                          -8.209


#Path 28
Startpoint: [17752].Q[0] (.latch clocked by pclk)
Endpoint  : [10985].D[0] (.latch clocked by pclk)
Path Type : setup

Point                                                             Incr      Path
--------------------------------------------------------------------------------
clock pclk (rise edge)                                           0.000     0.000
clock source latency                                             0.000     0.000
pclk.inpad[0] (.input)                                           0.000     0.000
[17752].clk[0] (.latch)                                          0.042     0.042
[17752].Q[0] (.latch) [clock-to-output]                          0.124     0.166
[5541].in[4] (.names)                                            0.359     0.525
[5541].out[0] (.names)                                           0.261     0.786
[17555].in[0] (.names)                                           0.332     1.119
[17555].out[0] (.names)                                          0.261     1.380
[17559].in[5] (.names)                                           0.336     1.716
[17559].out[0] (.names)                                          0.261     1.977
nen12_2.in[1] (.names)                                           0.626     2.602
nen12_2.out[0] (.names)                                          0.261     2.863
[17865].in[3] (.names)                                           0.336     3.199
[17865].out[0] (.names)                                          0.261     3.460
[17924].in[3] (.names)                                           0.337     3.797
[17924].out[0] (.names)                                          0.261     4.058
[19153].in[4] (.names)                                           0.332     4.390
[19153].out[0] (.names)                                          0.261     4.651
[19157].in[2] (.names)                                           0.338     4.989
[19157].out[0] (.names)                                          0.261     5.250
[19221].in[2] (.names)                                           0.100     5.350
[19221].out[0] (.names)                                          0.261     5.611
[19227].in[2] (.names)                                           0.100     5.711
[19227].out[0] (.names)                                          0.261     5.972
[19232].in[2] (.names)                                           0.100     6.072
[19232].out[0] (.names)                                          0.261     6.333
[19215].in[2] (.names)                                           0.631     6.964
[19215].out[0] (.names)                                          0.261     7.225
[19068].in[5] (.names)                                           0.100     7.325
[19068].out[0] (.names)                                          0.261     7.586
[10994].in[3] (.names)                                           0.338     7.924
[10994].out[0] (.names)                                          0.261     8.185
[10985].D[0] (.latch)                                            0.000     8.185
data arrival time                                                          8.185

clock pclk (rise edge)                                           0.000     0.000
clock source latency                                             0.000     0.000
pclk.inpad[0] (.input)                                           0.000     0.000
[10985].clk[0] (.latch)                                          0.042     0.042
clock uncertainty                                                0.000     0.042
cell setup time                                                 -0.066    -0.024
data required time                                                        -0.024
--------------------------------------------------------------------------------
data required time                                                        -0.024
data arrival time                                                         -8.185
--------------------------------------------------------------------------------
slack (VIOLATED)                                                          -8.209


#Path 29
Startpoint: [17752].Q[0] (.latch clocked by pclk)
Endpoint  : [13880].D[0] (.latch clocked by pclk)
Path Type : setup

Point                                                             Incr      Path
--------------------------------------------------------------------------------
clock pclk (rise edge)                                           0.000     0.000
clock source latency                                             0.000     0.000
pclk.inpad[0] (.input)                                           0.000     0.000
[17752].clk[0] (.latch)                                          0.042     0.042
[17752].Q[0] (.latch) [clock-to-output]                          0.124     0.166
[5541].in[4] (.names)                                            0.359     0.525
[5541].out[0] (.names)                                           0.261     0.786
[17555].in[0] (.names)                                           0.332     1.119
[17555].out[0] (.names)                                          0.261     1.380
[17559].in[5] (.names)                                           0.336     1.716
[17559].out[0] (.names)                                          0.261     1.977
nen12_2.in[1] (.names)                                           0.626     2.602
nen12_2.out[0] (.names)                                          0.261     2.863
[17865].in[3] (.names)                                           0.336     3.199
[17865].out[0] (.names)                                          0.261     3.460
[17924].in[3] (.names)                                           0.337     3.797
[17924].out[0] (.names)                                          0.261     4.058
[19153].in[4] (.names)                                           0.332     4.390
[19153].out[0] (.names)                                          0.261     4.651
[19157].in[2] (.names)                                           0.338     4.989
[19157].out[0] (.names)                                          0.261     5.250
[19221].in[2] (.names)                                           0.100     5.350
[19221].out[0] (.names)                                          0.261     5.611
[19227].in[2] (.names)                                           0.100     5.711
[19227].out[0] (.names)                                          0.261     5.972
[19232].in[2] (.names)                                           0.100     6.072
[19232].out[0] (.names)                                          0.261     6.333
[19215].in[2] (.names)                                           0.631     6.964
[19215].out[0] (.names)                                          0.261     7.225
[4388].in[3] (.names)                                            0.100     7.325
[4388].out[0] (.names)                                           0.261     7.586
[13889].in[4] (.names)                                           0.338     7.924
[13889].out[0] (.names)                                          0.261     8.185
[13880].D[0] (.latch)                                            0.000     8.185
data arrival time                                                          8.185

clock pclk (rise edge)                                           0.000     0.000
clock source latency                                             0.000     0.000
pclk.inpad[0] (.input)                                           0.000     0.000
[13880].clk[0] (.latch)                                          0.042     0.042
clock uncertainty                                                0.000     0.042
cell setup time                                                 -0.066    -0.024
data required time                                                        -0.024
--------------------------------------------------------------------------------
data required time                                                        -0.024
data arrival time                                                         -8.185
--------------------------------------------------------------------------------
slack (VIOLATED)                                                          -8.209


#Path 30
Startpoint: [17752].Q[0] (.latch clocked by pclk)
Endpoint  : [11675].D[0] (.latch clocked by pclk)
Path Type : setup

Point                                                             Incr      Path
--------------------------------------------------------------------------------
clock pclk (rise edge)                                           0.000     0.000
clock source latency                                             0.000     0.000
pclk.inpad[0] (.input)                                           0.000     0.000
[17752].clk[0] (.latch)                                          0.042     0.042
[17752].Q[0] (.latch) [clock-to-output]                          0.124     0.166
[5541].in[4] (.names)                                            0.359     0.525
[5541].out[0] (.names)                                           0.261     0.786
[17555].in[0] (.names)                                           0.332     1.119
[17555].out[0] (.names)                                          0.261     1.380
[17559].in[5] (.names)                                           0.336     1.716
[17559].out[0] (.names)                                          0.261     1.977
nen12_2.in[1] (.names)                                           0.626     2.602
nen12_2.out[0] (.names)                                          0.261     2.863
[17865].in[3] (.names)                                           0.336     3.199
[17865].out[0] (.names)                                          0.261     3.460
[17924].in[3] (.names)                                           0.337     3.797
[17924].out[0] (.names)                                          0.261     4.058
[19153].in[4] (.names)                                           0.332     4.390
[19153].out[0] (.names)                                          0.261     4.651
[19157].in[2] (.names)                                           0.338     4.989
[19157].out[0] (.names)                                          0.261     5.250
[19221].in[2] (.names)                                           0.100     5.350
[19221].out[0] (.names)                                          0.261     5.611
[19227].in[2] (.names)                                           0.100     5.711
[19227].out[0] (.names)                                          0.261     5.972
[19232].in[2] (.names)                                           0.100     6.072
[19232].out[0] (.names)                                          0.261     6.333
[19215].in[2] (.names)                                           0.631     6.964
[19215].out[0] (.names)                                          0.261     7.225
[19068].in[5] (.names)                                           0.100     7.325
[19068].out[0] (.names)                                          0.261     7.586
[11684].in[4] (.names)                                           0.338     7.924
[11684].out[0] (.names)                                          0.261     8.185
[11675].D[0] (.latch)                                            0.000     8.185
data arrival time                                                          8.185

clock pclk (rise edge)                                           0.000     0.000
clock source latency                                             0.000     0.000
pclk.inpad[0] (.input)                                           0.000     0.000
[11675].clk[0] (.latch)                                          0.042     0.042
clock uncertainty                                                0.000     0.042
cell setup time                                                 -0.066    -0.024
data required time                                                        -0.024
--------------------------------------------------------------------------------
data required time                                                        -0.024
data arrival time                                                         -8.185
--------------------------------------------------------------------------------
slack (VIOLATED)                                                          -8.209


#Path 31
Startpoint: [17752].Q[0] (.latch clocked by pclk)
Endpoint  : [15410].D[0] (.latch clocked by pclk)
Path Type : setup

Point                                                             Incr      Path
--------------------------------------------------------------------------------
clock pclk (rise edge)                                           0.000     0.000
clock source latency                                             0.000     0.000
pclk.inpad[0] (.input)                                           0.000     0.000
[17752].clk[0] (.latch)                                          0.042     0.042
[17752].Q[0] (.latch) [clock-to-output]                          0.124     0.166
[5541].in[4] (.names)                                            0.359     0.525
[5541].out[0] (.names)                                           0.261     0.786
[17555].in[0] (.names)                                           0.332     1.119
[17555].out[0] (.names)                                          0.261     1.380
[17559].in[5] (.names)                                           0.336     1.716
[17559].out[0] (.names)                                          0.261     1.977
nen12_2.in[1] (.names)                                           0.626     2.602
nen12_2.out[0] (.names)                                          0.261     2.863
[17865].in[3] (.names)                                           0.336     3.199
[17865].out[0] (.names)                                          0.261     3.460
[17924].in[3] (.names)                                           0.337     3.797
[17924].out[0] (.names)                                          0.261     4.058
[19153].in[4] (.names)                                           0.332     4.390
[19153].out[0] (.names)                                          0.261     4.651
[19157].in[2] (.names)                                           0.338     4.989
[19157].out[0] (.names)                                          0.261     5.250
[19221].in[2] (.names)                                           0.100     5.350
[19221].out[0] (.names)                                          0.261     5.611
[19227].in[2] (.names)                                           0.100     5.711
[19227].out[0] (.names)                                          0.261     5.972
[19232].in[2] (.names)                                           0.100     6.072
[19232].out[0] (.names)                                          0.261     6.333
[19215].in[2] (.names)                                           0.631     6.964
[19215].out[0] (.names)                                          0.261     7.225
[19068].in[5] (.names)                                           0.100     7.325
[19068].out[0] (.names)                                          0.261     7.586
[15419].in[4] (.names)                                           0.338     7.924
[15419].out[0] (.names)                                          0.261     8.185
[15410].D[0] (.latch)                                            0.000     8.185
data arrival time                                                          8.185

clock pclk (rise edge)                                           0.000     0.000
clock source latency                                             0.000     0.000
pclk.inpad[0] (.input)                                           0.000     0.000
[15410].clk[0] (.latch)                                          0.042     0.042
clock uncertainty                                                0.000     0.042
cell setup time                                                 -0.066    -0.024
data required time                                                        -0.024
--------------------------------------------------------------------------------
data required time                                                        -0.024
data arrival time                                                         -8.185
--------------------------------------------------------------------------------
slack (VIOLATED)                                                          -8.209


#Path 32
Startpoint: [17752].Q[0] (.latch clocked by pclk)
Endpoint  : [4880].D[0] (.latch clocked by pclk)
Path Type : setup

Point                                                             Incr      Path
--------------------------------------------------------------------------------
clock pclk (rise edge)                                           0.000     0.000
clock source latency                                             0.000     0.000
pclk.inpad[0] (.input)                                           0.000     0.000
[17752].clk[0] (.latch)                                          0.042     0.042
[17752].Q[0] (.latch) [clock-to-output]                          0.124     0.166
[5541].in[4] (.names)                                            0.359     0.525
[5541].out[0] (.names)                                           0.261     0.786
[17555].in[0] (.names)                                           0.332     1.119
[17555].out[0] (.names)                                          0.261     1.380
[17559].in[5] (.names)                                           0.336     1.716
[17559].out[0] (.names)                                          0.261     1.977
nen12_2.in[1] (.names)                                           0.626     2.602
nen12_2.out[0] (.names)                                          0.261     2.863
[17865].in[3] (.names)                                           0.336     3.199
[17865].out[0] (.names)                                          0.261     3.460
[17924].in[3] (.names)                                           0.337     3.797
[17924].out[0] (.names)                                          0.261     4.058
[19153].in[4] (.names)                                           0.332     4.390
[19153].out[0] (.names)                                          0.261     4.651
[19157].in[2] (.names)                                           0.338     4.989
[19157].out[0] (.names)                                          0.261     5.250
[19221].in[2] (.names)                                           0.100     5.350
[19221].out[0] (.names)                                          0.261     5.611
[19227].in[2] (.names)                                           0.100     5.711
[19227].out[0] (.names)                                          0.261     5.972
[19232].in[2] (.names)                                           0.100     6.072
[19232].out[0] (.names)                                          0.261     6.333
[19215].in[2] (.names)                                           0.631     6.964
[19215].out[0] (.names)                                          0.261     7.225
[4388].in[3] (.names)                                            0.100     7.325
[4388].out[0] (.names)                                           0.261     7.586
[4889].in[4] (.names)                                            0.338     7.924
[4889].out[0] (.names)                                           0.261     8.185
[4880].D[0] (.latch)                                             0.000     8.185
data arrival time                                                          8.185

clock pclk (rise edge)                                           0.000     0.000
clock source latency                                             0.000     0.000
pclk.inpad[0] (.input)                                           0.000     0.000
[4880].clk[0] (.latch)                                           0.042     0.042
clock uncertainty                                                0.000     0.042
cell setup time                                                 -0.066    -0.024
data required time                                                        -0.024
--------------------------------------------------------------------------------
data required time                                                        -0.024
data arrival time                                                         -8.185
--------------------------------------------------------------------------------
slack (VIOLATED)                                                          -8.209


#Path 33
Startpoint: [17752].Q[0] (.latch clocked by pclk)
Endpoint  : [6320].D[0] (.latch clocked by pclk)
Path Type : setup

Point                                                             Incr      Path
--------------------------------------------------------------------------------
clock pclk (rise edge)                                           0.000     0.000
clock source latency                                             0.000     0.000
pclk.inpad[0] (.input)                                           0.000     0.000
[17752].clk[0] (.latch)                                          0.042     0.042
[17752].Q[0] (.latch) [clock-to-output]                          0.124     0.166
[5541].in[4] (.names)                                            0.359     0.525
[5541].out[0] (.names)                                           0.261     0.786
[17555].in[0] (.names)                                           0.332     1.119
[17555].out[0] (.names)                                          0.261     1.380
[17559].in[5] (.names)                                           0.336     1.716
[17559].out[0] (.names)                                          0.261     1.977
nen12_2.in[1] (.names)                                           0.626     2.602
nen12_2.out[0] (.names)                                          0.261     2.863
[17865].in[3] (.names)                                           0.336     3.199
[17865].out[0] (.names)                                          0.261     3.460
[17924].in[3] (.names)                                           0.337     3.797
[17924].out[0] (.names)                                          0.261     4.058
[19153].in[4] (.names)                                           0.332     4.390
[19153].out[0] (.names)                                          0.261     4.651
[19157].in[2] (.names)                                           0.338     4.989
[19157].out[0] (.names)                                          0.261     5.250
[19221].in[2] (.names)                                           0.100     5.350
[19221].out[0] (.names)                                          0.261     5.611
[19227].in[2] (.names)                                           0.100     5.711
[19227].out[0] (.names)                                          0.261     5.972
[19232].in[2] (.names)                                           0.100     6.072
[19232].out[0] (.names)                                          0.261     6.333
[19215].in[2] (.names)                                           0.631     6.964
[19215].out[0] (.names)                                          0.261     7.225
[4388].in[3] (.names)                                            0.100     7.325
[4388].out[0] (.names)                                           0.261     7.586
[6329].in[4] (.names)                                            0.338     7.924
[6329].out[0] (.names)                                           0.261     8.185
[6320].D[0] (.latch)                                             0.000     8.185
data arrival time                                                          8.185

clock pclk (rise edge)                                           0.000     0.000
clock source latency                                             0.000     0.000
pclk.inpad[0] (.input)                                           0.000     0.000
[6320].clk[0] (.latch)                                           0.042     0.042
clock uncertainty                                                0.000     0.042
cell setup time                                                 -0.066    -0.024
data required time                                                        -0.024
--------------------------------------------------------------------------------
data required time                                                        -0.024
data arrival time                                                         -8.185
--------------------------------------------------------------------------------
slack (VIOLATED)                                                          -8.209


#Path 34
Startpoint: [17752].Q[0] (.latch clocked by pclk)
Endpoint  : [6365].D[0] (.latch clocked by pclk)
Path Type : setup

Point                                                             Incr      Path
--------------------------------------------------------------------------------
clock pclk (rise edge)                                           0.000     0.000
clock source latency                                             0.000     0.000
pclk.inpad[0] (.input)                                           0.000     0.000
[17752].clk[0] (.latch)                                          0.042     0.042
[17752].Q[0] (.latch) [clock-to-output]                          0.124     0.166
[5541].in[4] (.names)                                            0.359     0.525
[5541].out[0] (.names)                                           0.261     0.786
[17555].in[0] (.names)                                           0.332     1.119
[17555].out[0] (.names)                                          0.261     1.380
[17559].in[5] (.names)                                           0.336     1.716
[17559].out[0] (.names)                                          0.261     1.977
nen12_2.in[1] (.names)                                           0.626     2.602
nen12_2.out[0] (.names)                                          0.261     2.863
[17865].in[3] (.names)                                           0.336     3.199
[17865].out[0] (.names)                                          0.261     3.460
[17924].in[3] (.names)                                           0.337     3.797
[17924].out[0] (.names)                                          0.261     4.058
[19153].in[4] (.names)                                           0.332     4.390
[19153].out[0] (.names)                                          0.261     4.651
[19157].in[2] (.names)                                           0.338     4.989
[19157].out[0] (.names)                                          0.261     5.250
[19221].in[2] (.names)                                           0.100     5.350
[19221].out[0] (.names)                                          0.261     5.611
[19227].in[2] (.names)                                           0.100     5.711
[19227].out[0] (.names)                                          0.261     5.972
[19232].in[2] (.names)                                           0.100     6.072
[19232].out[0] (.names)                                          0.261     6.333
[19215].in[2] (.names)                                           0.631     6.964
[19215].out[0] (.names)                                          0.261     7.225
[4388].in[3] (.names)                                            0.100     7.325
[4388].out[0] (.names)                                           0.261     7.586
[6374].in[4] (.names)                                            0.338     7.924
[6374].out[0] (.names)                                           0.261     8.185
[6365].D[0] (.latch)                                             0.000     8.185
data arrival time                                                          8.185

clock pclk (rise edge)                                           0.000     0.000
clock source latency                                             0.000     0.000
pclk.inpad[0] (.input)                                           0.000     0.000
[6365].clk[0] (.latch)                                           0.042     0.042
clock uncertainty                                                0.000     0.042
cell setup time                                                 -0.066    -0.024
data required time                                                        -0.024
--------------------------------------------------------------------------------
data required time                                                        -0.024
data arrival time                                                         -8.185
--------------------------------------------------------------------------------
slack (VIOLATED)                                                          -8.209


#Path 35
Startpoint: [17752].Q[0] (.latch clocked by pclk)
Endpoint  : [10355].D[0] (.latch clocked by pclk)
Path Type : setup

Point                                                             Incr      Path
--------------------------------------------------------------------------------
clock pclk (rise edge)                                           0.000     0.000
clock source latency                                             0.000     0.000
pclk.inpad[0] (.input)                                           0.000     0.000
[17752].clk[0] (.latch)                                          0.042     0.042
[17752].Q[0] (.latch) [clock-to-output]                          0.124     0.166
[5541].in[4] (.names)                                            0.359     0.525
[5541].out[0] (.names)                                           0.261     0.786
[17555].in[0] (.names)                                           0.332     1.119
[17555].out[0] (.names)                                          0.261     1.380
[17559].in[5] (.names)                                           0.336     1.716
[17559].out[0] (.names)                                          0.261     1.977
nen12_2.in[1] (.names)                                           0.626     2.602
nen12_2.out[0] (.names)                                          0.261     2.863
[17865].in[3] (.names)                                           0.336     3.199
[17865].out[0] (.names)                                          0.261     3.460
[17924].in[3] (.names)                                           0.337     3.797
[17924].out[0] (.names)                                          0.261     4.058
[19153].in[4] (.names)                                           0.332     4.390
[19153].out[0] (.names)                                          0.261     4.651
[19157].in[2] (.names)                                           0.338     4.989
[19157].out[0] (.names)                                          0.261     5.250
[19221].in[2] (.names)                                           0.100     5.350
[19221].out[0] (.names)                                          0.261     5.611
[19227].in[2] (.names)                                           0.100     5.711
[19227].out[0] (.names)                                          0.261     5.972
[19232].in[2] (.names)                                           0.100     6.072
[19232].out[0] (.names)                                          0.261     6.333
[19215].in[2] (.names)                                           0.631     6.964
[19215].out[0] (.names)                                          0.261     7.225
[4388].in[3] (.names)                                            0.100     7.325
[4388].out[0] (.names)                                           0.261     7.586
[10364].in[4] (.names)                                           0.338     7.924
[10364].out[0] (.names)                                          0.261     8.185
[10355].D[0] (.latch)                                            0.000     8.185
data arrival time                                                          8.185

clock pclk (rise edge)                                           0.000     0.000
clock source latency                                             0.000     0.000
pclk.inpad[0] (.input)                                           0.000     0.000
[10355].clk[0] (.latch)                                          0.042     0.042
clock uncertainty                                                0.000     0.042
cell setup time                                                 -0.066    -0.024
data required time                                                        -0.024
--------------------------------------------------------------------------------
data required time                                                        -0.024
data arrival time                                                         -8.185
--------------------------------------------------------------------------------
slack (VIOLATED)                                                          -8.209


#Path 36
Startpoint: [17752].Q[0] (.latch clocked by pclk)
Endpoint  : [8210].D[0] (.latch clocked by pclk)
Path Type : setup

Point                                                             Incr      Path
--------------------------------------------------------------------------------
clock pclk (rise edge)                                           0.000     0.000
clock source latency                                             0.000     0.000
pclk.inpad[0] (.input)                                           0.000     0.000
[17752].clk[0] (.latch)                                          0.042     0.042
[17752].Q[0] (.latch) [clock-to-output]                          0.124     0.166
[5541].in[4] (.names)                                            0.359     0.525
[5541].out[0] (.names)                                           0.261     0.786
[17555].in[0] (.names)                                           0.332     1.119
[17555].out[0] (.names)                                          0.261     1.380
[17559].in[5] (.names)                                           0.336     1.716
[17559].out[0] (.names)                                          0.261     1.977
nen12_2.in[1] (.names)                                           0.626     2.602
nen12_2.out[0] (.names)                                          0.261     2.863
[17865].in[3] (.names)                                           0.336     3.199
[17865].out[0] (.names)                                          0.261     3.460
[17924].in[3] (.names)                                           0.337     3.797
[17924].out[0] (.names)                                          0.261     4.058
[19153].in[4] (.names)                                           0.332     4.390
[19153].out[0] (.names)                                          0.261     4.651
[19157].in[2] (.names)                                           0.338     4.989
[19157].out[0] (.names)                                          0.261     5.250
[19221].in[2] (.names)                                           0.100     5.350
[19221].out[0] (.names)                                          0.261     5.611
[19227].in[2] (.names)                                           0.100     5.711
[19227].out[0] (.names)                                          0.261     5.972
[19232].in[2] (.names)                                           0.100     6.072
[19232].out[0] (.names)                                          0.261     6.333
[19215].in[2] (.names)                                           0.631     6.964
[19215].out[0] (.names)                                          0.261     7.225
[4388].in[3] (.names)                                            0.100     7.325
[4388].out[0] (.names)                                           0.261     7.586
[8219].in[4] (.names)                                            0.338     7.924
[8219].out[0] (.names)                                           0.261     8.185
[8210].D[0] (.latch)                                             0.000     8.185
data arrival time                                                          8.185

clock pclk (rise edge)                                           0.000     0.000
clock source latency                                             0.000     0.000
pclk.inpad[0] (.input)                                           0.000     0.000
[8210].clk[0] (.latch)                                           0.042     0.042
clock uncertainty                                                0.000     0.042
cell setup time                                                 -0.066    -0.024
data required time                                                        -0.024
--------------------------------------------------------------------------------
data required time                                                        -0.024
data arrival time                                                         -8.185
--------------------------------------------------------------------------------
slack (VIOLATED)                                                          -8.209


#Path 37
Startpoint: [17752].Q[0] (.latch clocked by pclk)
Endpoint  : [9890].D[0] (.latch clocked by pclk)
Path Type : setup

Point                                                             Incr      Path
--------------------------------------------------------------------------------
clock pclk (rise edge)                                           0.000     0.000
clock source latency                                             0.000     0.000
pclk.inpad[0] (.input)                                           0.000     0.000
[17752].clk[0] (.latch)                                          0.042     0.042
[17752].Q[0] (.latch) [clock-to-output]                          0.124     0.166
[5541].in[4] (.names)                                            0.359     0.525
[5541].out[0] (.names)                                           0.261     0.786
[17555].in[0] (.names)                                           0.332     1.119
[17555].out[0] (.names)                                          0.261     1.380
[17559].in[5] (.names)                                           0.336     1.716
[17559].out[0] (.names)                                          0.261     1.977
nen12_2.in[1] (.names)                                           0.626     2.602
nen12_2.out[0] (.names)                                          0.261     2.863
[17865].in[3] (.names)                                           0.336     3.199
[17865].out[0] (.names)                                          0.261     3.460
[17924].in[3] (.names)                                           0.337     3.797
[17924].out[0] (.names)                                          0.261     4.058
[19153].in[4] (.names)                                           0.332     4.390
[19153].out[0] (.names)                                          0.261     4.651
[19157].in[2] (.names)                                           0.338     4.989
[19157].out[0] (.names)                                          0.261     5.250
[19221].in[2] (.names)                                           0.100     5.350
[19221].out[0] (.names)                                          0.261     5.611
[19227].in[2] (.names)                                           0.100     5.711
[19227].out[0] (.names)                                          0.261     5.972
[19232].in[2] (.names)                                           0.100     6.072
[19232].out[0] (.names)                                          0.261     6.333
[19215].in[2] (.names)                                           0.631     6.964
[19215].out[0] (.names)                                          0.261     7.225
[4388].in[3] (.names)                                            0.100     7.325
[4388].out[0] (.names)                                           0.261     7.586
[9899].in[4] (.names)                                            0.337     7.923
[9899].out[0] (.names)                                           0.261     8.184
[9890].D[0] (.latch)                                             0.000     8.184
data arrival time                                                          8.184

clock pclk (rise edge)                                           0.000     0.000
clock source latency                                             0.000     0.000
pclk.inpad[0] (.input)                                           0.000     0.000
[9890].clk[0] (.latch)                                           0.042     0.042
clock uncertainty                                                0.000     0.042
cell setup time                                                 -0.066    -0.024
data required time                                                        -0.024
--------------------------------------------------------------------------------
data required time                                                        -0.024
data arrival time                                                         -8.184
--------------------------------------------------------------------------------
slack (VIOLATED)                                                          -8.208


#Path 38
Startpoint: [17752].Q[0] (.latch clocked by pclk)
Endpoint  : [9530].D[0] (.latch clocked by pclk)
Path Type : setup

Point                                                             Incr      Path
--------------------------------------------------------------------------------
clock pclk (rise edge)                                           0.000     0.000
clock source latency                                             0.000     0.000
pclk.inpad[0] (.input)                                           0.000     0.000
[17752].clk[0] (.latch)                                          0.042     0.042
[17752].Q[0] (.latch) [clock-to-output]                          0.124     0.166
[5541].in[4] (.names)                                            0.359     0.525
[5541].out[0] (.names)                                           0.261     0.786
[17555].in[0] (.names)                                           0.332     1.119
[17555].out[0] (.names)                                          0.261     1.380
[17559].in[5] (.names)                                           0.336     1.716
[17559].out[0] (.names)                                          0.261     1.977
nen12_2.in[1] (.names)                                           0.626     2.602
nen12_2.out[0] (.names)                                          0.261     2.863
[17865].in[3] (.names)                                           0.336     3.199
[17865].out[0] (.names)                                          0.261     3.460
[17924].in[3] (.names)                                           0.337     3.797
[17924].out[0] (.names)                                          0.261     4.058
[19153].in[4] (.names)                                           0.332     4.390
[19153].out[0] (.names)                                          0.261     4.651
[19157].in[2] (.names)                                           0.338     4.989
[19157].out[0] (.names)                                          0.261     5.250
[19221].in[2] (.names)                                           0.100     5.350
[19221].out[0] (.names)                                          0.261     5.611
[19227].in[2] (.names)                                           0.100     5.711
[19227].out[0] (.names)                                          0.261     5.972
[19232].in[2] (.names)                                           0.100     6.072
[19232].out[0] (.names)                                          0.261     6.333
[19215].in[2] (.names)                                           0.631     6.964
[19215].out[0] (.names)                                          0.261     7.225
[9539].in[4] (.names)                                            0.627     7.852
[9539].out[0] (.names)                                           0.261     8.113
[9530].D[0] (.latch)                                             0.000     8.113
data arrival time                                                          8.113

clock pclk (rise edge)                                           0.000     0.000
clock source latency                                             0.000     0.000
pclk.inpad[0] (.input)                                           0.000     0.000
[9530].clk[0] (.latch)                                           0.042     0.042
clock uncertainty                                                0.000     0.042
cell setup time                                                 -0.066    -0.024
data required time                                                        -0.024
--------------------------------------------------------------------------------
data required time                                                        -0.024
data arrival time                                                         -8.113
--------------------------------------------------------------------------------
slack (VIOLATED)                                                          -8.137


#Path 39
Startpoint: [17752].Q[0] (.latch clocked by pclk)
Endpoint  : [14240].D[0] (.latch clocked by pclk)
Path Type : setup

Point                                                             Incr      Path
--------------------------------------------------------------------------------
clock pclk (rise edge)                                           0.000     0.000
clock source latency                                             0.000     0.000
pclk.inpad[0] (.input)                                           0.000     0.000
[17752].clk[0] (.latch)                                          0.042     0.042
[17752].Q[0] (.latch) [clock-to-output]                          0.124     0.166
[5541].in[4] (.names)                                            0.359     0.525
[5541].out[0] (.names)                                           0.261     0.786
[17555].in[0] (.names)                                           0.332     1.119
[17555].out[0] (.names)                                          0.261     1.380
[17559].in[5] (.names)                                           0.336     1.716
[17559].out[0] (.names)                                          0.261     1.977
nen12_2.in[1] (.names)                                           0.626     2.602
nen12_2.out[0] (.names)                                          0.261     2.863
[17865].in[3] (.names)                                           0.336     3.199
[17865].out[0] (.names)                                          0.261     3.460
[17924].in[3] (.names)                                           0.337     3.797
[17924].out[0] (.names)                                          0.261     4.058
[19153].in[4] (.names)                                           0.332     4.390
[19153].out[0] (.names)                                          0.261     4.651
[19157].in[2] (.names)                                           0.338     4.989
[19157].out[0] (.names)                                          0.261     5.250
[19221].in[2] (.names)                                           0.100     5.350
[19221].out[0] (.names)                                          0.261     5.611
[19227].in[2] (.names)                                           0.100     5.711
[19227].out[0] (.names)                                          0.261     5.972
[19232].in[2] (.names)                                           0.100     6.072
[19232].out[0] (.names)                                          0.261     6.333
[19215].in[2] (.names)                                           0.631     6.964
[19215].out[0] (.names)                                          0.261     7.225
[14249].in[4] (.names)                                           0.627     7.852
[14249].out[0] (.names)                                          0.261     8.113
[14240].D[0] (.latch)                                            0.000     8.113
data arrival time                                                          8.113

clock pclk (rise edge)                                           0.000     0.000
clock source latency                                             0.000     0.000
pclk.inpad[0] (.input)                                           0.000     0.000
[14240].clk[0] (.latch)                                          0.042     0.042
clock uncertainty                                                0.000     0.042
cell setup time                                                 -0.066    -0.024
data required time                                                        -0.024
--------------------------------------------------------------------------------
data required time                                                        -0.024
data arrival time                                                         -8.113
--------------------------------------------------------------------------------
slack (VIOLATED)                                                          -8.137


#Path 40
Startpoint: [17752].Q[0] (.latch clocked by pclk)
Endpoint  : [10955].D[0] (.latch clocked by pclk)
Path Type : setup

Point                                                             Incr      Path
--------------------------------------------------------------------------------
clock pclk (rise edge)                                           0.000     0.000
clock source latency                                             0.000     0.000
pclk.inpad[0] (.input)                                           0.000     0.000
[17752].clk[0] (.latch)                                          0.042     0.042
[17752].Q[0] (.latch) [clock-to-output]                          0.124     0.166
[5541].in[4] (.names)                                            0.359     0.525
[5541].out[0] (.names)                                           0.261     0.786
[17555].in[0] (.names)                                           0.332     1.119
[17555].out[0] (.names)                                          0.261     1.380
[17559].in[5] (.names)                                           0.336     1.716
[17559].out[0] (.names)                                          0.261     1.977
nen12_2.in[1] (.names)                                           0.626     2.602
nen12_2.out[0] (.names)                                          0.261     2.863
[17865].in[3] (.names)                                           0.336     3.199
[17865].out[0] (.names)                                          0.261     3.460
[17924].in[3] (.names)                                           0.337     3.797
[17924].out[0] (.names)                                          0.261     4.058
[19153].in[4] (.names)                                           0.332     4.390
[19153].out[0] (.names)                                          0.261     4.651
[19157].in[2] (.names)                                           0.338     4.989
[19157].out[0] (.names)                                          0.261     5.250
[19221].in[2] (.names)                                           0.100     5.350
[19221].out[0] (.names)                                          0.261     5.611
[19227].in[2] (.names)                                           0.100     5.711
[19227].out[0] (.names)                                          0.261     5.972
[19232].in[2] (.names)                                           0.100     6.072
[19232].out[0] (.names)                                          0.261     6.333
[19215].in[2] (.names)                                           0.631     6.964
[19215].out[0] (.names)                                          0.261     7.225
[10964].in[4] (.names)                                           0.627     7.852
[10964].out[0] (.names)                                          0.261     8.113
[10955].D[0] (.latch)                                            0.000     8.113
data arrival time                                                          8.113

clock pclk (rise edge)                                           0.000     0.000
clock source latency                                             0.000     0.000
pclk.inpad[0] (.input)                                           0.000     0.000
[10955].clk[0] (.latch)                                          0.042     0.042
clock uncertainty                                                0.000     0.042
cell setup time                                                 -0.066    -0.024
data required time                                                        -0.024
--------------------------------------------------------------------------------
data required time                                                        -0.024
data arrival time                                                         -8.113
--------------------------------------------------------------------------------
slack (VIOLATED)                                                          -8.137


#Path 41
Startpoint: [17752].Q[0] (.latch clocked by pclk)
Endpoint  : [10700].D[0] (.latch clocked by pclk)
Path Type : setup

Point                                                             Incr      Path
--------------------------------------------------------------------------------
clock pclk (rise edge)                                           0.000     0.000
clock source latency                                             0.000     0.000
pclk.inpad[0] (.input)                                           0.000     0.000
[17752].clk[0] (.latch)                                          0.042     0.042
[17752].Q[0] (.latch) [clock-to-output]                          0.124     0.166
[5541].in[4] (.names)                                            0.359     0.525
[5541].out[0] (.names)                                           0.261     0.786
[17555].in[0] (.names)                                           0.332     1.119
[17555].out[0] (.names)                                          0.261     1.380
[17559].in[5] (.names)                                           0.336     1.716
[17559].out[0] (.names)                                          0.261     1.977
nen12_2.in[1] (.names)                                           0.626     2.602
nen12_2.out[0] (.names)                                          0.261     2.863
[17865].in[3] (.names)                                           0.336     3.199
[17865].out[0] (.names)                                          0.261     3.460
[17924].in[3] (.names)                                           0.337     3.797
[17924].out[0] (.names)                                          0.261     4.058
[19153].in[4] (.names)                                           0.332     4.390
[19153].out[0] (.names)                                          0.261     4.651
[19157].in[2] (.names)                                           0.338     4.989
[19157].out[0] (.names)                                          0.261     5.250
[19221].in[2] (.names)                                           0.100     5.350
[19221].out[0] (.names)                                          0.261     5.611
[19227].in[2] (.names)                                           0.100     5.711
[19227].out[0] (.names)                                          0.261     5.972
[19232].in[2] (.names)                                           0.100     6.072
[19232].out[0] (.names)                                          0.261     6.333
[19215].in[2] (.names)                                           0.631     6.964
[19215].out[0] (.names)                                          0.261     7.225
[10709].in[4] (.names)                                           0.627     7.852
[10709].out[0] (.names)                                          0.261     8.113
[10700].D[0] (.latch)                                            0.000     8.113
data arrival time                                                          8.113

clock pclk (rise edge)                                           0.000     0.000
clock source latency                                             0.000     0.000
pclk.inpad[0] (.input)                                           0.000     0.000
[10700].clk[0] (.latch)                                          0.042     0.042
clock uncertainty                                                0.000     0.042
cell setup time                                                 -0.066    -0.024
data required time                                                        -0.024
--------------------------------------------------------------------------------
data required time                                                        -0.024
data arrival time                                                         -8.113
--------------------------------------------------------------------------------
slack (VIOLATED)                                                          -8.137


#Path 42
Startpoint: [17752].Q[0] (.latch clocked by pclk)
Endpoint  : [14690].D[0] (.latch clocked by pclk)
Path Type : setup

Point                                                             Incr      Path
--------------------------------------------------------------------------------
clock pclk (rise edge)                                           0.000     0.000
clock source latency                                             0.000     0.000
pclk.inpad[0] (.input)                                           0.000     0.000
[17752].clk[0] (.latch)                                          0.042     0.042
[17752].Q[0] (.latch) [clock-to-output]                          0.124     0.166
[5541].in[4] (.names)                                            0.359     0.525
[5541].out[0] (.names)                                           0.261     0.786
[17555].in[0] (.names)                                           0.332     1.119
[17555].out[0] (.names)                                          0.261     1.380
[17559].in[5] (.names)                                           0.336     1.716
[17559].out[0] (.names)                                          0.261     1.977
nen12_2.in[1] (.names)                                           0.626     2.602
nen12_2.out[0] (.names)                                          0.261     2.863
[17865].in[3] (.names)                                           0.336     3.199
[17865].out[0] (.names)                                          0.261     3.460
[17924].in[3] (.names)                                           0.337     3.797
[17924].out[0] (.names)                                          0.261     4.058
[19153].in[4] (.names)                                           0.332     4.390
[19153].out[0] (.names)                                          0.261     4.651
[19157].in[2] (.names)                                           0.338     4.989
[19157].out[0] (.names)                                          0.261     5.250
[19221].in[2] (.names)                                           0.100     5.350
[19221].out[0] (.names)                                          0.261     5.611
[19227].in[2] (.names)                                           0.100     5.711
[19227].out[0] (.names)                                          0.261     5.972
[19232].in[2] (.names)                                           0.100     6.072
[19232].out[0] (.names)                                          0.261     6.333
[19215].in[2] (.names)                                           0.631     6.964
[19215].out[0] (.names)                                          0.261     7.225
[14699].in[4] (.names)                                           0.626     7.851
[14699].out[0] (.names)                                          0.261     8.112
[14690].D[0] (.latch)                                            0.000     8.112
data arrival time                                                          8.112

clock pclk (rise edge)                                           0.000     0.000
clock source latency                                             0.000     0.000
pclk.inpad[0] (.input)                                           0.000     0.000
[14690].clk[0] (.latch)                                          0.042     0.042
clock uncertainty                                                0.000     0.042
cell setup time                                                 -0.066    -0.024
data required time                                                        -0.024
--------------------------------------------------------------------------------
data required time                                                        -0.024
data arrival time                                                         -8.112
--------------------------------------------------------------------------------
slack (VIOLATED)                                                          -8.136


#Path 43
Startpoint: [17752].Q[0] (.latch clocked by pclk)
Endpoint  : [10445].D[0] (.latch clocked by pclk)
Path Type : setup

Point                                                             Incr      Path
--------------------------------------------------------------------------------
clock pclk (rise edge)                                           0.000     0.000
clock source latency                                             0.000     0.000
pclk.inpad[0] (.input)                                           0.000     0.000
[17752].clk[0] (.latch)                                          0.042     0.042
[17752].Q[0] (.latch) [clock-to-output]                          0.124     0.166
[5541].in[4] (.names)                                            0.359     0.525
[5541].out[0] (.names)                                           0.261     0.786
[17555].in[0] (.names)                                           0.332     1.119
[17555].out[0] (.names)                                          0.261     1.380
[17559].in[5] (.names)                                           0.336     1.716
[17559].out[0] (.names)                                          0.261     1.977
nen12_2.in[1] (.names)                                           0.626     2.602
nen12_2.out[0] (.names)                                          0.261     2.863
[17865].in[3] (.names)                                           0.336     3.199
[17865].out[0] (.names)                                          0.261     3.460
[17924].in[3] (.names)                                           0.337     3.797
[17924].out[0] (.names)                                          0.261     4.058
[19153].in[4] (.names)                                           0.332     4.390
[19153].out[0] (.names)                                          0.261     4.651
[19157].in[2] (.names)                                           0.338     4.989
[19157].out[0] (.names)                                          0.261     5.250
[19221].in[2] (.names)                                           0.100     5.350
[19221].out[0] (.names)                                          0.261     5.611
[19227].in[2] (.names)                                           0.100     5.711
[19227].out[0] (.names)                                          0.261     5.972
[19232].in[2] (.names)                                           0.100     6.072
[19232].out[0] (.names)                                          0.261     6.333
[19215].in[2] (.names)                                           0.631     6.964
[19215].out[0] (.names)                                          0.261     7.225
[10454].in[4] (.names)                                           0.626     7.851
[10454].out[0] (.names)                                          0.261     8.112
[10445].D[0] (.latch)                                            0.000     8.112
data arrival time                                                          8.112

clock pclk (rise edge)                                           0.000     0.000
clock source latency                                             0.000     0.000
pclk.inpad[0] (.input)                                           0.000     0.000
[10445].clk[0] (.latch)                                          0.042     0.042
clock uncertainty                                                0.000     0.042
cell setup time                                                 -0.066    -0.024
data required time                                                        -0.024
--------------------------------------------------------------------------------
data required time                                                        -0.024
data arrival time                                                         -8.112
--------------------------------------------------------------------------------
slack (VIOLATED)                                                          -8.136


#Path 44
Startpoint: [17752].Q[0] (.latch clocked by pclk)
Endpoint  : [9740].D[0] (.latch clocked by pclk)
Path Type : setup

Point                                                             Incr      Path
--------------------------------------------------------------------------------
clock pclk (rise edge)                                           0.000     0.000
clock source latency                                             0.000     0.000
pclk.inpad[0] (.input)                                           0.000     0.000
[17752].clk[0] (.latch)                                          0.042     0.042
[17752].Q[0] (.latch) [clock-to-output]                          0.124     0.166
[5541].in[4] (.names)                                            0.359     0.525
[5541].out[0] (.names)                                           0.261     0.786
[17555].in[0] (.names)                                           0.332     1.119
[17555].out[0] (.names)                                          0.261     1.380
[17559].in[5] (.names)                                           0.336     1.716
[17559].out[0] (.names)                                          0.261     1.977
nrq20_3.in[0] (.names)                                           0.608     2.585
nrq20_3.out[0] (.names)                                          0.261     2.846
[4265].in[1] (.names)                                            0.476     3.321
[4265].out[0] (.names)                                           0.261     3.582
[17744].in[0] (.names)                                           0.332     3.915
[17744].out[0] (.names)                                          0.261     4.176
[4442].in[4] (.names)                                            0.340     4.516
[4442].out[0] (.names)                                           0.261     4.777
[5173].in[3] (.names)                                            0.328     5.105
[5173].out[0] (.names)                                           0.261     5.366
[19520].in[4] (.names)                                           0.328     5.694
[19520].out[0] (.names)                                          0.261     5.955
[5162].in[4] (.names)                                            0.332     6.287
[5162].out[0] (.names)                                           0.261     6.548
[19490].in[4] (.names)                                           0.332     6.881
[19490].out[0] (.names)                                          0.261     7.142
[3557].in[4] (.names)                                            0.338     7.480
[3557].out[0] (.names)                                           0.261     7.741
[9749].in[4] (.names)                                            0.100     7.841
[9749].out[0] (.names)                                           0.261     8.102
[9740].D[0] (.latch)                                             0.000     8.102
data arrival time                                                          8.102

clock pclk (rise edge)                                           0.000     0.000
clock source latency                                             0.000     0.000
pclk.inpad[0] (.input)                                           0.000     0.000
[9740].clk[0] (.latch)                                           0.042     0.042
clock uncertainty                                                0.000     0.042
cell setup time                                                 -0.066    -0.024
data required time                                                        -0.024
--------------------------------------------------------------------------------
data required time                                                        -0.024
data arrival time                                                         -8.102
--------------------------------------------------------------------------------
slack (VIOLATED)                                                          -8.125


#Path 45
Startpoint: [17752].Q[0] (.latch clocked by pclk)
Endpoint  : [5345].D[0] (.latch clocked by pclk)
Path Type : setup

Point                                                             Incr      Path
--------------------------------------------------------------------------------
clock pclk (rise edge)                                           0.000     0.000
clock source latency                                             0.000     0.000
pclk.inpad[0] (.input)                                           0.000     0.000
[17752].clk[0] (.latch)                                          0.042     0.042
[17752].Q[0] (.latch) [clock-to-output]                          0.124     0.166
[5541].in[4] (.names)                                            0.359     0.525
[5541].out[0] (.names)                                           0.261     0.786
[17555].in[0] (.names)                                           0.332     1.119
[17555].out[0] (.names)                                          0.261     1.380
[17559].in[5] (.names)                                           0.336     1.716
[17559].out[0] (.names)                                          0.261     1.977
nrq20_3.in[0] (.names)                                           0.608     2.585
nrq20_3.out[0] (.names)                                          0.261     2.846
[4265].in[1] (.names)                                            0.476     3.321
[4265].out[0] (.names)                                           0.261     3.582
[17744].in[0] (.names)                                           0.332     3.915
[17744].out[0] (.names)                                          0.261     4.176
[4442].in[4] (.names)                                            0.340     4.516
[4442].out[0] (.names)                                           0.261     4.777
[5173].in[3] (.names)                                            0.328     5.105
[5173].out[0] (.names)                                           0.261     5.366
[19520].in[4] (.names)                                           0.328     5.694
[19520].out[0] (.names)                                          0.261     5.955
[5162].in[4] (.names)                                            0.332     6.287
[5162].out[0] (.names)                                           0.261     6.548
[19490].in[4] (.names)                                           0.332     6.881
[19490].out[0] (.names)                                          0.261     7.142
[4697].in[4] (.names)                                            0.338     7.480
[4697].out[0] (.names)                                           0.261     7.741
[5354].in[3] (.names)                                            0.100     7.841
[5354].out[0] (.names)                                           0.261     8.102
[5345].D[0] (.latch)                                             0.000     8.102
data arrival time                                                          8.102

clock pclk (rise edge)                                           0.000     0.000
clock source latency                                             0.000     0.000
pclk.inpad[0] (.input)                                           0.000     0.000
[5345].clk[0] (.latch)                                           0.042     0.042
clock uncertainty                                                0.000     0.042
cell setup time                                                 -0.066    -0.024
data required time                                                        -0.024
--------------------------------------------------------------------------------
data required time                                                        -0.024
data arrival time                                                         -8.102
--------------------------------------------------------------------------------
slack (VIOLATED)                                                          -8.125


#Path 46
Startpoint: [17752].Q[0] (.latch clocked by pclk)
Endpoint  : [4730].D[0] (.latch clocked by pclk)
Path Type : setup

Point                                                             Incr      Path
--------------------------------------------------------------------------------
clock pclk (rise edge)                                           0.000     0.000
clock source latency                                             0.000     0.000
pclk.inpad[0] (.input)                                           0.000     0.000
[17752].clk[0] (.latch)                                          0.042     0.042
[17752].Q[0] (.latch) [clock-to-output]                          0.124     0.166
[5541].in[4] (.names)                                            0.359     0.525
[5541].out[0] (.names)                                           0.261     0.786
[17555].in[0] (.names)                                           0.332     1.119
[17555].out[0] (.names)                                          0.261     1.380
[17559].in[5] (.names)                                           0.336     1.716
[17559].out[0] (.names)                                          0.261     1.977
nrq20_3.in[0] (.names)                                           0.608     2.585
nrq20_3.out[0] (.names)                                          0.261     2.846
[4265].in[1] (.names)                                            0.476     3.321
[4265].out[0] (.names)                                           0.261     3.582
[17744].in[0] (.names)                                           0.332     3.915
[17744].out[0] (.names)                                          0.261     4.176
[4442].in[4] (.names)                                            0.340     4.516
[4442].out[0] (.names)                                           0.261     4.777
[5173].in[3] (.names)                                            0.328     5.105
[5173].out[0] (.names)                                           0.261     5.366
[19520].in[4] (.names)                                           0.328     5.694
[19520].out[0] (.names)                                          0.261     5.955
[5162].in[4] (.names)                                            0.332     6.287
[5162].out[0] (.names)                                           0.261     6.548
[19490].in[4] (.names)                                           0.332     6.881
[19490].out[0] (.names)                                          0.261     7.142
[19474].in[3] (.names)                                           0.336     7.477
[19474].out[0] (.names)                                          0.261     7.738
[4739].in[3] (.names)                                            0.100     7.838
[4739].out[0] (.names)                                           0.261     8.099
[4730].D[0] (.latch)                                             0.000     8.099
data arrival time                                                          8.099

clock pclk (rise edge)                                           0.000     0.000
clock source latency                                             0.000     0.000
pclk.inpad[0] (.input)                                           0.000     0.000
[4730].clk[0] (.latch)                                           0.042     0.042
clock uncertainty                                                0.000     0.042
cell setup time                                                 -0.066    -0.024
data required time                                                        -0.024
--------------------------------------------------------------------------------
data required time                                                        -0.024
data arrival time                                                         -8.099
--------------------------------------------------------------------------------
slack (VIOLATED)                                                          -8.123


#Path 47
Startpoint: [17752].Q[0] (.latch clocked by pclk)
Endpoint  : [15725].D[0] (.latch clocked by pclk)
Path Type : setup

Point                                                             Incr      Path
--------------------------------------------------------------------------------
clock pclk (rise edge)                                           0.000     0.000
clock source latency                                             0.000     0.000
pclk.inpad[0] (.input)                                           0.000     0.000
[17752].clk[0] (.latch)                                          0.042     0.042
[17752].Q[0] (.latch) [clock-to-output]                          0.124     0.166
[5541].in[4] (.names)                                            0.359     0.525
[5541].out[0] (.names)                                           0.261     0.786
[17555].in[0] (.names)                                           0.332     1.119
[17555].out[0] (.names)                                          0.261     1.380
[17559].in[5] (.names)                                           0.336     1.716
[17559].out[0] (.names)                                          0.261     1.977
nrq20_3.in[0] (.names)                                           0.608     2.585
nrq20_3.out[0] (.names)                                          0.261     2.846
[4265].in[1] (.names)                                            0.476     3.321
[4265].out[0] (.names)                                           0.261     3.582
[17744].in[0] (.names)                                           0.332     3.915
[17744].out[0] (.names)                                          0.261     4.176
[4442].in[4] (.names)                                            0.340     4.516
[4442].out[0] (.names)                                           0.261     4.777
[5173].in[3] (.names)                                            0.328     5.105
[5173].out[0] (.names)                                           0.261     5.366
[19520].in[4] (.names)                                           0.328     5.694
[19520].out[0] (.names)                                          0.261     5.955
[5162].in[4] (.names)                                            0.332     6.287
[5162].out[0] (.names)                                           0.261     6.548
[19490].in[4] (.names)                                           0.332     6.881
[19490].out[0] (.names)                                          0.261     7.142
[19474].in[3] (.names)                                           0.336     7.477
[19474].out[0] (.names)                                          0.261     7.738
[15734].in[3] (.names)                                           0.100     7.838
[15734].out[0] (.names)                                          0.261     8.099
[15725].D[0] (.latch)                                            0.000     8.099
data arrival time                                                          8.099

clock pclk (rise edge)                                           0.000     0.000
clock source latency                                             0.000     0.000
pclk.inpad[0] (.input)                                           0.000     0.000
[15725].clk[0] (.latch)                                          0.042     0.042
clock uncertainty                                                0.000     0.042
cell setup time                                                 -0.066    -0.024
data required time                                                        -0.024
--------------------------------------------------------------------------------
data required time                                                        -0.024
data arrival time                                                         -8.099
--------------------------------------------------------------------------------
slack (VIOLATED)                                                          -8.123


#Path 48
Startpoint: [17752].Q[0] (.latch clocked by pclk)
Endpoint  : [9395].D[0] (.latch clocked by pclk)
Path Type : setup

Point                                                             Incr      Path
--------------------------------------------------------------------------------
clock pclk (rise edge)                                           0.000     0.000
clock source latency                                             0.000     0.000
pclk.inpad[0] (.input)                                           0.000     0.000
[17752].clk[0] (.latch)                                          0.042     0.042
[17752].Q[0] (.latch) [clock-to-output]                          0.124     0.166
[5541].in[4] (.names)                                            0.359     0.525
[5541].out[0] (.names)                                           0.261     0.786
[17555].in[0] (.names)                                           0.332     1.119
[17555].out[0] (.names)                                          0.261     1.380
[17559].in[5] (.names)                                           0.336     1.716
[17559].out[0] (.names)                                          0.261     1.977
nrq20_3.in[0] (.names)                                           0.608     2.585
nrq20_3.out[0] (.names)                                          0.261     2.846
[4265].in[1] (.names)                                            0.476     3.321
[4265].out[0] (.names)                                           0.261     3.582
[17744].in[0] (.names)                                           0.332     3.915
[17744].out[0] (.names)                                          0.261     4.176
[4442].in[4] (.names)                                            0.340     4.516
[4442].out[0] (.names)                                           0.261     4.777
[5173].in[3] (.names)                                            0.328     5.105
[5173].out[0] (.names)                                           0.261     5.366
[19520].in[4] (.names)                                           0.328     5.694
[19520].out[0] (.names)                                          0.261     5.955
[5162].in[4] (.names)                                            0.332     6.287
[5162].out[0] (.names)                                           0.261     6.548
[19490].in[4] (.names)                                           0.332     6.881
[19490].out[0] (.names)                                          0.261     7.142
[19474].in[3] (.names)                                           0.336     7.477
[19474].out[0] (.names)                                          0.261     7.738
[9404].in[3] (.names)                                            0.100     7.838
[9404].out[0] (.names)                                           0.261     8.099
[9395].D[0] (.latch)                                             0.000     8.099
data arrival time                                                          8.099

clock pclk (rise edge)                                           0.000     0.000
clock source latency                                             0.000     0.000
pclk.inpad[0] (.input)                                           0.000     0.000
[9395].clk[0] (.latch)                                           0.042     0.042
clock uncertainty                                                0.000     0.042
cell setup time                                                 -0.066    -0.024
data required time                                                        -0.024
--------------------------------------------------------------------------------
data required time                                                        -0.024
data arrival time                                                         -8.099
--------------------------------------------------------------------------------
slack (VIOLATED)                                                          -8.123


#Path 49
Startpoint: [17752].Q[0] (.latch clocked by pclk)
Endpoint  : [10580].D[0] (.latch clocked by pclk)
Path Type : setup

Point                                                             Incr      Path
--------------------------------------------------------------------------------
clock pclk (rise edge)                                           0.000     0.000
clock source latency                                             0.000     0.000
pclk.inpad[0] (.input)                                           0.000     0.000
[17752].clk[0] (.latch)                                          0.042     0.042
[17752].Q[0] (.latch) [clock-to-output]                          0.124     0.166
[5541].in[4] (.names)                                            0.359     0.525
[5541].out[0] (.names)                                           0.261     0.786
[17555].in[0] (.names)                                           0.332     1.119
[17555].out[0] (.names)                                          0.261     1.380
[17559].in[5] (.names)                                           0.336     1.716
[17559].out[0] (.names)                                          0.261     1.977
nrq20_3.in[0] (.names)                                           0.608     2.585
nrq20_3.out[0] (.names)                                          0.261     2.846
[4265].in[1] (.names)                                            0.476     3.321
[4265].out[0] (.names)                                           0.261     3.582
[17744].in[0] (.names)                                           0.332     3.915
[17744].out[0] (.names)                                          0.261     4.176
[4442].in[4] (.names)                                            0.340     4.516
[4442].out[0] (.names)                                           0.261     4.777
[5173].in[3] (.names)                                            0.328     5.105
[5173].out[0] (.names)                                           0.261     5.366
[19520].in[4] (.names)                                           0.328     5.694
[19520].out[0] (.names)                                          0.261     5.955
[5162].in[4] (.names)                                            0.332     6.287
[5162].out[0] (.names)                                           0.261     6.548
[19490].in[4] (.names)                                           0.332     6.881
[19490].out[0] (.names)                                          0.261     7.142
[19474].in[3] (.names)                                           0.336     7.477
[19474].out[0] (.names)                                          0.261     7.738
[10589].in[3] (.names)                                           0.100     7.838
[10589].out[0] (.names)                                          0.261     8.099
[10580].D[0] (.latch)                                            0.000     8.099
data arrival time                                                          8.099

clock pclk (rise edge)                                           0.000     0.000
clock source latency                                             0.000     0.000
pclk.inpad[0] (.input)                                           0.000     0.000
[10580].clk[0] (.latch)                                          0.042     0.042
clock uncertainty                                                0.000     0.042
cell setup time                                                 -0.066    -0.024
data required time                                                        -0.024
--------------------------------------------------------------------------------
data required time                                                        -0.024
data arrival time                                                         -8.099
--------------------------------------------------------------------------------
slack (VIOLATED)                                                          -8.123


#Path 50
Startpoint: [17752].Q[0] (.latch clocked by pclk)
Endpoint  : [11180].D[0] (.latch clocked by pclk)
Path Type : setup

Point                                                             Incr      Path
--------------------------------------------------------------------------------
clock pclk (rise edge)                                           0.000     0.000
clock source latency                                             0.000     0.000
pclk.inpad[0] (.input)                                           0.000     0.000
[17752].clk[0] (.latch)                                          0.042     0.042
[17752].Q[0] (.latch) [clock-to-output]                          0.124     0.166
[5541].in[4] (.names)                                            0.359     0.525
[5541].out[0] (.names)                                           0.261     0.786
[17555].in[0] (.names)                                           0.332     1.119
[17555].out[0] (.names)                                          0.261     1.380
[17559].in[5] (.names)                                           0.336     1.716
[17559].out[0] (.names)                                          0.261     1.977
nrq20_3.in[0] (.names)                                           0.608     2.585
nrq20_3.out[0] (.names)                                          0.261     2.846
[4265].in[1] (.names)                                            0.476     3.321
[4265].out[0] (.names)                                           0.261     3.582
[17744].in[0] (.names)                                           0.332     3.915
[17744].out[0] (.names)                                          0.261     4.176
[4442].in[4] (.names)                                            0.340     4.516
[4442].out[0] (.names)                                           0.261     4.777
[5173].in[3] (.names)                                            0.328     5.105
[5173].out[0] (.names)                                           0.261     5.366
[19520].in[4] (.names)                                           0.328     5.694
[19520].out[0] (.names)                                          0.261     5.955
[5162].in[4] (.names)                                            0.332     6.287
[5162].out[0] (.names)                                           0.261     6.548
[19490].in[4] (.names)                                           0.332     6.881
[19490].out[0] (.names)                                          0.261     7.142
[19474].in[3] (.names)                                           0.336     7.477
[19474].out[0] (.names)                                          0.261     7.738
[11189].in[3] (.names)                                           0.100     7.838
[11189].out[0] (.names)                                          0.261     8.099
[11180].D[0] (.latch)                                            0.000     8.099
data arrival time                                                          8.099

clock pclk (rise edge)                                           0.000     0.000
clock source latency                                             0.000     0.000
pclk.inpad[0] (.input)                                           0.000     0.000
[11180].clk[0] (.latch)                                          0.042     0.042
clock uncertainty                                                0.000     0.042
cell setup time                                                 -0.066    -0.024
data required time                                                        -0.024
--------------------------------------------------------------------------------
data required time                                                        -0.024
data arrival time                                                         -8.099
--------------------------------------------------------------------------------
slack (VIOLATED)                                                          -8.123


#Path 51
Startpoint: [17752].Q[0] (.latch clocked by pclk)
Endpoint  : [12365].D[0] (.latch clocked by pclk)
Path Type : setup

Point                                                             Incr      Path
--------------------------------------------------------------------------------
clock pclk (rise edge)                                           0.000     0.000
clock source latency                                             0.000     0.000
pclk.inpad[0] (.input)                                           0.000     0.000
[17752].clk[0] (.latch)                                          0.042     0.042
[17752].Q[0] (.latch) [clock-to-output]                          0.124     0.166
[5541].in[4] (.names)                                            0.359     0.525
[5541].out[0] (.names)                                           0.261     0.786
[17555].in[0] (.names)                                           0.332     1.119
[17555].out[0] (.names)                                          0.261     1.380
[17559].in[5] (.names)                                           0.336     1.716
[17559].out[0] (.names)                                          0.261     1.977
nrq20_3.in[0] (.names)                                           0.608     2.585
nrq20_3.out[0] (.names)                                          0.261     2.846
[4265].in[1] (.names)                                            0.476     3.321
[4265].out[0] (.names)                                           0.261     3.582
[17744].in[0] (.names)                                           0.332     3.915
[17744].out[0] (.names)                                          0.261     4.176
[4442].in[4] (.names)                                            0.340     4.516
[4442].out[0] (.names)                                           0.261     4.777
[5173].in[3] (.names)                                            0.328     5.105
[5173].out[0] (.names)                                           0.261     5.366
[19520].in[4] (.names)                                           0.328     5.694
[19520].out[0] (.names)                                          0.261     5.955
[5162].in[4] (.names)                                            0.332     6.287
[5162].out[0] (.names)                                           0.261     6.548
[19490].in[4] (.names)                                           0.332     6.881
[19490].out[0] (.names)                                          0.261     7.142
[19474].in[3] (.names)                                           0.336     7.477
[19474].out[0] (.names)                                          0.261     7.738
[12374].in[3] (.names)                                           0.100     7.838
[12374].out[0] (.names)                                          0.261     8.099
[12365].D[0] (.latch)                                            0.000     8.099
data arrival time                                                          8.099

clock pclk (rise edge)                                           0.000     0.000
clock source latency                                             0.000     0.000
pclk.inpad[0] (.input)                                           0.000     0.000
[12365].clk[0] (.latch)                                          0.042     0.042
clock uncertainty                                                0.000     0.042
cell setup time                                                 -0.066    -0.024
data required time                                                        -0.024
--------------------------------------------------------------------------------
data required time                                                        -0.024
data arrival time                                                         -8.099
--------------------------------------------------------------------------------
slack (VIOLATED)                                                          -8.123


#Path 52
Startpoint: [17752].Q[0] (.latch clocked by pclk)
Endpoint  : [13730].D[0] (.latch clocked by pclk)
Path Type : setup

Point                                                             Incr      Path
--------------------------------------------------------------------------------
clock pclk (rise edge)                                           0.000     0.000
clock source latency                                             0.000     0.000
pclk.inpad[0] (.input)                                           0.000     0.000
[17752].clk[0] (.latch)                                          0.042     0.042
[17752].Q[0] (.latch) [clock-to-output]                          0.124     0.166
[5541].in[4] (.names)                                            0.359     0.525
[5541].out[0] (.names)                                           0.261     0.786
[17555].in[0] (.names)                                           0.332     1.119
[17555].out[0] (.names)                                          0.261     1.380
[17559].in[5] (.names)                                           0.336     1.716
[17559].out[0] (.names)                                          0.261     1.977
nrq20_3.in[0] (.names)                                           0.608     2.585
nrq20_3.out[0] (.names)                                          0.261     2.846
[4265].in[1] (.names)                                            0.476     3.321
[4265].out[0] (.names)                                           0.261     3.582
[17744].in[0] (.names)                                           0.332     3.915
[17744].out[0] (.names)                                          0.261     4.176
[4442].in[4] (.names)                                            0.340     4.516
[4442].out[0] (.names)                                           0.261     4.777
[5173].in[3] (.names)                                            0.328     5.105
[5173].out[0] (.names)                                           0.261     5.366
[19520].in[4] (.names)                                           0.328     5.694
[19520].out[0] (.names)                                          0.261     5.955
[5162].in[4] (.names)                                            0.332     6.287
[5162].out[0] (.names)                                           0.261     6.548
[19490].in[4] (.names)                                           0.332     6.881
[19490].out[0] (.names)                                          0.261     7.142
[19474].in[3] (.names)                                           0.336     7.477
[19474].out[0] (.names)                                          0.261     7.738
[13739].in[3] (.names)                                           0.100     7.838
[13739].out[0] (.names)                                          0.261     8.099
[13730].D[0] (.latch)                                            0.000     8.099
data arrival time                                                          8.099

clock pclk (rise edge)                                           0.000     0.000
clock source latency                                             0.000     0.000
pclk.inpad[0] (.input)                                           0.000     0.000
[13730].clk[0] (.latch)                                          0.042     0.042
clock uncertainty                                                0.000     0.042
cell setup time                                                 -0.066    -0.024
data required time                                                        -0.024
--------------------------------------------------------------------------------
data required time                                                        -0.024
data arrival time                                                         -8.099
--------------------------------------------------------------------------------
slack (VIOLATED)                                                          -8.123


#Path 53
Startpoint: [17752].Q[0] (.latch clocked by pclk)
Endpoint  : [15320].D[0] (.latch clocked by pclk)
Path Type : setup

Point                                                             Incr      Path
--------------------------------------------------------------------------------
clock pclk (rise edge)                                           0.000     0.000
clock source latency                                             0.000     0.000
pclk.inpad[0] (.input)                                           0.000     0.000
[17752].clk[0] (.latch)                                          0.042     0.042
[17752].Q[0] (.latch) [clock-to-output]                          0.124     0.166
[5541].in[4] (.names)                                            0.359     0.525
[5541].out[0] (.names)                                           0.261     0.786
[17555].in[0] (.names)                                           0.332     1.119
[17555].out[0] (.names)                                          0.261     1.380
[17559].in[5] (.names)                                           0.336     1.716
[17559].out[0] (.names)                                          0.261     1.977
nrq20_3.in[0] (.names)                                           0.608     2.585
nrq20_3.out[0] (.names)                                          0.261     2.846
[4265].in[1] (.names)                                            0.476     3.321
[4265].out[0] (.names)                                           0.261     3.582
[17744].in[0] (.names)                                           0.332     3.915
[17744].out[0] (.names)                                          0.261     4.176
[4442].in[4] (.names)                                            0.340     4.516
[4442].out[0] (.names)                                           0.261     4.777
[5173].in[3] (.names)                                            0.328     5.105
[5173].out[0] (.names)                                           0.261     5.366
[19520].in[4] (.names)                                           0.328     5.694
[19520].out[0] (.names)                                          0.261     5.955
[5162].in[4] (.names)                                            0.332     6.287
[5162].out[0] (.names)                                           0.261     6.548
[19490].in[4] (.names)                                           0.332     6.881
[19490].out[0] (.names)                                          0.261     7.142
[19474].in[3] (.names)                                           0.336     7.477
[19474].out[0] (.names)                                          0.261     7.738
[15329].in[3] (.names)                                           0.100     7.838
[15329].out[0] (.names)                                          0.261     8.099
[15320].D[0] (.latch)                                            0.000     8.099
data arrival time                                                          8.099

clock pclk (rise edge)                                           0.000     0.000
clock source latency                                             0.000     0.000
pclk.inpad[0] (.input)                                           0.000     0.000
[15320].clk[0] (.latch)                                          0.042     0.042
clock uncertainty                                                0.000     0.042
cell setup time                                                 -0.066    -0.024
data required time                                                        -0.024
--------------------------------------------------------------------------------
data required time                                                        -0.024
data arrival time                                                         -8.099
--------------------------------------------------------------------------------
slack (VIOLATED)                                                          -8.123


#Path 54
Startpoint: [17752].Q[0] (.latch clocked by pclk)
Endpoint  : [12815].D[0] (.latch clocked by pclk)
Path Type : setup

Point                                                             Incr      Path
--------------------------------------------------------------------------------
clock pclk (rise edge)                                           0.000     0.000
clock source latency                                             0.000     0.000
pclk.inpad[0] (.input)                                           0.000     0.000
[17752].clk[0] (.latch)                                          0.042     0.042
[17752].Q[0] (.latch) [clock-to-output]                          0.124     0.166
[5541].in[4] (.names)                                            0.359     0.525
[5541].out[0] (.names)                                           0.261     0.786
[17555].in[0] (.names)                                           0.332     1.119
[17555].out[0] (.names)                                          0.261     1.380
[17559].in[5] (.names)                                           0.336     1.716
[17559].out[0] (.names)                                          0.261     1.977
nrq20_3.in[0] (.names)                                           0.608     2.585
nrq20_3.out[0] (.names)                                          0.261     2.846
[4265].in[1] (.names)                                            0.476     3.321
[4265].out[0] (.names)                                           0.261     3.582
[17744].in[0] (.names)                                           0.332     3.915
[17744].out[0] (.names)                                          0.261     4.176
[4442].in[4] (.names)                                            0.340     4.516
[4442].out[0] (.names)                                           0.261     4.777
[5173].in[3] (.names)                                            0.328     5.105
[5173].out[0] (.names)                                           0.261     5.366
[19520].in[4] (.names)                                           0.328     5.694
[19520].out[0] (.names)                                          0.261     5.955
[5162].in[4] (.names)                                            0.332     6.287
[5162].out[0] (.names)                                           0.261     6.548
[19490].in[4] (.names)                                           0.332     6.881
[19490].out[0] (.names)                                          0.261     7.142
[3140].in[4] (.names)                                            0.336     7.477
[3140].out[0] (.names)                                           0.261     7.738
[12824].in[3] (.names)                                           0.100     7.838
[12824].out[0] (.names)                                          0.261     8.099
[12815].D[0] (.latch)                                            0.000     8.099
data arrival time                                                          8.099

clock pclk (rise edge)                                           0.000     0.000
clock source latency                                             0.000     0.000
pclk.inpad[0] (.input)                                           0.000     0.000
[12815].clk[0] (.latch)                                          0.042     0.042
clock uncertainty                                                0.000     0.042
cell setup time                                                 -0.066    -0.024
data required time                                                        -0.024
--------------------------------------------------------------------------------
data required time                                                        -0.024
data arrival time                                                         -8.099
--------------------------------------------------------------------------------
slack (VIOLATED)                                                          -8.123


#Path 55
Startpoint: [17752].Q[0] (.latch clocked by pclk)
Endpoint  : [8705].D[0] (.latch clocked by pclk)
Path Type : setup

Point                                                             Incr      Path
--------------------------------------------------------------------------------
clock pclk (rise edge)                                           0.000     0.000
clock source latency                                             0.000     0.000
pclk.inpad[0] (.input)                                           0.000     0.000
[17752].clk[0] (.latch)                                          0.042     0.042
[17752].Q[0] (.latch) [clock-to-output]                          0.124     0.166
[5541].in[4] (.names)                                            0.359     0.525
[5541].out[0] (.names)                                           0.261     0.786
[17555].in[0] (.names)                                           0.332     1.119
[17555].out[0] (.names)                                          0.261     1.380
[17559].in[5] (.names)                                           0.336     1.716
[17559].out[0] (.names)                                          0.261     1.977
nrq20_3.in[0] (.names)                                           0.608     2.585
nrq20_3.out[0] (.names)                                          0.261     2.846
[4265].in[1] (.names)                                            0.476     3.321
[4265].out[0] (.names)                                           0.261     3.582
[17744].in[0] (.names)                                           0.332     3.915
[17744].out[0] (.names)                                          0.261     4.176
[4442].in[4] (.names)                                            0.340     4.516
[4442].out[0] (.names)                                           0.261     4.777
[5173].in[3] (.names)                                            0.328     5.105
[5173].out[0] (.names)                                           0.261     5.366
[19520].in[4] (.names)                                           0.328     5.694
[19520].out[0] (.names)                                          0.261     5.955
[5162].in[4] (.names)                                            0.332     6.287
[5162].out[0] (.names)                                           0.261     6.548
[19490].in[4] (.names)                                           0.332     6.881
[19490].out[0] (.names)                                          0.261     7.142
[3735].in[4] (.names)                                            0.336     7.477
[3735].out[0] (.names)                                           0.261     7.738
[8714].in[4] (.names)                                            0.100     7.838
[8714].out[0] (.names)                                           0.261     8.099
[8705].D[0] (.latch)                                             0.000     8.099
data arrival time                                                          8.099

clock pclk (rise edge)                                           0.000     0.000
clock source latency                                             0.000     0.000
pclk.inpad[0] (.input)                                           0.000     0.000
[8705].clk[0] (.latch)                                           0.042     0.042
clock uncertainty                                                0.000     0.042
cell setup time                                                 -0.066    -0.024
data required time                                                        -0.024
--------------------------------------------------------------------------------
data required time                                                        -0.024
data arrival time                                                         -8.099
--------------------------------------------------------------------------------
slack (VIOLATED)                                                          -8.123


#Path 56
Startpoint: [17752].Q[0] (.latch clocked by pclk)
Endpoint  : [8765].D[0] (.latch clocked by pclk)
Path Type : setup

Point                                                             Incr      Path
--------------------------------------------------------------------------------
clock pclk (rise edge)                                           0.000     0.000
clock source latency                                             0.000     0.000
pclk.inpad[0] (.input)                                           0.000     0.000
[17752].clk[0] (.latch)                                          0.042     0.042
[17752].Q[0] (.latch) [clock-to-output]                          0.124     0.166
[5541].in[4] (.names)                                            0.359     0.525
[5541].out[0] (.names)                                           0.261     0.786
[17555].in[0] (.names)                                           0.332     1.119
[17555].out[0] (.names)                                          0.261     1.380
[17559].in[5] (.names)                                           0.336     1.716
[17559].out[0] (.names)                                          0.261     1.977
nrq20_3.in[0] (.names)                                           0.608     2.585
nrq20_3.out[0] (.names)                                          0.261     2.846
[4265].in[1] (.names)                                            0.476     3.321
[4265].out[0] (.names)                                           0.261     3.582
[17744].in[0] (.names)                                           0.332     3.915
[17744].out[0] (.names)                                          0.261     4.176
[4442].in[4] (.names)                                            0.340     4.516
[4442].out[0] (.names)                                           0.261     4.777
[5173].in[3] (.names)                                            0.328     5.105
[5173].out[0] (.names)                                           0.261     5.366
[19520].in[4] (.names)                                           0.328     5.694
[19520].out[0] (.names)                                          0.261     5.955
[5162].in[4] (.names)                                            0.332     6.287
[5162].out[0] (.names)                                           0.261     6.548
[19490].in[4] (.names)                                           0.332     6.881
[19490].out[0] (.names)                                          0.261     7.142
[19474].in[3] (.names)                                           0.336     7.477
[19474].out[0] (.names)                                          0.261     7.738
[8774].in[3] (.names)                                            0.100     7.838
[8774].out[0] (.names)                                           0.261     8.099
[8765].D[0] (.latch)                                             0.000     8.099
data arrival time                                                          8.099

clock pclk (rise edge)                                           0.000     0.000
clock source latency                                             0.000     0.000
pclk.inpad[0] (.input)                                           0.000     0.000
[8765].clk[0] (.latch)                                           0.042     0.042
clock uncertainty                                                0.000     0.042
cell setup time                                                 -0.066    -0.024
data required time                                                        -0.024
--------------------------------------------------------------------------------
data required time                                                        -0.024
data arrival time                                                         -8.099
--------------------------------------------------------------------------------
slack (VIOLATED)                                                          -8.123


#Path 57
Startpoint: [17752].Q[0] (.latch clocked by pclk)
Endpoint  : [8885].D[0] (.latch clocked by pclk)
Path Type : setup

Point                                                             Incr      Path
--------------------------------------------------------------------------------
clock pclk (rise edge)                                           0.000     0.000
clock source latency                                             0.000     0.000
pclk.inpad[0] (.input)                                           0.000     0.000
[17752].clk[0] (.latch)                                          0.042     0.042
[17752].Q[0] (.latch) [clock-to-output]                          0.124     0.166
[5541].in[4] (.names)                                            0.359     0.525
[5541].out[0] (.names)                                           0.261     0.786
[17555].in[0] (.names)                                           0.332     1.119
[17555].out[0] (.names)                                          0.261     1.380
[17559].in[5] (.names)                                           0.336     1.716
[17559].out[0] (.names)                                          0.261     1.977
nen12_2.in[1] (.names)                                           0.626     2.602
nen12_2.out[0] (.names)                                          0.261     2.863
[17865].in[3] (.names)                                           0.336     3.199
[17865].out[0] (.names)                                          0.261     3.460
[17924].in[3] (.names)                                           0.337     3.797
[17924].out[0] (.names)                                          0.261     4.058
[19153].in[4] (.names)                                           0.332     4.390
[19153].out[0] (.names)                                          0.261     4.651
[19157].in[2] (.names)                                           0.338     4.989
[19157].out[0] (.names)                                          0.261     5.250
[19221].in[2] (.names)                                           0.100     5.350
[19221].out[0] (.names)                                          0.261     5.611
[19227].in[2] (.names)                                           0.100     5.711
[19227].out[0] (.names)                                          0.261     5.972
[19232].in[2] (.names)                                           0.100     6.072
[19232].out[0] (.names)                                          0.261     6.333
[19215].in[2] (.names)                                           0.631     6.964
[19215].out[0] (.names)                                          0.261     7.225
[8894].in[4] (.names)                                            0.481     7.707
[8894].out[0] (.names)                                           0.261     7.968
[8885].D[0] (.latch)                                             0.000     7.968
data arrival time                                                          7.968

clock pclk (rise edge)                                           0.000     0.000
clock source latency                                             0.000     0.000
pclk.inpad[0] (.input)                                           0.000     0.000
[8885].clk[0] (.latch)                                           0.042     0.042
clock uncertainty                                                0.000     0.042
cell setup time                                                 -0.066    -0.024
data required time                                                        -0.024
--------------------------------------------------------------------------------
data required time                                                        -0.024
data arrival time                                                         -7.968
--------------------------------------------------------------------------------
slack (VIOLATED)                                                          -7.991


#Path 58
Startpoint: [17752].Q[0] (.latch clocked by pclk)
Endpoint  : [9800].D[0] (.latch clocked by pclk)
Path Type : setup

Point                                                             Incr      Path
--------------------------------------------------------------------------------
clock pclk (rise edge)                                           0.000     0.000
clock source latency                                             0.000     0.000
pclk.inpad[0] (.input)                                           0.000     0.000
[17752].clk[0] (.latch)                                          0.042     0.042
[17752].Q[0] (.latch) [clock-to-output]                          0.124     0.166
[5541].in[4] (.names)                                            0.359     0.525
[5541].out[0] (.names)                                           0.261     0.786
[17555].in[0] (.names)                                           0.332     1.119
[17555].out[0] (.names)                                          0.261     1.380
[17559].in[5] (.names)                                           0.336     1.716
[17559].out[0] (.names)                                          0.261     1.977
nen12_2.in[1] (.names)                                           0.626     2.602
nen12_2.out[0] (.names)                                          0.261     2.863
[17865].in[3] (.names)                                           0.336     3.199
[17865].out[0] (.names)                                          0.261     3.460
[17924].in[3] (.names)                                           0.337     3.797
[17924].out[0] (.names)                                          0.261     4.058
[19153].in[4] (.names)                                           0.332     4.390
[19153].out[0] (.names)                                          0.261     4.651
[19157].in[2] (.names)                                           0.338     4.989
[19157].out[0] (.names)                                          0.261     5.250
[19221].in[2] (.names)                                           0.100     5.350
[19221].out[0] (.names)                                          0.261     5.611
[19227].in[2] (.names)                                           0.100     5.711
[19227].out[0] (.names)                                          0.261     5.972
[19232].in[2] (.names)                                           0.100     6.072
[19232].out[0] (.names)                                          0.261     6.333
[19215].in[2] (.names)                                           0.631     6.964
[19215].out[0] (.names)                                          0.261     7.225
[9809].in[4] (.names)                                            0.481     7.707
[9809].out[0] (.names)                                           0.261     7.968
[9800].D[0] (.latch)                                             0.000     7.968
data arrival time                                                          7.968

clock pclk (rise edge)                                           0.000     0.000
clock source latency                                             0.000     0.000
pclk.inpad[0] (.input)                                           0.000     0.000
[9800].clk[0] (.latch)                                           0.042     0.042
clock uncertainty                                                0.000     0.042
cell setup time                                                 -0.066    -0.024
data required time                                                        -0.024
--------------------------------------------------------------------------------
data required time                                                        -0.024
data arrival time                                                         -7.968
--------------------------------------------------------------------------------
slack (VIOLATED)                                                          -7.991


#Path 59
Startpoint: [17752].Q[0] (.latch clocked by pclk)
Endpoint  : [10190].D[0] (.latch clocked by pclk)
Path Type : setup

Point                                                             Incr      Path
--------------------------------------------------------------------------------
clock pclk (rise edge)                                           0.000     0.000
clock source latency                                             0.000     0.000
pclk.inpad[0] (.input)                                           0.000     0.000
[17752].clk[0] (.latch)                                          0.042     0.042
[17752].Q[0] (.latch) [clock-to-output]                          0.124     0.166
[5541].in[4] (.names)                                            0.359     0.525
[5541].out[0] (.names)                                           0.261     0.786
[17555].in[0] (.names)                                           0.332     1.119
[17555].out[0] (.names)                                          0.261     1.380
[17559].in[5] (.names)                                           0.336     1.716
[17559].out[0] (.names)                                          0.261     1.977
nen12_2.in[1] (.names)                                           0.626     2.602
nen12_2.out[0] (.names)                                          0.261     2.863
[17865].in[3] (.names)                                           0.336     3.199
[17865].out[0] (.names)                                          0.261     3.460
[17924].in[3] (.names)                                           0.337     3.797
[17924].out[0] (.names)                                          0.261     4.058
[19153].in[4] (.names)                                           0.332     4.390
[19153].out[0] (.names)                                          0.261     4.651
[19157].in[2] (.names)                                           0.338     4.989
[19157].out[0] (.names)                                          0.261     5.250
[19221].in[2] (.names)                                           0.100     5.350
[19221].out[0] (.names)                                          0.261     5.611
[19227].in[2] (.names)                                           0.100     5.711
[19227].out[0] (.names)                                          0.261     5.972
[19232].in[2] (.names)                                           0.100     6.072
[19232].out[0] (.names)                                          0.261     6.333
[19215].in[2] (.names)                                           0.631     6.964
[19215].out[0] (.names)                                          0.261     7.225
[10199].in[4] (.names)                                           0.481     7.707
[10199].out[0] (.names)                                          0.261     7.968
[10190].D[0] (.latch)                                            0.000     7.968
data arrival time                                                          7.968

clock pclk (rise edge)                                           0.000     0.000
clock source latency                                             0.000     0.000
pclk.inpad[0] (.input)                                           0.000     0.000
[10190].clk[0] (.latch)                                          0.042     0.042
clock uncertainty                                                0.000     0.042
cell setup time                                                 -0.066    -0.024
data required time                                                        -0.024
--------------------------------------------------------------------------------
data required time                                                        -0.024
data arrival time                                                         -7.968
--------------------------------------------------------------------------------
slack (VIOLATED)                                                          -7.991


#Path 60
Startpoint: [17752].Q[0] (.latch clocked by pclk)
Endpoint  : [9560].D[0] (.latch clocked by pclk)
Path Type : setup

Point                                                             Incr      Path
--------------------------------------------------------------------------------
clock pclk (rise edge)                                           0.000     0.000
clock source latency                                             0.000     0.000
pclk.inpad[0] (.input)                                           0.000     0.000
[17752].clk[0] (.latch)                                          0.042     0.042
[17752].Q[0] (.latch) [clock-to-output]                          0.124     0.166
[5541].in[4] (.names)                                            0.359     0.525
[5541].out[0] (.names)                                           0.261     0.786
[17555].in[0] (.names)                                           0.332     1.119
[17555].out[0] (.names)                                          0.261     1.380
[17559].in[5] (.names)                                           0.336     1.716
[17559].out[0] (.names)                                          0.261     1.977
nen12_2.in[1] (.names)                                           0.626     2.602
nen12_2.out[0] (.names)                                          0.261     2.863
[17865].in[3] (.names)                                           0.336     3.199
[17865].out[0] (.names)                                          0.261     3.460
[17924].in[3] (.names)                                           0.337     3.797
[17924].out[0] (.names)                                          0.261     4.058
[19153].in[4] (.names)                                           0.332     4.390
[19153].out[0] (.names)                                          0.261     4.651
[19157].in[2] (.names)                                           0.338     4.989
[19157].out[0] (.names)                                          0.261     5.250
[19221].in[2] (.names)                                           0.100     5.350
[19221].out[0] (.names)                                          0.261     5.611
[19227].in[2] (.names)                                           0.100     5.711
[19227].out[0] (.names)                                          0.261     5.972
[19232].in[2] (.names)                                           0.100     6.072
[19232].out[0] (.names)                                          0.261     6.333
[19215].in[2] (.names)                                           0.631     6.964
[19215].out[0] (.names)                                          0.261     7.225
[19068].in[5] (.names)                                           0.100     7.325
[19068].out[0] (.names)                                          0.261     7.586
[9569].in[3] (.names)                                            0.100     7.686
[9569].out[0] (.names)                                           0.261     7.947
[9560].D[0] (.latch)                                             0.000     7.947
data arrival time                                                          7.947

clock pclk (rise edge)                                           0.000     0.000
clock source latency                                             0.000     0.000
pclk.inpad[0] (.input)                                           0.000     0.000
[9560].clk[0] (.latch)                                           0.042     0.042
clock uncertainty                                                0.000     0.042
cell setup time                                                 -0.066    -0.024
data required time                                                        -0.024
--------------------------------------------------------------------------------
data required time                                                        -0.024
data arrival time                                                         -7.947
--------------------------------------------------------------------------------
slack (VIOLATED)                                                          -7.971


#Path 61
Startpoint: [17752].Q[0] (.latch clocked by pclk)
Endpoint  : [7580].D[0] (.latch clocked by pclk)
Path Type : setup

Point                                                             Incr      Path
--------------------------------------------------------------------------------
clock pclk (rise edge)                                           0.000     0.000
clock source latency                                             0.000     0.000
pclk.inpad[0] (.input)                                           0.000     0.000
[17752].clk[0] (.latch)                                          0.042     0.042
[17752].Q[0] (.latch) [clock-to-output]                          0.124     0.166
[5541].in[4] (.names)                                            0.359     0.525
[5541].out[0] (.names)                                           0.261     0.786
[17555].in[0] (.names)                                           0.332     1.119
[17555].out[0] (.names)                                          0.261     1.380
[17559].in[5] (.names)                                           0.336     1.716
[17559].out[0] (.names)                                          0.261     1.977
nen12_2.in[1] (.names)                                           0.626     2.602
nen12_2.out[0] (.names)                                          0.261     2.863
[17865].in[3] (.names)                                           0.336     3.199
[17865].out[0] (.names)                                          0.261     3.460
[17924].in[3] (.names)                                           0.337     3.797
[17924].out[0] (.names)                                          0.261     4.058
[19153].in[4] (.names)                                           0.332     4.390
[19153].out[0] (.names)                                          0.261     4.651
[19157].in[2] (.names)                                           0.338     4.989
[19157].out[0] (.names)                                          0.261     5.250
[19221].in[2] (.names)                                           0.100     5.350
[19221].out[0] (.names)                                          0.261     5.611
[19227].in[2] (.names)                                           0.100     5.711
[19227].out[0] (.names)                                          0.261     5.972
[19232].in[2] (.names)                                           0.100     6.072
[19232].out[0] (.names)                                          0.261     6.333
[19215].in[2] (.names)                                           0.631     6.964
[19215].out[0] (.names)                                          0.261     7.225
[19068].in[5] (.names)                                           0.100     7.325
[19068].out[0] (.names)                                          0.261     7.586
[7589].in[4] (.names)                                            0.100     7.686
[7589].out[0] (.names)                                           0.261     7.947
[7580].D[0] (.latch)                                             0.000     7.947
data arrival time                                                          7.947

clock pclk (rise edge)                                           0.000     0.000
clock source latency                                             0.000     0.000
pclk.inpad[0] (.input)                                           0.000     0.000
[7580].clk[0] (.latch)                                           0.042     0.042
clock uncertainty                                                0.000     0.042
cell setup time                                                 -0.066    -0.024
data required time                                                        -0.024
--------------------------------------------------------------------------------
data required time                                                        -0.024
data arrival time                                                         -7.947
--------------------------------------------------------------------------------
slack (VIOLATED)                                                          -7.971


#Path 62
Startpoint: [17752].Q[0] (.latch clocked by pclk)
Endpoint  : [13445].D[0] (.latch clocked by pclk)
Path Type : setup

Point                                                             Incr      Path
--------------------------------------------------------------------------------
clock pclk (rise edge)                                           0.000     0.000
clock source latency                                             0.000     0.000
pclk.inpad[0] (.input)                                           0.000     0.000
[17752].clk[0] (.latch)                                          0.042     0.042
[17752].Q[0] (.latch) [clock-to-output]                          0.124     0.166
[5541].in[4] (.names)                                            0.359     0.525
[5541].out[0] (.names)                                           0.261     0.786
[17555].in[0] (.names)                                           0.332     1.119
[17555].out[0] (.names)                                          0.261     1.380
[17559].in[5] (.names)                                           0.336     1.716
[17559].out[0] (.names)                                          0.261     1.977
nen12_2.in[1] (.names)                                           0.626     2.602
nen12_2.out[0] (.names)                                          0.261     2.863
[17865].in[3] (.names)                                           0.336     3.199
[17865].out[0] (.names)                                          0.261     3.460
[17924].in[3] (.names)                                           0.337     3.797
[17924].out[0] (.names)                                          0.261     4.058
[19153].in[4] (.names)                                           0.332     4.390
[19153].out[0] (.names)                                          0.261     4.651
[19157].in[2] (.names)                                           0.338     4.989
[19157].out[0] (.names)                                          0.261     5.250
[19221].in[2] (.names)                                           0.100     5.350
[19221].out[0] (.names)                                          0.261     5.611
[19227].in[2] (.names)                                           0.100     5.711
[19227].out[0] (.names)                                          0.261     5.972
[19232].in[2] (.names)                                           0.100     6.072
[19232].out[0] (.names)                                          0.261     6.333
[19215].in[2] (.names)                                           0.631     6.964
[19215].out[0] (.names)                                          0.261     7.225
[19068].in[5] (.names)                                           0.100     7.325
[19068].out[0] (.names)                                          0.261     7.586
[13454].in[1] (.names)                                           0.100     7.686
[13454].out[0] (.names)                                          0.261     7.947
[13445].D[0] (.latch)                                            0.000     7.947
data arrival time                                                          7.947

clock pclk (rise edge)                                           0.000     0.000
clock source latency                                             0.000     0.000
pclk.inpad[0] (.input)                                           0.000     0.000
[13445].clk[0] (.latch)                                          0.042     0.042
clock uncertainty                                                0.000     0.042
cell setup time                                                 -0.066    -0.024
data required time                                                        -0.024
--------------------------------------------------------------------------------
data required time                                                        -0.024
data arrival time                                                         -7.947
--------------------------------------------------------------------------------
slack (VIOLATED)                                                          -7.971


#Path 63
Startpoint: [17752].Q[0] (.latch clocked by pclk)
Endpoint  : [7010].D[0] (.latch clocked by pclk)
Path Type : setup

Point                                                             Incr      Path
--------------------------------------------------------------------------------
clock pclk (rise edge)                                           0.000     0.000
clock source latency                                             0.000     0.000
pclk.inpad[0] (.input)                                           0.000     0.000
[17752].clk[0] (.latch)                                          0.042     0.042
[17752].Q[0] (.latch) [clock-to-output]                          0.124     0.166
[5541].in[4] (.names)                                            0.359     0.525
[5541].out[0] (.names)                                           0.261     0.786
[17555].in[0] (.names)                                           0.332     1.119
[17555].out[0] (.names)                                          0.261     1.380
[17559].in[5] (.names)                                           0.336     1.716
[17559].out[0] (.names)                                          0.261     1.977
nen12_2.in[1] (.names)                                           0.626     2.602
nen12_2.out[0] (.names)                                          0.261     2.863
[17865].in[3] (.names)                                           0.336     3.199
[17865].out[0] (.names)                                          0.261     3.460
[17924].in[3] (.names)                                           0.337     3.797
[17924].out[0] (.names)                                          0.261     4.058
[19153].in[4] (.names)                                           0.332     4.390
[19153].out[0] (.names)                                          0.261     4.651
[19157].in[2] (.names)                                           0.338     4.989
[19157].out[0] (.names)                                          0.261     5.250
[19221].in[2] (.names)                                           0.100     5.350
[19221].out[0] (.names)                                          0.261     5.611
[19227].in[2] (.names)                                           0.100     5.711
[19227].out[0] (.names)                                          0.261     5.972
[19232].in[2] (.names)                                           0.100     6.072
[19232].out[0] (.names)                                          0.261     6.333
[19215].in[2] (.names)                                           0.631     6.964
[19215].out[0] (.names)                                          0.261     7.225
[4388].in[3] (.names)                                            0.100     7.325
[4388].out[0] (.names)                                           0.261     7.586
[7019].in[5] (.names)                                            0.100     7.686
[7019].out[0] (.names)                                           0.261     7.947
[7010].D[0] (.latch)                                             0.000     7.947
data arrival time                                                          7.947

clock pclk (rise edge)                                           0.000     0.000
clock source latency                                             0.000     0.000
pclk.inpad[0] (.input)                                           0.000     0.000
[7010].clk[0] (.latch)                                           0.042     0.042
clock uncertainty                                                0.000     0.042
cell setup time                                                 -0.066    -0.024
data required time                                                        -0.024
--------------------------------------------------------------------------------
data required time                                                        -0.024
data arrival time                                                         -7.947
--------------------------------------------------------------------------------
slack (VIOLATED)                                                          -7.971


#Path 64
Startpoint: [17752].Q[0] (.latch clocked by pclk)
Endpoint  : [14615].D[0] (.latch clocked by pclk)
Path Type : setup

Point                                                             Incr      Path
--------------------------------------------------------------------------------
clock pclk (rise edge)                                           0.000     0.000
clock source latency                                             0.000     0.000
pclk.inpad[0] (.input)                                           0.000     0.000
[17752].clk[0] (.latch)                                          0.042     0.042
[17752].Q[0] (.latch) [clock-to-output]                          0.124     0.166
[5541].in[4] (.names)                                            0.359     0.525
[5541].out[0] (.names)                                           0.261     0.786
[17555].in[0] (.names)                                           0.332     1.119
[17555].out[0] (.names)                                          0.261     1.380
[17559].in[5] (.names)                                           0.336     1.716
[17559].out[0] (.names)                                          0.261     1.977
nen12_2.in[1] (.names)                                           0.626     2.602
nen12_2.out[0] (.names)                                          0.261     2.863
[17865].in[3] (.names)                                           0.336     3.199
[17865].out[0] (.names)                                          0.261     3.460
[17924].in[3] (.names)                                           0.337     3.797
[17924].out[0] (.names)                                          0.261     4.058
[19153].in[4] (.names)                                           0.332     4.390
[19153].out[0] (.names)                                          0.261     4.651
[19157].in[2] (.names)                                           0.338     4.989
[19157].out[0] (.names)                                          0.261     5.250
[19221].in[2] (.names)                                           0.100     5.350
[19221].out[0] (.names)                                          0.261     5.611
[19227].in[2] (.names)                                           0.100     5.711
[19227].out[0] (.names)                                          0.261     5.972
[19232].in[2] (.names)                                           0.100     6.072
[19232].out[0] (.names)                                          0.261     6.333
[19215].in[2] (.names)                                           0.631     6.964
[19215].out[0] (.names)                                          0.261     7.225
[4388].in[3] (.names)                                            0.100     7.325
[4388].out[0] (.names)                                           0.261     7.586
[14624].in[4] (.names)                                           0.100     7.686
[14624].out[0] (.names)                                          0.261     7.947
[14615].D[0] (.latch)                                            0.000     7.947
data arrival time                                                          7.947

clock pclk (rise edge)                                           0.000     0.000
clock source latency                                             0.000     0.000
pclk.inpad[0] (.input)                                           0.000     0.000
[14615].clk[0] (.latch)                                          0.042     0.042
clock uncertainty                                                0.000     0.042
cell setup time                                                 -0.066    -0.024
data required time                                                        -0.024
--------------------------------------------------------------------------------
data required time                                                        -0.024
data arrival time                                                         -7.947
--------------------------------------------------------------------------------
slack (VIOLATED)                                                          -7.971


#Path 65
Startpoint: [17752].Q[0] (.latch clocked by pclk)
Endpoint  : [8315].D[0] (.latch clocked by pclk)
Path Type : setup

Point                                                             Incr      Path
--------------------------------------------------------------------------------
clock pclk (rise edge)                                           0.000     0.000
clock source latency                                             0.000     0.000
pclk.inpad[0] (.input)                                           0.000     0.000
[17752].clk[0] (.latch)                                          0.042     0.042
[17752].Q[0] (.latch) [clock-to-output]                          0.124     0.166
[5541].in[4] (.names)                                            0.359     0.525
[5541].out[0] (.names)                                           0.261     0.786
[17555].in[0] (.names)                                           0.332     1.119
[17555].out[0] (.names)                                          0.261     1.380
[17559].in[5] (.names)                                           0.336     1.716
[17559].out[0] (.names)                                          0.261     1.977
nen12_2.in[1] (.names)                                           0.626     2.602
nen12_2.out[0] (.names)                                          0.261     2.863
[17865].in[3] (.names)                                           0.336     3.199
[17865].out[0] (.names)                                          0.261     3.460
[17924].in[3] (.names)                                           0.337     3.797
[17924].out[0] (.names)                                          0.261     4.058
[19153].in[4] (.names)                                           0.332     4.390
[19153].out[0] (.names)                                          0.261     4.651
[19157].in[2] (.names)                                           0.338     4.989
[19157].out[0] (.names)                                          0.261     5.250
[19221].in[2] (.names)                                           0.100     5.350
[19221].out[0] (.names)                                          0.261     5.611
[19227].in[2] (.names)                                           0.100     5.711
[19227].out[0] (.names)                                          0.261     5.972
[19232].in[2] (.names)                                           0.100     6.072
[19232].out[0] (.names)                                          0.261     6.333
[19215].in[2] (.names)                                           0.631     6.964
[19215].out[0] (.names)                                          0.261     7.225
[19068].in[5] (.names)                                           0.100     7.325
[19068].out[0] (.names)                                          0.261     7.586
[8324].in[3] (.names)                                            0.100     7.686
[8324].out[0] (.names)                                           0.261     7.947
[8315].D[0] (.latch)                                             0.000     7.947
data arrival time                                                          7.947

clock pclk (rise edge)                                           0.000     0.000
clock source latency                                             0.000     0.000
pclk.inpad[0] (.input)                                           0.000     0.000
[8315].clk[0] (.latch)                                           0.042     0.042
clock uncertainty                                                0.000     0.042
cell setup time                                                 -0.066    -0.024
data required time                                                        -0.024
--------------------------------------------------------------------------------
data required time                                                        -0.024
data arrival time                                                         -7.947
--------------------------------------------------------------------------------
slack (VIOLATED)                                                          -7.971


#Path 66
Startpoint: [17752].Q[0] (.latch clocked by pclk)
Endpoint  : [6335].D[0] (.latch clocked by pclk)
Path Type : setup

Point                                                             Incr      Path
--------------------------------------------------------------------------------
clock pclk (rise edge)                                           0.000     0.000
clock source latency                                             0.000     0.000
pclk.inpad[0] (.input)                                           0.000     0.000
[17752].clk[0] (.latch)                                          0.042     0.042
[17752].Q[0] (.latch) [clock-to-output]                          0.124     0.166
[5541].in[4] (.names)                                            0.359     0.525
[5541].out[0] (.names)                                           0.261     0.786
[17555].in[0] (.names)                                           0.332     1.119
[17555].out[0] (.names)                                          0.261     1.380
[17559].in[5] (.names)                                           0.336     1.716
[17559].out[0] (.names)                                          0.261     1.977
nen12_2.in[1] (.names)                                           0.626     2.602
nen12_2.out[0] (.names)                                          0.261     2.863
[17865].in[3] (.names)                                           0.336     3.199
[17865].out[0] (.names)                                          0.261     3.460
[17924].in[3] (.names)                                           0.337     3.797
[17924].out[0] (.names)                                          0.261     4.058
[19153].in[4] (.names)                                           0.332     4.390
[19153].out[0] (.names)                                          0.261     4.651
[19157].in[2] (.names)                                           0.338     4.989
[19157].out[0] (.names)                                          0.261     5.250
[19221].in[2] (.names)                                           0.100     5.350
[19221].out[0] (.names)                                          0.261     5.611
[19227].in[2] (.names)                                           0.100     5.711
[19227].out[0] (.names)                                          0.261     5.972
[19232].in[2] (.names)                                           0.100     6.072
[19232].out[0] (.names)                                          0.261     6.333
[19215].in[2] (.names)                                           0.631     6.964
[19215].out[0] (.names)                                          0.261     7.225
[19068].in[5] (.names)                                           0.100     7.325
[19068].out[0] (.names)                                          0.261     7.586
[6344].in[3] (.names)                                            0.100     7.686
[6344].out[0] (.names)                                           0.261     7.947
[6335].D[0] (.latch)                                             0.000     7.947
data arrival time                                                          7.947

clock pclk (rise edge)                                           0.000     0.000
clock source latency                                             0.000     0.000
pclk.inpad[0] (.input)                                           0.000     0.000
[6335].clk[0] (.latch)                                           0.042     0.042
clock uncertainty                                                0.000     0.042
cell setup time                                                 -0.066    -0.024
data required time                                                        -0.024
--------------------------------------------------------------------------------
data required time                                                        -0.024
data arrival time                                                         -7.947
--------------------------------------------------------------------------------
slack (VIOLATED)                                                          -7.971


#Path 67
Startpoint: [17752].Q[0] (.latch clocked by pclk)
Endpoint  : [6710].D[0] (.latch clocked by pclk)
Path Type : setup

Point                                                             Incr      Path
--------------------------------------------------------------------------------
clock pclk (rise edge)                                           0.000     0.000
clock source latency                                             0.000     0.000
pclk.inpad[0] (.input)                                           0.000     0.000
[17752].clk[0] (.latch)                                          0.042     0.042
[17752].Q[0] (.latch) [clock-to-output]                          0.124     0.166
[5541].in[4] (.names)                                            0.359     0.525
[5541].out[0] (.names)                                           0.261     0.786
[17555].in[0] (.names)                                           0.332     1.119
[17555].out[0] (.names)                                          0.261     1.380
[17559].in[5] (.names)                                           0.336     1.716
[17559].out[0] (.names)                                          0.261     1.977
nrq20_3.in[0] (.names)                                           0.608     2.585
nrq20_3.out[0] (.names)                                          0.261     2.846
[4265].in[1] (.names)                                            0.476     3.321
[4265].out[0] (.names)                                           0.261     3.582
[17744].in[0] (.names)                                           0.332     3.915
[17744].out[0] (.names)                                          0.261     4.176
[4442].in[4] (.names)                                            0.340     4.516
[4442].out[0] (.names)                                           0.261     4.777
[5173].in[3] (.names)                                            0.328     5.105
[5173].out[0] (.names)                                           0.261     5.366
[19520].in[4] (.names)                                           0.328     5.694
[19520].out[0] (.names)                                          0.261     5.955
[5162].in[4] (.names)                                            0.332     6.287
[5162].out[0] (.names)                                           0.261     6.548
[19395].in[4] (.names)                                           0.476     7.024
[19395].out[0] (.names)                                          0.261     7.285
[6719].in[2] (.names)                                            0.338     7.623
[6719].out[0] (.names)                                           0.261     7.884
[6710].D[0] (.latch)                                             0.000     7.884
data arrival time                                                          7.884

clock pclk (rise edge)                                           0.000     0.000
clock source latency                                             0.000     0.000
pclk.inpad[0] (.input)                                           0.000     0.000
[6710].clk[0] (.latch)                                           0.042     0.042
clock uncertainty                                                0.000     0.042
cell setup time                                                 -0.066    -0.024
data required time                                                        -0.024
--------------------------------------------------------------------------------
data required time                                                        -0.024
data arrival time                                                         -7.884
--------------------------------------------------------------------------------
slack (VIOLATED)                                                          -7.908


#Path 68
Startpoint: [17752].Q[0] (.latch clocked by pclk)
Endpoint  : [5525].D[0] (.latch clocked by pclk)
Path Type : setup

Point                                                             Incr      Path
--------------------------------------------------------------------------------
clock pclk (rise edge)                                           0.000     0.000
clock source latency                                             0.000     0.000
pclk.inpad[0] (.input)                                           0.000     0.000
[17752].clk[0] (.latch)                                          0.042     0.042
[17752].Q[0] (.latch) [clock-to-output]                          0.124     0.166
[5541].in[4] (.names)                                            0.359     0.525
[5541].out[0] (.names)                                           0.261     0.786
[17555].in[0] (.names)                                           0.332     1.119
[17555].out[0] (.names)                                          0.261     1.380
[17559].in[5] (.names)                                           0.336     1.716
[17559].out[0] (.names)                                          0.261     1.977
nrq20_3.in[0] (.names)                                           0.608     2.585
nrq20_3.out[0] (.names)                                          0.261     2.846
[4265].in[1] (.names)                                            0.476     3.321
[4265].out[0] (.names)                                           0.261     3.582
[17744].in[0] (.names)                                           0.332     3.915
[17744].out[0] (.names)                                          0.261     4.176
[4442].in[4] (.names)                                            0.340     4.516
[4442].out[0] (.names)                                           0.261     4.777
[5173].in[3] (.names)                                            0.328     5.105
[5173].out[0] (.names)                                           0.261     5.366
[19520].in[4] (.names)                                           0.328     5.694
[19520].out[0] (.names)                                          0.261     5.955
[5162].in[4] (.names)                                            0.332     6.287
[5162].out[0] (.names)                                           0.261     6.548
[19395].in[4] (.names)                                           0.476     7.024
[19395].out[0] (.names)                                          0.261     7.285
[5534].in[3] (.names)                                            0.338     7.623
[5534].out[0] (.names)                                           0.261     7.884
[5525].D[0] (.latch)                                             0.000     7.884
data arrival time                                                          7.884

clock pclk (rise edge)                                           0.000     0.000
clock source latency                                             0.000     0.000
pclk.inpad[0] (.input)                                           0.000     0.000
[5525].clk[0] (.latch)                                           0.042     0.042
clock uncertainty                                                0.000     0.042
cell setup time                                                 -0.066    -0.024
data required time                                                        -0.024
--------------------------------------------------------------------------------
data required time                                                        -0.024
data arrival time                                                         -7.884
--------------------------------------------------------------------------------
slack (VIOLATED)                                                          -7.908


#Path 69
Startpoint: [17752].Q[0] (.latch clocked by pclk)
Endpoint  : [7430].D[0] (.latch clocked by pclk)
Path Type : setup

Point                                                             Incr      Path
--------------------------------------------------------------------------------
clock pclk (rise edge)                                           0.000     0.000
clock source latency                                             0.000     0.000
pclk.inpad[0] (.input)                                           0.000     0.000
[17752].clk[0] (.latch)                                          0.042     0.042
[17752].Q[0] (.latch) [clock-to-output]                          0.124     0.166
[5541].in[4] (.names)                                            0.359     0.525
[5541].out[0] (.names)                                           0.261     0.786
[17555].in[0] (.names)                                           0.332     1.119
[17555].out[0] (.names)                                          0.261     1.380
[17559].in[5] (.names)                                           0.336     1.716
[17559].out[0] (.names)                                          0.261     1.977
nrq20_3.in[0] (.names)                                           0.608     2.585
nrq20_3.out[0] (.names)                                          0.261     2.846
[4265].in[1] (.names)                                            0.476     3.321
[4265].out[0] (.names)                                           0.261     3.582
[17744].in[0] (.names)                                           0.332     3.915
[17744].out[0] (.names)                                          0.261     4.176
[4442].in[4] (.names)                                            0.340     4.516
[4442].out[0] (.names)                                           0.261     4.777
[5173].in[3] (.names)                                            0.328     5.105
[5173].out[0] (.names)                                           0.261     5.366
[19520].in[4] (.names)                                           0.328     5.694
[19520].out[0] (.names)                                          0.261     5.955
[5162].in[4] (.names)                                            0.332     6.287
[5162].out[0] (.names)                                           0.261     6.548
[19395].in[4] (.names)                                           0.476     7.024
[19395].out[0] (.names)                                          0.261     7.285
[7439].in[3] (.names)                                            0.338     7.623
[7439].out[0] (.names)                                           0.261     7.884
[7430].D[0] (.latch)                                             0.000     7.884
data arrival time                                                          7.884

clock pclk (rise edge)                                           0.000     0.000
clock source latency                                             0.000     0.000
pclk.inpad[0] (.input)                                           0.000     0.000
[7430].clk[0] (.latch)                                           0.042     0.042
clock uncertainty                                                0.000     0.042
cell setup time                                                 -0.066    -0.024
data required time                                                        -0.024
--------------------------------------------------------------------------------
data required time                                                        -0.024
data arrival time                                                         -7.884
--------------------------------------------------------------------------------
slack (VIOLATED)                                                          -7.908


#Path 70
Startpoint: [17752].Q[0] (.latch clocked by pclk)
Endpoint  : [8090].D[0] (.latch clocked by pclk)
Path Type : setup

Point                                                             Incr      Path
--------------------------------------------------------------------------------
clock pclk (rise edge)                                           0.000     0.000
clock source latency                                             0.000     0.000
pclk.inpad[0] (.input)                                           0.000     0.000
[17752].clk[0] (.latch)                                          0.042     0.042
[17752].Q[0] (.latch) [clock-to-output]                          0.124     0.166
[5541].in[4] (.names)                                            0.359     0.525
[5541].out[0] (.names)                                           0.261     0.786
[17555].in[0] (.names)                                           0.332     1.119
[17555].out[0] (.names)                                          0.261     1.380
[17559].in[5] (.names)                                           0.336     1.716
[17559].out[0] (.names)                                          0.261     1.977
nrq20_3.in[0] (.names)                                           0.608     2.585
nrq20_3.out[0] (.names)                                          0.261     2.846
[4265].in[1] (.names)                                            0.476     3.321
[4265].out[0] (.names)                                           0.261     3.582
[17744].in[0] (.names)                                           0.332     3.915
[17744].out[0] (.names)                                          0.261     4.176
[4442].in[4] (.names)                                            0.340     4.516
[4442].out[0] (.names)                                           0.261     4.777
[5173].in[3] (.names)                                            0.328     5.105
[5173].out[0] (.names)                                           0.261     5.366
[19520].in[4] (.names)                                           0.328     5.694
[19520].out[0] (.names)                                          0.261     5.955
[5162].in[4] (.names)                                            0.332     6.287
[5162].out[0] (.names)                                           0.261     6.548
[19490].in[4] (.names)                                           0.332     6.881
[19490].out[0] (.names)                                          0.261     7.142
[3850].in[4] (.names)                                            0.100     7.242
[3850].out[0] (.names)                                           0.261     7.503
[8099].in[3] (.names)                                            0.100     7.603
[8099].out[0] (.names)                                           0.261     7.864
[8090].D[0] (.latch)                                             0.000     7.864
data arrival time                                                          7.864

clock pclk (rise edge)                                           0.000     0.000
clock source latency                                             0.000     0.000
pclk.inpad[0] (.input)                                           0.000     0.000
[8090].clk[0] (.latch)                                           0.042     0.042
clock uncertainty                                                0.000     0.042
cell setup time                                                 -0.066    -0.024
data required time                                                        -0.024
--------------------------------------------------------------------------------
data required time                                                        -0.024
data arrival time                                                         -7.864
--------------------------------------------------------------------------------
slack (VIOLATED)                                                          -7.887


#Path 71
Startpoint: [17752].Q[0] (.latch clocked by pclk)
Endpoint  : [14540].D[0] (.latch clocked by pclk)
Path Type : setup

Point                                                             Incr      Path
--------------------------------------------------------------------------------
clock pclk (rise edge)                                           0.000     0.000
clock source latency                                             0.000     0.000
pclk.inpad[0] (.input)                                           0.000     0.000
[17752].clk[0] (.latch)                                          0.042     0.042
[17752].Q[0] (.latch) [clock-to-output]                          0.124     0.166
[5541].in[4] (.names)                                            0.359     0.525
[5541].out[0] (.names)                                           0.261     0.786
[17555].in[0] (.names)                                           0.332     1.119
[17555].out[0] (.names)                                          0.261     1.380
[17559].in[5] (.names)                                           0.336     1.716
[17559].out[0] (.names)                                          0.261     1.977
nrq20_3.in[0] (.names)                                           0.608     2.585
nrq20_3.out[0] (.names)                                          0.261     2.846
[4265].in[1] (.names)                                            0.476     3.321
[4265].out[0] (.names)                                           0.261     3.582
[17744].in[0] (.names)                                           0.332     3.915
[17744].out[0] (.names)                                          0.261     4.176
[4442].in[4] (.names)                                            0.340     4.516
[4442].out[0] (.names)                                           0.261     4.777
[5173].in[3] (.names)                                            0.328     5.105
[5173].out[0] (.names)                                           0.261     5.366
[19520].in[4] (.names)                                           0.328     5.694
[19520].out[0] (.names)                                          0.261     5.955
[5162].in[4] (.names)                                            0.332     6.287
[5162].out[0] (.names)                                           0.261     6.548
[19490].in[4] (.names)                                           0.332     6.881
[19490].out[0] (.names)                                          0.261     7.142
[2812].in[4] (.names)                                            0.100     7.242
[2812].out[0] (.names)                                           0.261     7.503
[14549].in[3] (.names)                                           0.100     7.603
[14549].out[0] (.names)                                          0.261     7.864
[14540].D[0] (.latch)                                            0.000     7.864
data arrival time                                                          7.864

clock pclk (rise edge)                                           0.000     0.000
clock source latency                                             0.000     0.000
pclk.inpad[0] (.input)                                           0.000     0.000
[14540].clk[0] (.latch)                                          0.042     0.042
clock uncertainty                                                0.000     0.042
cell setup time                                                 -0.066    -0.024
data required time                                                        -0.024
--------------------------------------------------------------------------------
data required time                                                        -0.024
data arrival time                                                         -7.864
--------------------------------------------------------------------------------
slack (VIOLATED)                                                          -7.887


#Path 72
Startpoint: [17752].Q[0] (.latch clocked by pclk)
Endpoint  : [14990].D[0] (.latch clocked by pclk)
Path Type : setup

Point                                                             Incr      Path
--------------------------------------------------------------------------------
clock pclk (rise edge)                                           0.000     0.000
clock source latency                                             0.000     0.000
pclk.inpad[0] (.input)                                           0.000     0.000
[17752].clk[0] (.latch)                                          0.042     0.042
[17752].Q[0] (.latch) [clock-to-output]                          0.124     0.166
[5541].in[4] (.names)                                            0.359     0.525
[5541].out[0] (.names)                                           0.261     0.786
[17555].in[0] (.names)                                           0.332     1.119
[17555].out[0] (.names)                                          0.261     1.380
[17559].in[5] (.names)                                           0.336     1.716
[17559].out[0] (.names)                                          0.261     1.977
nrq20_3.in[0] (.names)                                           0.608     2.585
nrq20_3.out[0] (.names)                                          0.261     2.846
[4265].in[1] (.names)                                            0.476     3.321
[4265].out[0] (.names)                                           0.261     3.582
[17744].in[0] (.names)                                           0.332     3.915
[17744].out[0] (.names)                                          0.261     4.176
[4442].in[4] (.names)                                            0.340     4.516
[4442].out[0] (.names)                                           0.261     4.777
[5173].in[3] (.names)                                            0.328     5.105
[5173].out[0] (.names)                                           0.261     5.366
[19520].in[4] (.names)                                           0.328     5.694
[19520].out[0] (.names)                                          0.261     5.955
[5162].in[4] (.names)                                            0.332     6.287
[5162].out[0] (.names)                                           0.261     6.548
[19490].in[4] (.names)                                           0.332     6.881
[19490].out[0] (.names)                                          0.261     7.142
[2702].in[4] (.names)                                            0.100     7.242
[2702].out[0] (.names)                                           0.261     7.503
[14999].in[3] (.names)                                           0.100     7.603
[14999].out[0] (.names)                                          0.261     7.864
[14990].D[0] (.latch)                                            0.000     7.864
data arrival time                                                          7.864

clock pclk (rise edge)                                           0.000     0.000
clock source latency                                             0.000     0.000
pclk.inpad[0] (.input)                                           0.000     0.000
[14990].clk[0] (.latch)                                          0.042     0.042
clock uncertainty                                                0.000     0.042
cell setup time                                                 -0.066    -0.024
data required time                                                        -0.024
--------------------------------------------------------------------------------
data required time                                                        -0.024
data arrival time                                                         -7.864
--------------------------------------------------------------------------------
slack (VIOLATED)                                                          -7.887


#Path 73
Startpoint: [17752].Q[0] (.latch clocked by pclk)
Endpoint  : [7460].D[0] (.latch clocked by pclk)
Path Type : setup

Point                                                             Incr      Path
--------------------------------------------------------------------------------
clock pclk (rise edge)                                           0.000     0.000
clock source latency                                             0.000     0.000
pclk.inpad[0] (.input)                                           0.000     0.000
[17752].clk[0] (.latch)                                          0.042     0.042
[17752].Q[0] (.latch) [clock-to-output]                          0.124     0.166
[5541].in[4] (.names)                                            0.359     0.525
[5541].out[0] (.names)                                           0.261     0.786
[17555].in[0] (.names)                                           0.332     1.119
[17555].out[0] (.names)                                          0.261     1.380
[17559].in[5] (.names)                                           0.336     1.716
[17559].out[0] (.names)                                          0.261     1.977
nrq20_3.in[0] (.names)                                           0.608     2.585
nrq20_3.out[0] (.names)                                          0.261     2.846
[4265].in[1] (.names)                                            0.476     3.321
[4265].out[0] (.names)                                           0.261     3.582
[17744].in[0] (.names)                                           0.332     3.915
[17744].out[0] (.names)                                          0.261     4.176
[4442].in[4] (.names)                                            0.340     4.516
[4442].out[0] (.names)                                           0.261     4.777
[5173].in[3] (.names)                                            0.328     5.105
[5173].out[0] (.names)                                           0.261     5.366
[19520].in[4] (.names)                                           0.328     5.694
[19520].out[0] (.names)                                          0.261     5.955
[5162].in[4] (.names)                                            0.332     6.287
[5162].out[0] (.names)                                           0.261     6.548
[19490].in[4] (.names)                                           0.332     6.881
[19490].out[0] (.names)                                          0.261     7.142
[7469].in[5] (.names)                                            0.437     7.578
[7469].out[0] (.names)                                           0.261     7.839
[7460].D[0] (.latch)                                             0.000     7.839
data arrival time                                                          7.839

clock pclk (rise edge)                                           0.000     0.000
clock source latency                                             0.000     0.000
pclk.inpad[0] (.input)                                           0.000     0.000
[7460].clk[0] (.latch)                                           0.042     0.042
clock uncertainty                                                0.000     0.042
cell setup time                                                 -0.066    -0.024
data required time                                                        -0.024
--------------------------------------------------------------------------------
data required time                                                        -0.024
data arrival time                                                         -7.839
--------------------------------------------------------------------------------
slack (VIOLATED)                                                          -7.863


#Path 74
Startpoint: [17752].Q[0] (.latch clocked by pclk)
Endpoint  : [11615].D[0] (.latch clocked by pclk)
Path Type : setup

Point                                                             Incr      Path
--------------------------------------------------------------------------------
clock pclk (rise edge)                                           0.000     0.000
clock source latency                                             0.000     0.000
pclk.inpad[0] (.input)                                           0.000     0.000
[17752].clk[0] (.latch)                                          0.042     0.042
[17752].Q[0] (.latch) [clock-to-output]                          0.124     0.166
[5541].in[4] (.names)                                            0.359     0.525
[5541].out[0] (.names)                                           0.261     0.786
[17555].in[0] (.names)                                           0.332     1.119
[17555].out[0] (.names)                                          0.261     1.380
[17559].in[5] (.names)                                           0.336     1.716
[17559].out[0] (.names)                                          0.261     1.977
nrq20_3.in[0] (.names)                                           0.608     2.585
nrq20_3.out[0] (.names)                                          0.261     2.846
[4265].in[1] (.names)                                            0.476     3.321
[4265].out[0] (.names)                                           0.261     3.582
[17744].in[0] (.names)                                           0.332     3.915
[17744].out[0] (.names)                                          0.261     4.176
[4442].in[4] (.names)                                            0.340     4.516
[4442].out[0] (.names)                                           0.261     4.777
[5173].in[3] (.names)                                            0.328     5.105
[5173].out[0] (.names)                                           0.261     5.366
[19520].in[4] (.names)                                           0.328     5.694
[19520].out[0] (.names)                                          0.261     5.955
[5162].in[4] (.names)                                            0.332     6.287
[5162].out[0] (.names)                                           0.261     6.548
[19490].in[4] (.names)                                           0.332     6.881
[19490].out[0] (.names)                                          0.261     7.142
[11624].in[5] (.names)                                           0.437     7.578
[11624].out[0] (.names)                                          0.261     7.839
[11615].D[0] (.latch)                                            0.000     7.839
data arrival time                                                          7.839

clock pclk (rise edge)                                           0.000     0.000
clock source latency                                             0.000     0.000
pclk.inpad[0] (.input)                                           0.000     0.000
[11615].clk[0] (.latch)                                          0.042     0.042
clock uncertainty                                                0.000     0.042
cell setup time                                                 -0.066    -0.024
data required time                                                        -0.024
--------------------------------------------------------------------------------
data required time                                                        -0.024
data arrival time                                                         -7.839
--------------------------------------------------------------------------------
slack (VIOLATED)                                                          -7.863


#Path 75
Startpoint: [17752].Q[0] (.latch clocked by pclk)
Endpoint  : [13775].D[0] (.latch clocked by pclk)
Path Type : setup

Point                                                             Incr      Path
--------------------------------------------------------------------------------
clock pclk (rise edge)                                           0.000     0.000
clock source latency                                             0.000     0.000
pclk.inpad[0] (.input)                                           0.000     0.000
[17752].clk[0] (.latch)                                          0.042     0.042
[17752].Q[0] (.latch) [clock-to-output]                          0.124     0.166
[5541].in[4] (.names)                                            0.359     0.525
[5541].out[0] (.names)                                           0.261     0.786
[17555].in[0] (.names)                                           0.332     1.119
[17555].out[0] (.names)                                          0.261     1.380
[17559].in[5] (.names)                                           0.336     1.716
[17559].out[0] (.names)                                          0.261     1.977
nrq20_3.in[0] (.names)                                           0.608     2.585
nrq20_3.out[0] (.names)                                          0.261     2.846
[4265].in[1] (.names)                                            0.476     3.321
[4265].out[0] (.names)                                           0.261     3.582
[17744].in[0] (.names)                                           0.332     3.915
[17744].out[0] (.names)                                          0.261     4.176
[4442].in[4] (.names)                                            0.340     4.516
[4442].out[0] (.names)                                           0.261     4.777
[5173].in[3] (.names)                                            0.328     5.105
[5173].out[0] (.names)                                           0.261     5.366
[19520].in[4] (.names)                                           0.328     5.694
[19520].out[0] (.names)                                          0.261     5.955
[5162].in[4] (.names)                                            0.332     6.287
[5162].out[0] (.names)                                           0.261     6.548
[19490].in[4] (.names)                                           0.332     6.881
[19490].out[0] (.names)                                          0.261     7.142
[13784].in[5] (.names)                                           0.437     7.578
[13784].out[0] (.names)                                          0.261     7.839
[13775].D[0] (.latch)                                            0.000     7.839
data arrival time                                                          7.839

clock pclk (rise edge)                                           0.000     0.000
clock source latency                                             0.000     0.000
pclk.inpad[0] (.input)                                           0.000     0.000
[13775].clk[0] (.latch)                                          0.042     0.042
clock uncertainty                                                0.000     0.042
cell setup time                                                 -0.066    -0.024
data required time                                                        -0.024
--------------------------------------------------------------------------------
data required time                                                        -0.024
data arrival time                                                         -7.839
--------------------------------------------------------------------------------
slack (VIOLATED)                                                          -7.863


#Path 76
Startpoint: [17752].Q[0] (.latch clocked by pclk)
Endpoint  : [4820].D[0] (.latch clocked by pclk)
Path Type : setup

Point                                                             Incr      Path
--------------------------------------------------------------------------------
clock pclk (rise edge)                                           0.000     0.000
clock source latency                                             0.000     0.000
pclk.inpad[0] (.input)                                           0.000     0.000
[17752].clk[0] (.latch)                                          0.042     0.042
[17752].Q[0] (.latch) [clock-to-output]                          0.124     0.166
[5541].in[4] (.names)                                            0.359     0.525
[5541].out[0] (.names)                                           0.261     0.786
[17555].in[0] (.names)                                           0.332     1.119
[17555].out[0] (.names)                                          0.261     1.380
[17559].in[5] (.names)                                           0.336     1.716
[17559].out[0] (.names)                                          0.261     1.977
nrq20_3.in[0] (.names)                                           0.608     2.585
nrq20_3.out[0] (.names)                                          0.261     2.846
[4265].in[1] (.names)                                            0.476     3.321
[4265].out[0] (.names)                                           0.261     3.582
[17744].in[0] (.names)                                           0.332     3.915
[17744].out[0] (.names)                                          0.261     4.176
[4442].in[4] (.names)                                            0.340     4.516
[4442].out[0] (.names)                                           0.261     4.777
[5173].in[3] (.names)                                            0.328     5.105
[5173].out[0] (.names)                                           0.261     5.366
[19520].in[4] (.names)                                           0.328     5.694
[19520].out[0] (.names)                                          0.261     5.955
[5162].in[4] (.names)                                            0.332     6.287
[5162].out[0] (.names)                                           0.261     6.548
[19490].in[4] (.names)                                           0.332     6.881
[19490].out[0] (.names)                                          0.261     7.142
[4829].in[3] (.names)                                            0.436     7.577
[4829].out[0] (.names)                                           0.261     7.838
[4820].D[0] (.latch)                                             0.000     7.838
data arrival time                                                          7.838

clock pclk (rise edge)                                           0.000     0.000
clock source latency                                             0.000     0.000
pclk.inpad[0] (.input)                                           0.000     0.000
[4820].clk[0] (.latch)                                           0.042     0.042
clock uncertainty                                                0.000     0.042
cell setup time                                                 -0.066    -0.024
data required time                                                        -0.024
--------------------------------------------------------------------------------
data required time                                                        -0.024
data arrival time                                                         -7.838
--------------------------------------------------------------------------------
slack (VIOLATED)                                                          -7.862


#Path 77
Startpoint: [17752].Q[0] (.latch clocked by pclk)
Endpoint  : [6860].D[0] (.latch clocked by pclk)
Path Type : setup

Point                                                             Incr      Path
--------------------------------------------------------------------------------
clock pclk (rise edge)                                           0.000     0.000
clock source latency                                             0.000     0.000
pclk.inpad[0] (.input)                                           0.000     0.000
[17752].clk[0] (.latch)                                          0.042     0.042
[17752].Q[0] (.latch) [clock-to-output]                          0.124     0.166
[5541].in[4] (.names)                                            0.359     0.525
[5541].out[0] (.names)                                           0.261     0.786
[17555].in[0] (.names)                                           0.332     1.119
[17555].out[0] (.names)                                          0.261     1.380
[17559].in[5] (.names)                                           0.336     1.716
[17559].out[0] (.names)                                          0.261     1.977
nrq20_3.in[0] (.names)                                           0.608     2.585
nrq20_3.out[0] (.names)                                          0.261     2.846
[4265].in[1] (.names)                                            0.476     3.321
[4265].out[0] (.names)                                           0.261     3.582
[17744].in[0] (.names)                                           0.332     3.915
[17744].out[0] (.names)                                          0.261     4.176
[4442].in[4] (.names)                                            0.340     4.516
[4442].out[0] (.names)                                           0.261     4.777
[5173].in[3] (.names)                                            0.328     5.105
[5173].out[0] (.names)                                           0.261     5.366
[19520].in[4] (.names)                                           0.328     5.694
[19520].out[0] (.names)                                          0.261     5.955
[5162].in[4] (.names)                                            0.332     6.287
[5162].out[0] (.names)                                           0.261     6.548
[19490].in[4] (.names)                                           0.332     6.881
[19490].out[0] (.names)                                          0.261     7.142
[6869].in[3] (.names)                                            0.436     7.577
[6869].out[0] (.names)                                           0.261     7.838
[6860].D[0] (.latch)                                             0.000     7.838
data arrival time                                                          7.838

clock pclk (rise edge)                                           0.000     0.000
clock source latency                                             0.000     0.000
pclk.inpad[0] (.input)                                           0.000     0.000
[6860].clk[0] (.latch)                                           0.042     0.042
clock uncertainty                                                0.000     0.042
cell setup time                                                 -0.066    -0.024
data required time                                                        -0.024
--------------------------------------------------------------------------------
data required time                                                        -0.024
data arrival time                                                         -7.838
--------------------------------------------------------------------------------
slack (VIOLATED)                                                          -7.862


#Path 78
Startpoint: [17752].Q[0] (.latch clocked by pclk)
Endpoint  : [8675].D[0] (.latch clocked by pclk)
Path Type : setup

Point                                                             Incr      Path
--------------------------------------------------------------------------------
clock pclk (rise edge)                                           0.000     0.000
clock source latency                                             0.000     0.000
pclk.inpad[0] (.input)                                           0.000     0.000
[17752].clk[0] (.latch)                                          0.042     0.042
[17752].Q[0] (.latch) [clock-to-output]                          0.124     0.166
[5541].in[4] (.names)                                            0.359     0.525
[5541].out[0] (.names)                                           0.261     0.786
[17555].in[0] (.names)                                           0.332     1.119
[17555].out[0] (.names)                                          0.261     1.380
[17559].in[5] (.names)                                           0.336     1.716
[17559].out[0] (.names)                                          0.261     1.977
nrq20_3.in[0] (.names)                                           0.608     2.585
nrq20_3.out[0] (.names)                                          0.261     2.846
[4265].in[1] (.names)                                            0.476     3.321
[4265].out[0] (.names)                                           0.261     3.582
[17744].in[0] (.names)                                           0.332     3.915
[17744].out[0] (.names)                                          0.261     4.176
[4442].in[4] (.names)                                            0.340     4.516
[4442].out[0] (.names)                                           0.261     4.777
[5173].in[3] (.names)                                            0.328     5.105
[5173].out[0] (.names)                                           0.261     5.366
[19520].in[4] (.names)                                           0.328     5.694
[19520].out[0] (.names)                                          0.261     5.955
[5162].in[4] (.names)                                            0.332     6.287
[5162].out[0] (.names)                                           0.261     6.548
[19490].in[4] (.names)                                           0.332     6.881
[19490].out[0] (.names)                                          0.261     7.142
[8684].in[3] (.names)                                            0.436     7.577
[8684].out[0] (.names)                                           0.261     7.838
[8675].D[0] (.latch)                                             0.000     7.838
data arrival time                                                          7.838

clock pclk (rise edge)                                           0.000     0.000
clock source latency                                             0.000     0.000
pclk.inpad[0] (.input)                                           0.000     0.000
[8675].clk[0] (.latch)                                           0.042     0.042
clock uncertainty                                                0.000     0.042
cell setup time                                                 -0.066    -0.024
data required time                                                        -0.024
--------------------------------------------------------------------------------
data required time                                                        -0.024
data arrival time                                                         -7.838
--------------------------------------------------------------------------------
slack (VIOLATED)                                                          -7.862


#Path 79
Startpoint: [17752].Q[0] (.latch clocked by pclk)
Endpoint  : [10625].D[0] (.latch clocked by pclk)
Path Type : setup

Point                                                             Incr      Path
--------------------------------------------------------------------------------
clock pclk (rise edge)                                           0.000     0.000
clock source latency                                             0.000     0.000
pclk.inpad[0] (.input)                                           0.000     0.000
[17752].clk[0] (.latch)                                          0.042     0.042
[17752].Q[0] (.latch) [clock-to-output]                          0.124     0.166
[5541].in[4] (.names)                                            0.359     0.525
[5541].out[0] (.names)                                           0.261     0.786
[17555].in[0] (.names)                                           0.332     1.119
[17555].out[0] (.names)                                          0.261     1.380
[17559].in[5] (.names)                                           0.336     1.716
[17559].out[0] (.names)                                          0.261     1.977
nrq20_3.in[0] (.names)                                           0.608     2.585
nrq20_3.out[0] (.names)                                          0.261     2.846
[4265].in[1] (.names)                                            0.476     3.321
[4265].out[0] (.names)                                           0.261     3.582
[17744].in[0] (.names)                                           0.332     3.915
[17744].out[0] (.names)                                          0.261     4.176
[4442].in[4] (.names)                                            0.340     4.516
[4442].out[0] (.names)                                           0.261     4.777
[5173].in[3] (.names)                                            0.328     5.105
[5173].out[0] (.names)                                           0.261     5.366
[19520].in[4] (.names)                                           0.328     5.694
[19520].out[0] (.names)                                          0.261     5.955
[5162].in[4] (.names)                                            0.332     6.287
[5162].out[0] (.names)                                           0.261     6.548
[19490].in[4] (.names)                                           0.332     6.881
[19490].out[0] (.names)                                          0.261     7.142
[10634].in[3] (.names)                                           0.436     7.577
[10634].out[0] (.names)                                          0.261     7.838
[10625].D[0] (.latch)                                            0.000     7.838
data arrival time                                                          7.838

clock pclk (rise edge)                                           0.000     0.000
clock source latency                                             0.000     0.000
pclk.inpad[0] (.input)                                           0.000     0.000
[10625].clk[0] (.latch)                                          0.042     0.042
clock uncertainty                                                0.000     0.042
cell setup time                                                 -0.066    -0.024
data required time                                                        -0.024
--------------------------------------------------------------------------------
data required time                                                        -0.024
data arrival time                                                         -7.838
--------------------------------------------------------------------------------
slack (VIOLATED)                                                          -7.862


#Path 80
Startpoint: [17752].Q[0] (.latch clocked by pclk)
Endpoint  : [9365].D[0] (.latch clocked by pclk)
Path Type : setup

Point                                                             Incr      Path
--------------------------------------------------------------------------------
clock pclk (rise edge)                                           0.000     0.000
clock source latency                                             0.000     0.000
pclk.inpad[0] (.input)                                           0.000     0.000
[17752].clk[0] (.latch)                                          0.042     0.042
[17752].Q[0] (.latch) [clock-to-output]                          0.124     0.166
[5541].in[4] (.names)                                            0.359     0.525
[5541].out[0] (.names)                                           0.261     0.786
[17555].in[0] (.names)                                           0.332     1.119
[17555].out[0] (.names)                                          0.261     1.380
[17559].in[5] (.names)                                           0.336     1.716
[17559].out[0] (.names)                                          0.261     1.977
nrq20_3.in[0] (.names)                                           0.608     2.585
nrq20_3.out[0] (.names)                                          0.261     2.846
[4265].in[1] (.names)                                            0.476     3.321
[4265].out[0] (.names)                                           0.261     3.582
[17744].in[0] (.names)                                           0.332     3.915
[17744].out[0] (.names)                                          0.261     4.176
[4442].in[4] (.names)                                            0.340     4.516
[4442].out[0] (.names)                                           0.261     4.777
[5173].in[3] (.names)                                            0.328     5.105
[5173].out[0] (.names)                                           0.261     5.366
[19520].in[4] (.names)                                           0.328     5.694
[19520].out[0] (.names)                                          0.261     5.955
[5162].in[4] (.names)                                            0.332     6.287
[5162].out[0] (.names)                                           0.261     6.548
[19490].in[4] (.names)                                           0.332     6.881
[19490].out[0] (.names)                                          0.261     7.142
[9374].in[3] (.names)                                            0.436     7.577
[9374].out[0] (.names)                                           0.261     7.838
[9365].D[0] (.latch)                                             0.000     7.838
data arrival time                                                          7.838

clock pclk (rise edge)                                           0.000     0.000
clock source latency                                             0.000     0.000
pclk.inpad[0] (.input)                                           0.000     0.000
[9365].clk[0] (.latch)                                           0.042     0.042
clock uncertainty                                                0.000     0.042
cell setup time                                                 -0.066    -0.024
data required time                                                        -0.024
--------------------------------------------------------------------------------
data required time                                                        -0.024
data arrival time                                                         -7.838
--------------------------------------------------------------------------------
slack (VIOLATED)                                                          -7.862


#Path 81
Startpoint: [17752].Q[0] (.latch clocked by pclk)
Endpoint  : [5360].D[0] (.latch clocked by pclk)
Path Type : setup

Point                                                             Incr      Path
--------------------------------------------------------------------------------
clock pclk (rise edge)                                           0.000     0.000
clock source latency                                             0.000     0.000
pclk.inpad[0] (.input)                                           0.000     0.000
[17752].clk[0] (.latch)                                          0.042     0.042
[17752].Q[0] (.latch) [clock-to-output]                          0.124     0.166
[5541].in[4] (.names)                                            0.359     0.525
[5541].out[0] (.names)                                           0.261     0.786
[17555].in[0] (.names)                                           0.332     1.119
[17555].out[0] (.names)                                          0.261     1.380
[17559].in[5] (.names)                                           0.336     1.716
[17559].out[0] (.names)                                          0.261     1.977
nrq20_3.in[0] (.names)                                           0.608     2.585
nrq20_3.out[0] (.names)                                          0.261     2.846
[4265].in[1] (.names)                                            0.476     3.321
[4265].out[0] (.names)                                           0.261     3.582
[17744].in[0] (.names)                                           0.332     3.915
[17744].out[0] (.names)                                          0.261     4.176
[4442].in[4] (.names)                                            0.340     4.516
[4442].out[0] (.names)                                           0.261     4.777
[5173].in[3] (.names)                                            0.328     5.105
[5173].out[0] (.names)                                           0.261     5.366
[19520].in[4] (.names)                                           0.328     5.694
[19520].out[0] (.names)                                          0.261     5.955
[5162].in[4] (.names)                                            0.332     6.287
[5162].out[0] (.names)                                           0.261     6.548
[19490].in[4] (.names)                                           0.332     6.881
[19490].out[0] (.names)                                          0.261     7.142
[5369].in[3] (.names)                                            0.431     7.573
[5369].out[0] (.names)                                           0.261     7.834
[5360].D[0] (.latch)                                             0.000     7.834
data arrival time                                                          7.834

clock pclk (rise edge)                                           0.000     0.000
clock source latency                                             0.000     0.000
pclk.inpad[0] (.input)                                           0.000     0.000
[5360].clk[0] (.latch)                                           0.042     0.042
clock uncertainty                                                0.000     0.042
cell setup time                                                 -0.066    -0.024
data required time                                                        -0.024
--------------------------------------------------------------------------------
data required time                                                        -0.024
data arrival time                                                         -7.834
--------------------------------------------------------------------------------
slack (VIOLATED)                                                          -7.858


#Path 82
Startpoint: [17752].Q[0] (.latch clocked by pclk)
Endpoint  : [14120].D[0] (.latch clocked by pclk)
Path Type : setup

Point                                                             Incr      Path
--------------------------------------------------------------------------------
clock pclk (rise edge)                                           0.000     0.000
clock source latency                                             0.000     0.000
pclk.inpad[0] (.input)                                           0.000     0.000
[17752].clk[0] (.latch)                                          0.042     0.042
[17752].Q[0] (.latch) [clock-to-output]                          0.124     0.166
[5541].in[4] (.names)                                            0.359     0.525
[5541].out[0] (.names)                                           0.261     0.786
[17555].in[0] (.names)                                           0.332     1.119
[17555].out[0] (.names)                                          0.261     1.380
[17559].in[5] (.names)                                           0.336     1.716
[17559].out[0] (.names)                                          0.261     1.977
nrq20_3.in[0] (.names)                                           0.608     2.585
nrq20_3.out[0] (.names)                                          0.261     2.846
[4265].in[1] (.names)                                            0.476     3.321
[4265].out[0] (.names)                                           0.261     3.582
[17744].in[0] (.names)                                           0.332     3.915
[17744].out[0] (.names)                                          0.261     4.176
[4442].in[4] (.names)                                            0.340     4.516
[4442].out[0] (.names)                                           0.261     4.777
[5173].in[3] (.names)                                            0.328     5.105
[5173].out[0] (.names)                                           0.261     5.366
[19520].in[4] (.names)                                           0.328     5.694
[19520].out[0] (.names)                                          0.261     5.955
[5162].in[4] (.names)                                            0.332     6.287
[5162].out[0] (.names)                                           0.261     6.548
[19490].in[4] (.names)                                           0.332     6.881
[19490].out[0] (.names)                                          0.261     7.142
[14129].in[3] (.names)                                           0.431     7.573
[14129].out[0] (.names)                                          0.261     7.834
[14120].D[0] (.latch)                                            0.000     7.834
data arrival time                                                          7.834

clock pclk (rise edge)                                           0.000     0.000
clock source latency                                             0.000     0.000
pclk.inpad[0] (.input)                                           0.000     0.000
[14120].clk[0] (.latch)                                          0.042     0.042
clock uncertainty                                                0.000     0.042
cell setup time                                                 -0.066    -0.024
data required time                                                        -0.024
--------------------------------------------------------------------------------
data required time                                                        -0.024
data arrival time                                                         -7.834
--------------------------------------------------------------------------------
slack (VIOLATED)                                                          -7.858


#Path 83
Startpoint: [17752].Q[0] (.latch clocked by pclk)
Endpoint  : [13805].D[0] (.latch clocked by pclk)
Path Type : setup

Point                                                             Incr      Path
--------------------------------------------------------------------------------
clock pclk (rise edge)                                           0.000     0.000
clock source latency                                             0.000     0.000
pclk.inpad[0] (.input)                                           0.000     0.000
[17752].clk[0] (.latch)                                          0.042     0.042
[17752].Q[0] (.latch) [clock-to-output]                          0.124     0.166
[5541].in[4] (.names)                                            0.359     0.525
[5541].out[0] (.names)                                           0.261     0.786
[17555].in[0] (.names)                                           0.332     1.119
[17555].out[0] (.names)                                          0.261     1.380
[17559].in[5] (.names)                                           0.336     1.716
[17559].out[0] (.names)                                          0.261     1.977
nen12_2.in[1] (.names)                                           0.626     2.602
nen12_2.out[0] (.names)                                          0.261     2.863
[17865].in[3] (.names)                                           0.336     3.199
[17865].out[0] (.names)                                          0.261     3.460
[17924].in[3] (.names)                                           0.337     3.797
[17924].out[0] (.names)                                          0.261     4.058
[19153].in[4] (.names)                                           0.332     4.390
[19153].out[0] (.names)                                          0.261     4.651
[19157].in[2] (.names)                                           0.338     4.989
[19157].out[0] (.names)                                          0.261     5.250
[19221].in[2] (.names)                                           0.100     5.350
[19221].out[0] (.names)                                          0.261     5.611
[19227].in[2] (.names)                                           0.100     5.711
[19227].out[0] (.names)                                          0.261     5.972
[19232].in[2] (.names)                                           0.100     6.072
[19232].out[0] (.names)                                          0.261     6.333
[19215].in[2] (.names)                                           0.631     6.964
[19215].out[0] (.names)                                          0.261     7.225
[13814].in[4] (.names)                                           0.337     7.562
[13814].out[0] (.names)                                          0.261     7.823
[13805].D[0] (.latch)                                            0.000     7.823
data arrival time                                                          7.823

clock pclk (rise edge)                                           0.000     0.000
clock source latency                                             0.000     0.000
pclk.inpad[0] (.input)                                           0.000     0.000
[13805].clk[0] (.latch)                                          0.042     0.042
clock uncertainty                                                0.000     0.042
cell setup time                                                 -0.066    -0.024
data required time                                                        -0.024
--------------------------------------------------------------------------------
data required time                                                        -0.024
data arrival time                                                         -7.823
--------------------------------------------------------------------------------
slack (VIOLATED)                                                          -7.847


#Path 84
Startpoint: [17752].Q[0] (.latch clocked by pclk)
Endpoint  : [12620].D[0] (.latch clocked by pclk)
Path Type : setup

Point                                                             Incr      Path
--------------------------------------------------------------------------------
clock pclk (rise edge)                                           0.000     0.000
clock source latency                                             0.000     0.000
pclk.inpad[0] (.input)                                           0.000     0.000
[17752].clk[0] (.latch)                                          0.042     0.042
[17752].Q[0] (.latch) [clock-to-output]                          0.124     0.166
[5541].in[4] (.names)                                            0.359     0.525
[5541].out[0] (.names)                                           0.261     0.786
[17555].in[0] (.names)                                           0.332     1.119
[17555].out[0] (.names)                                          0.261     1.380
[17559].in[5] (.names)                                           0.336     1.716
[17559].out[0] (.names)                                          0.261     1.977
nen12_2.in[1] (.names)                                           0.626     2.602
nen12_2.out[0] (.names)                                          0.261     2.863
[17865].in[3] (.names)                                           0.336     3.199
[17865].out[0] (.names)                                          0.261     3.460
[17924].in[3] (.names)                                           0.337     3.797
[17924].out[0] (.names)                                          0.261     4.058
[19153].in[4] (.names)                                           0.332     4.390
[19153].out[0] (.names)                                          0.261     4.651
[19157].in[2] (.names)                                           0.338     4.989
[19157].out[0] (.names)                                          0.261     5.250
[19221].in[2] (.names)                                           0.100     5.350
[19221].out[0] (.names)                                          0.261     5.611
[19227].in[2] (.names)                                           0.100     5.711
[19227].out[0] (.names)                                          0.261     5.972
[19232].in[2] (.names)                                           0.100     6.072
[19232].out[0] (.names)                                          0.261     6.333
[19215].in[2] (.names)                                           0.631     6.964
[19215].out[0] (.names)                                          0.261     7.225
[12629].in[4] (.names)                                           0.337     7.562
[12629].out[0] (.names)                                          0.261     7.823
[12620].D[0] (.latch)                                            0.000     7.823
data arrival time                                                          7.823

clock pclk (rise edge)                                           0.000     0.000
clock source latency                                             0.000     0.000
pclk.inpad[0] (.input)                                           0.000     0.000
[12620].clk[0] (.latch)                                          0.042     0.042
clock uncertainty                                                0.000     0.042
cell setup time                                                 -0.066    -0.024
data required time                                                        -0.024
--------------------------------------------------------------------------------
data required time                                                        -0.024
data arrival time                                                         -7.823
--------------------------------------------------------------------------------
slack (VIOLATED)                                                          -7.847


#Path 85
Startpoint: [17752].Q[0] (.latch clocked by pclk)
Endpoint  : [5645].D[0] (.latch clocked by pclk)
Path Type : setup

Point                                                             Incr      Path
--------------------------------------------------------------------------------
clock pclk (rise edge)                                           0.000     0.000
clock source latency                                             0.000     0.000
pclk.inpad[0] (.input)                                           0.000     0.000
[17752].clk[0] (.latch)                                          0.042     0.042
[17752].Q[0] (.latch) [clock-to-output]                          0.124     0.166
[5541].in[4] (.names)                                            0.359     0.525
[5541].out[0] (.names)                                           0.261     0.786
[17555].in[0] (.names)                                           0.332     1.119
[17555].out[0] (.names)                                          0.261     1.380
[17559].in[5] (.names)                                           0.336     1.716
[17559].out[0] (.names)                                          0.261     1.977
nen12_2.in[1] (.names)                                           0.626     2.602
nen12_2.out[0] (.names)                                          0.261     2.863
[17865].in[3] (.names)                                           0.336     3.199
[17865].out[0] (.names)                                          0.261     3.460
[17924].in[3] (.names)                                           0.337     3.797
[17924].out[0] (.names)                                          0.261     4.058
[19153].in[4] (.names)                                           0.332     4.390
[19153].out[0] (.names)                                          0.261     4.651
[19157].in[2] (.names)                                           0.338     4.989
[19157].out[0] (.names)                                          0.261     5.250
[19221].in[2] (.names)                                           0.100     5.350
[19221].out[0] (.names)                                          0.261     5.611
[19227].in[2] (.names)                                           0.100     5.711
[19227].out[0] (.names)                                          0.261     5.972
[19232].in[2] (.names)                                           0.100     6.072
[19232].out[0] (.names)                                          0.261     6.333
[19215].in[2] (.names)                                           0.631     6.964
[19215].out[0] (.names)                                          0.261     7.225
[5654].in[5] (.names)                                            0.337     7.562
[5654].out[0] (.names)                                           0.261     7.823
[5645].D[0] (.latch)                                             0.000     7.823
data arrival time                                                          7.823

clock pclk (rise edge)                                           0.000     0.000
clock source latency                                             0.000     0.000
pclk.inpad[0] (.input)                                           0.000     0.000
[5645].clk[0] (.latch)                                           0.042     0.042
clock uncertainty                                                0.000     0.042
cell setup time                                                 -0.066    -0.024
data required time                                                        -0.024
--------------------------------------------------------------------------------
data required time                                                        -0.024
data arrival time                                                         -7.823
--------------------------------------------------------------------------------
slack (VIOLATED)                                                          -7.847


#Path 86
Startpoint: [17752].Q[0] (.latch clocked by pclk)
Endpoint  : [4640].D[0] (.latch clocked by pclk)
Path Type : setup

Point                                                             Incr      Path
--------------------------------------------------------------------------------
clock pclk (rise edge)                                           0.000     0.000
clock source latency                                             0.000     0.000
pclk.inpad[0] (.input)                                           0.000     0.000
[17752].clk[0] (.latch)                                          0.042     0.042
[17752].Q[0] (.latch) [clock-to-output]                          0.124     0.166
[5541].in[4] (.names)                                            0.359     0.525
[5541].out[0] (.names)                                           0.261     0.786
[17555].in[0] (.names)                                           0.332     1.119
[17555].out[0] (.names)                                          0.261     1.380
[17559].in[5] (.names)                                           0.336     1.716
[17559].out[0] (.names)                                          0.261     1.977
nrq20_3.in[0] (.names)                                           0.608     2.585
nrq20_3.out[0] (.names)                                          0.261     2.846
[4265].in[1] (.names)                                            0.476     3.321
[4265].out[0] (.names)                                           0.261     3.582
[17744].in[0] (.names)                                           0.332     3.915
[17744].out[0] (.names)                                          0.261     4.176
[4442].in[4] (.names)                                            0.340     4.516
[4442].out[0] (.names)                                           0.261     4.777
[5173].in[3] (.names)                                            0.328     5.105
[5173].out[0] (.names)                                           0.261     5.366
[19520].in[4] (.names)                                           0.328     5.694
[19520].out[0] (.names)                                          0.261     5.955
[5162].in[4] (.names)                                            0.332     6.287
[5162].out[0] (.names)                                           0.261     6.548
[19490].in[4] (.names)                                           0.332     6.881
[19490].out[0] (.names)                                          0.261     7.142
[4649].in[3] (.names)                                            0.338     7.480
[4649].out[0] (.names)                                           0.261     7.741
[4640].D[0] (.latch)                                             0.000     7.741
data arrival time                                                          7.741

clock pclk (rise edge)                                           0.000     0.000
clock source latency                                             0.000     0.000
pclk.inpad[0] (.input)                                           0.000     0.000
[4640].clk[0] (.latch)                                           0.042     0.042
clock uncertainty                                                0.000     0.042
cell setup time                                                 -0.066    -0.024
data required time                                                        -0.024
--------------------------------------------------------------------------------
data required time                                                        -0.024
data arrival time                                                         -7.741
--------------------------------------------------------------------------------
slack (VIOLATED)                                                          -7.764


#Path 87
Startpoint: [17752].Q[0] (.latch clocked by pclk)
Endpoint  : [10010].D[0] (.latch clocked by pclk)
Path Type : setup

Point                                                             Incr      Path
--------------------------------------------------------------------------------
clock pclk (rise edge)                                           0.000     0.000
clock source latency                                             0.000     0.000
pclk.inpad[0] (.input)                                           0.000     0.000
[17752].clk[0] (.latch)                                          0.042     0.042
[17752].Q[0] (.latch) [clock-to-output]                          0.124     0.166
[5541].in[4] (.names)                                            0.359     0.525
[5541].out[0] (.names)                                           0.261     0.786
[17555].in[0] (.names)                                           0.332     1.119
[17555].out[0] (.names)                                          0.261     1.380
[17559].in[5] (.names)                                           0.336     1.716
[17559].out[0] (.names)                                          0.261     1.977
nrq20_3.in[0] (.names)                                           0.608     2.585
nrq20_3.out[0] (.names)                                          0.261     2.846
[4265].in[1] (.names)                                            0.476     3.321
[4265].out[0] (.names)                                           0.261     3.582
[17744].in[0] (.names)                                           0.332     3.915
[17744].out[0] (.names)                                          0.261     4.176
[4442].in[4] (.names)                                            0.340     4.516
[4442].out[0] (.names)                                           0.261     4.777
[5173].in[3] (.names)                                            0.328     5.105
[5173].out[0] (.names)                                           0.261     5.366
[19520].in[4] (.names)                                           0.328     5.694
[19520].out[0] (.names)                                          0.261     5.955
[5162].in[4] (.names)                                            0.332     6.287
[5162].out[0] (.names)                                           0.261     6.548
[19490].in[4] (.names)                                           0.332     6.881
[19490].out[0] (.names)                                          0.261     7.142
[10019].in[3] (.names)                                           0.338     7.480
[10019].out[0] (.names)                                          0.261     7.741
[10010].D[0] (.latch)                                            0.000     7.741
data arrival time                                                          7.741

clock pclk (rise edge)                                           0.000     0.000
clock source latency                                             0.000     0.000
pclk.inpad[0] (.input)                                           0.000     0.000
[10010].clk[0] (.latch)                                          0.042     0.042
clock uncertainty                                                0.000     0.042
cell setup time                                                 -0.066    -0.024
data required time                                                        -0.024
--------------------------------------------------------------------------------
data required time                                                        -0.024
data arrival time                                                         -7.741
--------------------------------------------------------------------------------
slack (VIOLATED)                                                          -7.764


#Path 88
Startpoint: [17752].Q[0] (.latch clocked by pclk)
Endpoint  : [9845].D[0] (.latch clocked by pclk)
Path Type : setup

Point                                                             Incr      Path
--------------------------------------------------------------------------------
clock pclk (rise edge)                                           0.000     0.000
clock source latency                                             0.000     0.000
pclk.inpad[0] (.input)                                           0.000     0.000
[17752].clk[0] (.latch)                                          0.042     0.042
[17752].Q[0] (.latch) [clock-to-output]                          0.124     0.166
[5541].in[4] (.names)                                            0.359     0.525
[5541].out[0] (.names)                                           0.261     0.786
[17555].in[0] (.names)                                           0.332     1.119
[17555].out[0] (.names)                                          0.261     1.380
[17559].in[5] (.names)                                           0.336     1.716
[17559].out[0] (.names)                                          0.261     1.977
nen12_2.in[1] (.names)                                           0.626     2.602
nen12_2.out[0] (.names)                                          0.261     2.863
[17865].in[3] (.names)                                           0.336     3.199
[17865].out[0] (.names)                                          0.261     3.460
[17924].in[3] (.names)                                           0.337     3.797
[17924].out[0] (.names)                                          0.261     4.058
[19153].in[4] (.names)                                           0.332     4.390
[19153].out[0] (.names)                                          0.261     4.651
[19157].in[2] (.names)                                           0.338     4.989
[19157].out[0] (.names)                                          0.261     5.250
[19221].in[2] (.names)                                           0.100     5.350
[19221].out[0] (.names)                                          0.261     5.611
[19227].in[2] (.names)                                           0.100     5.711
[19227].out[0] (.names)                                          0.261     5.972
[19232].in[2] (.names)                                           0.100     6.072
[19232].out[0] (.names)                                          0.261     6.333
[19091].in[5] (.names)                                           0.339     6.672
[19091].out[0] (.names)                                          0.261     6.933
[9854].in[3] (.names)                                            0.481     7.415
[9854].out[0] (.names)                                           0.261     7.676
[9845].D[0] (.latch)                                             0.000     7.676
data arrival time                                                          7.676

clock pclk (rise edge)                                           0.000     0.000
clock source latency                                             0.000     0.000
pclk.inpad[0] (.input)                                           0.000     0.000
[9845].clk[0] (.latch)                                           0.042     0.042
clock uncertainty                                                0.000     0.042
cell setup time                                                 -0.066    -0.024
data required time                                                        -0.024
--------------------------------------------------------------------------------
data required time                                                        -0.024
data arrival time                                                         -7.676
--------------------------------------------------------------------------------
slack (VIOLATED)                                                          -7.699


#Path 89
Startpoint: [17752].Q[0] (.latch clocked by pclk)
Endpoint  : [10130].D[0] (.latch clocked by pclk)
Path Type : setup

Point                                                             Incr      Path
--------------------------------------------------------------------------------
clock pclk (rise edge)                                           0.000     0.000
clock source latency                                             0.000     0.000
pclk.inpad[0] (.input)                                           0.000     0.000
[17752].clk[0] (.latch)                                          0.042     0.042
[17752].Q[0] (.latch) [clock-to-output]                          0.124     0.166
[5541].in[4] (.names)                                            0.359     0.525
[5541].out[0] (.names)                                           0.261     0.786
[17555].in[0] (.names)                                           0.332     1.119
[17555].out[0] (.names)                                          0.261     1.380
[17559].in[5] (.names)                                           0.336     1.716
[17559].out[0] (.names)                                          0.261     1.977
nen12_2.in[1] (.names)                                           0.626     2.602
nen12_2.out[0] (.names)                                          0.261     2.863
[17865].in[3] (.names)                                           0.336     3.199
[17865].out[0] (.names)                                          0.261     3.460
[17924].in[3] (.names)                                           0.337     3.797
[17924].out[0] (.names)                                          0.261     4.058
[19153].in[4] (.names)                                           0.332     4.390
[19153].out[0] (.names)                                          0.261     4.651
[19157].in[2] (.names)                                           0.338     4.989
[19157].out[0] (.names)                                          0.261     5.250
[19221].in[2] (.names)                                           0.100     5.350
[19221].out[0] (.names)                                          0.261     5.611
[19227].in[2] (.names)                                           0.100     5.711
[19227].out[0] (.names)                                          0.261     5.972
[19232].in[2] (.names)                                           0.100     6.072
[19232].out[0] (.names)                                          0.261     6.333
[10139].in[4] (.names)                                           1.069     7.402
[10139].out[0] (.names)                                          0.261     7.663
[10130].D[0] (.latch)                                            0.000     7.663
data arrival time                                                          7.663

clock pclk (rise edge)                                           0.000     0.000
clock source latency                                             0.000     0.000
pclk.inpad[0] (.input)                                           0.000     0.000
[10130].clk[0] (.latch)                                          0.042     0.042
clock uncertainty                                                0.000     0.042
cell setup time                                                 -0.066    -0.024
data required time                                                        -0.024
--------------------------------------------------------------------------------
data required time                                                        -0.024
data arrival time                                                         -7.663
--------------------------------------------------------------------------------
slack (VIOLATED)                                                          -7.687


#Path 90
Startpoint: [17752].Q[0] (.latch clocked by pclk)
Endpoint  : [13115].D[0] (.latch clocked by pclk)
Path Type : setup

Point                                                             Incr      Path
--------------------------------------------------------------------------------
clock pclk (rise edge)                                           0.000     0.000
clock source latency                                             0.000     0.000
pclk.inpad[0] (.input)                                           0.000     0.000
[17752].clk[0] (.latch)                                          0.042     0.042
[17752].Q[0] (.latch) [clock-to-output]                          0.124     0.166
[5541].in[4] (.names)                                            0.359     0.525
[5541].out[0] (.names)                                           0.261     0.786
[17555].in[0] (.names)                                           0.332     1.119
[17555].out[0] (.names)                                          0.261     1.380
[17559].in[5] (.names)                                           0.336     1.716
[17559].out[0] (.names)                                          0.261     1.977
nen12_2.in[1] (.names)                                           0.626     2.602
nen12_2.out[0] (.names)                                          0.261     2.863
[17865].in[3] (.names)                                           0.336     3.199
[17865].out[0] (.names)                                          0.261     3.460
[17924].in[3] (.names)                                           0.337     3.797
[17924].out[0] (.names)                                          0.261     4.058
[19153].in[4] (.names)                                           0.332     4.390
[19153].out[0] (.names)                                          0.261     4.651
[19157].in[2] (.names)                                           0.338     4.989
[19157].out[0] (.names)                                          0.261     5.250
[19221].in[2] (.names)                                           0.100     5.350
[19221].out[0] (.names)                                          0.261     5.611
[19227].in[2] (.names)                                           0.100     5.711
[19227].out[0] (.names)                                          0.261     5.972
[19232].in[2] (.names)                                           0.100     6.072
[19232].out[0] (.names)                                          0.261     6.333
[13124].in[4] (.names)                                           1.069     7.402
[13124].out[0] (.names)                                          0.261     7.663
[13115].D[0] (.latch)                                            0.000     7.663
data arrival time                                                          7.663

clock pclk (rise edge)                                           0.000     0.000
clock source latency                                             0.000     0.000
pclk.inpad[0] (.input)                                           0.000     0.000
[13115].clk[0] (.latch)                                          0.042     0.042
clock uncertainty                                                0.000     0.042
cell setup time                                                 -0.066    -0.024
data required time                                                        -0.024
--------------------------------------------------------------------------------
data required time                                                        -0.024
data arrival time                                                         -7.663
--------------------------------------------------------------------------------
slack (VIOLATED)                                                          -7.687


#Path 91
Startpoint: [17752].Q[0] (.latch clocked by pclk)
Endpoint  : [16100].D[0] (.latch clocked by pclk)
Path Type : setup

Point                                                             Incr      Path
--------------------------------------------------------------------------------
clock pclk (rise edge)                                           0.000     0.000
clock source latency                                             0.000     0.000
pclk.inpad[0] (.input)                                           0.000     0.000
[17752].clk[0] (.latch)                                          0.042     0.042
[17752].Q[0] (.latch) [clock-to-output]                          0.124     0.166
[5541].in[4] (.names)                                            0.359     0.525
[5541].out[0] (.names)                                           0.261     0.786
[17555].in[0] (.names)                                           0.332     1.119
[17555].out[0] (.names)                                          0.261     1.380
[17559].in[5] (.names)                                           0.336     1.716
[17559].out[0] (.names)                                          0.261     1.977
nen12_2.in[1] (.names)                                           0.626     2.602
nen12_2.out[0] (.names)                                          0.261     2.863
[17865].in[3] (.names)                                           0.336     3.199
[17865].out[0] (.names)                                          0.261     3.460
[17924].in[3] (.names)                                           0.337     3.797
[17924].out[0] (.names)                                          0.261     4.058
[19153].in[4] (.names)                                           0.332     4.390
[19153].out[0] (.names)                                          0.261     4.651
[19157].in[2] (.names)                                           0.338     4.989
[19157].out[0] (.names)                                          0.261     5.250
[19221].in[2] (.names)                                           0.100     5.350
[19221].out[0] (.names)                                          0.261     5.611
[19227].in[2] (.names)                                           0.100     5.711
[19227].out[0] (.names)                                          0.261     5.972
[19232].in[2] (.names)                                           0.100     6.072
[19232].out[0] (.names)                                          0.261     6.333
[16109].in[4] (.names)                                           1.069     7.402
[16109].out[0] (.names)                                          0.261     7.663
[16100].D[0] (.latch)                                            0.000     7.663
data arrival time                                                          7.663

clock pclk (rise edge)                                           0.000     0.000
clock source latency                                             0.000     0.000
pclk.inpad[0] (.input)                                           0.000     0.000
[16100].clk[0] (.latch)                                          0.042     0.042
clock uncertainty                                                0.000     0.042
cell setup time                                                 -0.066    -0.024
data required time                                                        -0.024
--------------------------------------------------------------------------------
data required time                                                        -0.024
data arrival time                                                         -7.663
--------------------------------------------------------------------------------
slack (VIOLATED)                                                          -7.687


#Path 92
Startpoint: [17752].Q[0] (.latch clocked by pclk)
Endpoint  : [4655].D[0] (.latch clocked by pclk)
Path Type : setup

Point                                                             Incr      Path
--------------------------------------------------------------------------------
clock pclk (rise edge)                                           0.000     0.000
clock source latency                                             0.000     0.000
pclk.inpad[0] (.input)                                           0.000     0.000
[17752].clk[0] (.latch)                                          0.042     0.042
[17752].Q[0] (.latch) [clock-to-output]                          0.124     0.166
[5541].in[4] (.names)                                            0.359     0.525
[5541].out[0] (.names)                                           0.261     0.786
[17555].in[0] (.names)                                           0.332     1.119
[17555].out[0] (.names)                                          0.261     1.380
[17559].in[5] (.names)                                           0.336     1.716
[17559].out[0] (.names)                                          0.261     1.977
nrq20_3.in[0] (.names)                                           0.608     2.585
nrq20_3.out[0] (.names)                                          0.261     2.846
[4265].in[1] (.names)                                            0.476     3.321
[4265].out[0] (.names)                                           0.261     3.582
[17744].in[0] (.names)                                           0.332     3.915
[17744].out[0] (.names)                                          0.261     4.176
[4442].in[4] (.names)                                            0.340     4.516
[4442].out[0] (.names)                                           0.261     4.777
[5173].in[3] (.names)                                            0.328     5.105
[5173].out[0] (.names)                                           0.261     5.366
[19520].in[4] (.names)                                           0.328     5.694
[19520].out[0] (.names)                                          0.261     5.955
[5162].in[4] (.names)                                            0.332     6.287
[5162].out[0] (.names)                                           0.261     6.548
[19395].in[4] (.names)                                           0.476     7.024
[19395].out[0] (.names)                                          0.261     7.285
[4664].in[4] (.names)                                            0.100     7.385
[4664].out[0] (.names)                                           0.261     7.646
[4655].D[0] (.latch)                                             0.000     7.646
data arrival time                                                          7.646

clock pclk (rise edge)                                           0.000     0.000
clock source latency                                             0.000     0.000
pclk.inpad[0] (.input)                                           0.000     0.000
[4655].clk[0] (.latch)                                           0.042     0.042
clock uncertainty                                                0.000     0.042
cell setup time                                                 -0.066    -0.024
data required time                                                        -0.024
--------------------------------------------------------------------------------
data required time                                                        -0.024
data arrival time                                                         -7.646
--------------------------------------------------------------------------------
slack (VIOLATED)                                                          -7.670


#Path 93
Startpoint: [17752].Q[0] (.latch clocked by pclk)
Endpoint  : [15335].D[0] (.latch clocked by pclk)
Path Type : setup

Point                                                             Incr      Path
--------------------------------------------------------------------------------
clock pclk (rise edge)                                           0.000     0.000
clock source latency                                             0.000     0.000
pclk.inpad[0] (.input)                                           0.000     0.000
[17752].clk[0] (.latch)                                          0.042     0.042
[17752].Q[0] (.latch) [clock-to-output]                          0.124     0.166
[5541].in[4] (.names)                                            0.359     0.525
[5541].out[0] (.names)                                           0.261     0.786
[17555].in[0] (.names)                                           0.332     1.119
[17555].out[0] (.names)                                          0.261     1.380
[17559].in[5] (.names)                                           0.336     1.716
[17559].out[0] (.names)                                          0.261     1.977
nrq20_3.in[0] (.names)                                           0.608     2.585
nrq20_3.out[0] (.names)                                          0.261     2.846
[4265].in[1] (.names)                                            0.476     3.321
[4265].out[0] (.names)                                           0.261     3.582
[17744].in[0] (.names)                                           0.332     3.915
[17744].out[0] (.names)                                          0.261     4.176
[4442].in[4] (.names)                                            0.340     4.516
[4442].out[0] (.names)                                           0.261     4.777
[5173].in[3] (.names)                                            0.328     5.105
[5173].out[0] (.names)                                           0.261     5.366
[19520].in[4] (.names)                                           0.328     5.694
[19520].out[0] (.names)                                          0.261     5.955
[5162].in[4] (.names)                                            0.332     6.287
[5162].out[0] (.names)                                           0.261     6.548
[19395].in[4] (.names)                                           0.476     7.024
[19395].out[0] (.names)                                          0.261     7.285
[15344].in[2] (.names)                                           0.100     7.385
[15344].out[0] (.names)                                          0.261     7.646
[15335].D[0] (.latch)                                            0.000     7.646
data arrival time                                                          7.646

clock pclk (rise edge)                                           0.000     0.000
clock source latency                                             0.000     0.000
pclk.inpad[0] (.input)                                           0.000     0.000
[15335].clk[0] (.latch)                                          0.042     0.042
clock uncertainty                                                0.000     0.042
cell setup time                                                 -0.066    -0.024
data required time                                                        -0.024
--------------------------------------------------------------------------------
data required time                                                        -0.024
data arrival time                                                         -7.646
--------------------------------------------------------------------------------
slack (VIOLATED)                                                          -7.670


#Path 94
Startpoint: [17752].Q[0] (.latch clocked by pclk)
Endpoint  : [13415].D[0] (.latch clocked by pclk)
Path Type : setup

Point                                                             Incr      Path
--------------------------------------------------------------------------------
clock pclk (rise edge)                                           0.000     0.000
clock source latency                                             0.000     0.000
pclk.inpad[0] (.input)                                           0.000     0.000
[17752].clk[0] (.latch)                                          0.042     0.042
[17752].Q[0] (.latch) [clock-to-output]                          0.124     0.166
[5541].in[4] (.names)                                            0.359     0.525
[5541].out[0] (.names)                                           0.261     0.786
[17555].in[0] (.names)                                           0.332     1.119
[17555].out[0] (.names)                                          0.261     1.380
[17559].in[5] (.names)                                           0.336     1.716
[17559].out[0] (.names)                                          0.261     1.977
nrq20_3.in[0] (.names)                                           0.608     2.585
nrq20_3.out[0] (.names)                                          0.261     2.846
[4265].in[1] (.names)                                            0.476     3.321
[4265].out[0] (.names)                                           0.261     3.582
[17744].in[0] (.names)                                           0.332     3.915
[17744].out[0] (.names)                                          0.261     4.176
[4442].in[4] (.names)                                            0.340     4.516
[4442].out[0] (.names)                                           0.261     4.777
[5173].in[3] (.names)                                            0.328     5.105
[5173].out[0] (.names)                                           0.261     5.366
[19520].in[4] (.names)                                           0.328     5.694
[19520].out[0] (.names)                                          0.261     5.955
[5162].in[4] (.names)                                            0.332     6.287
[5162].out[0] (.names)                                           0.261     6.548
[19395].in[4] (.names)                                           0.476     7.024
[19395].out[0] (.names)                                          0.261     7.285
[13424].in[2] (.names)                                           0.100     7.385
[13424].out[0] (.names)                                          0.261     7.646
[13415].D[0] (.latch)                                            0.000     7.646
data arrival time                                                          7.646

clock pclk (rise edge)                                           0.000     0.000
clock source latency                                             0.000     0.000
pclk.inpad[0] (.input)                                           0.000     0.000
[13415].clk[0] (.latch)                                          0.042     0.042
clock uncertainty                                                0.000     0.042
cell setup time                                                 -0.066    -0.024
data required time                                                        -0.024
--------------------------------------------------------------------------------
data required time                                                        -0.024
data arrival time                                                         -7.646
--------------------------------------------------------------------------------
slack (VIOLATED)                                                          -7.670


#Path 95
Startpoint: [17752].Q[0] (.latch clocked by pclk)
Endpoint  : [11390].D[0] (.latch clocked by pclk)
Path Type : setup

Point                                                             Incr      Path
--------------------------------------------------------------------------------
clock pclk (rise edge)                                           0.000     0.000
clock source latency                                             0.000     0.000
pclk.inpad[0] (.input)                                           0.000     0.000
[17752].clk[0] (.latch)                                          0.042     0.042
[17752].Q[0] (.latch) [clock-to-output]                          0.124     0.166
[5541].in[4] (.names)                                            0.359     0.525
[5541].out[0] (.names)                                           0.261     0.786
[17555].in[0] (.names)                                           0.332     1.119
[17555].out[0] (.names)                                          0.261     1.380
[17559].in[5] (.names)                                           0.336     1.716
[17559].out[0] (.names)                                          0.261     1.977
nrq20_3.in[0] (.names)                                           0.608     2.585
nrq20_3.out[0] (.names)                                          0.261     2.846
[4265].in[1] (.names)                                            0.476     3.321
[4265].out[0] (.names)                                           0.261     3.582
[17744].in[0] (.names)                                           0.332     3.915
[17744].out[0] (.names)                                          0.261     4.176
[4442].in[4] (.names)                                            0.340     4.516
[4442].out[0] (.names)                                           0.261     4.777
[5173].in[3] (.names)                                            0.328     5.105
[5173].out[0] (.names)                                           0.261     5.366
[19520].in[4] (.names)                                           0.328     5.694
[19520].out[0] (.names)                                          0.261     5.955
[5162].in[4] (.names)                                            0.332     6.287
[5162].out[0] (.names)                                           0.261     6.548
[19395].in[4] (.names)                                           0.476     7.024
[19395].out[0] (.names)                                          0.261     7.285
[11399].in[2] (.names)                                           0.100     7.385
[11399].out[0] (.names)                                          0.261     7.646
[11390].D[0] (.latch)                                            0.000     7.646
data arrival time                                                          7.646

clock pclk (rise edge)                                           0.000     0.000
clock source latency                                             0.000     0.000
pclk.inpad[0] (.input)                                           0.000     0.000
[11390].clk[0] (.latch)                                          0.042     0.042
clock uncertainty                                                0.000     0.042
cell setup time                                                 -0.066    -0.024
data required time                                                        -0.024
--------------------------------------------------------------------------------
data required time                                                        -0.024
data arrival time                                                         -7.646
--------------------------------------------------------------------------------
slack (VIOLATED)                                                          -7.670


#Path 96
Startpoint: [17752].Q[0] (.latch clocked by pclk)
Endpoint  : [10595].D[0] (.latch clocked by pclk)
Path Type : setup

Point                                                             Incr      Path
--------------------------------------------------------------------------------
clock pclk (rise edge)                                           0.000     0.000
clock source latency                                             0.000     0.000
pclk.inpad[0] (.input)                                           0.000     0.000
[17752].clk[0] (.latch)                                          0.042     0.042
[17752].Q[0] (.latch) [clock-to-output]                          0.124     0.166
[5541].in[4] (.names)                                            0.359     0.525
[5541].out[0] (.names)                                           0.261     0.786
[17555].in[0] (.names)                                           0.332     1.119
[17555].out[0] (.names)                                          0.261     1.380
[17559].in[5] (.names)                                           0.336     1.716
[17559].out[0] (.names)                                          0.261     1.977
nrq20_3.in[0] (.names)                                           0.608     2.585
nrq20_3.out[0] (.names)                                          0.261     2.846
[4265].in[1] (.names)                                            0.476     3.321
[4265].out[0] (.names)                                           0.261     3.582
[17744].in[0] (.names)                                           0.332     3.915
[17744].out[0] (.names)                                          0.261     4.176
[4442].in[4] (.names)                                            0.340     4.516
[4442].out[0] (.names)                                           0.261     4.777
[5173].in[3] (.names)                                            0.328     5.105
[5173].out[0] (.names)                                           0.261     5.366
[19520].in[4] (.names)                                           0.328     5.694
[19520].out[0] (.names)                                          0.261     5.955
[5162].in[4] (.names)                                            0.332     6.287
[5162].out[0] (.names)                                           0.261     6.548
[19395].in[4] (.names)                                           0.476     7.024
[19395].out[0] (.names)                                          0.261     7.285
[10604].in[3] (.names)                                           0.100     7.385
[10604].out[0] (.names)                                          0.261     7.646
[10595].D[0] (.latch)                                            0.000     7.646
data arrival time                                                          7.646

clock pclk (rise edge)                                           0.000     0.000
clock source latency                                             0.000     0.000
pclk.inpad[0] (.input)                                           0.000     0.000
[10595].clk[0] (.latch)                                          0.042     0.042
clock uncertainty                                                0.000     0.042
cell setup time                                                 -0.066    -0.024
data required time                                                        -0.024
--------------------------------------------------------------------------------
data required time                                                        -0.024
data arrival time                                                         -7.646
--------------------------------------------------------------------------------
slack (VIOLATED)                                                          -7.670


#Path 97
Startpoint: [17752].Q[0] (.latch clocked by pclk)
Endpoint  : [9335].D[0] (.latch clocked by pclk)
Path Type : setup

Point                                                             Incr      Path
--------------------------------------------------------------------------------
clock pclk (rise edge)                                           0.000     0.000
clock source latency                                             0.000     0.000
pclk.inpad[0] (.input)                                           0.000     0.000
[17752].clk[0] (.latch)                                          0.042     0.042
[17752].Q[0] (.latch) [clock-to-output]                          0.124     0.166
[5541].in[4] (.names)                                            0.359     0.525
[5541].out[0] (.names)                                           0.261     0.786
[17555].in[0] (.names)                                           0.332     1.119
[17555].out[0] (.names)                                          0.261     1.380
[17559].in[5] (.names)                                           0.336     1.716
[17559].out[0] (.names)                                          0.261     1.977
nrq20_3.in[0] (.names)                                           0.608     2.585
nrq20_3.out[0] (.names)                                          0.261     2.846
[4265].in[1] (.names)                                            0.476     3.321
[4265].out[0] (.names)                                           0.261     3.582
[17744].in[0] (.names)                                           0.332     3.915
[17744].out[0] (.names)                                          0.261     4.176
[4442].in[4] (.names)                                            0.340     4.516
[4442].out[0] (.names)                                           0.261     4.777
[5173].in[3] (.names)                                            0.328     5.105
[5173].out[0] (.names)                                           0.261     5.366
[19520].in[4] (.names)                                           0.328     5.694
[19520].out[0] (.names)                                          0.261     5.955
[5162].in[4] (.names)                                            0.332     6.287
[5162].out[0] (.names)                                           0.261     6.548
[19395].in[4] (.names)                                           0.476     7.024
[19395].out[0] (.names)                                          0.261     7.285
[9344].in[4] (.names)                                            0.100     7.385
[9344].out[0] (.names)                                           0.261     7.646
[9335].D[0] (.latch)                                             0.000     7.646
data arrival time                                                          7.646

clock pclk (rise edge)                                           0.000     0.000
clock source latency                                             0.000     0.000
pclk.inpad[0] (.input)                                           0.000     0.000
[9335].clk[0] (.latch)                                           0.042     0.042
clock uncertainty                                                0.000     0.042
cell setup time                                                 -0.066    -0.024
data required time                                                        -0.024
--------------------------------------------------------------------------------
data required time                                                        -0.024
data arrival time                                                         -7.646
--------------------------------------------------------------------------------
slack (VIOLATED)                                                          -7.670


#Path 98
Startpoint: [17752].Q[0] (.latch clocked by pclk)
Endpoint  : [8645].D[0] (.latch clocked by pclk)
Path Type : setup

Point                                                             Incr      Path
--------------------------------------------------------------------------------
clock pclk (rise edge)                                           0.000     0.000
clock source latency                                             0.000     0.000
pclk.inpad[0] (.input)                                           0.000     0.000
[17752].clk[0] (.latch)                                          0.042     0.042
[17752].Q[0] (.latch) [clock-to-output]                          0.124     0.166
[5541].in[4] (.names)                                            0.359     0.525
[5541].out[0] (.names)                                           0.261     0.786
[17555].in[0] (.names)                                           0.332     1.119
[17555].out[0] (.names)                                          0.261     1.380
[17559].in[5] (.names)                                           0.336     1.716
[17559].out[0] (.names)                                          0.261     1.977
nrq20_3.in[0] (.names)                                           0.608     2.585
nrq20_3.out[0] (.names)                                          0.261     2.846
[4265].in[1] (.names)                                            0.476     3.321
[4265].out[0] (.names)                                           0.261     3.582
[17744].in[0] (.names)                                           0.332     3.915
[17744].out[0] (.names)                                          0.261     4.176
[4442].in[4] (.names)                                            0.340     4.516
[4442].out[0] (.names)                                           0.261     4.777
[5173].in[3] (.names)                                            0.328     5.105
[5173].out[0] (.names)                                           0.261     5.366
[19520].in[4] (.names)                                           0.328     5.694
[19520].out[0] (.names)                                          0.261     5.955
[5162].in[4] (.names)                                            0.332     6.287
[5162].out[0] (.names)                                           0.261     6.548
[19395].in[4] (.names)                                           0.476     7.024
[19395].out[0] (.names)                                          0.261     7.285
[8654].in[3] (.names)                                            0.100     7.385
[8654].out[0] (.names)                                           0.261     7.646
[8645].D[0] (.latch)                                             0.000     7.646
data arrival time                                                          7.646

clock pclk (rise edge)                                           0.000     0.000
clock source latency                                             0.000     0.000
pclk.inpad[0] (.input)                                           0.000     0.000
[8645].clk[0] (.latch)                                           0.042     0.042
clock uncertainty                                                0.000     0.042
cell setup time                                                 -0.066    -0.024
data required time                                                        -0.024
--------------------------------------------------------------------------------
data required time                                                        -0.024
data arrival time                                                         -7.646
--------------------------------------------------------------------------------
slack (VIOLATED)                                                          -7.670


#Path 99
Startpoint: [17752].Q[0] (.latch clocked by pclk)
Endpoint  : [7505].D[0] (.latch clocked by pclk)
Path Type : setup

Point                                                             Incr      Path
--------------------------------------------------------------------------------
clock pclk (rise edge)                                           0.000     0.000
clock source latency                                             0.000     0.000
pclk.inpad[0] (.input)                                           0.000     0.000
[17752].clk[0] (.latch)                                          0.042     0.042
[17752].Q[0] (.latch) [clock-to-output]                          0.124     0.166
[5541].in[4] (.names)                                            0.359     0.525
[5541].out[0] (.names)                                           0.261     0.786
[17555].in[0] (.names)                                           0.332     1.119
[17555].out[0] (.names)                                          0.261     1.380
[17559].in[5] (.names)                                           0.336     1.716
[17559].out[0] (.names)                                          0.261     1.977
nrq20_3.in[0] (.names)                                           0.608     2.585
nrq20_3.out[0] (.names)                                          0.261     2.846
[4265].in[1] (.names)                                            0.476     3.321
[4265].out[0] (.names)                                           0.261     3.582
[17744].in[0] (.names)                                           0.332     3.915
[17744].out[0] (.names)                                          0.261     4.176
[4442].in[4] (.names)                                            0.340     4.516
[4442].out[0] (.names)                                           0.261     4.777
[5173].in[3] (.names)                                            0.328     5.105
[5173].out[0] (.names)                                           0.261     5.366
[19520].in[4] (.names)                                           0.328     5.694
[19520].out[0] (.names)                                          0.261     5.955
[5162].in[4] (.names)                                            0.332     6.287
[5162].out[0] (.names)                                           0.261     6.548
[19395].in[4] (.names)                                           0.476     7.024
[19395].out[0] (.names)                                          0.261     7.285
[7514].in[4] (.names)                                            0.100     7.385
[7514].out[0] (.names)                                           0.261     7.646
[7505].D[0] (.latch)                                             0.000     7.646
data arrival time                                                          7.646

clock pclk (rise edge)                                           0.000     0.000
clock source latency                                             0.000     0.000
pclk.inpad[0] (.input)                                           0.000     0.000
[7505].clk[0] (.latch)                                           0.042     0.042
clock uncertainty                                                0.000     0.042
cell setup time                                                 -0.066    -0.024
data required time                                                        -0.024
--------------------------------------------------------------------------------
data required time                                                        -0.024
data arrival time                                                         -7.646
--------------------------------------------------------------------------------
slack (VIOLATED)                                                          -7.670


#Path 100
Startpoint: [17752].Q[0] (.latch clocked by pclk)
Endpoint  : [6830].D[0] (.latch clocked by pclk)
Path Type : setup

Point                                                             Incr      Path
--------------------------------------------------------------------------------
clock pclk (rise edge)                                           0.000     0.000
clock source latency                                             0.000     0.000
pclk.inpad[0] (.input)                                           0.000     0.000
[17752].clk[0] (.latch)                                          0.042     0.042
[17752].Q[0] (.latch) [clock-to-output]                          0.124     0.166
[5541].in[4] (.names)                                            0.359     0.525
[5541].out[0] (.names)                                           0.261     0.786
[17555].in[0] (.names)                                           0.332     1.119
[17555].out[0] (.names)                                          0.261     1.380
[17559].in[5] (.names)                                           0.336     1.716
[17559].out[0] (.names)                                          0.261     1.977
nrq20_3.in[0] (.names)                                           0.608     2.585
nrq20_3.out[0] (.names)                                          0.261     2.846
[4265].in[1] (.names)                                            0.476     3.321
[4265].out[0] (.names)                                           0.261     3.582
[17744].in[0] (.names)                                           0.332     3.915
[17744].out[0] (.names)                                          0.261     4.176
[4442].in[4] (.names)                                            0.340     4.516
[4442].out[0] (.names)                                           0.261     4.777
[5173].in[3] (.names)                                            0.328     5.105
[5173].out[0] (.names)                                           0.261     5.366
[19520].in[4] (.names)                                           0.328     5.694
[19520].out[0] (.names)                                          0.261     5.955
[5162].in[4] (.names)                                            0.332     6.287
[5162].out[0] (.names)                                           0.261     6.548
[19395].in[4] (.names)                                           0.476     7.024
[19395].out[0] (.names)                                          0.261     7.285
[6839].in[2] (.names)                                            0.100     7.385
[6839].out[0] (.names)                                           0.261     7.646
[6830].D[0] (.latch)                                             0.000     7.646
data arrival time                                                          7.646

clock pclk (rise edge)                                           0.000     0.000
clock source latency                                             0.000     0.000
pclk.inpad[0] (.input)                                           0.000     0.000
[6830].clk[0] (.latch)                                           0.042     0.042
clock uncertainty                                                0.000     0.042
cell setup time                                                 -0.066    -0.024
data required time                                                        -0.024
--------------------------------------------------------------------------------
data required time                                                        -0.024
data arrival time                                                         -7.646
--------------------------------------------------------------------------------
slack (VIOLATED)                                                          -7.670


#End of timing report
