#Timing report of worst 100 path(s)
# Unit scale: 1e-09 seconds
# Output precision: 3

#Path 1
Startpoint: ppeaki_6_6_.Q[0] (.latch clocked by pclk)
Endpoint  : [6215].D[0] (.latch clocked by pclk)
Path Type : setup

Point                                                             Incr      Path
--------------------------------------------------------------------------------
clock pclk (rise edge)                                           0.000     0.000
clock source latency                                             0.000     0.000
pclk.inpad[0] (.input)                                           0.000     0.000
ppeaki_6_6_.clk[0] (.latch)                                      0.042     0.042
ppeaki_6_6_.Q[0] (.latch) [clock-to-output]                      0.124     0.166
[5541].in[2] (.names)                                            0.352     0.519
[5541].out[0] (.names)                                           0.261     0.780
[17555].in[0] (.names)                                           0.332     1.112
[17555].out[0] (.names)                                          0.261     1.373
[17559].in[5] (.names)                                           0.332     1.706
[17559].out[0] (.names)                                          0.261     1.967
nrq8_2.in[0] (.names)                                            0.472     2.439
nrq8_2.out[0] (.names)                                           0.261     2.700
[5292].in[3] (.names)                                            0.478     3.178
[5292].out[0] (.names)                                           0.261     3.439
[17744].in[1] (.names)                                           0.332     3.771
[17744].out[0] (.names)                                          0.261     4.032
[4442].in[4] (.names)                                            0.481     4.514
[4442].out[0] (.names)                                           0.261     4.775
[5173].in[3] (.names)                                            0.336     5.110
[5173].out[0] (.names)                                           0.261     5.371
[19520].in[4] (.names)                                           0.337     5.708
[19520].out[0] (.names)                                          0.261     5.969
[5162].in[4] (.names)                                            0.332     6.302
[5162].out[0] (.names)                                           0.261     6.563
[19490].in[4] (.names)                                           0.336     6.898
[19490].out[0] (.names)                                          0.261     7.159
[19367].in[3] (.names)                                           0.482     7.642
[19367].out[0] (.names)                                          0.261     7.903
[6224].in[3] (.names)                                            0.482     8.385
[6224].out[0] (.names)                                           0.261     8.646
[6215].D[0] (.latch)                                             0.000     8.646
data arrival time                                                          8.646

clock pclk (rise edge)                                           0.000     0.000
clock source latency                                             0.000     0.000
pclk.inpad[0] (.input)                                           0.000     0.000
[6215].clk[0] (.latch)                                           0.042     0.042
clock uncertainty                                                0.000     0.042
cell setup time                                                 -0.066    -0.024
data required time                                                        -0.024
--------------------------------------------------------------------------------
data required time                                                        -0.024
data arrival time                                                         -8.646
--------------------------------------------------------------------------------
slack (VIOLATED)                                                          -8.670


#Path 2
Startpoint: ppeaki_6_6_.Q[0] (.latch clocked by pclk)
Endpoint  : [8735].D[0] (.latch clocked by pclk)
Path Type : setup

Point                                                             Incr      Path
--------------------------------------------------------------------------------
clock pclk (rise edge)                                           0.000     0.000
clock source latency                                             0.000     0.000
pclk.inpad[0] (.input)                                           0.000     0.000
ppeaki_6_6_.clk[0] (.latch)                                      0.042     0.042
ppeaki_6_6_.Q[0] (.latch) [clock-to-output]                      0.124     0.166
[5541].in[2] (.names)                                            0.352     0.519
[5541].out[0] (.names)                                           0.261     0.780
[17555].in[0] (.names)                                           0.332     1.112
[17555].out[0] (.names)                                          0.261     1.373
[17559].in[5] (.names)                                           0.332     1.706
[17559].out[0] (.names)                                          0.261     1.967
nrq8_2.in[0] (.names)                                            0.472     2.439
nrq8_2.out[0] (.names)                                           0.261     2.700
[5292].in[3] (.names)                                            0.478     3.178
[5292].out[0] (.names)                                           0.261     3.439
[17744].in[1] (.names)                                           0.332     3.771
[17744].out[0] (.names)                                          0.261     4.032
[4442].in[4] (.names)                                            0.481     4.514
[4442].out[0] (.names)                                           0.261     4.775
[5173].in[3] (.names)                                            0.336     5.110
[5173].out[0] (.names)                                           0.261     5.371
[19520].in[4] (.names)                                           0.337     5.708
[19520].out[0] (.names)                                          0.261     5.969
[5162].in[4] (.names)                                            0.332     6.302
[5162].out[0] (.names)                                           0.261     6.563
[19490].in[4] (.names)                                           0.336     6.898
[19490].out[0] (.names)                                          0.261     7.159
[19367].in[3] (.names)                                           0.482     7.642
[19367].out[0] (.names)                                          0.261     7.903
[8744].in[2] (.names)                                            0.456     8.359
[8744].out[0] (.names)                                           0.261     8.620
[8735].D[0] (.latch)                                             0.000     8.620
data arrival time                                                          8.620

clock pclk (rise edge)                                           0.000     0.000
clock source latency                                             0.000     0.000
pclk.inpad[0] (.input)                                           0.000     0.000
[8735].clk[0] (.latch)                                           0.042     0.042
clock uncertainty                                                0.000     0.042
cell setup time                                                 -0.066    -0.024
data required time                                                        -0.024
--------------------------------------------------------------------------------
data required time                                                        -0.024
data arrival time                                                         -8.620
--------------------------------------------------------------------------------
slack (VIOLATED)                                                          -8.643


#Path 3
Startpoint: ppeaki_6_6_.Q[0] (.latch clocked by pclk)
Endpoint  : [11375].D[0] (.latch clocked by pclk)
Path Type : setup

Point                                                             Incr      Path
--------------------------------------------------------------------------------
clock pclk (rise edge)                                           0.000     0.000
clock source latency                                             0.000     0.000
pclk.inpad[0] (.input)                                           0.000     0.000
ppeaki_6_6_.clk[0] (.latch)                                      0.042     0.042
ppeaki_6_6_.Q[0] (.latch) [clock-to-output]                      0.124     0.166
[5541].in[2] (.names)                                            0.352     0.519
[5541].out[0] (.names)                                           0.261     0.780
[17555].in[0] (.names)                                           0.332     1.112
[17555].out[0] (.names)                                          0.261     1.373
[17559].in[5] (.names)                                           0.332     1.706
[17559].out[0] (.names)                                          0.261     1.967
nrq8_2.in[0] (.names)                                            0.472     2.439
nrq8_2.out[0] (.names)                                           0.261     2.700
[5292].in[3] (.names)                                            0.478     3.178
[5292].out[0] (.names)                                           0.261     3.439
[17744].in[1] (.names)                                           0.332     3.771
[17744].out[0] (.names)                                          0.261     4.032
[4442].in[4] (.names)                                            0.481     4.514
[4442].out[0] (.names)                                           0.261     4.775
[5173].in[3] (.names)                                            0.336     5.110
[5173].out[0] (.names)                                           0.261     5.371
[19520].in[4] (.names)                                           0.337     5.708
[19520].out[0] (.names)                                          0.261     5.969
[5162].in[4] (.names)                                            0.332     6.302
[5162].out[0] (.names)                                           0.261     6.563
[19490].in[4] (.names)                                           0.336     6.898
[19490].out[0] (.names)                                          0.261     7.159
[19367].in[3] (.names)                                           0.482     7.642
[19367].out[0] (.names)                                          0.261     7.903
[11384].in[2] (.names)                                           0.456     8.359
[11384].out[0] (.names)                                          0.261     8.620
[11375].D[0] (.latch)                                            0.000     8.620
data arrival time                                                          8.620

clock pclk (rise edge)                                           0.000     0.000
clock source latency                                             0.000     0.000
pclk.inpad[0] (.input)                                           0.000     0.000
[11375].clk[0] (.latch)                                          0.042     0.042
clock uncertainty                                                0.000     0.042
cell setup time                                                 -0.066    -0.024
data required time                                                        -0.024
--------------------------------------------------------------------------------
data required time                                                        -0.024
data arrival time                                                         -8.620
--------------------------------------------------------------------------------
slack (VIOLATED)                                                          -8.643


#Path 4
Startpoint: ppeaki_6_6_.Q[0] (.latch clocked by pclk)
Endpoint  : [13070].D[0] (.latch clocked by pclk)
Path Type : setup

Point                                                             Incr      Path
--------------------------------------------------------------------------------
clock pclk (rise edge)                                           0.000     0.000
clock source latency                                             0.000     0.000
pclk.inpad[0] (.input)                                           0.000     0.000
ppeaki_6_6_.clk[0] (.latch)                                      0.042     0.042
ppeaki_6_6_.Q[0] (.latch) [clock-to-output]                      0.124     0.166
[5541].in[2] (.names)                                            0.352     0.519
[5541].out[0] (.names)                                           0.261     0.780
[17555].in[0] (.names)                                           0.332     1.112
[17555].out[0] (.names)                                          0.261     1.373
[17559].in[5] (.names)                                           0.332     1.706
[17559].out[0] (.names)                                          0.261     1.967
nrq8_2.in[0] (.names)                                            0.472     2.439
nrq8_2.out[0] (.names)                                           0.261     2.700
[5292].in[3] (.names)                                            0.478     3.178
[5292].out[0] (.names)                                           0.261     3.439
[17744].in[1] (.names)                                           0.332     3.771
[17744].out[0] (.names)                                          0.261     4.032
[4442].in[4] (.names)                                            0.481     4.514
[4442].out[0] (.names)                                           0.261     4.775
[5173].in[3] (.names)                                            0.336     5.110
[5173].out[0] (.names)                                           0.261     5.371
[19520].in[4] (.names)                                           0.337     5.708
[19520].out[0] (.names)                                          0.261     5.969
[5162].in[4] (.names)                                            0.332     6.302
[5162].out[0] (.names)                                           0.261     6.563
[19490].in[4] (.names)                                           0.336     6.898
[19490].out[0] (.names)                                          0.261     7.159
[19367].in[3] (.names)                                           0.482     7.642
[19367].out[0] (.names)                                          0.261     7.903
[13079].in[2] (.names)                                           0.456     8.359
[13079].out[0] (.names)                                          0.261     8.620
[13070].D[0] (.latch)                                            0.000     8.620
data arrival time                                                          8.620

clock pclk (rise edge)                                           0.000     0.000
clock source latency                                             0.000     0.000
pclk.inpad[0] (.input)                                           0.000     0.000
[13070].clk[0] (.latch)                                          0.042     0.042
clock uncertainty                                                0.000     0.042
cell setup time                                                 -0.066    -0.024
data required time                                                        -0.024
--------------------------------------------------------------------------------
data required time                                                        -0.024
data arrival time                                                         -8.620
--------------------------------------------------------------------------------
slack (VIOLATED)                                                          -8.643


#Path 5
Startpoint: ppeaki_6_6_.Q[0] (.latch clocked by pclk)
Endpoint  : [13370].D[0] (.latch clocked by pclk)
Path Type : setup

Point                                                             Incr      Path
--------------------------------------------------------------------------------
clock pclk (rise edge)                                           0.000     0.000
clock source latency                                             0.000     0.000
pclk.inpad[0] (.input)                                           0.000     0.000
ppeaki_6_6_.clk[0] (.latch)                                      0.042     0.042
ppeaki_6_6_.Q[0] (.latch) [clock-to-output]                      0.124     0.166
[5541].in[2] (.names)                                            0.352     0.519
[5541].out[0] (.names)                                           0.261     0.780
[17555].in[0] (.names)                                           0.332     1.112
[17555].out[0] (.names)                                          0.261     1.373
[17559].in[5] (.names)                                           0.332     1.706
[17559].out[0] (.names)                                          0.261     1.967
nrq8_2.in[0] (.names)                                            0.472     2.439
nrq8_2.out[0] (.names)                                           0.261     2.700
[5292].in[3] (.names)                                            0.478     3.178
[5292].out[0] (.names)                                           0.261     3.439
[17744].in[1] (.names)                                           0.332     3.771
[17744].out[0] (.names)                                          0.261     4.032
[4442].in[4] (.names)                                            0.481     4.514
[4442].out[0] (.names)                                           0.261     4.775
[5173].in[3] (.names)                                            0.336     5.110
[5173].out[0] (.names)                                           0.261     5.371
[19520].in[4] (.names)                                           0.337     5.708
[19520].out[0] (.names)                                          0.261     5.969
[5162].in[4] (.names)                                            0.332     6.302
[5162].out[0] (.names)                                           0.261     6.563
[19490].in[4] (.names)                                           0.336     6.898
[19490].out[0] (.names)                                          0.261     7.159
[19367].in[3] (.names)                                           0.482     7.642
[19367].out[0] (.names)                                          0.261     7.903
[13379].in[2] (.names)                                           0.456     8.359
[13379].out[0] (.names)                                          0.261     8.620
[13370].D[0] (.latch)                                            0.000     8.620
data arrival time                                                          8.620

clock pclk (rise edge)                                           0.000     0.000
clock source latency                                             0.000     0.000
pclk.inpad[0] (.input)                                           0.000     0.000
[13370].clk[0] (.latch)                                          0.042     0.042
clock uncertainty                                                0.000     0.042
cell setup time                                                 -0.066    -0.024
data required time                                                        -0.024
--------------------------------------------------------------------------------
data required time                                                        -0.024
data arrival time                                                         -8.620
--------------------------------------------------------------------------------
slack (VIOLATED)                                                          -8.643


#Path 6
Startpoint: ppeaki_6_6_.Q[0] (.latch clocked by pclk)
Endpoint  : [16070].D[0] (.latch clocked by pclk)
Path Type : setup

Point                                                             Incr      Path
--------------------------------------------------------------------------------
clock pclk (rise edge)                                           0.000     0.000
clock source latency                                             0.000     0.000
pclk.inpad[0] (.input)                                           0.000     0.000
ppeaki_6_6_.clk[0] (.latch)                                      0.042     0.042
ppeaki_6_6_.Q[0] (.latch) [clock-to-output]                      0.124     0.166
[5541].in[2] (.names)                                            0.352     0.519
[5541].out[0] (.names)                                           0.261     0.780
[17555].in[0] (.names)                                           0.332     1.112
[17555].out[0] (.names)                                          0.261     1.373
[17559].in[5] (.names)                                           0.332     1.706
[17559].out[0] (.names)                                          0.261     1.967
nrq8_2.in[0] (.names)                                            0.472     2.439
nrq8_2.out[0] (.names)                                           0.261     2.700
[5292].in[3] (.names)                                            0.478     3.178
[5292].out[0] (.names)                                           0.261     3.439
[17744].in[1] (.names)                                           0.332     3.771
[17744].out[0] (.names)                                          0.261     4.032
[4442].in[4] (.names)                                            0.481     4.514
[4442].out[0] (.names)                                           0.261     4.775
[5173].in[3] (.names)                                            0.336     5.110
[5173].out[0] (.names)                                           0.261     5.371
[19520].in[4] (.names)                                           0.337     5.708
[19520].out[0] (.names)                                          0.261     5.969
[5162].in[4] (.names)                                            0.332     6.302
[5162].out[0] (.names)                                           0.261     6.563
[19490].in[4] (.names)                                           0.336     6.898
[19490].out[0] (.names)                                          0.261     7.159
[19367].in[3] (.names)                                           0.482     7.642
[19367].out[0] (.names)                                          0.261     7.903
[16079].in[2] (.names)                                           0.456     8.359
[16079].out[0] (.names)                                          0.261     8.620
[16070].D[0] (.latch)                                            0.000     8.620
data arrival time                                                          8.620

clock pclk (rise edge)                                           0.000     0.000
clock source latency                                             0.000     0.000
pclk.inpad[0] (.input)                                           0.000     0.000
[16070].clk[0] (.latch)                                          0.042     0.042
clock uncertainty                                                0.000     0.042
cell setup time                                                 -0.066    -0.024
data required time                                                        -0.024
--------------------------------------------------------------------------------
data required time                                                        -0.024
data arrival time                                                         -8.620
--------------------------------------------------------------------------------
slack (VIOLATED)                                                          -8.643


#Path 7
Startpoint: ppeaki_6_6_.Q[0] (.latch clocked by pclk)
Endpoint  : [5435].D[0] (.latch clocked by pclk)
Path Type : setup

Point                                                             Incr      Path
--------------------------------------------------------------------------------
clock pclk (rise edge)                                           0.000     0.000
clock source latency                                             0.000     0.000
pclk.inpad[0] (.input)                                           0.000     0.000
ppeaki_6_6_.clk[0] (.latch)                                      0.042     0.042
ppeaki_6_6_.Q[0] (.latch) [clock-to-output]                      0.124     0.166
[5541].in[2] (.names)                                            0.352     0.519
[5541].out[0] (.names)                                           0.261     0.780
[17555].in[0] (.names)                                           0.332     1.112
[17555].out[0] (.names)                                          0.261     1.373
[17559].in[5] (.names)                                           0.332     1.706
[17559].out[0] (.names)                                          0.261     1.967
nrq8_2.in[0] (.names)                                            0.472     2.439
nrq8_2.out[0] (.names)                                           0.261     2.700
[5292].in[3] (.names)                                            0.478     3.178
[5292].out[0] (.names)                                           0.261     3.439
[17744].in[1] (.names)                                           0.332     3.771
[17744].out[0] (.names)                                          0.261     4.032
[4442].in[4] (.names)                                            0.481     4.514
[4442].out[0] (.names)                                           0.261     4.775
[5173].in[3] (.names)                                            0.336     5.110
[5173].out[0] (.names)                                           0.261     5.371
[19520].in[4] (.names)                                           0.337     5.708
[19520].out[0] (.names)                                          0.261     5.969
[5162].in[4] (.names)                                            0.332     6.302
[5162].out[0] (.names)                                           0.261     6.563
[19490].in[4] (.names)                                           0.336     6.898
[19490].out[0] (.names)                                          0.261     7.159
[19367].in[3] (.names)                                           0.482     7.642
[19367].out[0] (.names)                                          0.261     7.903
[5444].in[3] (.names)                                            0.456     8.359
[5444].out[0] (.names)                                           0.261     8.620
[5435].D[0] (.latch)                                             0.000     8.620
data arrival time                                                          8.620

clock pclk (rise edge)                                           0.000     0.000
clock source latency                                             0.000     0.000
pclk.inpad[0] (.input)                                           0.000     0.000
[5435].clk[0] (.latch)                                           0.042     0.042
clock uncertainty                                                0.000     0.042
cell setup time                                                 -0.066    -0.024
data required time                                                        -0.024
--------------------------------------------------------------------------------
data required time                                                        -0.024
data arrival time                                                         -8.620
--------------------------------------------------------------------------------
slack (VIOLATED)                                                          -8.643


#Path 8
Startpoint: ppeaki_6_6_.Q[0] (.latch clocked by pclk)
Endpoint  : [6755].D[0] (.latch clocked by pclk)
Path Type : setup

Point                                                             Incr      Path
--------------------------------------------------------------------------------
clock pclk (rise edge)                                           0.000     0.000
clock source latency                                             0.000     0.000
pclk.inpad[0] (.input)                                           0.000     0.000
ppeaki_6_6_.clk[0] (.latch)                                      0.042     0.042
ppeaki_6_6_.Q[0] (.latch) [clock-to-output]                      0.124     0.166
[5541].in[2] (.names)                                            0.352     0.519
[5541].out[0] (.names)                                           0.261     0.780
[17555].in[0] (.names)                                           0.332     1.112
[17555].out[0] (.names)                                          0.261     1.373
[17559].in[5] (.names)                                           0.332     1.706
[17559].out[0] (.names)                                          0.261     1.967
nrq8_2.in[0] (.names)                                            0.472     2.439
nrq8_2.out[0] (.names)                                           0.261     2.700
[5292].in[3] (.names)                                            0.478     3.178
[5292].out[0] (.names)                                           0.261     3.439
[17744].in[1] (.names)                                           0.332     3.771
[17744].out[0] (.names)                                          0.261     4.032
[4442].in[4] (.names)                                            0.481     4.514
[4442].out[0] (.names)                                           0.261     4.775
[5173].in[3] (.names)                                            0.336     5.110
[5173].out[0] (.names)                                           0.261     5.371
[19520].in[4] (.names)                                           0.337     5.708
[19520].out[0] (.names)                                          0.261     5.969
[5162].in[4] (.names)                                            0.332     6.302
[5162].out[0] (.names)                                           0.261     6.563
[19490].in[4] (.names)                                           0.336     6.898
[19490].out[0] (.names)                                          0.261     7.159
[19474].in[3] (.names)                                           0.482     7.642
[19474].out[0] (.names)                                          0.261     7.903
[6764].in[3] (.names)                                            0.337     8.240
[6764].out[0] (.names)                                           0.261     8.501
[6755].D[0] (.latch)                                             0.000     8.501
data arrival time                                                          8.501

clock pclk (rise edge)                                           0.000     0.000
clock source latency                                             0.000     0.000
pclk.inpad[0] (.input)                                           0.000     0.000
[6755].clk[0] (.latch)                                           0.042     0.042
clock uncertainty                                                0.000     0.042
cell setup time                                                 -0.066    -0.024
data required time                                                        -0.024
--------------------------------------------------------------------------------
data required time                                                        -0.024
data arrival time                                                         -8.501
--------------------------------------------------------------------------------
slack (VIOLATED)                                                          -8.524


#Path 9
Startpoint: ppeaki_6_6_.Q[0] (.latch clocked by pclk)
Endpoint  : [7355].D[0] (.latch clocked by pclk)
Path Type : setup

Point                                                             Incr      Path
--------------------------------------------------------------------------------
clock pclk (rise edge)                                           0.000     0.000
clock source latency                                             0.000     0.000
pclk.inpad[0] (.input)                                           0.000     0.000
ppeaki_6_6_.clk[0] (.latch)                                      0.042     0.042
ppeaki_6_6_.Q[0] (.latch) [clock-to-output]                      0.124     0.166
[5541].in[2] (.names)                                            0.352     0.519
[5541].out[0] (.names)                                           0.261     0.780
[17555].in[0] (.names)                                           0.332     1.112
[17555].out[0] (.names)                                          0.261     1.373
[17559].in[5] (.names)                                           0.332     1.706
[17559].out[0] (.names)                                          0.261     1.967
nrq8_2.in[0] (.names)                                            0.472     2.439
nrq8_2.out[0] (.names)                                           0.261     2.700
[5292].in[3] (.names)                                            0.478     3.178
[5292].out[0] (.names)                                           0.261     3.439
[17744].in[1] (.names)                                           0.332     3.771
[17744].out[0] (.names)                                          0.261     4.032
[4442].in[4] (.names)                                            0.481     4.514
[4442].out[0] (.names)                                           0.261     4.775
[5173].in[3] (.names)                                            0.336     5.110
[5173].out[0] (.names)                                           0.261     5.371
[19520].in[4] (.names)                                           0.337     5.708
[19520].out[0] (.names)                                          0.261     5.969
[5162].in[4] (.names)                                            0.332     6.302
[5162].out[0] (.names)                                           0.261     6.563
[19490].in[4] (.names)                                           0.336     6.898
[19490].out[0] (.names)                                          0.261     7.159
[19474].in[3] (.names)                                           0.482     7.642
[19474].out[0] (.names)                                          0.261     7.903
[7364].in[3] (.names)                                            0.337     8.240
[7364].out[0] (.names)                                           0.261     8.501
[7355].D[0] (.latch)                                             0.000     8.501
data arrival time                                                          8.501

clock pclk (rise edge)                                           0.000     0.000
clock source latency                                             0.000     0.000
pclk.inpad[0] (.input)                                           0.000     0.000
[7355].clk[0] (.latch)                                           0.042     0.042
clock uncertainty                                                0.000     0.042
cell setup time                                                 -0.066    -0.024
data required time                                                        -0.024
--------------------------------------------------------------------------------
data required time                                                        -0.024
data arrival time                                                         -8.501
--------------------------------------------------------------------------------
slack (VIOLATED)                                                          -8.524


#Path 10
Startpoint: ppeaki_6_6_.Q[0] (.latch clocked by pclk)
Endpoint  : [8150].D[0] (.latch clocked by pclk)
Path Type : setup

Point                                                             Incr      Path
--------------------------------------------------------------------------------
clock pclk (rise edge)                                           0.000     0.000
clock source latency                                             0.000     0.000
pclk.inpad[0] (.input)                                           0.000     0.000
ppeaki_6_6_.clk[0] (.latch)                                      0.042     0.042
ppeaki_6_6_.Q[0] (.latch) [clock-to-output]                      0.124     0.166
[5541].in[2] (.names)                                            0.352     0.519
[5541].out[0] (.names)                                           0.261     0.780
[17555].in[0] (.names)                                           0.332     1.112
[17555].out[0] (.names)                                          0.261     1.373
[17559].in[5] (.names)                                           0.332     1.706
[17559].out[0] (.names)                                          0.261     1.967
nrq8_2.in[0] (.names)                                            0.472     2.439
nrq8_2.out[0] (.names)                                           0.261     2.700
[5292].in[3] (.names)                                            0.478     3.178
[5292].out[0] (.names)                                           0.261     3.439
[17744].in[1] (.names)                                           0.332     3.771
[17744].out[0] (.names)                                          0.261     4.032
[4442].in[4] (.names)                                            0.481     4.514
[4442].out[0] (.names)                                           0.261     4.775
[5173].in[3] (.names)                                            0.336     5.110
[5173].out[0] (.names)                                           0.261     5.371
[19520].in[4] (.names)                                           0.337     5.708
[19520].out[0] (.names)                                          0.261     5.969
[5162].in[4] (.names)                                            0.332     6.302
[5162].out[0] (.names)                                           0.261     6.563
[19490].in[4] (.names)                                           0.336     6.898
[19490].out[0] (.names)                                          0.261     7.159
[19474].in[3] (.names)                                           0.482     7.642
[19474].out[0] (.names)                                          0.261     7.903
[8159].in[3] (.names)                                            0.337     8.240
[8159].out[0] (.names)                                           0.261     8.501
[8150].D[0] (.latch)                                             0.000     8.501
data arrival time                                                          8.501

clock pclk (rise edge)                                           0.000     0.000
clock source latency                                             0.000     0.000
pclk.inpad[0] (.input)                                           0.000     0.000
[8150].clk[0] (.latch)                                           0.042     0.042
clock uncertainty                                                0.000     0.042
cell setup time                                                 -0.066    -0.024
data required time                                                        -0.024
--------------------------------------------------------------------------------
data required time                                                        -0.024
data arrival time                                                         -8.501
--------------------------------------------------------------------------------
slack (VIOLATED)                                                          -8.524


#Path 11
Startpoint: ppeaki_6_6_.Q[0] (.latch clocked by pclk)
Endpoint  : [10055].D[0] (.latch clocked by pclk)
Path Type : setup

Point                                                             Incr      Path
--------------------------------------------------------------------------------
clock pclk (rise edge)                                           0.000     0.000
clock source latency                                             0.000     0.000
pclk.inpad[0] (.input)                                           0.000     0.000
ppeaki_6_6_.clk[0] (.latch)                                      0.042     0.042
ppeaki_6_6_.Q[0] (.latch) [clock-to-output]                      0.124     0.166
[5541].in[2] (.names)                                            0.352     0.519
[5541].out[0] (.names)                                           0.261     0.780
[17555].in[0] (.names)                                           0.332     1.112
[17555].out[0] (.names)                                          0.261     1.373
[17559].in[5] (.names)                                           0.332     1.706
[17559].out[0] (.names)                                          0.261     1.967
nrq8_2.in[0] (.names)                                            0.472     2.439
nrq8_2.out[0] (.names)                                           0.261     2.700
[5292].in[3] (.names)                                            0.478     3.178
[5292].out[0] (.names)                                           0.261     3.439
[17744].in[1] (.names)                                           0.332     3.771
[17744].out[0] (.names)                                          0.261     4.032
[4442].in[4] (.names)                                            0.481     4.514
[4442].out[0] (.names)                                           0.261     4.775
[5173].in[3] (.names)                                            0.336     5.110
[5173].out[0] (.names)                                           0.261     5.371
[19520].in[4] (.names)                                           0.337     5.708
[19520].out[0] (.names)                                          0.261     5.969
[5162].in[4] (.names)                                            0.332     6.302
[5162].out[0] (.names)                                           0.261     6.563
[19490].in[4] (.names)                                           0.336     6.898
[19490].out[0] (.names)                                          0.261     7.159
[19367].in[3] (.names)                                           0.482     7.642
[19367].out[0] (.names)                                          0.261     7.903
[10064].in[4] (.names)                                           0.332     8.235
[10064].out[0] (.names)                                          0.261     8.496
[10055].D[0] (.latch)                                            0.000     8.496
data arrival time                                                          8.496

clock pclk (rise edge)                                           0.000     0.000
clock source latency                                             0.000     0.000
pclk.inpad[0] (.input)                                           0.000     0.000
[10055].clk[0] (.latch)                                          0.042     0.042
clock uncertainty                                                0.000     0.042
cell setup time                                                 -0.066    -0.024
data required time                                                        -0.024
--------------------------------------------------------------------------------
data required time                                                        -0.024
data arrival time                                                         -8.496
--------------------------------------------------------------------------------
slack (VIOLATED)                                                          -8.520


#Path 12
Startpoint: ppeaki_6_6_.Q[0] (.latch clocked by pclk)
Endpoint  : [7400].D[0] (.latch clocked by pclk)
Path Type : setup

Point                                                             Incr      Path
--------------------------------------------------------------------------------
clock pclk (rise edge)                                           0.000     0.000
clock source latency                                             0.000     0.000
pclk.inpad[0] (.input)                                           0.000     0.000
ppeaki_6_6_.clk[0] (.latch)                                      0.042     0.042
ppeaki_6_6_.Q[0] (.latch) [clock-to-output]                      0.124     0.166
[5541].in[2] (.names)                                            0.352     0.519
[5541].out[0] (.names)                                           0.261     0.780
[17555].in[0] (.names)                                           0.332     1.112
[17555].out[0] (.names)                                          0.261     1.373
[17559].in[5] (.names)                                           0.332     1.706
[17559].out[0] (.names)                                          0.261     1.967
nrq8_2.in[0] (.names)                                            0.472     2.439
nrq8_2.out[0] (.names)                                           0.261     2.700
[5292].in[3] (.names)                                            0.478     3.178
[5292].out[0] (.names)                                           0.261     3.439
[17744].in[1] (.names)                                           0.332     3.771
[17744].out[0] (.names)                                          0.261     4.032
[4442].in[4] (.names)                                            0.481     4.514
[4442].out[0] (.names)                                           0.261     4.775
[5173].in[3] (.names)                                            0.336     5.110
[5173].out[0] (.names)                                           0.261     5.371
[19520].in[4] (.names)                                           0.337     5.708
[19520].out[0] (.names)                                          0.261     5.969
[5162].in[4] (.names)                                            0.332     6.302
[5162].out[0] (.names)                                           0.261     6.563
[19490].in[4] (.names)                                           0.336     6.898
[19490].out[0] (.names)                                          0.261     7.159
[19367].in[3] (.names)                                           0.482     7.642
[19367].out[0] (.names)                                          0.261     7.903
[7409].in[4] (.names)                                            0.332     8.235
[7409].out[0] (.names)                                           0.261     8.496
[7400].D[0] (.latch)                                             0.000     8.496
data arrival time                                                          8.496

clock pclk (rise edge)                                           0.000     0.000
clock source latency                                             0.000     0.000
pclk.inpad[0] (.input)                                           0.000     0.000
[7400].clk[0] (.latch)                                           0.042     0.042
clock uncertainty                                                0.000     0.042
cell setup time                                                 -0.066    -0.024
data required time                                                        -0.024
--------------------------------------------------------------------------------
data required time                                                        -0.024
data arrival time                                                         -8.496
--------------------------------------------------------------------------------
slack (VIOLATED)                                                          -8.520


#Path 13
Startpoint: ppeaki_6_6_.Q[0] (.latch clocked by pclk)
Endpoint  : [6725].D[0] (.latch clocked by pclk)
Path Type : setup

Point                                                             Incr      Path
--------------------------------------------------------------------------------
clock pclk (rise edge)                                           0.000     0.000
clock source latency                                             0.000     0.000
pclk.inpad[0] (.input)                                           0.000     0.000
ppeaki_6_6_.clk[0] (.latch)                                      0.042     0.042
ppeaki_6_6_.Q[0] (.latch) [clock-to-output]                      0.124     0.166
[5541].in[2] (.names)                                            0.352     0.519
[5541].out[0] (.names)                                           0.261     0.780
[17555].in[0] (.names)                                           0.332     1.112
[17555].out[0] (.names)                                          0.261     1.373
[17559].in[5] (.names)                                           0.332     1.706
[17559].out[0] (.names)                                          0.261     1.967
nrq8_2.in[0] (.names)                                            0.472     2.439
nrq8_2.out[0] (.names)                                           0.261     2.700
[5292].in[3] (.names)                                            0.478     3.178
[5292].out[0] (.names)                                           0.261     3.439
[17744].in[1] (.names)                                           0.332     3.771
[17744].out[0] (.names)                                          0.261     4.032
[4442].in[4] (.names)                                            0.481     4.514
[4442].out[0] (.names)                                           0.261     4.775
[5173].in[3] (.names)                                            0.336     5.110
[5173].out[0] (.names)                                           0.261     5.371
[19520].in[4] (.names)                                           0.337     5.708
[19520].out[0] (.names)                                          0.261     5.969
[5162].in[4] (.names)                                            0.332     6.302
[5162].out[0] (.names)                                           0.261     6.563
[19490].in[4] (.names)                                           0.336     6.898
[19490].out[0] (.names)                                          0.261     7.159
[19367].in[3] (.names)                                           0.482     7.642
[19367].out[0] (.names)                                          0.261     7.903
[6734].in[4] (.names)                                            0.332     8.235
[6734].out[0] (.names)                                           0.261     8.496
[6725].D[0] (.latch)                                             0.000     8.496
data arrival time                                                          8.496

clock pclk (rise edge)                                           0.000     0.000
clock source latency                                             0.000     0.000
pclk.inpad[0] (.input)                                           0.000     0.000
[6725].clk[0] (.latch)                                           0.042     0.042
clock uncertainty                                                0.000     0.042
cell setup time                                                 -0.066    -0.024
data required time                                                        -0.024
--------------------------------------------------------------------------------
data required time                                                        -0.024
data arrival time                                                         -8.496
--------------------------------------------------------------------------------
slack (VIOLATED)                                                          -8.520


#Path 14
Startpoint: ppeaki_6_6_.Q[0] (.latch clocked by pclk)
Endpoint  : [6080].D[0] (.latch clocked by pclk)
Path Type : setup

Point                                                             Incr      Path
--------------------------------------------------------------------------------
clock pclk (rise edge)                                           0.000     0.000
clock source latency                                             0.000     0.000
pclk.inpad[0] (.input)                                           0.000     0.000
ppeaki_6_6_.clk[0] (.latch)                                      0.042     0.042
ppeaki_6_6_.Q[0] (.latch) [clock-to-output]                      0.124     0.166
[5541].in[2] (.names)                                            0.352     0.519
[5541].out[0] (.names)                                           0.261     0.780
[17555].in[0] (.names)                                           0.332     1.112
[17555].out[0] (.names)                                          0.261     1.373
[17559].in[5] (.names)                                           0.332     1.706
[17559].out[0] (.names)                                          0.261     1.967
nrq8_2.in[0] (.names)                                            0.472     2.439
nrq8_2.out[0] (.names)                                           0.261     2.700
[5292].in[3] (.names)                                            0.478     3.178
[5292].out[0] (.names)                                           0.261     3.439
[17744].in[1] (.names)                                           0.332     3.771
[17744].out[0] (.names)                                          0.261     4.032
[4442].in[4] (.names)                                            0.481     4.514
[4442].out[0] (.names)                                           0.261     4.775
[5173].in[3] (.names)                                            0.336     5.110
[5173].out[0] (.names)                                           0.261     5.371
[19520].in[4] (.names)                                           0.337     5.708
[19520].out[0] (.names)                                          0.261     5.969
[5162].in[4] (.names)                                            0.332     6.302
[5162].out[0] (.names)                                           0.261     6.563
[19490].in[4] (.names)                                           0.336     6.898
[19490].out[0] (.names)                                          0.261     7.159
[19367].in[3] (.names)                                           0.482     7.642
[19367].out[0] (.names)                                          0.261     7.903
[6089].in[3] (.names)                                            0.332     8.235
[6089].out[0] (.names)                                           0.261     8.496
[6080].D[0] (.latch)                                             0.000     8.496
data arrival time                                                          8.496

clock pclk (rise edge)                                           0.000     0.000
clock source latency                                             0.000     0.000
pclk.inpad[0] (.input)                                           0.000     0.000
[6080].clk[0] (.latch)                                           0.042     0.042
clock uncertainty                                                0.000     0.042
cell setup time                                                 -0.066    -0.024
data required time                                                        -0.024
--------------------------------------------------------------------------------
data required time                                                        -0.024
data arrival time                                                         -8.496
--------------------------------------------------------------------------------
slack (VIOLATED)                                                          -8.520


#Path 15
Startpoint: ppeaki_6_6_.Q[0] (.latch clocked by pclk)
Endpoint  : [5480].D[0] (.latch clocked by pclk)
Path Type : setup

Point                                                             Incr      Path
--------------------------------------------------------------------------------
clock pclk (rise edge)                                           0.000     0.000
clock source latency                                             0.000     0.000
pclk.inpad[0] (.input)                                           0.000     0.000
ppeaki_6_6_.clk[0] (.latch)                                      0.042     0.042
ppeaki_6_6_.Q[0] (.latch) [clock-to-output]                      0.124     0.166
[5541].in[2] (.names)                                            0.352     0.519
[5541].out[0] (.names)                                           0.261     0.780
[17555].in[0] (.names)                                           0.332     1.112
[17555].out[0] (.names)                                          0.261     1.373
[17559].in[5] (.names)                                           0.332     1.706
[17559].out[0] (.names)                                          0.261     1.967
nrq8_2.in[0] (.names)                                            0.472     2.439
nrq8_2.out[0] (.names)                                           0.261     2.700
[5292].in[3] (.names)                                            0.478     3.178
[5292].out[0] (.names)                                           0.261     3.439
[17744].in[1] (.names)                                           0.332     3.771
[17744].out[0] (.names)                                          0.261     4.032
[4442].in[4] (.names)                                            0.481     4.514
[4442].out[0] (.names)                                           0.261     4.775
[5173].in[3] (.names)                                            0.336     5.110
[5173].out[0] (.names)                                           0.261     5.371
[19520].in[4] (.names)                                           0.337     5.708
[19520].out[0] (.names)                                          0.261     5.969
[5162].in[4] (.names)                                            0.332     6.302
[5162].out[0] (.names)                                           0.261     6.563
[19490].in[4] (.names)                                           0.336     6.898
[19490].out[0] (.names)                                          0.261     7.159
[19367].in[3] (.names)                                           0.482     7.642
[19367].out[0] (.names)                                          0.261     7.903
[5489].in[3] (.names)                                            0.332     8.235
[5489].out[0] (.names)                                           0.261     8.496
[5480].D[0] (.latch)                                             0.000     8.496
data arrival time                                                          8.496

clock pclk (rise edge)                                           0.000     0.000
clock source latency                                             0.000     0.000
pclk.inpad[0] (.input)                                           0.000     0.000
[5480].clk[0] (.latch)                                           0.042     0.042
clock uncertainty                                                0.000     0.042
cell setup time                                                 -0.066    -0.024
data required time                                                        -0.024
--------------------------------------------------------------------------------
data required time                                                        -0.024
data arrival time                                                         -8.496
--------------------------------------------------------------------------------
slack (VIOLATED)                                                          -8.520


#Path 16
Startpoint: ppeaki_6_6_.Q[0] (.latch clocked by pclk)
Endpoint  : [10340].D[0] (.latch clocked by pclk)
Path Type : setup

Point                                                             Incr      Path
--------------------------------------------------------------------------------
clock pclk (rise edge)                                           0.000     0.000
clock source latency                                             0.000     0.000
pclk.inpad[0] (.input)                                           0.000     0.000
ppeaki_6_6_.clk[0] (.latch)                                      0.042     0.042
ppeaki_6_6_.Q[0] (.latch) [clock-to-output]                      0.124     0.166
[5541].in[2] (.names)                                            0.352     0.519
[5541].out[0] (.names)                                           0.261     0.780
[17555].in[0] (.names)                                           0.332     1.112
[17555].out[0] (.names)                                          0.261     1.373
[17559].in[5] (.names)                                           0.332     1.706
[17559].out[0] (.names)                                          0.261     1.967
nrq8_2.in[0] (.names)                                            0.472     2.439
nrq8_2.out[0] (.names)                                           0.261     2.700
[5292].in[3] (.names)                                            0.478     3.178
[5292].out[0] (.names)                                           0.261     3.439
[17744].in[1] (.names)                                           0.332     3.771
[17744].out[0] (.names)                                          0.261     4.032
[4442].in[4] (.names)                                            0.481     4.514
[4442].out[0] (.names)                                           0.261     4.775
[5173].in[3] (.names)                                            0.336     5.110
[5173].out[0] (.names)                                           0.261     5.371
[19520].in[4] (.names)                                           0.337     5.708
[19520].out[0] (.names)                                          0.261     5.969
[5162].in[4] (.names)                                            0.332     6.302
[5162].out[0] (.names)                                           0.261     6.563
[19490].in[4] (.names)                                           0.336     6.898
[19490].out[0] (.names)                                          0.261     7.159
[3481].in[4] (.names)                                            0.337     7.496
[3481].out[0] (.names)                                           0.261     7.757
[10349].in[4] (.names)                                           0.332     8.090
[10349].out[0] (.names)                                          0.261     8.351
[10340].D[0] (.latch)                                            0.000     8.351
data arrival time                                                          8.351

clock pclk (rise edge)                                           0.000     0.000
clock source latency                                             0.000     0.000
pclk.inpad[0] (.input)                                           0.000     0.000
[10340].clk[0] (.latch)                                          0.042     0.042
clock uncertainty                                                0.000     0.042
cell setup time                                                 -0.066    -0.024
data required time                                                        -0.024
--------------------------------------------------------------------------------
data required time                                                        -0.024
data arrival time                                                         -8.351
--------------------------------------------------------------------------------
slack (VIOLATED)                                                          -8.374


#Path 17
Startpoint: ppeaki_6_6_.Q[0] (.latch clocked by pclk)
Endpoint  : [11180].D[0] (.latch clocked by pclk)
Path Type : setup

Point                                                             Incr      Path
--------------------------------------------------------------------------------
clock pclk (rise edge)                                           0.000     0.000
clock source latency                                             0.000     0.000
pclk.inpad[0] (.input)                                           0.000     0.000
ppeaki_6_6_.clk[0] (.latch)                                      0.042     0.042
ppeaki_6_6_.Q[0] (.latch) [clock-to-output]                      0.124     0.166
[5541].in[2] (.names)                                            0.352     0.519
[5541].out[0] (.names)                                           0.261     0.780
[17555].in[0] (.names)                                           0.332     1.112
[17555].out[0] (.names)                                          0.261     1.373
[17559].in[5] (.names)                                           0.332     1.706
[17559].out[0] (.names)                                          0.261     1.967
nrq8_2.in[0] (.names)                                            0.472     2.439
nrq8_2.out[0] (.names)                                           0.261     2.700
[5292].in[3] (.names)                                            0.478     3.178
[5292].out[0] (.names)                                           0.261     3.439
[17744].in[1] (.names)                                           0.332     3.771
[17744].out[0] (.names)                                          0.261     4.032
[4442].in[4] (.names)                                            0.481     4.514
[4442].out[0] (.names)                                           0.261     4.775
[5173].in[3] (.names)                                            0.336     5.110
[5173].out[0] (.names)                                           0.261     5.371
[19520].in[4] (.names)                                           0.337     5.708
[19520].out[0] (.names)                                          0.261     5.969
[5162].in[4] (.names)                                            0.332     6.302
[5162].out[0] (.names)                                           0.261     6.563
[19490].in[4] (.names)                                           0.336     6.898
[19490].out[0] (.names)                                          0.261     7.159
[19474].in[3] (.names)                                           0.482     7.642
[19474].out[0] (.names)                                          0.261     7.903
[11189].in[3] (.names)                                           0.100     8.003
[11189].out[0] (.names)                                          0.261     8.264
[11180].D[0] (.latch)                                            0.000     8.264
data arrival time                                                          8.264

clock pclk (rise edge)                                           0.000     0.000
clock source latency                                             0.000     0.000
pclk.inpad[0] (.input)                                           0.000     0.000
[11180].clk[0] (.latch)                                          0.042     0.042
clock uncertainty                                                0.000     0.042
cell setup time                                                 -0.066    -0.024
data required time                                                        -0.024
--------------------------------------------------------------------------------
data required time                                                        -0.024
data arrival time                                                         -8.264
--------------------------------------------------------------------------------
slack (VIOLATED)                                                          -8.287


#Path 18
Startpoint: ppeaki_6_6_.Q[0] (.latch clocked by pclk)
Endpoint  : [12365].D[0] (.latch clocked by pclk)
Path Type : setup

Point                                                             Incr      Path
--------------------------------------------------------------------------------
clock pclk (rise edge)                                           0.000     0.000
clock source latency                                             0.000     0.000
pclk.inpad[0] (.input)                                           0.000     0.000
ppeaki_6_6_.clk[0] (.latch)                                      0.042     0.042
ppeaki_6_6_.Q[0] (.latch) [clock-to-output]                      0.124     0.166
[5541].in[2] (.names)                                            0.352     0.519
[5541].out[0] (.names)                                           0.261     0.780
[17555].in[0] (.names)                                           0.332     1.112
[17555].out[0] (.names)                                          0.261     1.373
[17559].in[5] (.names)                                           0.332     1.706
[17559].out[0] (.names)                                          0.261     1.967
nrq8_2.in[0] (.names)                                            0.472     2.439
nrq8_2.out[0] (.names)                                           0.261     2.700
[5292].in[3] (.names)                                            0.478     3.178
[5292].out[0] (.names)                                           0.261     3.439
[17744].in[1] (.names)                                           0.332     3.771
[17744].out[0] (.names)                                          0.261     4.032
[4442].in[4] (.names)                                            0.481     4.514
[4442].out[0] (.names)                                           0.261     4.775
[5173].in[3] (.names)                                            0.336     5.110
[5173].out[0] (.names)                                           0.261     5.371
[19520].in[4] (.names)                                           0.337     5.708
[19520].out[0] (.names)                                          0.261     5.969
[5162].in[4] (.names)                                            0.332     6.302
[5162].out[0] (.names)                                           0.261     6.563
[19490].in[4] (.names)                                           0.336     6.898
[19490].out[0] (.names)                                          0.261     7.159
[19474].in[3] (.names)                                           0.482     7.642
[19474].out[0] (.names)                                          0.261     7.903
[12374].in[3] (.names)                                           0.100     8.003
[12374].out[0] (.names)                                          0.261     8.264
[12365].D[0] (.latch)                                            0.000     8.264
data arrival time                                                          8.264

clock pclk (rise edge)                                           0.000     0.000
clock source latency                                             0.000     0.000
pclk.inpad[0] (.input)                                           0.000     0.000
[12365].clk[0] (.latch)                                          0.042     0.042
clock uncertainty                                                0.000     0.042
cell setup time                                                 -0.066    -0.024
data required time                                                        -0.024
--------------------------------------------------------------------------------
data required time                                                        -0.024
data arrival time                                                         -8.264
--------------------------------------------------------------------------------
slack (VIOLATED)                                                          -8.287


#Path 19
Startpoint: ppeaki_6_6_.Q[0] (.latch clocked by pclk)
Endpoint  : [13730].D[0] (.latch clocked by pclk)
Path Type : setup

Point                                                             Incr      Path
--------------------------------------------------------------------------------
clock pclk (rise edge)                                           0.000     0.000
clock source latency                                             0.000     0.000
pclk.inpad[0] (.input)                                           0.000     0.000
ppeaki_6_6_.clk[0] (.latch)                                      0.042     0.042
ppeaki_6_6_.Q[0] (.latch) [clock-to-output]                      0.124     0.166
[5541].in[2] (.names)                                            0.352     0.519
[5541].out[0] (.names)                                           0.261     0.780
[17555].in[0] (.names)                                           0.332     1.112
[17555].out[0] (.names)                                          0.261     1.373
[17559].in[5] (.names)                                           0.332     1.706
[17559].out[0] (.names)                                          0.261     1.967
nrq8_2.in[0] (.names)                                            0.472     2.439
nrq8_2.out[0] (.names)                                           0.261     2.700
[5292].in[3] (.names)                                            0.478     3.178
[5292].out[0] (.names)                                           0.261     3.439
[17744].in[1] (.names)                                           0.332     3.771
[17744].out[0] (.names)                                          0.261     4.032
[4442].in[4] (.names)                                            0.481     4.514
[4442].out[0] (.names)                                           0.261     4.775
[5173].in[3] (.names)                                            0.336     5.110
[5173].out[0] (.names)                                           0.261     5.371
[19520].in[4] (.names)                                           0.337     5.708
[19520].out[0] (.names)                                          0.261     5.969
[5162].in[4] (.names)                                            0.332     6.302
[5162].out[0] (.names)                                           0.261     6.563
[19490].in[4] (.names)                                           0.336     6.898
[19490].out[0] (.names)                                          0.261     7.159
[19474].in[3] (.names)                                           0.482     7.642
[19474].out[0] (.names)                                          0.261     7.903
[13739].in[3] (.names)                                           0.100     8.003
[13739].out[0] (.names)                                          0.261     8.264
[13730].D[0] (.latch)                                            0.000     8.264
data arrival time                                                          8.264

clock pclk (rise edge)                                           0.000     0.000
clock source latency                                             0.000     0.000
pclk.inpad[0] (.input)                                           0.000     0.000
[13730].clk[0] (.latch)                                          0.042     0.042
clock uncertainty                                                0.000     0.042
cell setup time                                                 -0.066    -0.024
data required time                                                        -0.024
--------------------------------------------------------------------------------
data required time                                                        -0.024
data arrival time                                                         -8.264
--------------------------------------------------------------------------------
slack (VIOLATED)                                                          -8.287


#Path 20
Startpoint: ppeaki_6_6_.Q[0] (.latch clocked by pclk)
Endpoint  : [10580].D[0] (.latch clocked by pclk)
Path Type : setup

Point                                                             Incr      Path
--------------------------------------------------------------------------------
clock pclk (rise edge)                                           0.000     0.000
clock source latency                                             0.000     0.000
pclk.inpad[0] (.input)                                           0.000     0.000
ppeaki_6_6_.clk[0] (.latch)                                      0.042     0.042
ppeaki_6_6_.Q[0] (.latch) [clock-to-output]                      0.124     0.166
[5541].in[2] (.names)                                            0.352     0.519
[5541].out[0] (.names)                                           0.261     0.780
[17555].in[0] (.names)                                           0.332     1.112
[17555].out[0] (.names)                                          0.261     1.373
[17559].in[5] (.names)                                           0.332     1.706
[17559].out[0] (.names)                                          0.261     1.967
nrq8_2.in[0] (.names)                                            0.472     2.439
nrq8_2.out[0] (.names)                                           0.261     2.700
[5292].in[3] (.names)                                            0.478     3.178
[5292].out[0] (.names)                                           0.261     3.439
[17744].in[1] (.names)                                           0.332     3.771
[17744].out[0] (.names)                                          0.261     4.032
[4442].in[4] (.names)                                            0.481     4.514
[4442].out[0] (.names)                                           0.261     4.775
[5173].in[3] (.names)                                            0.336     5.110
[5173].out[0] (.names)                                           0.261     5.371
[19520].in[4] (.names)                                           0.337     5.708
[19520].out[0] (.names)                                          0.261     5.969
[5162].in[4] (.names)                                            0.332     6.302
[5162].out[0] (.names)                                           0.261     6.563
[19490].in[4] (.names)                                           0.336     6.898
[19490].out[0] (.names)                                          0.261     7.159
[19474].in[3] (.names)                                           0.482     7.642
[19474].out[0] (.names)                                          0.261     7.903
[10589].in[3] (.names)                                           0.100     8.003
[10589].out[0] (.names)                                          0.261     8.264
[10580].D[0] (.latch)                                            0.000     8.264
data arrival time                                                          8.264

clock pclk (rise edge)                                           0.000     0.000
clock source latency                                             0.000     0.000
pclk.inpad[0] (.input)                                           0.000     0.000
[10580].clk[0] (.latch)                                          0.042     0.042
clock uncertainty                                                0.000     0.042
cell setup time                                                 -0.066    -0.024
data required time                                                        -0.024
--------------------------------------------------------------------------------
data required time                                                        -0.024
data arrival time                                                         -8.264
--------------------------------------------------------------------------------
slack (VIOLATED)                                                          -8.287


#Path 21
Startpoint: ppeaki_6_6_.Q[0] (.latch clocked by pclk)
Endpoint  : [15320].D[0] (.latch clocked by pclk)
Path Type : setup

Point                                                             Incr      Path
--------------------------------------------------------------------------------
clock pclk (rise edge)                                           0.000     0.000
clock source latency                                             0.000     0.000
pclk.inpad[0] (.input)                                           0.000     0.000
ppeaki_6_6_.clk[0] (.latch)                                      0.042     0.042
ppeaki_6_6_.Q[0] (.latch) [clock-to-output]                      0.124     0.166
[5541].in[2] (.names)                                            0.352     0.519
[5541].out[0] (.names)                                           0.261     0.780
[17555].in[0] (.names)                                           0.332     1.112
[17555].out[0] (.names)                                          0.261     1.373
[17559].in[5] (.names)                                           0.332     1.706
[17559].out[0] (.names)                                          0.261     1.967
nrq8_2.in[0] (.names)                                            0.472     2.439
nrq8_2.out[0] (.names)                                           0.261     2.700
[5292].in[3] (.names)                                            0.478     3.178
[5292].out[0] (.names)                                           0.261     3.439
[17744].in[1] (.names)                                           0.332     3.771
[17744].out[0] (.names)                                          0.261     4.032
[4442].in[4] (.names)                                            0.481     4.514
[4442].out[0] (.names)                                           0.261     4.775
[5173].in[3] (.names)                                            0.336     5.110
[5173].out[0] (.names)                                           0.261     5.371
[19520].in[4] (.names)                                           0.337     5.708
[19520].out[0] (.names)                                          0.261     5.969
[5162].in[4] (.names)                                            0.332     6.302
[5162].out[0] (.names)                                           0.261     6.563
[19490].in[4] (.names)                                           0.336     6.898
[19490].out[0] (.names)                                          0.261     7.159
[19474].in[3] (.names)                                           0.482     7.642
[19474].out[0] (.names)                                          0.261     7.903
[15329].in[3] (.names)                                           0.100     8.003
[15329].out[0] (.names)                                          0.261     8.264
[15320].D[0] (.latch)                                            0.000     8.264
data arrival time                                                          8.264

clock pclk (rise edge)                                           0.000     0.000
clock source latency                                             0.000     0.000
pclk.inpad[0] (.input)                                           0.000     0.000
[15320].clk[0] (.latch)                                          0.042     0.042
clock uncertainty                                                0.000     0.042
cell setup time                                                 -0.066    -0.024
data required time                                                        -0.024
--------------------------------------------------------------------------------
data required time                                                        -0.024
data arrival time                                                         -8.264
--------------------------------------------------------------------------------
slack (VIOLATED)                                                          -8.287


#Path 22
Startpoint: ppeaki_6_6_.Q[0] (.latch clocked by pclk)
Endpoint  : [15725].D[0] (.latch clocked by pclk)
Path Type : setup

Point                                                             Incr      Path
--------------------------------------------------------------------------------
clock pclk (rise edge)                                           0.000     0.000
clock source latency                                             0.000     0.000
pclk.inpad[0] (.input)                                           0.000     0.000
ppeaki_6_6_.clk[0] (.latch)                                      0.042     0.042
ppeaki_6_6_.Q[0] (.latch) [clock-to-output]                      0.124     0.166
[5541].in[2] (.names)                                            0.352     0.519
[5541].out[0] (.names)                                           0.261     0.780
[17555].in[0] (.names)                                           0.332     1.112
[17555].out[0] (.names)                                          0.261     1.373
[17559].in[5] (.names)                                           0.332     1.706
[17559].out[0] (.names)                                          0.261     1.967
nrq8_2.in[0] (.names)                                            0.472     2.439
nrq8_2.out[0] (.names)                                           0.261     2.700
[5292].in[3] (.names)                                            0.478     3.178
[5292].out[0] (.names)                                           0.261     3.439
[17744].in[1] (.names)                                           0.332     3.771
[17744].out[0] (.names)                                          0.261     4.032
[4442].in[4] (.names)                                            0.481     4.514
[4442].out[0] (.names)                                           0.261     4.775
[5173].in[3] (.names)                                            0.336     5.110
[5173].out[0] (.names)                                           0.261     5.371
[19520].in[4] (.names)                                           0.337     5.708
[19520].out[0] (.names)                                          0.261     5.969
[5162].in[4] (.names)                                            0.332     6.302
[5162].out[0] (.names)                                           0.261     6.563
[19490].in[4] (.names)                                           0.336     6.898
[19490].out[0] (.names)                                          0.261     7.159
[19474].in[3] (.names)                                           0.482     7.642
[19474].out[0] (.names)                                          0.261     7.903
[15734].in[3] (.names)                                           0.100     8.003
[15734].out[0] (.names)                                          0.261     8.264
[15725].D[0] (.latch)                                            0.000     8.264
data arrival time                                                          8.264

clock pclk (rise edge)                                           0.000     0.000
clock source latency                                             0.000     0.000
pclk.inpad[0] (.input)                                           0.000     0.000
[15725].clk[0] (.latch)                                          0.042     0.042
clock uncertainty                                                0.000     0.042
cell setup time                                                 -0.066    -0.024
data required time                                                        -0.024
--------------------------------------------------------------------------------
data required time                                                        -0.024
data arrival time                                                         -8.264
--------------------------------------------------------------------------------
slack (VIOLATED)                                                          -8.287


#Path 23
Startpoint: ppeaki_6_6_.Q[0] (.latch clocked by pclk)
Endpoint  : [9395].D[0] (.latch clocked by pclk)
Path Type : setup

Point                                                             Incr      Path
--------------------------------------------------------------------------------
clock pclk (rise edge)                                           0.000     0.000
clock source latency                                             0.000     0.000
pclk.inpad[0] (.input)                                           0.000     0.000
ppeaki_6_6_.clk[0] (.latch)                                      0.042     0.042
ppeaki_6_6_.Q[0] (.latch) [clock-to-output]                      0.124     0.166
[5541].in[2] (.names)                                            0.352     0.519
[5541].out[0] (.names)                                           0.261     0.780
[17555].in[0] (.names)                                           0.332     1.112
[17555].out[0] (.names)                                          0.261     1.373
[17559].in[5] (.names)                                           0.332     1.706
[17559].out[0] (.names)                                          0.261     1.967
nrq8_2.in[0] (.names)                                            0.472     2.439
nrq8_2.out[0] (.names)                                           0.261     2.700
[5292].in[3] (.names)                                            0.478     3.178
[5292].out[0] (.names)                                           0.261     3.439
[17744].in[1] (.names)                                           0.332     3.771
[17744].out[0] (.names)                                          0.261     4.032
[4442].in[4] (.names)                                            0.481     4.514
[4442].out[0] (.names)                                           0.261     4.775
[5173].in[3] (.names)                                            0.336     5.110
[5173].out[0] (.names)                                           0.261     5.371
[19520].in[4] (.names)                                           0.337     5.708
[19520].out[0] (.names)                                          0.261     5.969
[5162].in[4] (.names)                                            0.332     6.302
[5162].out[0] (.names)                                           0.261     6.563
[19490].in[4] (.names)                                           0.336     6.898
[19490].out[0] (.names)                                          0.261     7.159
[19474].in[3] (.names)                                           0.482     7.642
[19474].out[0] (.names)                                          0.261     7.903
[9404].in[3] (.names)                                            0.100     8.003
[9404].out[0] (.names)                                           0.261     8.264
[9395].D[0] (.latch)                                             0.000     8.264
data arrival time                                                          8.264

clock pclk (rise edge)                                           0.000     0.000
clock source latency                                             0.000     0.000
pclk.inpad[0] (.input)                                           0.000     0.000
[9395].clk[0] (.latch)                                           0.042     0.042
clock uncertainty                                                0.000     0.042
cell setup time                                                 -0.066    -0.024
data required time                                                        -0.024
--------------------------------------------------------------------------------
data required time                                                        -0.024
data arrival time                                                         -8.264
--------------------------------------------------------------------------------
slack (VIOLATED)                                                          -8.287


#Path 24
Startpoint: ppeaki_6_6_.Q[0] (.latch clocked by pclk)
Endpoint  : [8765].D[0] (.latch clocked by pclk)
Path Type : setup

Point                                                             Incr      Path
--------------------------------------------------------------------------------
clock pclk (rise edge)                                           0.000     0.000
clock source latency                                             0.000     0.000
pclk.inpad[0] (.input)                                           0.000     0.000
ppeaki_6_6_.clk[0] (.latch)                                      0.042     0.042
ppeaki_6_6_.Q[0] (.latch) [clock-to-output]                      0.124     0.166
[5541].in[2] (.names)                                            0.352     0.519
[5541].out[0] (.names)                                           0.261     0.780
[17555].in[0] (.names)                                           0.332     1.112
[17555].out[0] (.names)                                          0.261     1.373
[17559].in[5] (.names)                                           0.332     1.706
[17559].out[0] (.names)                                          0.261     1.967
nrq8_2.in[0] (.names)                                            0.472     2.439
nrq8_2.out[0] (.names)                                           0.261     2.700
[5292].in[3] (.names)                                            0.478     3.178
[5292].out[0] (.names)                                           0.261     3.439
[17744].in[1] (.names)                                           0.332     3.771
[17744].out[0] (.names)                                          0.261     4.032
[4442].in[4] (.names)                                            0.481     4.514
[4442].out[0] (.names)                                           0.261     4.775
[5173].in[3] (.names)                                            0.336     5.110
[5173].out[0] (.names)                                           0.261     5.371
[19520].in[4] (.names)                                           0.337     5.708
[19520].out[0] (.names)                                          0.261     5.969
[5162].in[4] (.names)                                            0.332     6.302
[5162].out[0] (.names)                                           0.261     6.563
[19490].in[4] (.names)                                           0.336     6.898
[19490].out[0] (.names)                                          0.261     7.159
[19474].in[3] (.names)                                           0.482     7.642
[19474].out[0] (.names)                                          0.261     7.903
[8774].in[3] (.names)                                            0.100     8.003
[8774].out[0] (.names)                                           0.261     8.264
[8765].D[0] (.latch)                                             0.000     8.264
data arrival time                                                          8.264

clock pclk (rise edge)                                           0.000     0.000
clock source latency                                             0.000     0.000
pclk.inpad[0] (.input)                                           0.000     0.000
[8765].clk[0] (.latch)                                           0.042     0.042
clock uncertainty                                                0.000     0.042
cell setup time                                                 -0.066    -0.024
data required time                                                        -0.024
--------------------------------------------------------------------------------
data required time                                                        -0.024
data arrival time                                                         -8.264
--------------------------------------------------------------------------------
slack (VIOLATED)                                                          -8.287


#Path 25
Startpoint: ppeaki_6_6_.Q[0] (.latch clocked by pclk)
Endpoint  : [4730].D[0] (.latch clocked by pclk)
Path Type : setup

Point                                                             Incr      Path
--------------------------------------------------------------------------------
clock pclk (rise edge)                                           0.000     0.000
clock source latency                                             0.000     0.000
pclk.inpad[0] (.input)                                           0.000     0.000
ppeaki_6_6_.clk[0] (.latch)                                      0.042     0.042
ppeaki_6_6_.Q[0] (.latch) [clock-to-output]                      0.124     0.166
[5541].in[2] (.names)                                            0.352     0.519
[5541].out[0] (.names)                                           0.261     0.780
[17555].in[0] (.names)                                           0.332     1.112
[17555].out[0] (.names)                                          0.261     1.373
[17559].in[5] (.names)                                           0.332     1.706
[17559].out[0] (.names)                                          0.261     1.967
nrq8_2.in[0] (.names)                                            0.472     2.439
nrq8_2.out[0] (.names)                                           0.261     2.700
[5292].in[3] (.names)                                            0.478     3.178
[5292].out[0] (.names)                                           0.261     3.439
[17744].in[1] (.names)                                           0.332     3.771
[17744].out[0] (.names)                                          0.261     4.032
[4442].in[4] (.names)                                            0.481     4.514
[4442].out[0] (.names)                                           0.261     4.775
[5173].in[3] (.names)                                            0.336     5.110
[5173].out[0] (.names)                                           0.261     5.371
[19520].in[4] (.names)                                           0.337     5.708
[19520].out[0] (.names)                                          0.261     5.969
[5162].in[4] (.names)                                            0.332     6.302
[5162].out[0] (.names)                                           0.261     6.563
[19490].in[4] (.names)                                           0.336     6.898
[19490].out[0] (.names)                                          0.261     7.159
[19474].in[3] (.names)                                           0.482     7.642
[19474].out[0] (.names)                                          0.261     7.903
[4739].in[3] (.names)                                            0.100     8.003
[4739].out[0] (.names)                                           0.261     8.264
[4730].D[0] (.latch)                                             0.000     8.264
data arrival time                                                          8.264

clock pclk (rise edge)                                           0.000     0.000
clock source latency                                             0.000     0.000
pclk.inpad[0] (.input)                                           0.000     0.000
[4730].clk[0] (.latch)                                           0.042     0.042
clock uncertainty                                                0.000     0.042
cell setup time                                                 -0.066    -0.024
data required time                                                        -0.024
--------------------------------------------------------------------------------
data required time                                                        -0.024
data arrival time                                                         -8.264
--------------------------------------------------------------------------------
slack (VIOLATED)                                                          -8.287


#Path 26
Startpoint: ppeaki_6_6_.Q[0] (.latch clocked by pclk)
Endpoint  : [12815].D[0] (.latch clocked by pclk)
Path Type : setup

Point                                                             Incr      Path
--------------------------------------------------------------------------------
clock pclk (rise edge)                                           0.000     0.000
clock source latency                                             0.000     0.000
pclk.inpad[0] (.input)                                           0.000     0.000
ppeaki_6_6_.clk[0] (.latch)                                      0.042     0.042
ppeaki_6_6_.Q[0] (.latch) [clock-to-output]                      0.124     0.166
[5541].in[2] (.names)                                            0.352     0.519
[5541].out[0] (.names)                                           0.261     0.780
[17555].in[0] (.names)                                           0.332     1.112
[17555].out[0] (.names)                                          0.261     1.373
[17559].in[5] (.names)                                           0.332     1.706
[17559].out[0] (.names)                                          0.261     1.967
nrq8_2.in[0] (.names)                                            0.472     2.439
nrq8_2.out[0] (.names)                                           0.261     2.700
[5292].in[3] (.names)                                            0.478     3.178
[5292].out[0] (.names)                                           0.261     3.439
[17744].in[1] (.names)                                           0.332     3.771
[17744].out[0] (.names)                                          0.261     4.032
[4442].in[4] (.names)                                            0.481     4.514
[4442].out[0] (.names)                                           0.261     4.775
[5173].in[3] (.names)                                            0.336     5.110
[5173].out[0] (.names)                                           0.261     5.371
[19520].in[4] (.names)                                           0.337     5.708
[19520].out[0] (.names)                                          0.261     5.969
[5162].in[4] (.names)                                            0.332     6.302
[5162].out[0] (.names)                                           0.261     6.563
[19490].in[4] (.names)                                           0.336     6.898
[19490].out[0] (.names)                                          0.261     7.159
[3140].in[4] (.names)                                            0.337     7.496
[3140].out[0] (.names)                                           0.261     7.757
[12824].in[3] (.names)                                           0.100     7.857
[12824].out[0] (.names)                                          0.261     8.118
[12815].D[0] (.latch)                                            0.000     8.118
data arrival time                                                          8.118

clock pclk (rise edge)                                           0.000     0.000
clock source latency                                             0.000     0.000
pclk.inpad[0] (.input)                                           0.000     0.000
[12815].clk[0] (.latch)                                          0.042     0.042
clock uncertainty                                                0.000     0.042
cell setup time                                                 -0.066    -0.024
data required time                                                        -0.024
--------------------------------------------------------------------------------
data required time                                                        -0.024
data arrival time                                                         -8.118
--------------------------------------------------------------------------------
slack (VIOLATED)                                                          -8.142


#Path 27
Startpoint: ppeaki_6_6_.Q[0] (.latch clocked by pclk)
Endpoint  : [5345].D[0] (.latch clocked by pclk)
Path Type : setup

Point                                                             Incr      Path
--------------------------------------------------------------------------------
clock pclk (rise edge)                                           0.000     0.000
clock source latency                                             0.000     0.000
pclk.inpad[0] (.input)                                           0.000     0.000
ppeaki_6_6_.clk[0] (.latch)                                      0.042     0.042
ppeaki_6_6_.Q[0] (.latch) [clock-to-output]                      0.124     0.166
[5541].in[2] (.names)                                            0.352     0.519
[5541].out[0] (.names)                                           0.261     0.780
[17555].in[0] (.names)                                           0.332     1.112
[17555].out[0] (.names)                                          0.261     1.373
[17559].in[5] (.names)                                           0.332     1.706
[17559].out[0] (.names)                                          0.261     1.967
nrq8_2.in[0] (.names)                                            0.472     2.439
nrq8_2.out[0] (.names)                                           0.261     2.700
[5292].in[3] (.names)                                            0.478     3.178
[5292].out[0] (.names)                                           0.261     3.439
[17744].in[1] (.names)                                           0.332     3.771
[17744].out[0] (.names)                                          0.261     4.032
[4442].in[4] (.names)                                            0.481     4.514
[4442].out[0] (.names)                                           0.261     4.775
[5173].in[3] (.names)                                            0.336     5.110
[5173].out[0] (.names)                                           0.261     5.371
[19520].in[4] (.names)                                           0.337     5.708
[19520].out[0] (.names)                                          0.261     5.969
[5162].in[4] (.names)                                            0.332     6.302
[5162].out[0] (.names)                                           0.261     6.563
[19490].in[4] (.names)                                           0.336     6.898
[19490].out[0] (.names)                                          0.261     7.159
[4697].in[4] (.names)                                            0.337     7.496
[4697].out[0] (.names)                                           0.261     7.757
[5354].in[3] (.names)                                            0.100     7.857
[5354].out[0] (.names)                                           0.261     8.118
[5345].D[0] (.latch)                                             0.000     8.118
data arrival time                                                          8.118

clock pclk (rise edge)                                           0.000     0.000
clock source latency                                             0.000     0.000
pclk.inpad[0] (.input)                                           0.000     0.000
[5345].clk[0] (.latch)                                           0.042     0.042
clock uncertainty                                                0.000     0.042
cell setup time                                                 -0.066    -0.024
data required time                                                        -0.024
--------------------------------------------------------------------------------
data required time                                                        -0.024
data arrival time                                                         -8.118
--------------------------------------------------------------------------------
slack (VIOLATED)                                                          -8.142


#Path 28
Startpoint: ppeaki_6_6_.Q[0] (.latch clocked by pclk)
Endpoint  : [9740].D[0] (.latch clocked by pclk)
Path Type : setup

Point                                                             Incr      Path
--------------------------------------------------------------------------------
clock pclk (rise edge)                                           0.000     0.000
clock source latency                                             0.000     0.000
pclk.inpad[0] (.input)                                           0.000     0.000
ppeaki_6_6_.clk[0] (.latch)                                      0.042     0.042
ppeaki_6_6_.Q[0] (.latch) [clock-to-output]                      0.124     0.166
[5541].in[2] (.names)                                            0.352     0.519
[5541].out[0] (.names)                                           0.261     0.780
[17555].in[0] (.names)                                           0.332     1.112
[17555].out[0] (.names)                                          0.261     1.373
[17559].in[5] (.names)                                           0.332     1.706
[17559].out[0] (.names)                                          0.261     1.967
nrq8_2.in[0] (.names)                                            0.472     2.439
nrq8_2.out[0] (.names)                                           0.261     2.700
[5292].in[3] (.names)                                            0.478     3.178
[5292].out[0] (.names)                                           0.261     3.439
[17744].in[1] (.names)                                           0.332     3.771
[17744].out[0] (.names)                                          0.261     4.032
[4442].in[4] (.names)                                            0.481     4.514
[4442].out[0] (.names)                                           0.261     4.775
[5173].in[3] (.names)                                            0.336     5.110
[5173].out[0] (.names)                                           0.261     5.371
[19520].in[4] (.names)                                           0.337     5.708
[19520].out[0] (.names)                                          0.261     5.969
[5162].in[4] (.names)                                            0.332     6.302
[5162].out[0] (.names)                                           0.261     6.563
[19490].in[4] (.names)                                           0.336     6.898
[19490].out[0] (.names)                                          0.261     7.159
[3557].in[4] (.names)                                            0.337     7.496
[3557].out[0] (.names)                                           0.261     7.757
[9749].in[4] (.names)                                            0.100     7.857
[9749].out[0] (.names)                                           0.261     8.118
[9740].D[0] (.latch)                                             0.000     8.118
data arrival time                                                          8.118

clock pclk (rise edge)                                           0.000     0.000
clock source latency                                             0.000     0.000
pclk.inpad[0] (.input)                                           0.000     0.000
[9740].clk[0] (.latch)                                           0.042     0.042
clock uncertainty                                                0.000     0.042
cell setup time                                                 -0.066    -0.024
data required time                                                        -0.024
--------------------------------------------------------------------------------
data required time                                                        -0.024
data arrival time                                                         -8.118
--------------------------------------------------------------------------------
slack (VIOLATED)                                                          -8.142


#Path 29
Startpoint: ppeaki_6_6_.Q[0] (.latch clocked by pclk)
Endpoint  : [8705].D[0] (.latch clocked by pclk)
Path Type : setup

Point                                                             Incr      Path
--------------------------------------------------------------------------------
clock pclk (rise edge)                                           0.000     0.000
clock source latency                                             0.000     0.000
pclk.inpad[0] (.input)                                           0.000     0.000
ppeaki_6_6_.clk[0] (.latch)                                      0.042     0.042
ppeaki_6_6_.Q[0] (.latch) [clock-to-output]                      0.124     0.166
[5541].in[2] (.names)                                            0.352     0.519
[5541].out[0] (.names)                                           0.261     0.780
[17555].in[0] (.names)                                           0.332     1.112
[17555].out[0] (.names)                                          0.261     1.373
[17559].in[5] (.names)                                           0.332     1.706
[17559].out[0] (.names)                                          0.261     1.967
nrq8_2.in[0] (.names)                                            0.472     2.439
nrq8_2.out[0] (.names)                                           0.261     2.700
[5292].in[3] (.names)                                            0.478     3.178
[5292].out[0] (.names)                                           0.261     3.439
[17744].in[1] (.names)                                           0.332     3.771
[17744].out[0] (.names)                                          0.261     4.032
[4442].in[4] (.names)                                            0.481     4.514
[4442].out[0] (.names)                                           0.261     4.775
[5173].in[3] (.names)                                            0.336     5.110
[5173].out[0] (.names)                                           0.261     5.371
[19520].in[4] (.names)                                           0.337     5.708
[19520].out[0] (.names)                                          0.261     5.969
[5162].in[4] (.names)                                            0.332     6.302
[5162].out[0] (.names)                                           0.261     6.563
[19490].in[4] (.names)                                           0.336     6.898
[19490].out[0] (.names)                                          0.261     7.159
[3735].in[4] (.names)                                            0.337     7.496
[3735].out[0] (.names)                                           0.261     7.757
[8714].in[4] (.names)                                            0.100     7.857
[8714].out[0] (.names)                                           0.261     8.118
[8705].D[0] (.latch)                                             0.000     8.118
data arrival time                                                          8.118

clock pclk (rise edge)                                           0.000     0.000
clock source latency                                             0.000     0.000
pclk.inpad[0] (.input)                                           0.000     0.000
[8705].clk[0] (.latch)                                           0.042     0.042
clock uncertainty                                                0.000     0.042
cell setup time                                                 -0.066    -0.024
data required time                                                        -0.024
--------------------------------------------------------------------------------
data required time                                                        -0.024
data arrival time                                                         -8.118
--------------------------------------------------------------------------------
slack (VIOLATED)                                                          -8.142


#Path 30
Startpoint: ppeaki_6_6_.Q[0] (.latch clocked by pclk)
Endpoint  : [6050].D[0] (.latch clocked by pclk)
Path Type : setup

Point                                                             Incr      Path
--------------------------------------------------------------------------------
clock pclk (rise edge)                                           0.000     0.000
clock source latency                                             0.000     0.000
pclk.inpad[0] (.input)                                           0.000     0.000
ppeaki_6_6_.clk[0] (.latch)                                      0.042     0.042
ppeaki_6_6_.Q[0] (.latch) [clock-to-output]                      0.124     0.166
[5541].in[2] (.names)                                            0.352     0.519
[5541].out[0] (.names)                                           0.261     0.780
[17555].in[0] (.names)                                           0.332     1.112
[17555].out[0] (.names)                                          0.261     1.373
[17559].in[5] (.names)                                           0.332     1.706
[17559].out[0] (.names)                                          0.261     1.967
nrq8_2.in[0] (.names)                                            0.472     2.439
nrq8_2.out[0] (.names)                                           0.261     2.700
[5292].in[3] (.names)                                            0.478     3.178
[5292].out[0] (.names)                                           0.261     3.439
[17744].in[1] (.names)                                           0.332     3.771
[17744].out[0] (.names)                                          0.261     4.032
[4442].in[4] (.names)                                            0.481     4.514
[4442].out[0] (.names)                                           0.261     4.775
[5173].in[3] (.names)                                            0.336     5.110
[5173].out[0] (.names)                                           0.261     5.371
[19520].in[4] (.names)                                           0.337     5.708
[19520].out[0] (.names)                                          0.261     5.969
[5162].in[4] (.names)                                            0.332     6.302
[5162].out[0] (.names)                                           0.261     6.563
[19490].in[4] (.names)                                           0.336     6.898
[19490].out[0] (.names)                                          0.261     7.159
[4494].in[4] (.names)                                            0.313     7.472
[4494].out[0] (.names)                                           0.261     7.733
[6059].in[4] (.names)                                            0.100     7.833
[6059].out[0] (.names)                                           0.261     8.094
[6050].D[0] (.latch)                                             0.000     8.094
data arrival time                                                          8.094

clock pclk (rise edge)                                           0.000     0.000
clock source latency                                             0.000     0.000
pclk.inpad[0] (.input)                                           0.000     0.000
[6050].clk[0] (.latch)                                           0.042     0.042
clock uncertainty                                                0.000     0.042
cell setup time                                                 -0.066    -0.024
data required time                                                        -0.024
--------------------------------------------------------------------------------
data required time                                                        -0.024
data arrival time                                                         -8.094
--------------------------------------------------------------------------------
slack (VIOLATED)                                                          -8.118


#Path 31
Startpoint: ppeaki_6_6_.Q[0] (.latch clocked by pclk)
Endpoint  : [8030].D[0] (.latch clocked by pclk)
Path Type : setup

Point                                                             Incr      Path
--------------------------------------------------------------------------------
clock pclk (rise edge)                                           0.000     0.000
clock source latency                                             0.000     0.000
pclk.inpad[0] (.input)                                           0.000     0.000
ppeaki_6_6_.clk[0] (.latch)                                      0.042     0.042
ppeaki_6_6_.Q[0] (.latch) [clock-to-output]                      0.124     0.166
[5541].in[2] (.names)                                            0.352     0.519
[5541].out[0] (.names)                                           0.261     0.780
[17555].in[0] (.names)                                           0.332     1.112
[17555].out[0] (.names)                                          0.261     1.373
[17559].in[5] (.names)                                           0.332     1.706
[17559].out[0] (.names)                                          0.261     1.967
nrq8_2.in[0] (.names)                                            0.472     2.439
nrq8_2.out[0] (.names)                                           0.261     2.700
[5292].in[3] (.names)                                            0.478     3.178
[5292].out[0] (.names)                                           0.261     3.439
[17744].in[1] (.names)                                           0.332     3.771
[17744].out[0] (.names)                                          0.261     4.032
[4442].in[4] (.names)                                            0.481     4.514
[4442].out[0] (.names)                                           0.261     4.775
[5173].in[3] (.names)                                            0.336     5.110
[5173].out[0] (.names)                                           0.261     5.371
[19520].in[4] (.names)                                           0.337     5.708
[19520].out[0] (.names)                                          0.261     5.969
[5162].in[4] (.names)                                            0.332     6.302
[5162].out[0] (.names)                                           0.261     6.563
[19490].in[4] (.names)                                           0.336     6.898
[19490].out[0] (.names)                                          0.261     7.159
[3858].in[4] (.names)                                            0.313     7.472
[3858].out[0] (.names)                                           0.261     7.733
[8039].in[4] (.names)                                            0.100     7.833
[8039].out[0] (.names)                                           0.261     8.094
[8030].D[0] (.latch)                                             0.000     8.094
data arrival time                                                          8.094

clock pclk (rise edge)                                           0.000     0.000
clock source latency                                             0.000     0.000
pclk.inpad[0] (.input)                                           0.000     0.000
[8030].clk[0] (.latch)                                           0.042     0.042
clock uncertainty                                                0.000     0.042
cell setup time                                                 -0.066    -0.024
data required time                                                        -0.024
--------------------------------------------------------------------------------
data required time                                                        -0.024
data arrival time                                                         -8.094
--------------------------------------------------------------------------------
slack (VIOLATED)                                                          -8.118


#Path 32
Startpoint: ppeaki_6_6_.Q[0] (.latch clocked by pclk)
Endpoint  : [6890].D[0] (.latch clocked by pclk)
Path Type : setup

Point                                                             Incr      Path
--------------------------------------------------------------------------------
clock pclk (rise edge)                                           0.000     0.000
clock source latency                                             0.000     0.000
pclk.inpad[0] (.input)                                           0.000     0.000
ppeaki_6_6_.clk[0] (.latch)                                      0.042     0.042
ppeaki_6_6_.Q[0] (.latch) [clock-to-output]                      0.124     0.166
[5541].in[2] (.names)                                            0.352     0.519
[5541].out[0] (.names)                                           0.261     0.780
[17555].in[0] (.names)                                           0.332     1.112
[17555].out[0] (.names)                                          0.261     1.373
[17559].in[5] (.names)                                           0.332     1.706
[17559].out[0] (.names)                                          0.261     1.967
nrq8_2.in[0] (.names)                                            0.472     2.439
nrq8_2.out[0] (.names)                                           0.261     2.700
[5292].in[3] (.names)                                            0.478     3.178
[5292].out[0] (.names)                                           0.261     3.439
[17744].in[1] (.names)                                           0.332     3.771
[17744].out[0] (.names)                                          0.261     4.032
[4442].in[4] (.names)                                            0.481     4.514
[4442].out[0] (.names)                                           0.261     4.775
[5173].in[3] (.names)                                            0.336     5.110
[5173].out[0] (.names)                                           0.261     5.371
[19520].in[4] (.names)                                           0.337     5.708
[19520].out[0] (.names)                                          0.261     5.969
[5162].in[4] (.names)                                            0.332     6.302
[5162].out[0] (.names)                                           0.261     6.563
[19490].in[4] (.names)                                           0.336     6.898
[19490].out[0] (.names)                                          0.261     7.159
[4065].in[4] (.names)                                            0.313     7.472
[4065].out[0] (.names)                                           0.261     7.733
[6899].in[4] (.names)                                            0.100     7.833
[6899].out[0] (.names)                                           0.261     8.094
[6890].D[0] (.latch)                                             0.000     8.094
data arrival time                                                          8.094

clock pclk (rise edge)                                           0.000     0.000
clock source latency                                             0.000     0.000
pclk.inpad[0] (.input)                                           0.000     0.000
[6890].clk[0] (.latch)                                           0.042     0.042
clock uncertainty                                                0.000     0.042
cell setup time                                                 -0.066    -0.024
data required time                                                        -0.024
--------------------------------------------------------------------------------
data required time                                                        -0.024
data arrival time                                                         -8.094
--------------------------------------------------------------------------------
slack (VIOLATED)                                                          -8.118


#Path 33
Startpoint: ppeaki_6_6_.Q[0] (.latch clocked by pclk)
Endpoint  : [4775].D[0] (.latch clocked by pclk)
Path Type : setup

Point                                                             Incr      Path
--------------------------------------------------------------------------------
clock pclk (rise edge)                                           0.000     0.000
clock source latency                                             0.000     0.000
pclk.inpad[0] (.input)                                           0.000     0.000
ppeaki_6_6_.clk[0] (.latch)                                      0.042     0.042
ppeaki_6_6_.Q[0] (.latch) [clock-to-output]                      0.124     0.166
[5541].in[2] (.names)                                            0.352     0.519
[5541].out[0] (.names)                                           0.261     0.780
[17555].in[0] (.names)                                           0.332     1.112
[17555].out[0] (.names)                                          0.261     1.373
[17559].in[5] (.names)                                           0.332     1.706
[17559].out[0] (.names)                                          0.261     1.967
nrq8_2.in[0] (.names)                                            0.472     2.439
nrq8_2.out[0] (.names)                                           0.261     2.700
[5292].in[3] (.names)                                            0.478     3.178
[5292].out[0] (.names)                                           0.261     3.439
[17744].in[1] (.names)                                           0.332     3.771
[17744].out[0] (.names)                                          0.261     4.032
[4442].in[4] (.names)                                            0.481     4.514
[4442].out[0] (.names)                                           0.261     4.775
[5173].in[3] (.names)                                            0.336     5.110
[5173].out[0] (.names)                                           0.261     5.371
[19520].in[4] (.names)                                           0.337     5.708
[19520].out[0] (.names)                                          0.261     5.969
[5162].in[4] (.names)                                            0.332     6.302
[5162].out[0] (.names)                                           0.261     6.563
[19490].in[4] (.names)                                           0.336     6.898
[19490].out[0] (.names)                                          0.261     7.159
[5063].in[4] (.names)                                            0.313     7.472
[5063].out[0] (.names)                                           0.261     7.733
[4784].in[4] (.names)                                            0.100     7.833
[4784].out[0] (.names)                                           0.261     8.094
[4775].D[0] (.latch)                                             0.000     8.094
data arrival time                                                          8.094

clock pclk (rise edge)                                           0.000     0.000
clock source latency                                             0.000     0.000
pclk.inpad[0] (.input)                                           0.000     0.000
[4775].clk[0] (.latch)                                           0.042     0.042
clock uncertainty                                                0.000     0.042
cell setup time                                                 -0.066    -0.024
data required time                                                        -0.024
--------------------------------------------------------------------------------
data required time                                                        -0.024
data arrival time                                                         -8.094
--------------------------------------------------------------------------------
slack (VIOLATED)                                                          -8.118


#Path 34
Startpoint: ppeaki_6_6_.Q[0] (.latch clocked by pclk)
Endpoint  : [12650].D[0] (.latch clocked by pclk)
Path Type : setup

Point                                                             Incr      Path
--------------------------------------------------------------------------------
clock pclk (rise edge)                                           0.000     0.000
clock source latency                                             0.000     0.000
pclk.inpad[0] (.input)                                           0.000     0.000
ppeaki_6_6_.clk[0] (.latch)                                      0.042     0.042
ppeaki_6_6_.Q[0] (.latch) [clock-to-output]                      0.124     0.166
[5541].in[2] (.names)                                            0.352     0.519
[5541].out[0] (.names)                                           0.261     0.780
[17555].in[0] (.names)                                           0.332     1.112
[17555].out[0] (.names)                                          0.261     1.373
[17559].in[5] (.names)                                           0.332     1.706
[17559].out[0] (.names)                                          0.261     1.967
nen21_5.in[1] (.names)                                           0.337     2.304
nen21_5.out[0] (.names)                                          0.261     2.565
[4222].in[4] (.names)                                            0.337     2.901
[4222].out[0] (.names)                                           0.261     3.162
[17924].in[1] (.names)                                           0.483     3.646
[17924].out[0] (.names)                                          0.261     3.907
[19153].in[4] (.names)                                           0.339     4.246
[19153].out[0] (.names)                                          0.261     4.507
[19157].in[2] (.names)                                           0.336     4.843
[19157].out[0] (.names)                                          0.261     5.104
[19221].in[2] (.names)                                           0.100     5.204
[19221].out[0] (.names)                                          0.261     5.465
[19227].in[2] (.names)                                           0.100     5.565
[19227].out[0] (.names)                                          0.261     5.826
[19232].in[2] (.names)                                           0.100     5.926
[19232].out[0] (.names)                                          0.261     6.187
[19215].in[2] (.names)                                           0.336     6.522
[19215].out[0] (.names)                                          0.261     6.783
[19068].in[5] (.names)                                           0.100     6.883
[19068].out[0] (.names)                                          0.261     7.144
[12659].in[3] (.names)                                           0.626     7.770
[12659].out[0] (.names)                                          0.261     8.031
[12650].D[0] (.latch)                                            0.000     8.031
data arrival time                                                          8.031

clock pclk (rise edge)                                           0.000     0.000
clock source latency                                             0.000     0.000
pclk.inpad[0] (.input)                                           0.000     0.000
[12650].clk[0] (.latch)                                          0.042     0.042
clock uncertainty                                                0.000     0.042
cell setup time                                                 -0.066    -0.024
data required time                                                        -0.024
--------------------------------------------------------------------------------
data required time                                                        -0.024
data arrival time                                                         -8.031
--------------------------------------------------------------------------------
slack (VIOLATED)                                                          -8.055


#Path 35
Startpoint: ppeaki_6_6_.Q[0] (.latch clocked by pclk)
Endpoint  : [5360].D[0] (.latch clocked by pclk)
Path Type : setup

Point                                                             Incr      Path
--------------------------------------------------------------------------------
clock pclk (rise edge)                                           0.000     0.000
clock source latency                                             0.000     0.000
pclk.inpad[0] (.input)                                           0.000     0.000
ppeaki_6_6_.clk[0] (.latch)                                      0.042     0.042
ppeaki_6_6_.Q[0] (.latch) [clock-to-output]                      0.124     0.166
[5541].in[2] (.names)                                            0.352     0.519
[5541].out[0] (.names)                                           0.261     0.780
[17555].in[0] (.names)                                           0.332     1.112
[17555].out[0] (.names)                                          0.261     1.373
[17559].in[5] (.names)                                           0.332     1.706
[17559].out[0] (.names)                                          0.261     1.967
nrq8_2.in[0] (.names)                                            0.472     2.439
nrq8_2.out[0] (.names)                                           0.261     2.700
[5292].in[3] (.names)                                            0.478     3.178
[5292].out[0] (.names)                                           0.261     3.439
[17744].in[1] (.names)                                           0.332     3.771
[17744].out[0] (.names)                                          0.261     4.032
[4442].in[4] (.names)                                            0.481     4.514
[4442].out[0] (.names)                                           0.261     4.775
[5173].in[3] (.names)                                            0.336     5.110
[5173].out[0] (.names)                                           0.261     5.371
[19520].in[4] (.names)                                           0.337     5.708
[19520].out[0] (.names)                                          0.261     5.969
[5162].in[4] (.names)                                            0.332     6.302
[5162].out[0] (.names)                                           0.261     6.563
[19490].in[4] (.names)                                           0.336     6.898
[19490].out[0] (.names)                                          0.261     7.159
[5369].in[3] (.names)                                            0.479     7.638
[5369].out[0] (.names)                                           0.261     7.899
[5360].D[0] (.latch)                                             0.000     7.899
data arrival time                                                          7.899

clock pclk (rise edge)                                           0.000     0.000
clock source latency                                             0.000     0.000
pclk.inpad[0] (.input)                                           0.000     0.000
[5360].clk[0] (.latch)                                           0.042     0.042
clock uncertainty                                                0.000     0.042
cell setup time                                                 -0.066    -0.024
data required time                                                        -0.024
--------------------------------------------------------------------------------
data required time                                                        -0.024
data arrival time                                                         -7.899
--------------------------------------------------------------------------------
slack (VIOLATED)                                                          -7.923


#Path 36
Startpoint: ppeaki_6_6_.Q[0] (.latch clocked by pclk)
Endpoint  : [14120].D[0] (.latch clocked by pclk)
Path Type : setup

Point                                                             Incr      Path
--------------------------------------------------------------------------------
clock pclk (rise edge)                                           0.000     0.000
clock source latency                                             0.000     0.000
pclk.inpad[0] (.input)                                           0.000     0.000
ppeaki_6_6_.clk[0] (.latch)                                      0.042     0.042
ppeaki_6_6_.Q[0] (.latch) [clock-to-output]                      0.124     0.166
[5541].in[2] (.names)                                            0.352     0.519
[5541].out[0] (.names)                                           0.261     0.780
[17555].in[0] (.names)                                           0.332     1.112
[17555].out[0] (.names)                                          0.261     1.373
[17559].in[5] (.names)                                           0.332     1.706
[17559].out[0] (.names)                                          0.261     1.967
nrq8_2.in[0] (.names)                                            0.472     2.439
nrq8_2.out[0] (.names)                                           0.261     2.700
[5292].in[3] (.names)                                            0.478     3.178
[5292].out[0] (.names)                                           0.261     3.439
[17744].in[1] (.names)                                           0.332     3.771
[17744].out[0] (.names)                                          0.261     4.032
[4442].in[4] (.names)                                            0.481     4.514
[4442].out[0] (.names)                                           0.261     4.775
[5173].in[3] (.names)                                            0.336     5.110
[5173].out[0] (.names)                                           0.261     5.371
[19520].in[4] (.names)                                           0.337     5.708
[19520].out[0] (.names)                                          0.261     5.969
[5162].in[4] (.names)                                            0.332     6.302
[5162].out[0] (.names)                                           0.261     6.563
[19490].in[4] (.names)                                           0.336     6.898
[19490].out[0] (.names)                                          0.261     7.159
[14129].in[3] (.names)                                           0.479     7.638
[14129].out[0] (.names)                                          0.261     7.899
[14120].D[0] (.latch)                                            0.000     7.899
data arrival time                                                          7.899

clock pclk (rise edge)                                           0.000     0.000
clock source latency                                             0.000     0.000
pclk.inpad[0] (.input)                                           0.000     0.000
[14120].clk[0] (.latch)                                          0.042     0.042
clock uncertainty                                                0.000     0.042
cell setup time                                                 -0.066    -0.024
data required time                                                        -0.024
--------------------------------------------------------------------------------
data required time                                                        -0.024
data arrival time                                                         -7.899
--------------------------------------------------------------------------------
slack (VIOLATED)                                                          -7.923


#Path 37
Startpoint: ppeaki_6_6_.Q[0] (.latch clocked by pclk)
Endpoint  : [10070].D[0] (.latch clocked by pclk)
Path Type : setup

Point                                                             Incr      Path
--------------------------------------------------------------------------------
clock pclk (rise edge)                                           0.000     0.000
clock source latency                                             0.000     0.000
pclk.inpad[0] (.input)                                           0.000     0.000
ppeaki_6_6_.clk[0] (.latch)                                      0.042     0.042
ppeaki_6_6_.Q[0] (.latch) [clock-to-output]                      0.124     0.166
[5541].in[2] (.names)                                            0.352     0.519
[5541].out[0] (.names)                                           0.261     0.780
[17555].in[0] (.names)                                           0.332     1.112
[17555].out[0] (.names)                                          0.261     1.373
[17559].in[5] (.names)                                           0.332     1.706
[17559].out[0] (.names)                                          0.261     1.967
nen21_5.in[1] (.names)                                           0.337     2.304
nen21_5.out[0] (.names)                                          0.261     2.565
[4222].in[4] (.names)                                            0.337     2.901
[4222].out[0] (.names)                                           0.261     3.162
[17924].in[1] (.names)                                           0.483     3.646
[17924].out[0] (.names)                                          0.261     3.907
[19153].in[4] (.names)                                           0.339     4.246
[19153].out[0] (.names)                                          0.261     4.507
[19157].in[2] (.names)                                           0.336     4.843
[19157].out[0] (.names)                                          0.261     5.104
[19221].in[2] (.names)                                           0.100     5.204
[19221].out[0] (.names)                                          0.261     5.465
[19227].in[2] (.names)                                           0.100     5.565
[19227].out[0] (.names)                                          0.261     5.826
[19232].in[2] (.names)                                           0.100     5.926
[19232].out[0] (.names)                                          0.261     6.187
[19215].in[2] (.names)                                           0.336     6.522
[19215].out[0] (.names)                                          0.261     6.783
[19068].in[5] (.names)                                           0.100     6.883
[19068].out[0] (.names)                                          0.261     7.144
[10079].in[4] (.names)                                           0.485     7.629
[10079].out[0] (.names)                                          0.261     7.890
[10070].D[0] (.latch)                                            0.000     7.890
data arrival time                                                          7.890

clock pclk (rise edge)                                           0.000     0.000
clock source latency                                             0.000     0.000
pclk.inpad[0] (.input)                                           0.000     0.000
[10070].clk[0] (.latch)                                          0.042     0.042
clock uncertainty                                                0.000     0.042
cell setup time                                                 -0.066    -0.024
data required time                                                        -0.024
--------------------------------------------------------------------------------
data required time                                                        -0.024
data arrival time                                                         -7.890
--------------------------------------------------------------------------------
slack (VIOLATED)                                                          -7.914


#Path 38
Startpoint: ppeaki_6_6_.Q[0] (.latch clocked by pclk)
Endpoint  : [10730].D[0] (.latch clocked by pclk)
Path Type : setup

Point                                                             Incr      Path
--------------------------------------------------------------------------------
clock pclk (rise edge)                                           0.000     0.000
clock source latency                                             0.000     0.000
pclk.inpad[0] (.input)                                           0.000     0.000
ppeaki_6_6_.clk[0] (.latch)                                      0.042     0.042
ppeaki_6_6_.Q[0] (.latch) [clock-to-output]                      0.124     0.166
[5541].in[2] (.names)                                            0.352     0.519
[5541].out[0] (.names)                                           0.261     0.780
[17555].in[0] (.names)                                           0.332     1.112
[17555].out[0] (.names)                                          0.261     1.373
[17559].in[5] (.names)                                           0.332     1.706
[17559].out[0] (.names)                                          0.261     1.967
nen21_5.in[1] (.names)                                           0.337     2.304
nen21_5.out[0] (.names)                                          0.261     2.565
[4222].in[4] (.names)                                            0.337     2.901
[4222].out[0] (.names)                                           0.261     3.162
[17924].in[1] (.names)                                           0.483     3.646
[17924].out[0] (.names)                                          0.261     3.907
[19153].in[4] (.names)                                           0.339     4.246
[19153].out[0] (.names)                                          0.261     4.507
[19157].in[2] (.names)                                           0.336     4.843
[19157].out[0] (.names)                                          0.261     5.104
[19221].in[2] (.names)                                           0.100     5.204
[19221].out[0] (.names)                                          0.261     5.465
[19227].in[2] (.names)                                           0.100     5.565
[19227].out[0] (.names)                                          0.261     5.826
[19232].in[2] (.names)                                           0.100     5.926
[19232].out[0] (.names)                                          0.261     6.187
[19215].in[2] (.names)                                           0.336     6.522
[19215].out[0] (.names)                                          0.261     6.783
[19068].in[5] (.names)                                           0.100     6.883
[19068].out[0] (.names)                                          0.261     7.144
[10739].in[4] (.names)                                           0.485     7.629
[10739].out[0] (.names)                                          0.261     7.890
[10730].D[0] (.latch)                                            0.000     7.890
data arrival time                                                          7.890

clock pclk (rise edge)                                           0.000     0.000
clock source latency                                             0.000     0.000
pclk.inpad[0] (.input)                                           0.000     0.000
[10730].clk[0] (.latch)                                          0.042     0.042
clock uncertainty                                                0.000     0.042
cell setup time                                                 -0.066    -0.024
data required time                                                        -0.024
--------------------------------------------------------------------------------
data required time                                                        -0.024
data arrival time                                                         -7.890
--------------------------------------------------------------------------------
slack (VIOLATED)                                                          -7.914


#Path 39
Startpoint: ppeaki_6_6_.Q[0] (.latch clocked by pclk)
Endpoint  : [6365].D[0] (.latch clocked by pclk)
Path Type : setup

Point                                                             Incr      Path
--------------------------------------------------------------------------------
clock pclk (rise edge)                                           0.000     0.000
clock source latency                                             0.000     0.000
pclk.inpad[0] (.input)                                           0.000     0.000
ppeaki_6_6_.clk[0] (.latch)                                      0.042     0.042
ppeaki_6_6_.Q[0] (.latch) [clock-to-output]                      0.124     0.166
[5541].in[2] (.names)                                            0.352     0.519
[5541].out[0] (.names)                                           0.261     0.780
[17555].in[0] (.names)                                           0.332     1.112
[17555].out[0] (.names)                                          0.261     1.373
[17559].in[5] (.names)                                           0.332     1.706
[17559].out[0] (.names)                                          0.261     1.967
nen21_5.in[1] (.names)                                           0.337     2.304
nen21_5.out[0] (.names)                                          0.261     2.565
[4222].in[4] (.names)                                            0.337     2.901
[4222].out[0] (.names)                                           0.261     3.162
[17924].in[1] (.names)                                           0.483     3.646
[17924].out[0] (.names)                                          0.261     3.907
[19153].in[4] (.names)                                           0.339     4.246
[19153].out[0] (.names)                                          0.261     4.507
[19157].in[2] (.names)                                           0.336     4.843
[19157].out[0] (.names)                                          0.261     5.104
[19221].in[2] (.names)                                           0.100     5.204
[19221].out[0] (.names)                                          0.261     5.465
[19227].in[2] (.names)                                           0.100     5.565
[19227].out[0] (.names)                                          0.261     5.826
[19232].in[2] (.names)                                           0.100     5.926
[19232].out[0] (.names)                                          0.261     6.187
[19215].in[2] (.names)                                           0.336     6.522
[19215].out[0] (.names)                                          0.261     6.783
[4388].in[3] (.names)                                            0.100     6.883
[4388].out[0] (.names)                                           0.261     7.144
[6374].in[4] (.names)                                            0.485     7.629
[6374].out[0] (.names)                                           0.261     7.890
[6365].D[0] (.latch)                                             0.000     7.890
data arrival time                                                          7.890

clock pclk (rise edge)                                           0.000     0.000
clock source latency                                             0.000     0.000
pclk.inpad[0] (.input)                                           0.000     0.000
[6365].clk[0] (.latch)                                           0.042     0.042
clock uncertainty                                                0.000     0.042
cell setup time                                                 -0.066    -0.024
data required time                                                        -0.024
--------------------------------------------------------------------------------
data required time                                                        -0.024
data arrival time                                                         -7.890
--------------------------------------------------------------------------------
slack (VIOLATED)                                                          -7.914


#Path 40
Startpoint: ppeaki_6_6_.Q[0] (.latch clocked by pclk)
Endpoint  : [14270].D[0] (.latch clocked by pclk)
Path Type : setup

Point                                                             Incr      Path
--------------------------------------------------------------------------------
clock pclk (rise edge)                                           0.000     0.000
clock source latency                                             0.000     0.000
pclk.inpad[0] (.input)                                           0.000     0.000
ppeaki_6_6_.clk[0] (.latch)                                      0.042     0.042
ppeaki_6_6_.Q[0] (.latch) [clock-to-output]                      0.124     0.166
[5541].in[2] (.names)                                            0.352     0.519
[5541].out[0] (.names)                                           0.261     0.780
[17555].in[0] (.names)                                           0.332     1.112
[17555].out[0] (.names)                                          0.261     1.373
[17559].in[5] (.names)                                           0.332     1.706
[17559].out[0] (.names)                                          0.261     1.967
nen21_5.in[1] (.names)                                           0.337     2.304
nen21_5.out[0] (.names)                                          0.261     2.565
[4222].in[4] (.names)                                            0.337     2.901
[4222].out[0] (.names)                                           0.261     3.162
[17924].in[1] (.names)                                           0.483     3.646
[17924].out[0] (.names)                                          0.261     3.907
[19153].in[4] (.names)                                           0.339     4.246
[19153].out[0] (.names)                                          0.261     4.507
[19157].in[2] (.names)                                           0.336     4.843
[19157].out[0] (.names)                                          0.261     5.104
[19221].in[2] (.names)                                           0.100     5.204
[19221].out[0] (.names)                                          0.261     5.465
[19227].in[2] (.names)                                           0.100     5.565
[19227].out[0] (.names)                                          0.261     5.826
[19232].in[2] (.names)                                           0.100     5.926
[19232].out[0] (.names)                                          0.261     6.187
[19215].in[2] (.names)                                           0.336     6.522
[19215].out[0] (.names)                                          0.261     6.783
[19068].in[5] (.names)                                           0.100     6.883
[19068].out[0] (.names)                                          0.261     7.144
[14279].in[3] (.names)                                           0.483     7.628
[14279].out[0] (.names)                                          0.261     7.889
[14270].D[0] (.latch)                                            0.000     7.889
data arrival time                                                          7.889

clock pclk (rise edge)                                           0.000     0.000
clock source latency                                             0.000     0.000
pclk.inpad[0] (.input)                                           0.000     0.000
[14270].clk[0] (.latch)                                          0.042     0.042
clock uncertainty                                                0.000     0.042
cell setup time                                                 -0.066    -0.024
data required time                                                        -0.024
--------------------------------------------------------------------------------
data required time                                                        -0.024
data arrival time                                                         -7.889
--------------------------------------------------------------------------------
slack (VIOLATED)                                                          -7.912


#Path 41
Startpoint: ppeaki_6_6_.Q[0] (.latch clocked by pclk)
Endpoint  : [11675].D[0] (.latch clocked by pclk)
Path Type : setup

Point                                                             Incr      Path
--------------------------------------------------------------------------------
clock pclk (rise edge)                                           0.000     0.000
clock source latency                                             0.000     0.000
pclk.inpad[0] (.input)                                           0.000     0.000
ppeaki_6_6_.clk[0] (.latch)                                      0.042     0.042
ppeaki_6_6_.Q[0] (.latch) [clock-to-output]                      0.124     0.166
[5541].in[2] (.names)                                            0.352     0.519
[5541].out[0] (.names)                                           0.261     0.780
[17555].in[0] (.names)                                           0.332     1.112
[17555].out[0] (.names)                                          0.261     1.373
[17559].in[5] (.names)                                           0.332     1.706
[17559].out[0] (.names)                                          0.261     1.967
nen21_5.in[1] (.names)                                           0.337     2.304
nen21_5.out[0] (.names)                                          0.261     2.565
[4222].in[4] (.names)                                            0.337     2.901
[4222].out[0] (.names)                                           0.261     3.162
[17924].in[1] (.names)                                           0.483     3.646
[17924].out[0] (.names)                                          0.261     3.907
[19153].in[4] (.names)                                           0.339     4.246
[19153].out[0] (.names)                                          0.261     4.507
[19157].in[2] (.names)                                           0.336     4.843
[19157].out[0] (.names)                                          0.261     5.104
[19221].in[2] (.names)                                           0.100     5.204
[19221].out[0] (.names)                                          0.261     5.465
[19227].in[2] (.names)                                           0.100     5.565
[19227].out[0] (.names)                                          0.261     5.826
[19232].in[2] (.names)                                           0.100     5.926
[19232].out[0] (.names)                                          0.261     6.187
[19215].in[2] (.names)                                           0.336     6.522
[19215].out[0] (.names)                                          0.261     6.783
[19068].in[5] (.names)                                           0.100     6.883
[19068].out[0] (.names)                                          0.261     7.144
[11684].in[4] (.names)                                           0.481     7.626
[11684].out[0] (.names)                                          0.261     7.887
[11675].D[0] (.latch)                                            0.000     7.887
data arrival time                                                          7.887

clock pclk (rise edge)                                           0.000     0.000
clock source latency                                             0.000     0.000
pclk.inpad[0] (.input)                                           0.000     0.000
[11675].clk[0] (.latch)                                          0.042     0.042
clock uncertainty                                                0.000     0.042
cell setup time                                                 -0.066    -0.024
data required time                                                        -0.024
--------------------------------------------------------------------------------
data required time                                                        -0.024
data arrival time                                                         -7.887
--------------------------------------------------------------------------------
slack (VIOLATED)                                                          -7.910


#Path 42
Startpoint: ppeaki_6_6_.Q[0] (.latch clocked by pclk)
Endpoint  : [13880].D[0] (.latch clocked by pclk)
Path Type : setup

Point                                                             Incr      Path
--------------------------------------------------------------------------------
clock pclk (rise edge)                                           0.000     0.000
clock source latency                                             0.000     0.000
pclk.inpad[0] (.input)                                           0.000     0.000
ppeaki_6_6_.clk[0] (.latch)                                      0.042     0.042
ppeaki_6_6_.Q[0] (.latch) [clock-to-output]                      0.124     0.166
[5541].in[2] (.names)                                            0.352     0.519
[5541].out[0] (.names)                                           0.261     0.780
[17555].in[0] (.names)                                           0.332     1.112
[17555].out[0] (.names)                                          0.261     1.373
[17559].in[5] (.names)                                           0.332     1.706
[17559].out[0] (.names)                                          0.261     1.967
nen21_5.in[1] (.names)                                           0.337     2.304
nen21_5.out[0] (.names)                                          0.261     2.565
[4222].in[4] (.names)                                            0.337     2.901
[4222].out[0] (.names)                                           0.261     3.162
[17924].in[1] (.names)                                           0.483     3.646
[17924].out[0] (.names)                                          0.261     3.907
[19153].in[4] (.names)                                           0.339     4.246
[19153].out[0] (.names)                                          0.261     4.507
[19157].in[2] (.names)                                           0.336     4.843
[19157].out[0] (.names)                                          0.261     5.104
[19221].in[2] (.names)                                           0.100     5.204
[19221].out[0] (.names)                                          0.261     5.465
[19227].in[2] (.names)                                           0.100     5.565
[19227].out[0] (.names)                                          0.261     5.826
[19232].in[2] (.names)                                           0.100     5.926
[19232].out[0] (.names)                                          0.261     6.187
[19215].in[2] (.names)                                           0.336     6.522
[19215].out[0] (.names)                                          0.261     6.783
[4388].in[3] (.names)                                            0.100     6.883
[4388].out[0] (.names)                                           0.261     7.144
[13889].in[4] (.names)                                           0.478     7.622
[13889].out[0] (.names)                                          0.261     7.883
[13880].D[0] (.latch)                                            0.000     7.883
data arrival time                                                          7.883

clock pclk (rise edge)                                           0.000     0.000
clock source latency                                             0.000     0.000
pclk.inpad[0] (.input)                                           0.000     0.000
[13880].clk[0] (.latch)                                          0.042     0.042
clock uncertainty                                                0.000     0.042
cell setup time                                                 -0.066    -0.024
data required time                                                        -0.024
--------------------------------------------------------------------------------
data required time                                                        -0.024
data arrival time                                                         -7.883
--------------------------------------------------------------------------------
slack (VIOLATED)                                                          -7.907


#Path 43
Startpoint: ppeaki_6_6_.Q[0] (.latch clocked by pclk)
Endpoint  : [10355].D[0] (.latch clocked by pclk)
Path Type : setup

Point                                                             Incr      Path
--------------------------------------------------------------------------------
clock pclk (rise edge)                                           0.000     0.000
clock source latency                                             0.000     0.000
pclk.inpad[0] (.input)                                           0.000     0.000
ppeaki_6_6_.clk[0] (.latch)                                      0.042     0.042
ppeaki_6_6_.Q[0] (.latch) [clock-to-output]                      0.124     0.166
[5541].in[2] (.names)                                            0.352     0.519
[5541].out[0] (.names)                                           0.261     0.780
[17555].in[0] (.names)                                           0.332     1.112
[17555].out[0] (.names)                                          0.261     1.373
[17559].in[5] (.names)                                           0.332     1.706
[17559].out[0] (.names)                                          0.261     1.967
nen21_5.in[1] (.names)                                           0.337     2.304
nen21_5.out[0] (.names)                                          0.261     2.565
[4222].in[4] (.names)                                            0.337     2.901
[4222].out[0] (.names)                                           0.261     3.162
[17924].in[1] (.names)                                           0.483     3.646
[17924].out[0] (.names)                                          0.261     3.907
[19153].in[4] (.names)                                           0.339     4.246
[19153].out[0] (.names)                                          0.261     4.507
[19157].in[2] (.names)                                           0.336     4.843
[19157].out[0] (.names)                                          0.261     5.104
[19221].in[2] (.names)                                           0.100     5.204
[19221].out[0] (.names)                                          0.261     5.465
[19227].in[2] (.names)                                           0.100     5.565
[19227].out[0] (.names)                                          0.261     5.826
[19232].in[2] (.names)                                           0.100     5.926
[19232].out[0] (.names)                                          0.261     6.187
[19215].in[2] (.names)                                           0.336     6.522
[19215].out[0] (.names)                                          0.261     6.783
[4388].in[3] (.names)                                            0.100     6.883
[4388].out[0] (.names)                                           0.261     7.144
[10364].in[4] (.names)                                           0.478     7.622
[10364].out[0] (.names)                                          0.261     7.883
[10355].D[0] (.latch)                                            0.000     7.883
data arrival time                                                          7.883

clock pclk (rise edge)                                           0.000     0.000
clock source latency                                             0.000     0.000
pclk.inpad[0] (.input)                                           0.000     0.000
[10355].clk[0] (.latch)                                          0.042     0.042
clock uncertainty                                                0.000     0.042
cell setup time                                                 -0.066    -0.024
data required time                                                        -0.024
--------------------------------------------------------------------------------
data required time                                                        -0.024
data arrival time                                                         -7.883
--------------------------------------------------------------------------------
slack (VIOLATED)                                                          -7.907


#Path 44
Startpoint: ppeaki_6_6_.Q[0] (.latch clocked by pclk)
Endpoint  : [8090].D[0] (.latch clocked by pclk)
Path Type : setup

Point                                                             Incr      Path
--------------------------------------------------------------------------------
clock pclk (rise edge)                                           0.000     0.000
clock source latency                                             0.000     0.000
pclk.inpad[0] (.input)                                           0.000     0.000
ppeaki_6_6_.clk[0] (.latch)                                      0.042     0.042
ppeaki_6_6_.Q[0] (.latch) [clock-to-output]                      0.124     0.166
[5541].in[2] (.names)                                            0.352     0.519
[5541].out[0] (.names)                                           0.261     0.780
[17555].in[0] (.names)                                           0.332     1.112
[17555].out[0] (.names)                                          0.261     1.373
[17559].in[5] (.names)                                           0.332     1.706
[17559].out[0] (.names)                                          0.261     1.967
nrq8_2.in[0] (.names)                                            0.472     2.439
nrq8_2.out[0] (.names)                                           0.261     2.700
[5292].in[3] (.names)                                            0.478     3.178
[5292].out[0] (.names)                                           0.261     3.439
[17744].in[1] (.names)                                           0.332     3.771
[17744].out[0] (.names)                                          0.261     4.032
[4442].in[4] (.names)                                            0.481     4.514
[4442].out[0] (.names)                                           0.261     4.775
[5173].in[3] (.names)                                            0.336     5.110
[5173].out[0] (.names)                                           0.261     5.371
[19520].in[4] (.names)                                           0.337     5.708
[19520].out[0] (.names)                                          0.261     5.969
[5162].in[4] (.names)                                            0.332     6.302
[5162].out[0] (.names)                                           0.261     6.563
[19490].in[4] (.names)                                           0.336     6.898
[19490].out[0] (.names)                                          0.261     7.159
[3850].in[4] (.names)                                            0.100     7.259
[3850].out[0] (.names)                                           0.261     7.520
[8099].in[3] (.names)                                            0.100     7.620
[8099].out[0] (.names)                                           0.261     7.881
[8090].D[0] (.latch)                                             0.000     7.881
data arrival time                                                          7.881

clock pclk (rise edge)                                           0.000     0.000
clock source latency                                             0.000     0.000
pclk.inpad[0] (.input)                                           0.000     0.000
[8090].clk[0] (.latch)                                           0.042     0.042
clock uncertainty                                                0.000     0.042
cell setup time                                                 -0.066    -0.024
data required time                                                        -0.024
--------------------------------------------------------------------------------
data required time                                                        -0.024
data arrival time                                                         -7.881
--------------------------------------------------------------------------------
slack (VIOLATED)                                                          -7.905


#Path 45
Startpoint: ppeaki_6_6_.Q[0] (.latch clocked by pclk)
Endpoint  : [14990].D[0] (.latch clocked by pclk)
Path Type : setup

Point                                                             Incr      Path
--------------------------------------------------------------------------------
clock pclk (rise edge)                                           0.000     0.000
clock source latency                                             0.000     0.000
pclk.inpad[0] (.input)                                           0.000     0.000
ppeaki_6_6_.clk[0] (.latch)                                      0.042     0.042
ppeaki_6_6_.Q[0] (.latch) [clock-to-output]                      0.124     0.166
[5541].in[2] (.names)                                            0.352     0.519
[5541].out[0] (.names)                                           0.261     0.780
[17555].in[0] (.names)                                           0.332     1.112
[17555].out[0] (.names)                                          0.261     1.373
[17559].in[5] (.names)                                           0.332     1.706
[17559].out[0] (.names)                                          0.261     1.967
nrq8_2.in[0] (.names)                                            0.472     2.439
nrq8_2.out[0] (.names)                                           0.261     2.700
[5292].in[3] (.names)                                            0.478     3.178
[5292].out[0] (.names)                                           0.261     3.439
[17744].in[1] (.names)                                           0.332     3.771
[17744].out[0] (.names)                                          0.261     4.032
[4442].in[4] (.names)                                            0.481     4.514
[4442].out[0] (.names)                                           0.261     4.775
[5173].in[3] (.names)                                            0.336     5.110
[5173].out[0] (.names)                                           0.261     5.371
[19520].in[4] (.names)                                           0.337     5.708
[19520].out[0] (.names)                                          0.261     5.969
[5162].in[4] (.names)                                            0.332     6.302
[5162].out[0] (.names)                                           0.261     6.563
[19490].in[4] (.names)                                           0.336     6.898
[19490].out[0] (.names)                                          0.261     7.159
[2702].in[4] (.names)                                            0.100     7.259
[2702].out[0] (.names)                                           0.261     7.520
[14999].in[3] (.names)                                           0.100     7.620
[14999].out[0] (.names)                                          0.261     7.881
[14990].D[0] (.latch)                                            0.000     7.881
data arrival time                                                          7.881

clock pclk (rise edge)                                           0.000     0.000
clock source latency                                             0.000     0.000
pclk.inpad[0] (.input)                                           0.000     0.000
[14990].clk[0] (.latch)                                          0.042     0.042
clock uncertainty                                                0.000     0.042
cell setup time                                                 -0.066    -0.024
data required time                                                        -0.024
--------------------------------------------------------------------------------
data required time                                                        -0.024
data arrival time                                                         -7.881
--------------------------------------------------------------------------------
slack (VIOLATED)                                                          -7.905


#Path 46
Startpoint: ppeaki_6_6_.Q[0] (.latch clocked by pclk)
Endpoint  : [14540].D[0] (.latch clocked by pclk)
Path Type : setup

Point                                                             Incr      Path
--------------------------------------------------------------------------------
clock pclk (rise edge)                                           0.000     0.000
clock source latency                                             0.000     0.000
pclk.inpad[0] (.input)                                           0.000     0.000
ppeaki_6_6_.clk[0] (.latch)                                      0.042     0.042
ppeaki_6_6_.Q[0] (.latch) [clock-to-output]                      0.124     0.166
[5541].in[2] (.names)                                            0.352     0.519
[5541].out[0] (.names)                                           0.261     0.780
[17555].in[0] (.names)                                           0.332     1.112
[17555].out[0] (.names)                                          0.261     1.373
[17559].in[5] (.names)                                           0.332     1.706
[17559].out[0] (.names)                                          0.261     1.967
nrq8_2.in[0] (.names)                                            0.472     2.439
nrq8_2.out[0] (.names)                                           0.261     2.700
[5292].in[3] (.names)                                            0.478     3.178
[5292].out[0] (.names)                                           0.261     3.439
[17744].in[1] (.names)                                           0.332     3.771
[17744].out[0] (.names)                                          0.261     4.032
[4442].in[4] (.names)                                            0.481     4.514
[4442].out[0] (.names)                                           0.261     4.775
[5173].in[3] (.names)                                            0.336     5.110
[5173].out[0] (.names)                                           0.261     5.371
[19520].in[4] (.names)                                           0.337     5.708
[19520].out[0] (.names)                                          0.261     5.969
[5162].in[4] (.names)                                            0.332     6.302
[5162].out[0] (.names)                                           0.261     6.563
[19490].in[4] (.names)                                           0.336     6.898
[19490].out[0] (.names)                                          0.261     7.159
[2812].in[4] (.names)                                            0.100     7.259
[2812].out[0] (.names)                                           0.261     7.520
[14549].in[3] (.names)                                           0.100     7.620
[14549].out[0] (.names)                                          0.261     7.881
[14540].D[0] (.latch)                                            0.000     7.881
data arrival time                                                          7.881

clock pclk (rise edge)                                           0.000     0.000
clock source latency                                             0.000     0.000
pclk.inpad[0] (.input)                                           0.000     0.000
[14540].clk[0] (.latch)                                          0.042     0.042
clock uncertainty                                                0.000     0.042
cell setup time                                                 -0.066    -0.024
data required time                                                        -0.024
--------------------------------------------------------------------------------
data required time                                                        -0.024
data arrival time                                                         -7.881
--------------------------------------------------------------------------------
slack (VIOLATED)                                                          -7.905


#Path 47
Startpoint: ppeaki_6_6_.Q[0] (.latch clocked by pclk)
Endpoint  : [13775].D[0] (.latch clocked by pclk)
Path Type : setup

Point                                                             Incr      Path
--------------------------------------------------------------------------------
clock pclk (rise edge)                                           0.000     0.000
clock source latency                                             0.000     0.000
pclk.inpad[0] (.input)                                           0.000     0.000
ppeaki_6_6_.clk[0] (.latch)                                      0.042     0.042
ppeaki_6_6_.Q[0] (.latch) [clock-to-output]                      0.124     0.166
[5541].in[2] (.names)                                            0.352     0.519
[5541].out[0] (.names)                                           0.261     0.780
[17555].in[0] (.names)                                           0.332     1.112
[17555].out[0] (.names)                                          0.261     1.373
[17559].in[5] (.names)                                           0.332     1.706
[17559].out[0] (.names)                                          0.261     1.967
nrq8_2.in[0] (.names)                                            0.472     2.439
nrq8_2.out[0] (.names)                                           0.261     2.700
[5292].in[3] (.names)                                            0.478     3.178
[5292].out[0] (.names)                                           0.261     3.439
[17744].in[1] (.names)                                           0.332     3.771
[17744].out[0] (.names)                                          0.261     4.032
[4442].in[4] (.names)                                            0.481     4.514
[4442].out[0] (.names)                                           0.261     4.775
[5173].in[3] (.names)                                            0.336     5.110
[5173].out[0] (.names)                                           0.261     5.371
[19520].in[4] (.names)                                           0.337     5.708
[19520].out[0] (.names)                                          0.261     5.969
[5162].in[4] (.names)                                            0.332     6.302
[5162].out[0] (.names)                                           0.261     6.563
[19490].in[4] (.names)                                           0.336     6.898
[19490].out[0] (.names)                                          0.261     7.159
[13784].in[5] (.names)                                           0.457     7.616
[13784].out[0] (.names)                                          0.261     7.877
[13775].D[0] (.latch)                                            0.000     7.877
data arrival time                                                          7.877

clock pclk (rise edge)                                           0.000     0.000
clock source latency                                             0.000     0.000
pclk.inpad[0] (.input)                                           0.000     0.000
[13775].clk[0] (.latch)                                          0.042     0.042
clock uncertainty                                                0.000     0.042
cell setup time                                                 -0.066    -0.024
data required time                                                        -0.024
--------------------------------------------------------------------------------
data required time                                                        -0.024
data arrival time                                                         -7.877
--------------------------------------------------------------------------------
slack (VIOLATED)                                                          -7.901


#Path 48
Startpoint: ppeaki_6_6_.Q[0] (.latch clocked by pclk)
Endpoint  : [11615].D[0] (.latch clocked by pclk)
Path Type : setup

Point                                                             Incr      Path
--------------------------------------------------------------------------------
clock pclk (rise edge)                                           0.000     0.000
clock source latency                                             0.000     0.000
pclk.inpad[0] (.input)                                           0.000     0.000
ppeaki_6_6_.clk[0] (.latch)                                      0.042     0.042
ppeaki_6_6_.Q[0] (.latch) [clock-to-output]                      0.124     0.166
[5541].in[2] (.names)                                            0.352     0.519
[5541].out[0] (.names)                                           0.261     0.780
[17555].in[0] (.names)                                           0.332     1.112
[17555].out[0] (.names)                                          0.261     1.373
[17559].in[5] (.names)                                           0.332     1.706
[17559].out[0] (.names)                                          0.261     1.967
nrq8_2.in[0] (.names)                                            0.472     2.439
nrq8_2.out[0] (.names)                                           0.261     2.700
[5292].in[3] (.names)                                            0.478     3.178
[5292].out[0] (.names)                                           0.261     3.439
[17744].in[1] (.names)                                           0.332     3.771
[17744].out[0] (.names)                                          0.261     4.032
[4442].in[4] (.names)                                            0.481     4.514
[4442].out[0] (.names)                                           0.261     4.775
[5173].in[3] (.names)                                            0.336     5.110
[5173].out[0] (.names)                                           0.261     5.371
[19520].in[4] (.names)                                           0.337     5.708
[19520].out[0] (.names)                                          0.261     5.969
[5162].in[4] (.names)                                            0.332     6.302
[5162].out[0] (.names)                                           0.261     6.563
[19490].in[4] (.names)                                           0.336     6.898
[19490].out[0] (.names)                                          0.261     7.159
[11624].in[5] (.names)                                           0.457     7.616
[11624].out[0] (.names)                                          0.261     7.877
[11615].D[0] (.latch)                                            0.000     7.877
data arrival time                                                          7.877

clock pclk (rise edge)                                           0.000     0.000
clock source latency                                             0.000     0.000
pclk.inpad[0] (.input)                                           0.000     0.000
[11615].clk[0] (.latch)                                          0.042     0.042
clock uncertainty                                                0.000     0.042
cell setup time                                                 -0.066    -0.024
data required time                                                        -0.024
--------------------------------------------------------------------------------
data required time                                                        -0.024
data arrival time                                                         -7.877
--------------------------------------------------------------------------------
slack (VIOLATED)                                                          -7.901


#Path 49
Startpoint: ppeaki_6_6_.Q[0] (.latch clocked by pclk)
Endpoint  : [7460].D[0] (.latch clocked by pclk)
Path Type : setup

Point                                                             Incr      Path
--------------------------------------------------------------------------------
clock pclk (rise edge)                                           0.000     0.000
clock source latency                                             0.000     0.000
pclk.inpad[0] (.input)                                           0.000     0.000
ppeaki_6_6_.clk[0] (.latch)                                      0.042     0.042
ppeaki_6_6_.Q[0] (.latch) [clock-to-output]                      0.124     0.166
[5541].in[2] (.names)                                            0.352     0.519
[5541].out[0] (.names)                                           0.261     0.780
[17555].in[0] (.names)                                           0.332     1.112
[17555].out[0] (.names)                                          0.261     1.373
[17559].in[5] (.names)                                           0.332     1.706
[17559].out[0] (.names)                                          0.261     1.967
nrq8_2.in[0] (.names)                                            0.472     2.439
nrq8_2.out[0] (.names)                                           0.261     2.700
[5292].in[3] (.names)                                            0.478     3.178
[5292].out[0] (.names)                                           0.261     3.439
[17744].in[1] (.names)                                           0.332     3.771
[17744].out[0] (.names)                                          0.261     4.032
[4442].in[4] (.names)                                            0.481     4.514
[4442].out[0] (.names)                                           0.261     4.775
[5173].in[3] (.names)                                            0.336     5.110
[5173].out[0] (.names)                                           0.261     5.371
[19520].in[4] (.names)                                           0.337     5.708
[19520].out[0] (.names)                                          0.261     5.969
[5162].in[4] (.names)                                            0.332     6.302
[5162].out[0] (.names)                                           0.261     6.563
[19490].in[4] (.names)                                           0.336     6.898
[19490].out[0] (.names)                                          0.261     7.159
[7469].in[5] (.names)                                            0.457     7.616
[7469].out[0] (.names)                                           0.261     7.877
[7460].D[0] (.latch)                                             0.000     7.877
data arrival time                                                          7.877

clock pclk (rise edge)                                           0.000     0.000
clock source latency                                             0.000     0.000
pclk.inpad[0] (.input)                                           0.000     0.000
[7460].clk[0] (.latch)                                           0.042     0.042
clock uncertainty                                                0.000     0.042
cell setup time                                                 -0.066    -0.024
data required time                                                        -0.024
--------------------------------------------------------------------------------
data required time                                                        -0.024
data arrival time                                                         -7.877
--------------------------------------------------------------------------------
slack (VIOLATED)                                                          -7.901


#Path 50
Startpoint: ppeaki_6_6_.Q[0] (.latch clocked by pclk)
Endpoint  : [7430].D[0] (.latch clocked by pclk)
Path Type : setup

Point                                                             Incr      Path
--------------------------------------------------------------------------------
clock pclk (rise edge)                                           0.000     0.000
clock source latency                                             0.000     0.000
pclk.inpad[0] (.input)                                           0.000     0.000
ppeaki_6_6_.clk[0] (.latch)                                      0.042     0.042
ppeaki_6_6_.Q[0] (.latch) [clock-to-output]                      0.124     0.166
[5541].in[2] (.names)                                            0.352     0.519
[5541].out[0] (.names)                                           0.261     0.780
[17555].in[0] (.names)                                           0.332     1.112
[17555].out[0] (.names)                                          0.261     1.373
[17559].in[5] (.names)                                           0.332     1.706
[17559].out[0] (.names)                                          0.261     1.967
nrq8_2.in[0] (.names)                                            0.472     2.439
nrq8_2.out[0] (.names)                                           0.261     2.700
[5292].in[3] (.names)                                            0.478     3.178
[5292].out[0] (.names)                                           0.261     3.439
[17744].in[1] (.names)                                           0.332     3.771
[17744].out[0] (.names)                                          0.261     4.032
[17748].in[3] (.names)                                           0.481     4.514
[17748].out[0] (.names)                                          0.261     4.775
[17751].in[3] (.names)                                           0.337     5.112
[17751].out[0] (.names)                                          0.261     5.373
[17755].in[3] (.names)                                           0.337     5.709
[17755].out[0] (.names)                                          0.261     5.970
[19741].in[5] (.names)                                           0.100     6.070
[19741].out[0] (.names)                                          0.261     6.331
[19395].in[2] (.names)                                           0.629     6.960
[19395].out[0] (.names)                                          0.261     7.221
[7439].in[3] (.names)                                            0.336     7.557
[7439].out[0] (.names)                                           0.261     7.818
[7430].D[0] (.latch)                                             0.000     7.818
data arrival time                                                          7.818

clock pclk (rise edge)                                           0.000     0.000
clock source latency                                             0.000     0.000
pclk.inpad[0] (.input)                                           0.000     0.000
[7430].clk[0] (.latch)                                           0.042     0.042
clock uncertainty                                                0.000     0.042
cell setup time                                                 -0.066    -0.024
data required time                                                        -0.024
--------------------------------------------------------------------------------
data required time                                                        -0.024
data arrival time                                                         -7.818
--------------------------------------------------------------------------------
slack (VIOLATED)                                                          -7.842


#Path 51
Startpoint: ppeaki_6_6_.Q[0] (.latch clocked by pclk)
Endpoint  : [6710].D[0] (.latch clocked by pclk)
Path Type : setup

Point                                                             Incr      Path
--------------------------------------------------------------------------------
clock pclk (rise edge)                                           0.000     0.000
clock source latency                                             0.000     0.000
pclk.inpad[0] (.input)                                           0.000     0.000
ppeaki_6_6_.clk[0] (.latch)                                      0.042     0.042
ppeaki_6_6_.Q[0] (.latch) [clock-to-output]                      0.124     0.166
[5541].in[2] (.names)                                            0.352     0.519
[5541].out[0] (.names)                                           0.261     0.780
[17555].in[0] (.names)                                           0.332     1.112
[17555].out[0] (.names)                                          0.261     1.373
[17559].in[5] (.names)                                           0.332     1.706
[17559].out[0] (.names)                                          0.261     1.967
nrq8_2.in[0] (.names)                                            0.472     2.439
nrq8_2.out[0] (.names)                                           0.261     2.700
[5292].in[3] (.names)                                            0.478     3.178
[5292].out[0] (.names)                                           0.261     3.439
[17744].in[1] (.names)                                           0.332     3.771
[17744].out[0] (.names)                                          0.261     4.032
[17748].in[3] (.names)                                           0.481     4.514
[17748].out[0] (.names)                                          0.261     4.775
[17751].in[3] (.names)                                           0.337     5.112
[17751].out[0] (.names)                                          0.261     5.373
[17755].in[3] (.names)                                           0.337     5.709
[17755].out[0] (.names)                                          0.261     5.970
[19741].in[5] (.names)                                           0.100     6.070
[19741].out[0] (.names)                                          0.261     6.331
[19395].in[2] (.names)                                           0.629     6.960
[19395].out[0] (.names)                                          0.261     7.221
[6719].in[2] (.names)                                            0.336     7.557
[6719].out[0] (.names)                                           0.261     7.818
[6710].D[0] (.latch)                                             0.000     7.818
data arrival time                                                          7.818

clock pclk (rise edge)                                           0.000     0.000
clock source latency                                             0.000     0.000
pclk.inpad[0] (.input)                                           0.000     0.000
[6710].clk[0] (.latch)                                           0.042     0.042
clock uncertainty                                                0.000     0.042
cell setup time                                                 -0.066    -0.024
data required time                                                        -0.024
--------------------------------------------------------------------------------
data required time                                                        -0.024
data arrival time                                                         -7.818
--------------------------------------------------------------------------------
slack (VIOLATED)                                                          -7.842


#Path 52
Startpoint: ppeaki_6_6_.Q[0] (.latch clocked by pclk)
Endpoint  : [5525].D[0] (.latch clocked by pclk)
Path Type : setup

Point                                                             Incr      Path
--------------------------------------------------------------------------------
clock pclk (rise edge)                                           0.000     0.000
clock source latency                                             0.000     0.000
pclk.inpad[0] (.input)                                           0.000     0.000
ppeaki_6_6_.clk[0] (.latch)                                      0.042     0.042
ppeaki_6_6_.Q[0] (.latch) [clock-to-output]                      0.124     0.166
[5541].in[2] (.names)                                            0.352     0.519
[5541].out[0] (.names)                                           0.261     0.780
[17555].in[0] (.names)                                           0.332     1.112
[17555].out[0] (.names)                                          0.261     1.373
[17559].in[5] (.names)                                           0.332     1.706
[17559].out[0] (.names)                                          0.261     1.967
nrq8_2.in[0] (.names)                                            0.472     2.439
nrq8_2.out[0] (.names)                                           0.261     2.700
[5292].in[3] (.names)                                            0.478     3.178
[5292].out[0] (.names)                                           0.261     3.439
[17744].in[1] (.names)                                           0.332     3.771
[17744].out[0] (.names)                                          0.261     4.032
[17748].in[3] (.names)                                           0.481     4.514
[17748].out[0] (.names)                                          0.261     4.775
[17751].in[3] (.names)                                           0.337     5.112
[17751].out[0] (.names)                                          0.261     5.373
[17755].in[3] (.names)                                           0.337     5.709
[17755].out[0] (.names)                                          0.261     5.970
[19741].in[5] (.names)                                           0.100     6.070
[19741].out[0] (.names)                                          0.261     6.331
[19395].in[2] (.names)                                           0.629     6.960
[19395].out[0] (.names)                                          0.261     7.221
[5534].in[3] (.names)                                            0.336     7.557
[5534].out[0] (.names)                                           0.261     7.818
[5525].D[0] (.latch)                                             0.000     7.818
data arrival time                                                          7.818

clock pclk (rise edge)                                           0.000     0.000
clock source latency                                             0.000     0.000
pclk.inpad[0] (.input)                                           0.000     0.000
[5525].clk[0] (.latch)                                           0.042     0.042
clock uncertainty                                                0.000     0.042
cell setup time                                                 -0.066    -0.024
data required time                                                        -0.024
--------------------------------------------------------------------------------
data required time                                                        -0.024
data arrival time                                                         -7.818
--------------------------------------------------------------------------------
slack (VIOLATED)                                                          -7.842


#Path 53
Startpoint: ppeaki_6_6_.Q[0] (.latch clocked by pclk)
Endpoint  : [4640].D[0] (.latch clocked by pclk)
Path Type : setup

Point                                                             Incr      Path
--------------------------------------------------------------------------------
clock pclk (rise edge)                                           0.000     0.000
clock source latency                                             0.000     0.000
pclk.inpad[0] (.input)                                           0.000     0.000
ppeaki_6_6_.clk[0] (.latch)                                      0.042     0.042
ppeaki_6_6_.Q[0] (.latch) [clock-to-output]                      0.124     0.166
[5541].in[2] (.names)                                            0.352     0.519
[5541].out[0] (.names)                                           0.261     0.780
[17555].in[0] (.names)                                           0.332     1.112
[17555].out[0] (.names)                                          0.261     1.373
[17559].in[5] (.names)                                           0.332     1.706
[17559].out[0] (.names)                                          0.261     1.967
nrq8_2.in[0] (.names)                                            0.472     2.439
nrq8_2.out[0] (.names)                                           0.261     2.700
[5292].in[3] (.names)                                            0.478     3.178
[5292].out[0] (.names)                                           0.261     3.439
[17744].in[1] (.names)                                           0.332     3.771
[17744].out[0] (.names)                                          0.261     4.032
[4442].in[4] (.names)                                            0.481     4.514
[4442].out[0] (.names)                                           0.261     4.775
[5173].in[3] (.names)                                            0.336     5.110
[5173].out[0] (.names)                                           0.261     5.371
[19520].in[4] (.names)                                           0.337     5.708
[19520].out[0] (.names)                                          0.261     5.969
[5162].in[4] (.names)                                            0.332     6.302
[5162].out[0] (.names)                                           0.261     6.563
[19490].in[4] (.names)                                           0.336     6.898
[19490].out[0] (.names)                                          0.261     7.159
[4649].in[3] (.names)                                            0.337     7.496
[4649].out[0] (.names)                                           0.261     7.757
[4640].D[0] (.latch)                                             0.000     7.757
data arrival time                                                          7.757

clock pclk (rise edge)                                           0.000     0.000
clock source latency                                             0.000     0.000
pclk.inpad[0] (.input)                                           0.000     0.000
[4640].clk[0] (.latch)                                           0.042     0.042
clock uncertainty                                                0.000     0.042
cell setup time                                                 -0.066    -0.024
data required time                                                        -0.024
--------------------------------------------------------------------------------
data required time                                                        -0.024
data arrival time                                                         -7.757
--------------------------------------------------------------------------------
slack (VIOLATED)                                                          -7.781


#Path 54
Startpoint: ppeaki_6_6_.Q[0] (.latch clocked by pclk)
Endpoint  : [10010].D[0] (.latch clocked by pclk)
Path Type : setup

Point                                                             Incr      Path
--------------------------------------------------------------------------------
clock pclk (rise edge)                                           0.000     0.000
clock source latency                                             0.000     0.000
pclk.inpad[0] (.input)                                           0.000     0.000
ppeaki_6_6_.clk[0] (.latch)                                      0.042     0.042
ppeaki_6_6_.Q[0] (.latch) [clock-to-output]                      0.124     0.166
[5541].in[2] (.names)                                            0.352     0.519
[5541].out[0] (.names)                                           0.261     0.780
[17555].in[0] (.names)                                           0.332     1.112
[17555].out[0] (.names)                                          0.261     1.373
[17559].in[5] (.names)                                           0.332     1.706
[17559].out[0] (.names)                                          0.261     1.967
nrq8_2.in[0] (.names)                                            0.472     2.439
nrq8_2.out[0] (.names)                                           0.261     2.700
[5292].in[3] (.names)                                            0.478     3.178
[5292].out[0] (.names)                                           0.261     3.439
[17744].in[1] (.names)                                           0.332     3.771
[17744].out[0] (.names)                                          0.261     4.032
[4442].in[4] (.names)                                            0.481     4.514
[4442].out[0] (.names)                                           0.261     4.775
[5173].in[3] (.names)                                            0.336     5.110
[5173].out[0] (.names)                                           0.261     5.371
[19520].in[4] (.names)                                           0.337     5.708
[19520].out[0] (.names)                                          0.261     5.969
[5162].in[4] (.names)                                            0.332     6.302
[5162].out[0] (.names)                                           0.261     6.563
[19490].in[4] (.names)                                           0.336     6.898
[19490].out[0] (.names)                                          0.261     7.159
[10019].in[3] (.names)                                           0.337     7.496
[10019].out[0] (.names)                                          0.261     7.757
[10010].D[0] (.latch)                                            0.000     7.757
data arrival time                                                          7.757

clock pclk (rise edge)                                           0.000     0.000
clock source latency                                             0.000     0.000
pclk.inpad[0] (.input)                                           0.000     0.000
[10010].clk[0] (.latch)                                          0.042     0.042
clock uncertainty                                                0.000     0.042
cell setup time                                                 -0.066    -0.024
data required time                                                        -0.024
--------------------------------------------------------------------------------
data required time                                                        -0.024
data arrival time                                                         -7.757
--------------------------------------------------------------------------------
slack (VIOLATED)                                                          -7.781


#Path 55
Startpoint: ppeaki_6_6_.Q[0] (.latch clocked by pclk)
Endpoint  : [15050].D[0] (.latch clocked by pclk)
Path Type : setup

Point                                                             Incr      Path
--------------------------------------------------------------------------------
clock pclk (rise edge)                                           0.000     0.000
clock source latency                                             0.000     0.000
pclk.inpad[0] (.input)                                           0.000     0.000
ppeaki_6_6_.clk[0] (.latch)                                      0.042     0.042
ppeaki_6_6_.Q[0] (.latch) [clock-to-output]                      0.124     0.166
[5541].in[2] (.names)                                            0.352     0.519
[5541].out[0] (.names)                                           0.261     0.780
[17555].in[0] (.names)                                           0.332     1.112
[17555].out[0] (.names)                                          0.261     1.373
[17559].in[5] (.names)                                           0.332     1.706
[17559].out[0] (.names)                                          0.261     1.967
nen21_5.in[1] (.names)                                           0.337     2.304
nen21_5.out[0] (.names)                                          0.261     2.565
[4222].in[4] (.names)                                            0.337     2.901
[4222].out[0] (.names)                                           0.261     3.162
[17924].in[1] (.names)                                           0.483     3.646
[17924].out[0] (.names)                                          0.261     3.907
[19153].in[4] (.names)                                           0.339     4.246
[19153].out[0] (.names)                                          0.261     4.507
[19157].in[2] (.names)                                           0.336     4.843
[19157].out[0] (.names)                                          0.261     5.104
[19221].in[2] (.names)                                           0.100     5.204
[19221].out[0] (.names)                                          0.261     5.465
[19227].in[2] (.names)                                           0.100     5.565
[19227].out[0] (.names)                                          0.261     5.826
[19232].in[2] (.names)                                           0.100     5.926
[19232].out[0] (.names)                                          0.261     6.187
[19215].in[2] (.names)                                           0.336     6.522
[19215].out[0] (.names)                                          0.261     6.783
[4388].in[3] (.names)                                            0.100     6.883
[4388].out[0] (.names)                                           0.261     7.144
[15059].in[4] (.names)                                           0.338     7.482
[15059].out[0] (.names)                                          0.261     7.743
[15050].D[0] (.latch)                                            0.000     7.743
data arrival time                                                          7.743

clock pclk (rise edge)                                           0.000     0.000
clock source latency                                             0.000     0.000
pclk.inpad[0] (.input)                                           0.000     0.000
[15050].clk[0] (.latch)                                          0.042     0.042
clock uncertainty                                                0.000     0.042
cell setup time                                                 -0.066    -0.024
data required time                                                        -0.024
--------------------------------------------------------------------------------
data required time                                                        -0.024
data arrival time                                                         -7.743
--------------------------------------------------------------------------------
slack (VIOLATED)                                                          -7.767


#Path 56
Startpoint: ppeaki_6_6_.Q[0] (.latch clocked by pclk)
Endpoint  : [12425].D[0] (.latch clocked by pclk)
Path Type : setup

Point                                                             Incr      Path
--------------------------------------------------------------------------------
clock pclk (rise edge)                                           0.000     0.000
clock source latency                                             0.000     0.000
pclk.inpad[0] (.input)                                           0.000     0.000
ppeaki_6_6_.clk[0] (.latch)                                      0.042     0.042
ppeaki_6_6_.Q[0] (.latch) [clock-to-output]                      0.124     0.166
[5541].in[2] (.names)                                            0.352     0.519
[5541].out[0] (.names)                                           0.261     0.780
[17555].in[0] (.names)                                           0.332     1.112
[17555].out[0] (.names)                                          0.261     1.373
[17559].in[5] (.names)                                           0.332     1.706
[17559].out[0] (.names)                                          0.261     1.967
nen21_5.in[1] (.names)                                           0.337     2.304
nen21_5.out[0] (.names)                                          0.261     2.565
[4222].in[4] (.names)                                            0.337     2.901
[4222].out[0] (.names)                                           0.261     3.162
[17924].in[1] (.names)                                           0.483     3.646
[17924].out[0] (.names)                                          0.261     3.907
[19153].in[4] (.names)                                           0.339     4.246
[19153].out[0] (.names)                                          0.261     4.507
[19157].in[2] (.names)                                           0.336     4.843
[19157].out[0] (.names)                                          0.261     5.104
[19221].in[2] (.names)                                           0.100     5.204
[19221].out[0] (.names)                                          0.261     5.465
[19227].in[2] (.names)                                           0.100     5.565
[19227].out[0] (.names)                                          0.261     5.826
[19232].in[2] (.names)                                           0.100     5.926
[19232].out[0] (.names)                                          0.261     6.187
[19215].in[2] (.names)                                           0.336     6.522
[19215].out[0] (.names)                                          0.261     6.783
[4388].in[3] (.names)                                            0.100     6.883
[4388].out[0] (.names)                                           0.261     7.144
[12434].in[4] (.names)                                           0.338     7.482
[12434].out[0] (.names)                                          0.261     7.743
[12425].D[0] (.latch)                                            0.000     7.743
data arrival time                                                          7.743

clock pclk (rise edge)                                           0.000     0.000
clock source latency                                             0.000     0.000
pclk.inpad[0] (.input)                                           0.000     0.000
[12425].clk[0] (.latch)                                          0.042     0.042
clock uncertainty                                                0.000     0.042
cell setup time                                                 -0.066    -0.024
data required time                                                        -0.024
--------------------------------------------------------------------------------
data required time                                                        -0.024
data arrival time                                                         -7.743
--------------------------------------------------------------------------------
slack (VIOLATED)                                                          -7.767


#Path 57
Startpoint: ppeaki_6_6_.Q[0] (.latch clocked by pclk)
Endpoint  : [10985].D[0] (.latch clocked by pclk)
Path Type : setup

Point                                                             Incr      Path
--------------------------------------------------------------------------------
clock pclk (rise edge)                                           0.000     0.000
clock source latency                                             0.000     0.000
pclk.inpad[0] (.input)                                           0.000     0.000
ppeaki_6_6_.clk[0] (.latch)                                      0.042     0.042
ppeaki_6_6_.Q[0] (.latch) [clock-to-output]                      0.124     0.166
[5541].in[2] (.names)                                            0.352     0.519
[5541].out[0] (.names)                                           0.261     0.780
[17555].in[0] (.names)                                           0.332     1.112
[17555].out[0] (.names)                                          0.261     1.373
[17559].in[5] (.names)                                           0.332     1.706
[17559].out[0] (.names)                                          0.261     1.967
nen21_5.in[1] (.names)                                           0.337     2.304
nen21_5.out[0] (.names)                                          0.261     2.565
[4222].in[4] (.names)                                            0.337     2.901
[4222].out[0] (.names)                                           0.261     3.162
[17924].in[1] (.names)                                           0.483     3.646
[17924].out[0] (.names)                                          0.261     3.907
[19153].in[4] (.names)                                           0.339     4.246
[19153].out[0] (.names)                                          0.261     4.507
[19157].in[2] (.names)                                           0.336     4.843
[19157].out[0] (.names)                                          0.261     5.104
[19221].in[2] (.names)                                           0.100     5.204
[19221].out[0] (.names)                                          0.261     5.465
[19227].in[2] (.names)                                           0.100     5.565
[19227].out[0] (.names)                                          0.261     5.826
[19232].in[2] (.names)                                           0.100     5.926
[19232].out[0] (.names)                                          0.261     6.187
[19215].in[2] (.names)                                           0.336     6.522
[19215].out[0] (.names)                                          0.261     6.783
[19068].in[5] (.names)                                           0.100     6.883
[19068].out[0] (.names)                                          0.261     7.144
[10994].in[3] (.names)                                           0.338     7.482
[10994].out[0] (.names)                                          0.261     7.743
[10985].D[0] (.latch)                                            0.000     7.743
data arrival time                                                          7.743

clock pclk (rise edge)                                           0.000     0.000
clock source latency                                             0.000     0.000
pclk.inpad[0] (.input)                                           0.000     0.000
[10985].clk[0] (.latch)                                          0.042     0.042
clock uncertainty                                                0.000     0.042
cell setup time                                                 -0.066    -0.024
data required time                                                        -0.024
--------------------------------------------------------------------------------
data required time                                                        -0.024
data arrival time                                                         -7.743
--------------------------------------------------------------------------------
slack (VIOLATED)                                                          -7.767


#Path 58
Startpoint: ppeaki_6_6_.Q[0] (.latch clocked by pclk)
Endpoint  : [15410].D[0] (.latch clocked by pclk)
Path Type : setup

Point                                                             Incr      Path
--------------------------------------------------------------------------------
clock pclk (rise edge)                                           0.000     0.000
clock source latency                                             0.000     0.000
pclk.inpad[0] (.input)                                           0.000     0.000
ppeaki_6_6_.clk[0] (.latch)                                      0.042     0.042
ppeaki_6_6_.Q[0] (.latch) [clock-to-output]                      0.124     0.166
[5541].in[2] (.names)                                            0.352     0.519
[5541].out[0] (.names)                                           0.261     0.780
[17555].in[0] (.names)                                           0.332     1.112
[17555].out[0] (.names)                                          0.261     1.373
[17559].in[5] (.names)                                           0.332     1.706
[17559].out[0] (.names)                                          0.261     1.967
nen21_5.in[1] (.names)                                           0.337     2.304
nen21_5.out[0] (.names)                                          0.261     2.565
[4222].in[4] (.names)                                            0.337     2.901
[4222].out[0] (.names)                                           0.261     3.162
[17924].in[1] (.names)                                           0.483     3.646
[17924].out[0] (.names)                                          0.261     3.907
[19153].in[4] (.names)                                           0.339     4.246
[19153].out[0] (.names)                                          0.261     4.507
[19157].in[2] (.names)                                           0.336     4.843
[19157].out[0] (.names)                                          0.261     5.104
[19221].in[2] (.names)                                           0.100     5.204
[19221].out[0] (.names)                                          0.261     5.465
[19227].in[2] (.names)                                           0.100     5.565
[19227].out[0] (.names)                                          0.261     5.826
[19232].in[2] (.names)                                           0.100     5.926
[19232].out[0] (.names)                                          0.261     6.187
[19215].in[2] (.names)                                           0.336     6.522
[19215].out[0] (.names)                                          0.261     6.783
[19068].in[5] (.names)                                           0.100     6.883
[19068].out[0] (.names)                                          0.261     7.144
[15419].in[4] (.names)                                           0.338     7.482
[15419].out[0] (.names)                                          0.261     7.743
[15410].D[0] (.latch)                                            0.000     7.743
data arrival time                                                          7.743

clock pclk (rise edge)                                           0.000     0.000
clock source latency                                             0.000     0.000
pclk.inpad[0] (.input)                                           0.000     0.000
[15410].clk[0] (.latch)                                          0.042     0.042
clock uncertainty                                                0.000     0.042
cell setup time                                                 -0.066    -0.024
data required time                                                        -0.024
--------------------------------------------------------------------------------
data required time                                                        -0.024
data arrival time                                                         -7.743
--------------------------------------------------------------------------------
slack (VIOLATED)                                                          -7.767


#Path 59
Startpoint: ppeaki_6_6_.Q[0] (.latch clocked by pclk)
Endpoint  : [11450].D[0] (.latch clocked by pclk)
Path Type : setup

Point                                                             Incr      Path
--------------------------------------------------------------------------------
clock pclk (rise edge)                                           0.000     0.000
clock source latency                                             0.000     0.000
pclk.inpad[0] (.input)                                           0.000     0.000
ppeaki_6_6_.clk[0] (.latch)                                      0.042     0.042
ppeaki_6_6_.Q[0] (.latch) [clock-to-output]                      0.124     0.166
[5541].in[2] (.names)                                            0.352     0.519
[5541].out[0] (.names)                                           0.261     0.780
[17555].in[0] (.names)                                           0.332     1.112
[17555].out[0] (.names)                                          0.261     1.373
[17559].in[5] (.names)                                           0.332     1.706
[17559].out[0] (.names)                                          0.261     1.967
nen21_5.in[1] (.names)                                           0.337     2.304
nen21_5.out[0] (.names)                                          0.261     2.565
[4222].in[4] (.names)                                            0.337     2.901
[4222].out[0] (.names)                                           0.261     3.162
[17924].in[1] (.names)                                           0.483     3.646
[17924].out[0] (.names)                                          0.261     3.907
[19153].in[4] (.names)                                           0.339     4.246
[19153].out[0] (.names)                                          0.261     4.507
[19157].in[2] (.names)                                           0.336     4.843
[19157].out[0] (.names)                                          0.261     5.104
[19221].in[2] (.names)                                           0.100     5.204
[19221].out[0] (.names)                                          0.261     5.465
[19227].in[2] (.names)                                           0.100     5.565
[19227].out[0] (.names)                                          0.261     5.826
[19232].in[2] (.names)                                           0.100     5.926
[19232].out[0] (.names)                                          0.261     6.187
[19215].in[2] (.names)                                           0.336     6.522
[19215].out[0] (.names)                                          0.261     6.783
[4388].in[3] (.names)                                            0.100     6.883
[4388].out[0] (.names)                                           0.261     7.144
[11459].in[4] (.names)                                           0.338     7.482
[11459].out[0] (.names)                                          0.261     7.743
[11450].D[0] (.latch)                                            0.000     7.743
data arrival time                                                          7.743

clock pclk (rise edge)                                           0.000     0.000
clock source latency                                             0.000     0.000
pclk.inpad[0] (.input)                                           0.000     0.000
[11450].clk[0] (.latch)                                          0.042     0.042
clock uncertainty                                                0.000     0.042
cell setup time                                                 -0.066    -0.024
data required time                                                        -0.024
--------------------------------------------------------------------------------
data required time                                                        -0.024
data arrival time                                                         -7.743
--------------------------------------------------------------------------------
slack (VIOLATED)                                                          -7.767


#Path 60
Startpoint: ppeaki_6_6_.Q[0] (.latch clocked by pclk)
Endpoint  : [9890].D[0] (.latch clocked by pclk)
Path Type : setup

Point                                                             Incr      Path
--------------------------------------------------------------------------------
clock pclk (rise edge)                                           0.000     0.000
clock source latency                                             0.000     0.000
pclk.inpad[0] (.input)                                           0.000     0.000
ppeaki_6_6_.clk[0] (.latch)                                      0.042     0.042
ppeaki_6_6_.Q[0] (.latch) [clock-to-output]                      0.124     0.166
[5541].in[2] (.names)                                            0.352     0.519
[5541].out[0] (.names)                                           0.261     0.780
[17555].in[0] (.names)                                           0.332     1.112
[17555].out[0] (.names)                                          0.261     1.373
[17559].in[5] (.names)                                           0.332     1.706
[17559].out[0] (.names)                                          0.261     1.967
nen21_5.in[1] (.names)                                           0.337     2.304
nen21_5.out[0] (.names)                                          0.261     2.565
[4222].in[4] (.names)                                            0.337     2.901
[4222].out[0] (.names)                                           0.261     3.162
[17924].in[1] (.names)                                           0.483     3.646
[17924].out[0] (.names)                                          0.261     3.907
[19153].in[4] (.names)                                           0.339     4.246
[19153].out[0] (.names)                                          0.261     4.507
[19157].in[2] (.names)                                           0.336     4.843
[19157].out[0] (.names)                                          0.261     5.104
[19221].in[2] (.names)                                           0.100     5.204
[19221].out[0] (.names)                                          0.261     5.465
[19227].in[2] (.names)                                           0.100     5.565
[19227].out[0] (.names)                                          0.261     5.826
[19232].in[2] (.names)                                           0.100     5.926
[19232].out[0] (.names)                                          0.261     6.187
[19215].in[2] (.names)                                           0.336     6.522
[19215].out[0] (.names)                                          0.261     6.783
[4388].in[3] (.names)                                            0.100     6.883
[4388].out[0] (.names)                                           0.261     7.144
[9899].in[4] (.names)                                            0.338     7.482
[9899].out[0] (.names)                                           0.261     7.743
[9890].D[0] (.latch)                                             0.000     7.743
data arrival time                                                          7.743

clock pclk (rise edge)                                           0.000     0.000
clock source latency                                             0.000     0.000
pclk.inpad[0] (.input)                                           0.000     0.000
[9890].clk[0] (.latch)                                           0.042     0.042
clock uncertainty                                                0.000     0.042
cell setup time                                                 -0.066    -0.024
data required time                                                        -0.024
--------------------------------------------------------------------------------
data required time                                                        -0.024
data arrival time                                                         -7.743
--------------------------------------------------------------------------------
slack (VIOLATED)                                                          -7.767


#Path 61
Startpoint: ppeaki_6_6_.Q[0] (.latch clocked by pclk)
Endpoint  : [8210].D[0] (.latch clocked by pclk)
Path Type : setup

Point                                                             Incr      Path
--------------------------------------------------------------------------------
clock pclk (rise edge)                                           0.000     0.000
clock source latency                                             0.000     0.000
pclk.inpad[0] (.input)                                           0.000     0.000
ppeaki_6_6_.clk[0] (.latch)                                      0.042     0.042
ppeaki_6_6_.Q[0] (.latch) [clock-to-output]                      0.124     0.166
[5541].in[2] (.names)                                            0.352     0.519
[5541].out[0] (.names)                                           0.261     0.780
[17555].in[0] (.names)                                           0.332     1.112
[17555].out[0] (.names)                                          0.261     1.373
[17559].in[5] (.names)                                           0.332     1.706
[17559].out[0] (.names)                                          0.261     1.967
nen21_5.in[1] (.names)                                           0.337     2.304
nen21_5.out[0] (.names)                                          0.261     2.565
[4222].in[4] (.names)                                            0.337     2.901
[4222].out[0] (.names)                                           0.261     3.162
[17924].in[1] (.names)                                           0.483     3.646
[17924].out[0] (.names)                                          0.261     3.907
[19153].in[4] (.names)                                           0.339     4.246
[19153].out[0] (.names)                                          0.261     4.507
[19157].in[2] (.names)                                           0.336     4.843
[19157].out[0] (.names)                                          0.261     5.104
[19221].in[2] (.names)                                           0.100     5.204
[19221].out[0] (.names)                                          0.261     5.465
[19227].in[2] (.names)                                           0.100     5.565
[19227].out[0] (.names)                                          0.261     5.826
[19232].in[2] (.names)                                           0.100     5.926
[19232].out[0] (.names)                                          0.261     6.187
[19215].in[2] (.names)                                           0.336     6.522
[19215].out[0] (.names)                                          0.261     6.783
[4388].in[3] (.names)                                            0.100     6.883
[4388].out[0] (.names)                                           0.261     7.144
[8219].in[4] (.names)                                            0.338     7.482
[8219].out[0] (.names)                                           0.261     7.743
[8210].D[0] (.latch)                                             0.000     7.743
data arrival time                                                          7.743

clock pclk (rise edge)                                           0.000     0.000
clock source latency                                             0.000     0.000
pclk.inpad[0] (.input)                                           0.000     0.000
[8210].clk[0] (.latch)                                           0.042     0.042
clock uncertainty                                                0.000     0.042
cell setup time                                                 -0.066    -0.024
data required time                                                        -0.024
--------------------------------------------------------------------------------
data required time                                                        -0.024
data arrival time                                                         -7.743
--------------------------------------------------------------------------------
slack (VIOLATED)                                                          -7.767


#Path 62
Startpoint: ppeaki_6_6_.Q[0] (.latch clocked by pclk)
Endpoint  : [4880].D[0] (.latch clocked by pclk)
Path Type : setup

Point                                                             Incr      Path
--------------------------------------------------------------------------------
clock pclk (rise edge)                                           0.000     0.000
clock source latency                                             0.000     0.000
pclk.inpad[0] (.input)                                           0.000     0.000
ppeaki_6_6_.clk[0] (.latch)                                      0.042     0.042
ppeaki_6_6_.Q[0] (.latch) [clock-to-output]                      0.124     0.166
[5541].in[2] (.names)                                            0.352     0.519
[5541].out[0] (.names)                                           0.261     0.780
[17555].in[0] (.names)                                           0.332     1.112
[17555].out[0] (.names)                                          0.261     1.373
[17559].in[5] (.names)                                           0.332     1.706
[17559].out[0] (.names)                                          0.261     1.967
nen21_5.in[1] (.names)                                           0.337     2.304
nen21_5.out[0] (.names)                                          0.261     2.565
[4222].in[4] (.names)                                            0.337     2.901
[4222].out[0] (.names)                                           0.261     3.162
[17924].in[1] (.names)                                           0.483     3.646
[17924].out[0] (.names)                                          0.261     3.907
[19153].in[4] (.names)                                           0.339     4.246
[19153].out[0] (.names)                                          0.261     4.507
[19157].in[2] (.names)                                           0.336     4.843
[19157].out[0] (.names)                                          0.261     5.104
[19221].in[2] (.names)                                           0.100     5.204
[19221].out[0] (.names)                                          0.261     5.465
[19227].in[2] (.names)                                           0.100     5.565
[19227].out[0] (.names)                                          0.261     5.826
[19232].in[2] (.names)                                           0.100     5.926
[19232].out[0] (.names)                                          0.261     6.187
[19215].in[2] (.names)                                           0.336     6.522
[19215].out[0] (.names)                                          0.261     6.783
[4388].in[3] (.names)                                            0.100     6.883
[4388].out[0] (.names)                                           0.261     7.144
[4889].in[4] (.names)                                            0.338     7.482
[4889].out[0] (.names)                                           0.261     7.743
[4880].D[0] (.latch)                                             0.000     7.743
data arrival time                                                          7.743

clock pclk (rise edge)                                           0.000     0.000
clock source latency                                             0.000     0.000
pclk.inpad[0] (.input)                                           0.000     0.000
[4880].clk[0] (.latch)                                           0.042     0.042
clock uncertainty                                                0.000     0.042
cell setup time                                                 -0.066    -0.024
data required time                                                        -0.024
--------------------------------------------------------------------------------
data required time                                                        -0.024
data arrival time                                                         -7.743
--------------------------------------------------------------------------------
slack (VIOLATED)                                                          -7.767


#Path 63
Startpoint: ppeaki_6_6_.Q[0] (.latch clocked by pclk)
Endpoint  : [6320].D[0] (.latch clocked by pclk)
Path Type : setup

Point                                                             Incr      Path
--------------------------------------------------------------------------------
clock pclk (rise edge)                                           0.000     0.000
clock source latency                                             0.000     0.000
pclk.inpad[0] (.input)                                           0.000     0.000
ppeaki_6_6_.clk[0] (.latch)                                      0.042     0.042
ppeaki_6_6_.Q[0] (.latch) [clock-to-output]                      0.124     0.166
[5541].in[2] (.names)                                            0.352     0.519
[5541].out[0] (.names)                                           0.261     0.780
[17555].in[0] (.names)                                           0.332     1.112
[17555].out[0] (.names)                                          0.261     1.373
[17559].in[5] (.names)                                           0.332     1.706
[17559].out[0] (.names)                                          0.261     1.967
nen21_5.in[1] (.names)                                           0.337     2.304
nen21_5.out[0] (.names)                                          0.261     2.565
[4222].in[4] (.names)                                            0.337     2.901
[4222].out[0] (.names)                                           0.261     3.162
[17924].in[1] (.names)                                           0.483     3.646
[17924].out[0] (.names)                                          0.261     3.907
[19153].in[4] (.names)                                           0.339     4.246
[19153].out[0] (.names)                                          0.261     4.507
[19157].in[2] (.names)                                           0.336     4.843
[19157].out[0] (.names)                                          0.261     5.104
[19221].in[2] (.names)                                           0.100     5.204
[19221].out[0] (.names)                                          0.261     5.465
[19227].in[2] (.names)                                           0.100     5.565
[19227].out[0] (.names)                                          0.261     5.826
[19232].in[2] (.names)                                           0.100     5.926
[19232].out[0] (.names)                                          0.261     6.187
[19215].in[2] (.names)                                           0.336     6.522
[19215].out[0] (.names)                                          0.261     6.783
[4388].in[3] (.names)                                            0.100     6.883
[4388].out[0] (.names)                                           0.261     7.144
[6329].in[4] (.names)                                            0.338     7.482
[6329].out[0] (.names)                                           0.261     7.743
[6320].D[0] (.latch)                                             0.000     7.743
data arrival time                                                          7.743

clock pclk (rise edge)                                           0.000     0.000
clock source latency                                             0.000     0.000
pclk.inpad[0] (.input)                                           0.000     0.000
[6320].clk[0] (.latch)                                           0.042     0.042
clock uncertainty                                                0.000     0.042
cell setup time                                                 -0.066    -0.024
data required time                                                        -0.024
--------------------------------------------------------------------------------
data required time                                                        -0.024
data arrival time                                                         -7.743
--------------------------------------------------------------------------------
slack (VIOLATED)                                                          -7.767


#Path 64
Startpoint: ppeaki_6_6_.Q[0] (.latch clocked by pclk)
Endpoint  : [4820].D[0] (.latch clocked by pclk)
Path Type : setup

Point                                                             Incr      Path
--------------------------------------------------------------------------------
clock pclk (rise edge)                                           0.000     0.000
clock source latency                                             0.000     0.000
pclk.inpad[0] (.input)                                           0.000     0.000
ppeaki_6_6_.clk[0] (.latch)                                      0.042     0.042
ppeaki_6_6_.Q[0] (.latch) [clock-to-output]                      0.124     0.166
[5541].in[2] (.names)                                            0.352     0.519
[5541].out[0] (.names)                                           0.261     0.780
[17555].in[0] (.names)                                           0.332     1.112
[17555].out[0] (.names)                                          0.261     1.373
[17559].in[5] (.names)                                           0.332     1.706
[17559].out[0] (.names)                                          0.261     1.967
nrq8_2.in[0] (.names)                                            0.472     2.439
nrq8_2.out[0] (.names)                                           0.261     2.700
[5292].in[3] (.names)                                            0.478     3.178
[5292].out[0] (.names)                                           0.261     3.439
[17744].in[1] (.names)                                           0.332     3.771
[17744].out[0] (.names)                                          0.261     4.032
[4442].in[4] (.names)                                            0.481     4.514
[4442].out[0] (.names)                                           0.261     4.775
[5173].in[3] (.names)                                            0.336     5.110
[5173].out[0] (.names)                                           0.261     5.371
[19520].in[4] (.names)                                           0.337     5.708
[19520].out[0] (.names)                                          0.261     5.969
[5162].in[4] (.names)                                            0.332     6.302
[5162].out[0] (.names)                                           0.261     6.563
[19490].in[4] (.names)                                           0.336     6.898
[19490].out[0] (.names)                                          0.261     7.159
[4829].in[3] (.names)                                            0.313     7.472
[4829].out[0] (.names)                                           0.261     7.733
[4820].D[0] (.latch)                                             0.000     7.733
data arrival time                                                          7.733

clock pclk (rise edge)                                           0.000     0.000
clock source latency                                             0.000     0.000
pclk.inpad[0] (.input)                                           0.000     0.000
[4820].clk[0] (.latch)                                           0.042     0.042
clock uncertainty                                                0.000     0.042
cell setup time                                                 -0.066    -0.024
data required time                                                        -0.024
--------------------------------------------------------------------------------
data required time                                                        -0.024
data arrival time                                                         -7.733
--------------------------------------------------------------------------------
slack (VIOLATED)                                                          -7.757


#Path 65
Startpoint: ppeaki_6_6_.Q[0] (.latch clocked by pclk)
Endpoint  : [9365].D[0] (.latch clocked by pclk)
Path Type : setup

Point                                                             Incr      Path
--------------------------------------------------------------------------------
clock pclk (rise edge)                                           0.000     0.000
clock source latency                                             0.000     0.000
pclk.inpad[0] (.input)                                           0.000     0.000
ppeaki_6_6_.clk[0] (.latch)                                      0.042     0.042
ppeaki_6_6_.Q[0] (.latch) [clock-to-output]                      0.124     0.166
[5541].in[2] (.names)                                            0.352     0.519
[5541].out[0] (.names)                                           0.261     0.780
[17555].in[0] (.names)                                           0.332     1.112
[17555].out[0] (.names)                                          0.261     1.373
[17559].in[5] (.names)                                           0.332     1.706
[17559].out[0] (.names)                                          0.261     1.967
nrq8_2.in[0] (.names)                                            0.472     2.439
nrq8_2.out[0] (.names)                                           0.261     2.700
[5292].in[3] (.names)                                            0.478     3.178
[5292].out[0] (.names)                                           0.261     3.439
[17744].in[1] (.names)                                           0.332     3.771
[17744].out[0] (.names)                                          0.261     4.032
[4442].in[4] (.names)                                            0.481     4.514
[4442].out[0] (.names)                                           0.261     4.775
[5173].in[3] (.names)                                            0.336     5.110
[5173].out[0] (.names)                                           0.261     5.371
[19520].in[4] (.names)                                           0.337     5.708
[19520].out[0] (.names)                                          0.261     5.969
[5162].in[4] (.names)                                            0.332     6.302
[5162].out[0] (.names)                                           0.261     6.563
[19490].in[4] (.names)                                           0.336     6.898
[19490].out[0] (.names)                                          0.261     7.159
[9374].in[3] (.names)                                            0.313     7.472
[9374].out[0] (.names)                                           0.261     7.733
[9365].D[0] (.latch)                                             0.000     7.733
data arrival time                                                          7.733

clock pclk (rise edge)                                           0.000     0.000
clock source latency                                             0.000     0.000
pclk.inpad[0] (.input)                                           0.000     0.000
[9365].clk[0] (.latch)                                           0.042     0.042
clock uncertainty                                                0.000     0.042
cell setup time                                                 -0.066    -0.024
data required time                                                        -0.024
--------------------------------------------------------------------------------
data required time                                                        -0.024
data arrival time                                                         -7.733
--------------------------------------------------------------------------------
slack (VIOLATED)                                                          -7.757


#Path 66
Startpoint: ppeaki_6_6_.Q[0] (.latch clocked by pclk)
Endpoint  : [10625].D[0] (.latch clocked by pclk)
Path Type : setup

Point                                                             Incr      Path
--------------------------------------------------------------------------------
clock pclk (rise edge)                                           0.000     0.000
clock source latency                                             0.000     0.000
pclk.inpad[0] (.input)                                           0.000     0.000
ppeaki_6_6_.clk[0] (.latch)                                      0.042     0.042
ppeaki_6_6_.Q[0] (.latch) [clock-to-output]                      0.124     0.166
[5541].in[2] (.names)                                            0.352     0.519
[5541].out[0] (.names)                                           0.261     0.780
[17555].in[0] (.names)                                           0.332     1.112
[17555].out[0] (.names)                                          0.261     1.373
[17559].in[5] (.names)                                           0.332     1.706
[17559].out[0] (.names)                                          0.261     1.967
nrq8_2.in[0] (.names)                                            0.472     2.439
nrq8_2.out[0] (.names)                                           0.261     2.700
[5292].in[3] (.names)                                            0.478     3.178
[5292].out[0] (.names)                                           0.261     3.439
[17744].in[1] (.names)                                           0.332     3.771
[17744].out[0] (.names)                                          0.261     4.032
[4442].in[4] (.names)                                            0.481     4.514
[4442].out[0] (.names)                                           0.261     4.775
[5173].in[3] (.names)                                            0.336     5.110
[5173].out[0] (.names)                                           0.261     5.371
[19520].in[4] (.names)                                           0.337     5.708
[19520].out[0] (.names)                                          0.261     5.969
[5162].in[4] (.names)                                            0.332     6.302
[5162].out[0] (.names)                                           0.261     6.563
[19490].in[4] (.names)                                           0.336     6.898
[19490].out[0] (.names)                                          0.261     7.159
[10634].in[3] (.names)                                           0.313     7.472
[10634].out[0] (.names)                                          0.261     7.733
[10625].D[0] (.latch)                                            0.000     7.733
data arrival time                                                          7.733

clock pclk (rise edge)                                           0.000     0.000
clock source latency                                             0.000     0.000
pclk.inpad[0] (.input)                                           0.000     0.000
[10625].clk[0] (.latch)                                          0.042     0.042
clock uncertainty                                                0.000     0.042
cell setup time                                                 -0.066    -0.024
data required time                                                        -0.024
--------------------------------------------------------------------------------
data required time                                                        -0.024
data arrival time                                                         -7.733
--------------------------------------------------------------------------------
slack (VIOLATED)                                                          -7.757


#Path 67
Startpoint: ppeaki_6_6_.Q[0] (.latch clocked by pclk)
Endpoint  : [8675].D[0] (.latch clocked by pclk)
Path Type : setup

Point                                                             Incr      Path
--------------------------------------------------------------------------------
clock pclk (rise edge)                                           0.000     0.000
clock source latency                                             0.000     0.000
pclk.inpad[0] (.input)                                           0.000     0.000
ppeaki_6_6_.clk[0] (.latch)                                      0.042     0.042
ppeaki_6_6_.Q[0] (.latch) [clock-to-output]                      0.124     0.166
[5541].in[2] (.names)                                            0.352     0.519
[5541].out[0] (.names)                                           0.261     0.780
[17555].in[0] (.names)                                           0.332     1.112
[17555].out[0] (.names)                                          0.261     1.373
[17559].in[5] (.names)                                           0.332     1.706
[17559].out[0] (.names)                                          0.261     1.967
nrq8_2.in[0] (.names)                                            0.472     2.439
nrq8_2.out[0] (.names)                                           0.261     2.700
[5292].in[3] (.names)                                            0.478     3.178
[5292].out[0] (.names)                                           0.261     3.439
[17744].in[1] (.names)                                           0.332     3.771
[17744].out[0] (.names)                                          0.261     4.032
[4442].in[4] (.names)                                            0.481     4.514
[4442].out[0] (.names)                                           0.261     4.775
[5173].in[3] (.names)                                            0.336     5.110
[5173].out[0] (.names)                                           0.261     5.371
[19520].in[4] (.names)                                           0.337     5.708
[19520].out[0] (.names)                                          0.261     5.969
[5162].in[4] (.names)                                            0.332     6.302
[5162].out[0] (.names)                                           0.261     6.563
[19490].in[4] (.names)                                           0.336     6.898
[19490].out[0] (.names)                                          0.261     7.159
[8684].in[3] (.names)                                            0.313     7.472
[8684].out[0] (.names)                                           0.261     7.733
[8675].D[0] (.latch)                                             0.000     7.733
data arrival time                                                          7.733

clock pclk (rise edge)                                           0.000     0.000
clock source latency                                             0.000     0.000
pclk.inpad[0] (.input)                                           0.000     0.000
[8675].clk[0] (.latch)                                           0.042     0.042
clock uncertainty                                                0.000     0.042
cell setup time                                                 -0.066    -0.024
data required time                                                        -0.024
--------------------------------------------------------------------------------
data required time                                                        -0.024
data arrival time                                                         -7.733
--------------------------------------------------------------------------------
slack (VIOLATED)                                                          -7.757


#Path 68
Startpoint: ppeaki_6_6_.Q[0] (.latch clocked by pclk)
Endpoint  : [6860].D[0] (.latch clocked by pclk)
Path Type : setup

Point                                                             Incr      Path
--------------------------------------------------------------------------------
clock pclk (rise edge)                                           0.000     0.000
clock source latency                                             0.000     0.000
pclk.inpad[0] (.input)                                           0.000     0.000
ppeaki_6_6_.clk[0] (.latch)                                      0.042     0.042
ppeaki_6_6_.Q[0] (.latch) [clock-to-output]                      0.124     0.166
[5541].in[2] (.names)                                            0.352     0.519
[5541].out[0] (.names)                                           0.261     0.780
[17555].in[0] (.names)                                           0.332     1.112
[17555].out[0] (.names)                                          0.261     1.373
[17559].in[5] (.names)                                           0.332     1.706
[17559].out[0] (.names)                                          0.261     1.967
nrq8_2.in[0] (.names)                                            0.472     2.439
nrq8_2.out[0] (.names)                                           0.261     2.700
[5292].in[3] (.names)                                            0.478     3.178
[5292].out[0] (.names)                                           0.261     3.439
[17744].in[1] (.names)                                           0.332     3.771
[17744].out[0] (.names)                                          0.261     4.032
[4442].in[4] (.names)                                            0.481     4.514
[4442].out[0] (.names)                                           0.261     4.775
[5173].in[3] (.names)                                            0.336     5.110
[5173].out[0] (.names)                                           0.261     5.371
[19520].in[4] (.names)                                           0.337     5.708
[19520].out[0] (.names)                                          0.261     5.969
[5162].in[4] (.names)                                            0.332     6.302
[5162].out[0] (.names)                                           0.261     6.563
[19490].in[4] (.names)                                           0.336     6.898
[19490].out[0] (.names)                                          0.261     7.159
[6869].in[3] (.names)                                            0.313     7.472
[6869].out[0] (.names)                                           0.261     7.733
[6860].D[0] (.latch)                                             0.000     7.733
data arrival time                                                          7.733

clock pclk (rise edge)                                           0.000     0.000
clock source latency                                             0.000     0.000
pclk.inpad[0] (.input)                                           0.000     0.000
[6860].clk[0] (.latch)                                           0.042     0.042
clock uncertainty                                                0.000     0.042
cell setup time                                                 -0.066    -0.024
data required time                                                        -0.024
--------------------------------------------------------------------------------
data required time                                                        -0.024
data arrival time                                                         -7.733
--------------------------------------------------------------------------------
slack (VIOLATED)                                                          -7.757


#Path 69
Startpoint: ppeaki_6_6_.Q[0] (.latch clocked by pclk)
Endpoint  : [10700].D[0] (.latch clocked by pclk)
Path Type : setup

Point                                                             Incr      Path
--------------------------------------------------------------------------------
clock pclk (rise edge)                                           0.000     0.000
clock source latency                                             0.000     0.000
pclk.inpad[0] (.input)                                           0.000     0.000
ppeaki_6_6_.clk[0] (.latch)                                      0.042     0.042
ppeaki_6_6_.Q[0] (.latch) [clock-to-output]                      0.124     0.166
[5541].in[2] (.names)                                            0.352     0.519
[5541].out[0] (.names)                                           0.261     0.780
[17555].in[0] (.names)                                           0.332     1.112
[17555].out[0] (.names)                                          0.261     1.373
[17559].in[5] (.names)                                           0.332     1.706
[17559].out[0] (.names)                                          0.261     1.967
nen21_5.in[1] (.names)                                           0.337     2.304
nen21_5.out[0] (.names)                                          0.261     2.565
[4222].in[4] (.names)                                            0.337     2.901
[4222].out[0] (.names)                                           0.261     3.162
[17924].in[1] (.names)                                           0.483     3.646
[17924].out[0] (.names)                                          0.261     3.907
[19153].in[4] (.names)                                           0.339     4.246
[19153].out[0] (.names)                                          0.261     4.507
[19157].in[2] (.names)                                           0.336     4.843
[19157].out[0] (.names)                                          0.261     5.104
[19221].in[2] (.names)                                           0.100     5.204
[19221].out[0] (.names)                                          0.261     5.465
[19227].in[2] (.names)                                           0.100     5.565
[19227].out[0] (.names)                                          0.261     5.826
[19232].in[2] (.names)                                           0.100     5.926
[19232].out[0] (.names)                                          0.261     6.187
[19215].in[2] (.names)                                           0.336     6.522
[19215].out[0] (.names)                                          0.261     6.783
[10709].in[4] (.names)                                           0.629     7.412
[10709].out[0] (.names)                                          0.261     7.673
[10700].D[0] (.latch)                                            0.000     7.673
data arrival time                                                          7.673

clock pclk (rise edge)                                           0.000     0.000
clock source latency                                             0.000     0.000
pclk.inpad[0] (.input)                                           0.000     0.000
[10700].clk[0] (.latch)                                          0.042     0.042
clock uncertainty                                                0.000     0.042
cell setup time                                                 -0.066    -0.024
data required time                                                        -0.024
--------------------------------------------------------------------------------
data required time                                                        -0.024
data arrival time                                                         -7.673
--------------------------------------------------------------------------------
slack (VIOLATED)                                                          -7.697


#Path 70
Startpoint: ppeaki_6_6_.Q[0] (.latch clocked by pclk)
Endpoint  : [6830].D[0] (.latch clocked by pclk)
Path Type : setup

Point                                                             Incr      Path
--------------------------------------------------------------------------------
clock pclk (rise edge)                                           0.000     0.000
clock source latency                                             0.000     0.000
pclk.inpad[0] (.input)                                           0.000     0.000
ppeaki_6_6_.clk[0] (.latch)                                      0.042     0.042
ppeaki_6_6_.Q[0] (.latch) [clock-to-output]                      0.124     0.166
[5541].in[2] (.names)                                            0.352     0.519
[5541].out[0] (.names)                                           0.261     0.780
[17555].in[0] (.names)                                           0.332     1.112
[17555].out[0] (.names)                                          0.261     1.373
[17559].in[5] (.names)                                           0.332     1.706
[17559].out[0] (.names)                                          0.261     1.967
nrq8_2.in[0] (.names)                                            0.472     2.439
nrq8_2.out[0] (.names)                                           0.261     2.700
[5292].in[3] (.names)                                            0.478     3.178
[5292].out[0] (.names)                                           0.261     3.439
[17744].in[1] (.names)                                           0.332     3.771
[17744].out[0] (.names)                                          0.261     4.032
[17748].in[3] (.names)                                           0.481     4.514
[17748].out[0] (.names)                                          0.261     4.775
[17751].in[3] (.names)                                           0.337     5.112
[17751].out[0] (.names)                                          0.261     5.373
[17755].in[3] (.names)                                           0.337     5.709
[17755].out[0] (.names)                                          0.261     5.970
[19741].in[5] (.names)                                           0.100     6.070
[19741].out[0] (.names)                                          0.261     6.331
[19395].in[2] (.names)                                           0.629     6.960
[19395].out[0] (.names)                                          0.261     7.221
[6839].in[2] (.names)                                            0.100     7.321
[6839].out[0] (.names)                                           0.261     7.582
[6830].D[0] (.latch)                                             0.000     7.582
data arrival time                                                          7.582

clock pclk (rise edge)                                           0.000     0.000
clock source latency                                             0.000     0.000
pclk.inpad[0] (.input)                                           0.000     0.000
[6830].clk[0] (.latch)                                           0.042     0.042
clock uncertainty                                                0.000     0.042
cell setup time                                                 -0.066    -0.024
data required time                                                        -0.024
--------------------------------------------------------------------------------
data required time                                                        -0.024
data arrival time                                                         -7.582
--------------------------------------------------------------------------------
slack (VIOLATED)                                                          -7.606


#Path 71
Startpoint: ppeaki_6_6_.Q[0] (.latch clocked by pclk)
Endpoint  : [7505].D[0] (.latch clocked by pclk)
Path Type : setup

Point                                                             Incr      Path
--------------------------------------------------------------------------------
clock pclk (rise edge)                                           0.000     0.000
clock source latency                                             0.000     0.000
pclk.inpad[0] (.input)                                           0.000     0.000
ppeaki_6_6_.clk[0] (.latch)                                      0.042     0.042
ppeaki_6_6_.Q[0] (.latch) [clock-to-output]                      0.124     0.166
[5541].in[2] (.names)                                            0.352     0.519
[5541].out[0] (.names)                                           0.261     0.780
[17555].in[0] (.names)                                           0.332     1.112
[17555].out[0] (.names)                                          0.261     1.373
[17559].in[5] (.names)                                           0.332     1.706
[17559].out[0] (.names)                                          0.261     1.967
nrq8_2.in[0] (.names)                                            0.472     2.439
nrq8_2.out[0] (.names)                                           0.261     2.700
[5292].in[3] (.names)                                            0.478     3.178
[5292].out[0] (.names)                                           0.261     3.439
[17744].in[1] (.names)                                           0.332     3.771
[17744].out[0] (.names)                                          0.261     4.032
[17748].in[3] (.names)                                           0.481     4.514
[17748].out[0] (.names)                                          0.261     4.775
[17751].in[3] (.names)                                           0.337     5.112
[17751].out[0] (.names)                                          0.261     5.373
[17755].in[3] (.names)                                           0.337     5.709
[17755].out[0] (.names)                                          0.261     5.970
[19741].in[5] (.names)                                           0.100     6.070
[19741].out[0] (.names)                                          0.261     6.331
[19395].in[2] (.names)                                           0.629     6.960
[19395].out[0] (.names)                                          0.261     7.221
[7514].in[4] (.names)                                            0.100     7.321
[7514].out[0] (.names)                                           0.261     7.582
[7505].D[0] (.latch)                                             0.000     7.582
data arrival time                                                          7.582

clock pclk (rise edge)                                           0.000     0.000
clock source latency                                             0.000     0.000
pclk.inpad[0] (.input)                                           0.000     0.000
[7505].clk[0] (.latch)                                           0.042     0.042
clock uncertainty                                                0.000     0.042
cell setup time                                                 -0.066    -0.024
data required time                                                        -0.024
--------------------------------------------------------------------------------
data required time                                                        -0.024
data arrival time                                                         -7.582
--------------------------------------------------------------------------------
slack (VIOLATED)                                                          -7.606


#Path 72
Startpoint: ppeaki_6_6_.Q[0] (.latch clocked by pclk)
Endpoint  : [8645].D[0] (.latch clocked by pclk)
Path Type : setup

Point                                                             Incr      Path
--------------------------------------------------------------------------------
clock pclk (rise edge)                                           0.000     0.000
clock source latency                                             0.000     0.000
pclk.inpad[0] (.input)                                           0.000     0.000
ppeaki_6_6_.clk[0] (.latch)                                      0.042     0.042
ppeaki_6_6_.Q[0] (.latch) [clock-to-output]                      0.124     0.166
[5541].in[2] (.names)                                            0.352     0.519
[5541].out[0] (.names)                                           0.261     0.780
[17555].in[0] (.names)                                           0.332     1.112
[17555].out[0] (.names)                                          0.261     1.373
[17559].in[5] (.names)                                           0.332     1.706
[17559].out[0] (.names)                                          0.261     1.967
nrq8_2.in[0] (.names)                                            0.472     2.439
nrq8_2.out[0] (.names)                                           0.261     2.700
[5292].in[3] (.names)                                            0.478     3.178
[5292].out[0] (.names)                                           0.261     3.439
[17744].in[1] (.names)                                           0.332     3.771
[17744].out[0] (.names)                                          0.261     4.032
[17748].in[3] (.names)                                           0.481     4.514
[17748].out[0] (.names)                                          0.261     4.775
[17751].in[3] (.names)                                           0.337     5.112
[17751].out[0] (.names)                                          0.261     5.373
[17755].in[3] (.names)                                           0.337     5.709
[17755].out[0] (.names)                                          0.261     5.970
[19741].in[5] (.names)                                           0.100     6.070
[19741].out[0] (.names)                                          0.261     6.331
[19395].in[2] (.names)                                           0.629     6.960
[19395].out[0] (.names)                                          0.261     7.221
[8654].in[3] (.names)                                            0.100     7.321
[8654].out[0] (.names)                                           0.261     7.582
[8645].D[0] (.latch)                                             0.000     7.582
data arrival time                                                          7.582

clock pclk (rise edge)                                           0.000     0.000
clock source latency                                             0.000     0.000
pclk.inpad[0] (.input)                                           0.000     0.000
[8645].clk[0] (.latch)                                           0.042     0.042
clock uncertainty                                                0.000     0.042
cell setup time                                                 -0.066    -0.024
data required time                                                        -0.024
--------------------------------------------------------------------------------
data required time                                                        -0.024
data arrival time                                                         -7.582
--------------------------------------------------------------------------------
slack (VIOLATED)                                                          -7.606


#Path 73
Startpoint: ppeaki_6_6_.Q[0] (.latch clocked by pclk)
Endpoint  : [9335].D[0] (.latch clocked by pclk)
Path Type : setup

Point                                                             Incr      Path
--------------------------------------------------------------------------------
clock pclk (rise edge)                                           0.000     0.000
clock source latency                                             0.000     0.000
pclk.inpad[0] (.input)                                           0.000     0.000
ppeaki_6_6_.clk[0] (.latch)                                      0.042     0.042
ppeaki_6_6_.Q[0] (.latch) [clock-to-output]                      0.124     0.166
[5541].in[2] (.names)                                            0.352     0.519
[5541].out[0] (.names)                                           0.261     0.780
[17555].in[0] (.names)                                           0.332     1.112
[17555].out[0] (.names)                                          0.261     1.373
[17559].in[5] (.names)                                           0.332     1.706
[17559].out[0] (.names)                                          0.261     1.967
nrq8_2.in[0] (.names)                                            0.472     2.439
nrq8_2.out[0] (.names)                                           0.261     2.700
[5292].in[3] (.names)                                            0.478     3.178
[5292].out[0] (.names)                                           0.261     3.439
[17744].in[1] (.names)                                           0.332     3.771
[17744].out[0] (.names)                                          0.261     4.032
[17748].in[3] (.names)                                           0.481     4.514
[17748].out[0] (.names)                                          0.261     4.775
[17751].in[3] (.names)                                           0.337     5.112
[17751].out[0] (.names)                                          0.261     5.373
[17755].in[3] (.names)                                           0.337     5.709
[17755].out[0] (.names)                                          0.261     5.970
[19741].in[5] (.names)                                           0.100     6.070
[19741].out[0] (.names)                                          0.261     6.331
[19395].in[2] (.names)                                           0.629     6.960
[19395].out[0] (.names)                                          0.261     7.221
[9344].in[4] (.names)                                            0.100     7.321
[9344].out[0] (.names)                                           0.261     7.582
[9335].D[0] (.latch)                                             0.000     7.582
data arrival time                                                          7.582

clock pclk (rise edge)                                           0.000     0.000
clock source latency                                             0.000     0.000
pclk.inpad[0] (.input)                                           0.000     0.000
[9335].clk[0] (.latch)                                           0.042     0.042
clock uncertainty                                                0.000     0.042
cell setup time                                                 -0.066    -0.024
data required time                                                        -0.024
--------------------------------------------------------------------------------
data required time                                                        -0.024
data arrival time                                                         -7.582
--------------------------------------------------------------------------------
slack (VIOLATED)                                                          -7.606


#Path 74
Startpoint: ppeaki_6_6_.Q[0] (.latch clocked by pclk)
Endpoint  : [4655].D[0] (.latch clocked by pclk)
Path Type : setup

Point                                                             Incr      Path
--------------------------------------------------------------------------------
clock pclk (rise edge)                                           0.000     0.000
clock source latency                                             0.000     0.000
pclk.inpad[0] (.input)                                           0.000     0.000
ppeaki_6_6_.clk[0] (.latch)                                      0.042     0.042
ppeaki_6_6_.Q[0] (.latch) [clock-to-output]                      0.124     0.166
[5541].in[2] (.names)                                            0.352     0.519
[5541].out[0] (.names)                                           0.261     0.780
[17555].in[0] (.names)                                           0.332     1.112
[17555].out[0] (.names)                                          0.261     1.373
[17559].in[5] (.names)                                           0.332     1.706
[17559].out[0] (.names)                                          0.261     1.967
nrq8_2.in[0] (.names)                                            0.472     2.439
nrq8_2.out[0] (.names)                                           0.261     2.700
[5292].in[3] (.names)                                            0.478     3.178
[5292].out[0] (.names)                                           0.261     3.439
[17744].in[1] (.names)                                           0.332     3.771
[17744].out[0] (.names)                                          0.261     4.032
[17748].in[3] (.names)                                           0.481     4.514
[17748].out[0] (.names)                                          0.261     4.775
[17751].in[3] (.names)                                           0.337     5.112
[17751].out[0] (.names)                                          0.261     5.373
[17755].in[3] (.names)                                           0.337     5.709
[17755].out[0] (.names)                                          0.261     5.970
[19741].in[5] (.names)                                           0.100     6.070
[19741].out[0] (.names)                                          0.261     6.331
[19395].in[2] (.names)                                           0.629     6.960
[19395].out[0] (.names)                                          0.261     7.221
[4664].in[4] (.names)                                            0.100     7.321
[4664].out[0] (.names)                                           0.261     7.582
[4655].D[0] (.latch)                                             0.000     7.582
data arrival time                                                          7.582

clock pclk (rise edge)                                           0.000     0.000
clock source latency                                             0.000     0.000
pclk.inpad[0] (.input)                                           0.000     0.000
[4655].clk[0] (.latch)                                           0.042     0.042
clock uncertainty                                                0.000     0.042
cell setup time                                                 -0.066    -0.024
data required time                                                        -0.024
--------------------------------------------------------------------------------
data required time                                                        -0.024
data arrival time                                                         -7.582
--------------------------------------------------------------------------------
slack (VIOLATED)                                                          -7.606


#Path 75
Startpoint: ppeaki_6_6_.Q[0] (.latch clocked by pclk)
Endpoint  : [15335].D[0] (.latch clocked by pclk)
Path Type : setup

Point                                                             Incr      Path
--------------------------------------------------------------------------------
clock pclk (rise edge)                                           0.000     0.000
clock source latency                                             0.000     0.000
pclk.inpad[0] (.input)                                           0.000     0.000
ppeaki_6_6_.clk[0] (.latch)                                      0.042     0.042
ppeaki_6_6_.Q[0] (.latch) [clock-to-output]                      0.124     0.166
[5541].in[2] (.names)                                            0.352     0.519
[5541].out[0] (.names)                                           0.261     0.780
[17555].in[0] (.names)                                           0.332     1.112
[17555].out[0] (.names)                                          0.261     1.373
[17559].in[5] (.names)                                           0.332     1.706
[17559].out[0] (.names)                                          0.261     1.967
nrq8_2.in[0] (.names)                                            0.472     2.439
nrq8_2.out[0] (.names)                                           0.261     2.700
[5292].in[3] (.names)                                            0.478     3.178
[5292].out[0] (.names)                                           0.261     3.439
[17744].in[1] (.names)                                           0.332     3.771
[17744].out[0] (.names)                                          0.261     4.032
[17748].in[3] (.names)                                           0.481     4.514
[17748].out[0] (.names)                                          0.261     4.775
[17751].in[3] (.names)                                           0.337     5.112
[17751].out[0] (.names)                                          0.261     5.373
[17755].in[3] (.names)                                           0.337     5.709
[17755].out[0] (.names)                                          0.261     5.970
[19741].in[5] (.names)                                           0.100     6.070
[19741].out[0] (.names)                                          0.261     6.331
[19395].in[2] (.names)                                           0.629     6.960
[19395].out[0] (.names)                                          0.261     7.221
[15344].in[2] (.names)                                           0.100     7.321
[15344].out[0] (.names)                                          0.261     7.582
[15335].D[0] (.latch)                                            0.000     7.582
data arrival time                                                          7.582

clock pclk (rise edge)                                           0.000     0.000
clock source latency                                             0.000     0.000
pclk.inpad[0] (.input)                                           0.000     0.000
[15335].clk[0] (.latch)                                          0.042     0.042
clock uncertainty                                                0.000     0.042
cell setup time                                                 -0.066    -0.024
data required time                                                        -0.024
--------------------------------------------------------------------------------
data required time                                                        -0.024
data arrival time                                                         -7.582
--------------------------------------------------------------------------------
slack (VIOLATED)                                                          -7.606


#Path 76
Startpoint: ppeaki_6_6_.Q[0] (.latch clocked by pclk)
Endpoint  : [13415].D[0] (.latch clocked by pclk)
Path Type : setup

Point                                                             Incr      Path
--------------------------------------------------------------------------------
clock pclk (rise edge)                                           0.000     0.000
clock source latency                                             0.000     0.000
pclk.inpad[0] (.input)                                           0.000     0.000
ppeaki_6_6_.clk[0] (.latch)                                      0.042     0.042
ppeaki_6_6_.Q[0] (.latch) [clock-to-output]                      0.124     0.166
[5541].in[2] (.names)                                            0.352     0.519
[5541].out[0] (.names)                                           0.261     0.780
[17555].in[0] (.names)                                           0.332     1.112
[17555].out[0] (.names)                                          0.261     1.373
[17559].in[5] (.names)                                           0.332     1.706
[17559].out[0] (.names)                                          0.261     1.967
nrq8_2.in[0] (.names)                                            0.472     2.439
nrq8_2.out[0] (.names)                                           0.261     2.700
[5292].in[3] (.names)                                            0.478     3.178
[5292].out[0] (.names)                                           0.261     3.439
[17744].in[1] (.names)                                           0.332     3.771
[17744].out[0] (.names)                                          0.261     4.032
[17748].in[3] (.names)                                           0.481     4.514
[17748].out[0] (.names)                                          0.261     4.775
[17751].in[3] (.names)                                           0.337     5.112
[17751].out[0] (.names)                                          0.261     5.373
[17755].in[3] (.names)                                           0.337     5.709
[17755].out[0] (.names)                                          0.261     5.970
[19741].in[5] (.names)                                           0.100     6.070
[19741].out[0] (.names)                                          0.261     6.331
[19395].in[2] (.names)                                           0.629     6.960
[19395].out[0] (.names)                                          0.261     7.221
[13424].in[2] (.names)                                           0.100     7.321
[13424].out[0] (.names)                                          0.261     7.582
[13415].D[0] (.latch)                                            0.000     7.582
data arrival time                                                          7.582

clock pclk (rise edge)                                           0.000     0.000
clock source latency                                             0.000     0.000
pclk.inpad[0] (.input)                                           0.000     0.000
[13415].clk[0] (.latch)                                          0.042     0.042
clock uncertainty                                                0.000     0.042
cell setup time                                                 -0.066    -0.024
data required time                                                        -0.024
--------------------------------------------------------------------------------
data required time                                                        -0.024
data arrival time                                                         -7.582
--------------------------------------------------------------------------------
slack (VIOLATED)                                                          -7.606


#Path 77
Startpoint: ppeaki_6_6_.Q[0] (.latch clocked by pclk)
Endpoint  : [11390].D[0] (.latch clocked by pclk)
Path Type : setup

Point                                                             Incr      Path
--------------------------------------------------------------------------------
clock pclk (rise edge)                                           0.000     0.000
clock source latency                                             0.000     0.000
pclk.inpad[0] (.input)                                           0.000     0.000
ppeaki_6_6_.clk[0] (.latch)                                      0.042     0.042
ppeaki_6_6_.Q[0] (.latch) [clock-to-output]                      0.124     0.166
[5541].in[2] (.names)                                            0.352     0.519
[5541].out[0] (.names)                                           0.261     0.780
[17555].in[0] (.names)                                           0.332     1.112
[17555].out[0] (.names)                                          0.261     1.373
[17559].in[5] (.names)                                           0.332     1.706
[17559].out[0] (.names)                                          0.261     1.967
nrq8_2.in[0] (.names)                                            0.472     2.439
nrq8_2.out[0] (.names)                                           0.261     2.700
[5292].in[3] (.names)                                            0.478     3.178
[5292].out[0] (.names)                                           0.261     3.439
[17744].in[1] (.names)                                           0.332     3.771
[17744].out[0] (.names)                                          0.261     4.032
[17748].in[3] (.names)                                           0.481     4.514
[17748].out[0] (.names)                                          0.261     4.775
[17751].in[3] (.names)                                           0.337     5.112
[17751].out[0] (.names)                                          0.261     5.373
[17755].in[3] (.names)                                           0.337     5.709
[17755].out[0] (.names)                                          0.261     5.970
[19741].in[5] (.names)                                           0.100     6.070
[19741].out[0] (.names)                                          0.261     6.331
[19395].in[2] (.names)                                           0.629     6.960
[19395].out[0] (.names)                                          0.261     7.221
[11399].in[2] (.names)                                           0.100     7.321
[11399].out[0] (.names)                                          0.261     7.582
[11390].D[0] (.latch)                                            0.000     7.582
data arrival time                                                          7.582

clock pclk (rise edge)                                           0.000     0.000
clock source latency                                             0.000     0.000
pclk.inpad[0] (.input)                                           0.000     0.000
[11390].clk[0] (.latch)                                          0.042     0.042
clock uncertainty                                                0.000     0.042
cell setup time                                                 -0.066    -0.024
data required time                                                        -0.024
--------------------------------------------------------------------------------
data required time                                                        -0.024
data arrival time                                                         -7.582
--------------------------------------------------------------------------------
slack (VIOLATED)                                                          -7.606


#Path 78
Startpoint: ppeaki_6_6_.Q[0] (.latch clocked by pclk)
Endpoint  : [10595].D[0] (.latch clocked by pclk)
Path Type : setup

Point                                                             Incr      Path
--------------------------------------------------------------------------------
clock pclk (rise edge)                                           0.000     0.000
clock source latency                                             0.000     0.000
pclk.inpad[0] (.input)                                           0.000     0.000
ppeaki_6_6_.clk[0] (.latch)                                      0.042     0.042
ppeaki_6_6_.Q[0] (.latch) [clock-to-output]                      0.124     0.166
[5541].in[2] (.names)                                            0.352     0.519
[5541].out[0] (.names)                                           0.261     0.780
[17555].in[0] (.names)                                           0.332     1.112
[17555].out[0] (.names)                                          0.261     1.373
[17559].in[5] (.names)                                           0.332     1.706
[17559].out[0] (.names)                                          0.261     1.967
nrq8_2.in[0] (.names)                                            0.472     2.439
nrq8_2.out[0] (.names)                                           0.261     2.700
[5292].in[3] (.names)                                            0.478     3.178
[5292].out[0] (.names)                                           0.261     3.439
[17744].in[1] (.names)                                           0.332     3.771
[17744].out[0] (.names)                                          0.261     4.032
[17748].in[3] (.names)                                           0.481     4.514
[17748].out[0] (.names)                                          0.261     4.775
[17751].in[3] (.names)                                           0.337     5.112
[17751].out[0] (.names)                                          0.261     5.373
[17755].in[3] (.names)                                           0.337     5.709
[17755].out[0] (.names)                                          0.261     5.970
[19741].in[5] (.names)                                           0.100     6.070
[19741].out[0] (.names)                                          0.261     6.331
[19395].in[2] (.names)                                           0.629     6.960
[19395].out[0] (.names)                                          0.261     7.221
[10604].in[3] (.names)                                           0.100     7.321
[10604].out[0] (.names)                                          0.261     7.582
[10595].D[0] (.latch)                                            0.000     7.582
data arrival time                                                          7.582

clock pclk (rise edge)                                           0.000     0.000
clock source latency                                             0.000     0.000
pclk.inpad[0] (.input)                                           0.000     0.000
[10595].clk[0] (.latch)                                          0.042     0.042
clock uncertainty                                                0.000     0.042
cell setup time                                                 -0.066    -0.024
data required time                                                        -0.024
--------------------------------------------------------------------------------
data required time                                                        -0.024
data arrival time                                                         -7.582
--------------------------------------------------------------------------------
slack (VIOLATED)                                                          -7.606


#Path 79
Startpoint: ppeaki_6_6_.Q[0] (.latch clocked by pclk)
Endpoint  : [10415].D[0] (.latch clocked by pclk)
Path Type : setup

Point                                                             Incr      Path
--------------------------------------------------------------------------------
clock pclk (rise edge)                                           0.000     0.000
clock source latency                                             0.000     0.000
pclk.inpad[0] (.input)                                           0.000     0.000
ppeaki_6_6_.clk[0] (.latch)                                      0.042     0.042
ppeaki_6_6_.Q[0] (.latch) [clock-to-output]                      0.124     0.166
[5541].in[2] (.names)                                            0.352     0.519
[5541].out[0] (.names)                                           0.261     0.780
[17555].in[0] (.names)                                           0.332     1.112
[17555].out[0] (.names)                                          0.261     1.373
[17559].in[5] (.names)                                           0.332     1.706
[17559].out[0] (.names)                                          0.261     1.967
nen21_5.in[1] (.names)                                           0.337     2.304
nen21_5.out[0] (.names)                                          0.261     2.565
[4222].in[4] (.names)                                            0.337     2.901
[4222].out[0] (.names)                                           0.261     3.162
[17924].in[1] (.names)                                           0.483     3.646
[17924].out[0] (.names)                                          0.261     3.907
[19153].in[4] (.names)                                           0.339     4.246
[19153].out[0] (.names)                                          0.261     4.507
[19157].in[2] (.names)                                           0.336     4.843
[19157].out[0] (.names)                                          0.261     5.104
[19221].in[2] (.names)                                           0.100     5.204
[19221].out[0] (.names)                                          0.261     5.465
[19227].in[2] (.names)                                           0.100     5.565
[19227].out[0] (.names)                                          0.261     5.826
[19232].in[2] (.names)                                           0.100     5.926
[19232].out[0] (.names)                                          0.261     6.187
[19091].in[5] (.names)                                           0.336     6.522
[19091].out[0] (.names)                                          0.261     6.783
[10424].in[3] (.names)                                           0.485     7.268
[10424].out[0] (.names)                                          0.261     7.529
[10415].D[0] (.latch)                                            0.000     7.529
data arrival time                                                          7.529

clock pclk (rise edge)                                           0.000     0.000
clock source latency                                             0.000     0.000
pclk.inpad[0] (.input)                                           0.000     0.000
[10415].clk[0] (.latch)                                          0.042     0.042
clock uncertainty                                                0.000     0.042
cell setup time                                                 -0.066    -0.024
data required time                                                        -0.024
--------------------------------------------------------------------------------
data required time                                                        -0.024
data arrival time                                                         -7.529
--------------------------------------------------------------------------------
slack (VIOLATED)                                                          -7.553


#Path 80
Startpoint: ppeaki_6_6_.Q[0] (.latch clocked by pclk)
Endpoint  : [14240].D[0] (.latch clocked by pclk)
Path Type : setup

Point                                                             Incr      Path
--------------------------------------------------------------------------------
clock pclk (rise edge)                                           0.000     0.000
clock source latency                                             0.000     0.000
pclk.inpad[0] (.input)                                           0.000     0.000
ppeaki_6_6_.clk[0] (.latch)                                      0.042     0.042
ppeaki_6_6_.Q[0] (.latch) [clock-to-output]                      0.124     0.166
[5541].in[2] (.names)                                            0.352     0.519
[5541].out[0] (.names)                                           0.261     0.780
[17555].in[0] (.names)                                           0.332     1.112
[17555].out[0] (.names)                                          0.261     1.373
[17559].in[5] (.names)                                           0.332     1.706
[17559].out[0] (.names)                                          0.261     1.967
nen21_5.in[1] (.names)                                           0.337     2.304
nen21_5.out[0] (.names)                                          0.261     2.565
[4222].in[4] (.names)                                            0.337     2.901
[4222].out[0] (.names)                                           0.261     3.162
[17924].in[1] (.names)                                           0.483     3.646
[17924].out[0] (.names)                                          0.261     3.907
[19153].in[4] (.names)                                           0.339     4.246
[19153].out[0] (.names)                                          0.261     4.507
[19157].in[2] (.names)                                           0.336     4.843
[19157].out[0] (.names)                                          0.261     5.104
[19221].in[2] (.names)                                           0.100     5.204
[19221].out[0] (.names)                                          0.261     5.465
[19227].in[2] (.names)                                           0.100     5.565
[19227].out[0] (.names)                                          0.261     5.826
[19232].in[2] (.names)                                           0.100     5.926
[19232].out[0] (.names)                                          0.261     6.187
[19215].in[2] (.names)                                           0.336     6.522
[19215].out[0] (.names)                                          0.261     6.783
[14249].in[4] (.names)                                           0.485     7.268
[14249].out[0] (.names)                                          0.261     7.529
[14240].D[0] (.latch)                                            0.000     7.529
data arrival time                                                          7.529

clock pclk (rise edge)                                           0.000     0.000
clock source latency                                             0.000     0.000
pclk.inpad[0] (.input)                                           0.000     0.000
[14240].clk[0] (.latch)                                          0.042     0.042
clock uncertainty                                                0.000     0.042
cell setup time                                                 -0.066    -0.024
data required time                                                        -0.024
--------------------------------------------------------------------------------
data required time                                                        -0.024
data arrival time                                                         -7.529
--------------------------------------------------------------------------------
slack (VIOLATED)                                                          -7.553


#Path 81
Startpoint: ppeaki_6_6_.Q[0] (.latch clocked by pclk)
Endpoint  : [9845].D[0] (.latch clocked by pclk)
Path Type : setup

Point                                                             Incr      Path
--------------------------------------------------------------------------------
clock pclk (rise edge)                                           0.000     0.000
clock source latency                                             0.000     0.000
pclk.inpad[0] (.input)                                           0.000     0.000
ppeaki_6_6_.clk[0] (.latch)                                      0.042     0.042
ppeaki_6_6_.Q[0] (.latch) [clock-to-output]                      0.124     0.166
[5541].in[2] (.names)                                            0.352     0.519
[5541].out[0] (.names)                                           0.261     0.780
[17555].in[0] (.names)                                           0.332     1.112
[17555].out[0] (.names)                                          0.261     1.373
[17559].in[5] (.names)                                           0.332     1.706
[17559].out[0] (.names)                                          0.261     1.967
nen21_5.in[1] (.names)                                           0.337     2.304
nen21_5.out[0] (.names)                                          0.261     2.565
[4222].in[4] (.names)                                            0.337     2.901
[4222].out[0] (.names)                                           0.261     3.162
[17924].in[1] (.names)                                           0.483     3.646
[17924].out[0] (.names)                                          0.261     3.907
[19153].in[4] (.names)                                           0.339     4.246
[19153].out[0] (.names)                                          0.261     4.507
[19157].in[2] (.names)                                           0.336     4.843
[19157].out[0] (.names)                                          0.261     5.104
[19221].in[2] (.names)                                           0.100     5.204
[19221].out[0] (.names)                                          0.261     5.465
[19227].in[2] (.names)                                           0.100     5.565
[19227].out[0] (.names)                                          0.261     5.826
[19232].in[2] (.names)                                           0.100     5.926
[19232].out[0] (.names)                                          0.261     6.187
[19091].in[5] (.names)                                           0.336     6.522
[19091].out[0] (.names)                                          0.261     6.783
[9854].in[3] (.names)                                            0.485     7.268
[9854].out[0] (.names)                                           0.261     7.529
[9845].D[0] (.latch)                                             0.000     7.529
data arrival time                                                          7.529

clock pclk (rise edge)                                           0.000     0.000
clock source latency                                             0.000     0.000
pclk.inpad[0] (.input)                                           0.000     0.000
[9845].clk[0] (.latch)                                           0.042     0.042
clock uncertainty                                                0.000     0.042
cell setup time                                                 -0.066    -0.024
data required time                                                        -0.024
--------------------------------------------------------------------------------
data required time                                                        -0.024
data arrival time                                                         -7.529
--------------------------------------------------------------------------------
slack (VIOLATED)                                                          -7.553


#Path 82
Startpoint: ppeaki_6_6_.Q[0] (.latch clocked by pclk)
Endpoint  : [12395].D[0] (.latch clocked by pclk)
Path Type : setup

Point                                                             Incr      Path
--------------------------------------------------------------------------------
clock pclk (rise edge)                                           0.000     0.000
clock source latency                                             0.000     0.000
pclk.inpad[0] (.input)                                           0.000     0.000
ppeaki_6_6_.clk[0] (.latch)                                      0.042     0.042
ppeaki_6_6_.Q[0] (.latch) [clock-to-output]                      0.124     0.166
[5541].in[2] (.names)                                            0.352     0.519
[5541].out[0] (.names)                                           0.261     0.780
[17555].in[0] (.names)                                           0.332     1.112
[17555].out[0] (.names)                                          0.261     1.373
[17559].in[5] (.names)                                           0.332     1.706
[17559].out[0] (.names)                                          0.261     1.967
nen21_5.in[1] (.names)                                           0.337     2.304
nen21_5.out[0] (.names)                                          0.261     2.565
[4222].in[4] (.names)                                            0.337     2.901
[4222].out[0] (.names)                                           0.261     3.162
[17924].in[1] (.names)                                           0.483     3.646
[17924].out[0] (.names)                                          0.261     3.907
[19153].in[4] (.names)                                           0.339     4.246
[19153].out[0] (.names)                                          0.261     4.507
[19157].in[2] (.names)                                           0.336     4.843
[19157].out[0] (.names)                                          0.261     5.104
[19221].in[2] (.names)                                           0.100     5.204
[19221].out[0] (.names)                                          0.261     5.465
[19227].in[2] (.names)                                           0.100     5.565
[19227].out[0] (.names)                                          0.261     5.826
[19232].in[2] (.names)                                           0.100     5.926
[19232].out[0] (.names)                                          0.261     6.187
[19091].in[5] (.names)                                           0.336     6.522
[19091].out[0] (.names)                                          0.261     6.783
[12404].in[4] (.names)                                           0.485     7.268
[12404].out[0] (.names)                                          0.261     7.529
[12395].D[0] (.latch)                                            0.000     7.529
data arrival time                                                          7.529

clock pclk (rise edge)                                           0.000     0.000
clock source latency                                             0.000     0.000
pclk.inpad[0] (.input)                                           0.000     0.000
[12395].clk[0] (.latch)                                          0.042     0.042
clock uncertainty                                                0.000     0.042
cell setup time                                                 -0.066    -0.024
data required time                                                        -0.024
--------------------------------------------------------------------------------
data required time                                                        -0.024
data arrival time                                                         -7.529
--------------------------------------------------------------------------------
slack (VIOLATED)                                                          -7.553


#Path 83
Startpoint: ppeaki_6_6_.Q[0] (.latch clocked by pclk)
Endpoint  : [15065].D[0] (.latch clocked by pclk)
Path Type : setup

Point                                                             Incr      Path
--------------------------------------------------------------------------------
clock pclk (rise edge)                                           0.000     0.000
clock source latency                                             0.000     0.000
pclk.inpad[0] (.input)                                           0.000     0.000
ppeaki_6_6_.clk[0] (.latch)                                      0.042     0.042
ppeaki_6_6_.Q[0] (.latch) [clock-to-output]                      0.124     0.166
[5541].in[2] (.names)                                            0.352     0.519
[5541].out[0] (.names)                                           0.261     0.780
[17555].in[0] (.names)                                           0.332     1.112
[17555].out[0] (.names)                                          0.261     1.373
[17559].in[5] (.names)                                           0.332     1.706
[17559].out[0] (.names)                                          0.261     1.967
nen21_5.in[1] (.names)                                           0.337     2.304
nen21_5.out[0] (.names)                                          0.261     2.565
[4222].in[4] (.names)                                            0.337     2.901
[4222].out[0] (.names)                                           0.261     3.162
[17924].in[1] (.names)                                           0.483     3.646
[17924].out[0] (.names)                                          0.261     3.907
[19153].in[4] (.names)                                           0.339     4.246
[19153].out[0] (.names)                                          0.261     4.507
[19157].in[2] (.names)                                           0.336     4.843
[19157].out[0] (.names)                                          0.261     5.104
[19221].in[2] (.names)                                           0.100     5.204
[19221].out[0] (.names)                                          0.261     5.465
[19227].in[2] (.names)                                           0.100     5.565
[19227].out[0] (.names)                                          0.261     5.826
[19232].in[2] (.names)                                           0.100     5.926
[19232].out[0] (.names)                                          0.261     6.187
[19091].in[5] (.names)                                           0.336     6.522
[19091].out[0] (.names)                                          0.261     6.783
[15074].in[3] (.names)                                           0.485     7.268
[15074].out[0] (.names)                                          0.261     7.529
[15065].D[0] (.latch)                                            0.000     7.529
data arrival time                                                          7.529

clock pclk (rise edge)                                           0.000     0.000
clock source latency                                             0.000     0.000
pclk.inpad[0] (.input)                                           0.000     0.000
[15065].clk[0] (.latch)                                          0.042     0.042
clock uncertainty                                                0.000     0.042
cell setup time                                                 -0.066    -0.024
data required time                                                        -0.024
--------------------------------------------------------------------------------
data required time                                                        -0.024
data arrival time                                                         -7.529
--------------------------------------------------------------------------------
slack (VIOLATED)                                                          -7.553


#Path 84
Startpoint: ppeaki_6_6_.Q[0] (.latch clocked by pclk)
Endpoint  : [9530].D[0] (.latch clocked by pclk)
Path Type : setup

Point                                                             Incr      Path
--------------------------------------------------------------------------------
clock pclk (rise edge)                                           0.000     0.000
clock source latency                                             0.000     0.000
pclk.inpad[0] (.input)                                           0.000     0.000
ppeaki_6_6_.clk[0] (.latch)                                      0.042     0.042
ppeaki_6_6_.Q[0] (.latch) [clock-to-output]                      0.124     0.166
[5541].in[2] (.names)                                            0.352     0.519
[5541].out[0] (.names)                                           0.261     0.780
[17555].in[0] (.names)                                           0.332     1.112
[17555].out[0] (.names)                                          0.261     1.373
[17559].in[5] (.names)                                           0.332     1.706
[17559].out[0] (.names)                                          0.261     1.967
nen21_5.in[1] (.names)                                           0.337     2.304
nen21_5.out[0] (.names)                                          0.261     2.565
[4222].in[4] (.names)                                            0.337     2.901
[4222].out[0] (.names)                                           0.261     3.162
[17924].in[1] (.names)                                           0.483     3.646
[17924].out[0] (.names)                                          0.261     3.907
[19153].in[4] (.names)                                           0.339     4.246
[19153].out[0] (.names)                                          0.261     4.507
[19157].in[2] (.names)                                           0.336     4.843
[19157].out[0] (.names)                                          0.261     5.104
[19221].in[2] (.names)                                           0.100     5.204
[19221].out[0] (.names)                                          0.261     5.465
[19227].in[2] (.names)                                           0.100     5.565
[19227].out[0] (.names)                                          0.261     5.826
[19232].in[2] (.names)                                           0.100     5.926
[19232].out[0] (.names)                                          0.261     6.187
[19215].in[2] (.names)                                           0.336     6.522
[19215].out[0] (.names)                                          0.261     6.783
[9539].in[4] (.names)                                            0.485     7.268
[9539].out[0] (.names)                                           0.261     7.529
[9530].D[0] (.latch)                                             0.000     7.529
data arrival time                                                          7.529

clock pclk (rise edge)                                           0.000     0.000
clock source latency                                             0.000     0.000
pclk.inpad[0] (.input)                                           0.000     0.000
[9530].clk[0] (.latch)                                           0.042     0.042
clock uncertainty                                                0.000     0.042
cell setup time                                                 -0.066    -0.024
data required time                                                        -0.024
--------------------------------------------------------------------------------
data required time                                                        -0.024
data arrival time                                                         -7.529
--------------------------------------------------------------------------------
slack (VIOLATED)                                                          -7.553


#Path 85
Startpoint: ppeaki_6_6_.Q[0] (.latch clocked by pclk)
Endpoint  : [14690].D[0] (.latch clocked by pclk)
Path Type : setup

Point                                                             Incr      Path
--------------------------------------------------------------------------------
clock pclk (rise edge)                                           0.000     0.000
clock source latency                                             0.000     0.000
pclk.inpad[0] (.input)                                           0.000     0.000
ppeaki_6_6_.clk[0] (.latch)                                      0.042     0.042
ppeaki_6_6_.Q[0] (.latch) [clock-to-output]                      0.124     0.166
[5541].in[2] (.names)                                            0.352     0.519
[5541].out[0] (.names)                                           0.261     0.780
[17555].in[0] (.names)                                           0.332     1.112
[17555].out[0] (.names)                                          0.261     1.373
[17559].in[5] (.names)                                           0.332     1.706
[17559].out[0] (.names)                                          0.261     1.967
nen21_5.in[1] (.names)                                           0.337     2.304
nen21_5.out[0] (.names)                                          0.261     2.565
[4222].in[4] (.names)                                            0.337     2.901
[4222].out[0] (.names)                                           0.261     3.162
[17924].in[1] (.names)                                           0.483     3.646
[17924].out[0] (.names)                                          0.261     3.907
[19153].in[4] (.names)                                           0.339     4.246
[19153].out[0] (.names)                                          0.261     4.507
[19157].in[2] (.names)                                           0.336     4.843
[19157].out[0] (.names)                                          0.261     5.104
[19221].in[2] (.names)                                           0.100     5.204
[19221].out[0] (.names)                                          0.261     5.465
[19227].in[2] (.names)                                           0.100     5.565
[19227].out[0] (.names)                                          0.261     5.826
[19232].in[2] (.names)                                           0.100     5.926
[19232].out[0] (.names)                                          0.261     6.187
[19215].in[2] (.names)                                           0.336     6.522
[19215].out[0] (.names)                                          0.261     6.783
[14699].in[4] (.names)                                           0.483     7.267
[14699].out[0] (.names)                                          0.261     7.528
[14690].D[0] (.latch)                                            0.000     7.528
data arrival time                                                          7.528

clock pclk (rise edge)                                           0.000     0.000
clock source latency                                             0.000     0.000
pclk.inpad[0] (.input)                                           0.000     0.000
[14690].clk[0] (.latch)                                          0.042     0.042
clock uncertainty                                                0.000     0.042
cell setup time                                                 -0.066    -0.024
data required time                                                        -0.024
--------------------------------------------------------------------------------
data required time                                                        -0.024
data arrival time                                                         -7.528
--------------------------------------------------------------------------------
slack (VIOLATED)                                                          -7.551


#Path 86
Startpoint: ppeaki_6_6_.Q[0] (.latch clocked by pclk)
Endpoint  : [12620].D[0] (.latch clocked by pclk)
Path Type : setup

Point                                                             Incr      Path
--------------------------------------------------------------------------------
clock pclk (rise edge)                                           0.000     0.000
clock source latency                                             0.000     0.000
pclk.inpad[0] (.input)                                           0.000     0.000
ppeaki_6_6_.clk[0] (.latch)                                      0.042     0.042
ppeaki_6_6_.Q[0] (.latch) [clock-to-output]                      0.124     0.166
[5541].in[2] (.names)                                            0.352     0.519
[5541].out[0] (.names)                                           0.261     0.780
[17555].in[0] (.names)                                           0.332     1.112
[17555].out[0] (.names)                                          0.261     1.373
[17559].in[5] (.names)                                           0.332     1.706
[17559].out[0] (.names)                                          0.261     1.967
nen21_5.in[1] (.names)                                           0.337     2.304
nen21_5.out[0] (.names)                                          0.261     2.565
[4222].in[4] (.names)                                            0.337     2.901
[4222].out[0] (.names)                                           0.261     3.162
[17924].in[1] (.names)                                           0.483     3.646
[17924].out[0] (.names)                                          0.261     3.907
[19153].in[4] (.names)                                           0.339     4.246
[19153].out[0] (.names)                                          0.261     4.507
[19157].in[2] (.names)                                           0.336     4.843
[19157].out[0] (.names)                                          0.261     5.104
[19221].in[2] (.names)                                           0.100     5.204
[19221].out[0] (.names)                                          0.261     5.465
[19227].in[2] (.names)                                           0.100     5.565
[19227].out[0] (.names)                                          0.261     5.826
[19232].in[2] (.names)                                           0.100     5.926
[19232].out[0] (.names)                                          0.261     6.187
[19215].in[2] (.names)                                           0.336     6.522
[19215].out[0] (.names)                                          0.261     6.783
[12629].in[4] (.names)                                           0.483     7.267
[12629].out[0] (.names)                                          0.261     7.528
[12620].D[0] (.latch)                                            0.000     7.528
data arrival time                                                          7.528

clock pclk (rise edge)                                           0.000     0.000
clock source latency                                             0.000     0.000
pclk.inpad[0] (.input)                                           0.000     0.000
[12620].clk[0] (.latch)                                          0.042     0.042
clock uncertainty                                                0.000     0.042
cell setup time                                                 -0.066    -0.024
data required time                                                        -0.024
--------------------------------------------------------------------------------
data required time                                                        -0.024
data arrival time                                                         -7.528
--------------------------------------------------------------------------------
slack (VIOLATED)                                                          -7.551


#Path 87
Startpoint: ppeaki_6_6_.Q[0] (.latch clocked by pclk)
Endpoint  : [11210].D[0] (.latch clocked by pclk)
Path Type : setup

Point                                                             Incr      Path
--------------------------------------------------------------------------------
clock pclk (rise edge)                                           0.000     0.000
clock source latency                                             0.000     0.000
pclk.inpad[0] (.input)                                           0.000     0.000
ppeaki_6_6_.clk[0] (.latch)                                      0.042     0.042
ppeaki_6_6_.Q[0] (.latch) [clock-to-output]                      0.124     0.166
[5541].in[2] (.names)                                            0.352     0.519
[5541].out[0] (.names)                                           0.261     0.780
[17555].in[0] (.names)                                           0.332     1.112
[17555].out[0] (.names)                                          0.261     1.373
[17559].in[5] (.names)                                           0.332     1.706
[17559].out[0] (.names)                                          0.261     1.967
nen21_5.in[1] (.names)                                           0.337     2.304
nen21_5.out[0] (.names)                                          0.261     2.565
[4222].in[4] (.names)                                            0.337     2.901
[4222].out[0] (.names)                                           0.261     3.162
[17924].in[1] (.names)                                           0.483     3.646
[17924].out[0] (.names)                                          0.261     3.907
[19153].in[4] (.names)                                           0.339     4.246
[19153].out[0] (.names)                                          0.261     4.507
[19157].in[2] (.names)                                           0.336     4.843
[19157].out[0] (.names)                                          0.261     5.104
[19221].in[2] (.names)                                           0.100     5.204
[19221].out[0] (.names)                                          0.261     5.465
[19227].in[2] (.names)                                           0.100     5.565
[19227].out[0] (.names)                                          0.261     5.826
[19232].in[2] (.names)                                           0.100     5.926
[19232].out[0] (.names)                                          0.261     6.187
[19091].in[5] (.names)                                           0.336     6.522
[19091].out[0] (.names)                                          0.261     6.783
[11219].in[4] (.names)                                           0.480     7.264
[11219].out[0] (.names)                                          0.261     7.525
[11210].D[0] (.latch)                                            0.000     7.525
data arrival time                                                          7.525

clock pclk (rise edge)                                           0.000     0.000
clock source latency                                             0.000     0.000
pclk.inpad[0] (.input)                                           0.000     0.000
[11210].clk[0] (.latch)                                          0.042     0.042
clock uncertainty                                                0.000     0.042
cell setup time                                                 -0.066    -0.024
data required time                                                        -0.024
--------------------------------------------------------------------------------
data required time                                                        -0.024
data arrival time                                                         -7.525
--------------------------------------------------------------------------------
slack (VIOLATED)                                                          -7.548


#Path 88
Startpoint: ppeaki_6_6_.Q[0] (.latch clocked by pclk)
Endpoint  : [11510].D[0] (.latch clocked by pclk)
Path Type : setup

Point                                                             Incr      Path
--------------------------------------------------------------------------------
clock pclk (rise edge)                                           0.000     0.000
clock source latency                                             0.000     0.000
pclk.inpad[0] (.input)                                           0.000     0.000
ppeaki_6_6_.clk[0] (.latch)                                      0.042     0.042
ppeaki_6_6_.Q[0] (.latch) [clock-to-output]                      0.124     0.166
[5541].in[2] (.names)                                            0.352     0.519
[5541].out[0] (.names)                                           0.261     0.780
[17555].in[0] (.names)                                           0.332     1.112
[17555].out[0] (.names)                                          0.261     1.373
[17559].in[5] (.names)                                           0.332     1.706
[17559].out[0] (.names)                                          0.261     1.967
nen21_5.in[1] (.names)                                           0.337     2.304
nen21_5.out[0] (.names)                                          0.261     2.565
[4222].in[4] (.names)                                            0.337     2.901
[4222].out[0] (.names)                                           0.261     3.162
[17924].in[1] (.names)                                           0.483     3.646
[17924].out[0] (.names)                                          0.261     3.907
[19153].in[4] (.names)                                           0.339     4.246
[19153].out[0] (.names)                                          0.261     4.507
[19157].in[2] (.names)                                           0.336     4.843
[19157].out[0] (.names)                                          0.261     5.104
[19221].in[2] (.names)                                           0.100     5.204
[19221].out[0] (.names)                                          0.261     5.465
[19227].in[2] (.names)                                           0.100     5.565
[19227].out[0] (.names)                                          0.261     5.826
[19232].in[2] (.names)                                           0.100     5.926
[19232].out[0] (.names)                                          0.261     6.187
[19091].in[5] (.names)                                           0.336     6.522
[19091].out[0] (.names)                                          0.261     6.783
[11519].in[3] (.names)                                           0.480     7.264
[11519].out[0] (.names)                                          0.261     7.525
[11510].D[0] (.latch)                                            0.000     7.525
data arrival time                                                          7.525

clock pclk (rise edge)                                           0.000     0.000
clock source latency                                             0.000     0.000
pclk.inpad[0] (.input)                                           0.000     0.000
[11510].clk[0] (.latch)                                          0.042     0.042
clock uncertainty                                                0.000     0.042
cell setup time                                                 -0.066    -0.024
data required time                                                        -0.024
--------------------------------------------------------------------------------
data required time                                                        -0.024
data arrival time                                                         -7.525
--------------------------------------------------------------------------------
slack (VIOLATED)                                                          -7.548


#Path 89
Startpoint: ppeaki_6_6_.Q[0] (.latch clocked by pclk)
Endpoint  : [14660].D[0] (.latch clocked by pclk)
Path Type : setup

Point                                                             Incr      Path
--------------------------------------------------------------------------------
clock pclk (rise edge)                                           0.000     0.000
clock source latency                                             0.000     0.000
pclk.inpad[0] (.input)                                           0.000     0.000
ppeaki_6_6_.clk[0] (.latch)                                      0.042     0.042
ppeaki_6_6_.Q[0] (.latch) [clock-to-output]                      0.124     0.166
[5541].in[2] (.names)                                            0.352     0.519
[5541].out[0] (.names)                                           0.261     0.780
[17555].in[0] (.names)                                           0.332     1.112
[17555].out[0] (.names)                                          0.261     1.373
[17559].in[5] (.names)                                           0.332     1.706
[17559].out[0] (.names)                                          0.261     1.967
nen21_5.in[1] (.names)                                           0.337     2.304
nen21_5.out[0] (.names)                                          0.261     2.565
[4222].in[4] (.names)                                            0.337     2.901
[4222].out[0] (.names)                                           0.261     3.162
[17924].in[1] (.names)                                           0.483     3.646
[17924].out[0] (.names)                                          0.261     3.907
[19153].in[4] (.names)                                           0.339     4.246
[19153].out[0] (.names)                                          0.261     4.507
[19157].in[2] (.names)                                           0.336     4.843
[19157].out[0] (.names)                                          0.261     5.104
[19221].in[2] (.names)                                           0.100     5.204
[19221].out[0] (.names)                                          0.261     5.465
[19227].in[2] (.names)                                           0.100     5.565
[19227].out[0] (.names)                                          0.261     5.826
[19232].in[2] (.names)                                           0.100     5.926
[19232].out[0] (.names)                                          0.261     6.187
[19091].in[5] (.names)                                           0.336     6.522
[19091].out[0] (.names)                                          0.261     6.783
[14669].in[3] (.names)                                           0.480     7.264
[14669].out[0] (.names)                                          0.261     7.525
[14660].D[0] (.latch)                                            0.000     7.525
data arrival time                                                          7.525

clock pclk (rise edge)                                           0.000     0.000
clock source latency                                             0.000     0.000
pclk.inpad[0] (.input)                                           0.000     0.000
[14660].clk[0] (.latch)                                          0.042     0.042
clock uncertainty                                                0.000     0.042
cell setup time                                                 -0.066    -0.024
data required time                                                        -0.024
--------------------------------------------------------------------------------
data required time                                                        -0.024
data arrival time                                                         -7.525
--------------------------------------------------------------------------------
slack (VIOLATED)                                                          -7.548


#Path 90
Startpoint: ppeaki_6_6_.Q[0] (.latch clocked by pclk)
Endpoint  : [14615].D[0] (.latch clocked by pclk)
Path Type : setup

Point                                                             Incr      Path
--------------------------------------------------------------------------------
clock pclk (rise edge)                                           0.000     0.000
clock source latency                                             0.000     0.000
pclk.inpad[0] (.input)                                           0.000     0.000
ppeaki_6_6_.clk[0] (.latch)                                      0.042     0.042
ppeaki_6_6_.Q[0] (.latch) [clock-to-output]                      0.124     0.166
[5541].in[2] (.names)                                            0.352     0.519
[5541].out[0] (.names)                                           0.261     0.780
[17555].in[0] (.names)                                           0.332     1.112
[17555].out[0] (.names)                                          0.261     1.373
[17559].in[5] (.names)                                           0.332     1.706
[17559].out[0] (.names)                                          0.261     1.967
nen21_5.in[1] (.names)                                           0.337     2.304
nen21_5.out[0] (.names)                                          0.261     2.565
[4222].in[4] (.names)                                            0.337     2.901
[4222].out[0] (.names)                                           0.261     3.162
[17924].in[1] (.names)                                           0.483     3.646
[17924].out[0] (.names)                                          0.261     3.907
[19153].in[4] (.names)                                           0.339     4.246
[19153].out[0] (.names)                                          0.261     4.507
[19157].in[2] (.names)                                           0.336     4.843
[19157].out[0] (.names)                                          0.261     5.104
[19221].in[2] (.names)                                           0.100     5.204
[19221].out[0] (.names)                                          0.261     5.465
[19227].in[2] (.names)                                           0.100     5.565
[19227].out[0] (.names)                                          0.261     5.826
[19232].in[2] (.names)                                           0.100     5.926
[19232].out[0] (.names)                                          0.261     6.187
[19215].in[2] (.names)                                           0.336     6.522
[19215].out[0] (.names)                                          0.261     6.783
[4388].in[3] (.names)                                            0.100     6.883
[4388].out[0] (.names)                                           0.261     7.144
[14624].in[4] (.names)                                           0.100     7.244
[14624].out[0] (.names)                                          0.261     7.505
[14615].D[0] (.latch)                                            0.000     7.505
data arrival time                                                          7.505

clock pclk (rise edge)                                           0.000     0.000
clock source latency                                             0.000     0.000
pclk.inpad[0] (.input)                                           0.000     0.000
[14615].clk[0] (.latch)                                          0.042     0.042
clock uncertainty                                                0.000     0.042
cell setup time                                                 -0.066    -0.024
data required time                                                        -0.024
--------------------------------------------------------------------------------
data required time                                                        -0.024
data arrival time                                                         -7.505
--------------------------------------------------------------------------------
slack (VIOLATED)                                                          -7.529


#Path 91
Startpoint: ppeaki_6_6_.Q[0] (.latch clocked by pclk)
Endpoint  : [7580].D[0] (.latch clocked by pclk)
Path Type : setup

Point                                                             Incr      Path
--------------------------------------------------------------------------------
clock pclk (rise edge)                                           0.000     0.000
clock source latency                                             0.000     0.000
pclk.inpad[0] (.input)                                           0.000     0.000
ppeaki_6_6_.clk[0] (.latch)                                      0.042     0.042
ppeaki_6_6_.Q[0] (.latch) [clock-to-output]                      0.124     0.166
[5541].in[2] (.names)                                            0.352     0.519
[5541].out[0] (.names)                                           0.261     0.780
[17555].in[0] (.names)                                           0.332     1.112
[17555].out[0] (.names)                                          0.261     1.373
[17559].in[5] (.names)                                           0.332     1.706
[17559].out[0] (.names)                                          0.261     1.967
nen21_5.in[1] (.names)                                           0.337     2.304
nen21_5.out[0] (.names)                                          0.261     2.565
[4222].in[4] (.names)                                            0.337     2.901
[4222].out[0] (.names)                                           0.261     3.162
[17924].in[1] (.names)                                           0.483     3.646
[17924].out[0] (.names)                                          0.261     3.907
[19153].in[4] (.names)                                           0.339     4.246
[19153].out[0] (.names)                                          0.261     4.507
[19157].in[2] (.names)                                           0.336     4.843
[19157].out[0] (.names)                                          0.261     5.104
[19221].in[2] (.names)                                           0.100     5.204
[19221].out[0] (.names)                                          0.261     5.465
[19227].in[2] (.names)                                           0.100     5.565
[19227].out[0] (.names)                                          0.261     5.826
[19232].in[2] (.names)                                           0.100     5.926
[19232].out[0] (.names)                                          0.261     6.187
[19215].in[2] (.names)                                           0.336     6.522
[19215].out[0] (.names)                                          0.261     6.783
[19068].in[5] (.names)                                           0.100     6.883
[19068].out[0] (.names)                                          0.261     7.144
[7589].in[4] (.names)                                            0.100     7.244
[7589].out[0] (.names)                                           0.261     7.505
[7580].D[0] (.latch)                                             0.000     7.505
data arrival time                                                          7.505

clock pclk (rise edge)                                           0.000     0.000
clock source latency                                             0.000     0.000
pclk.inpad[0] (.input)                                           0.000     0.000
[7580].clk[0] (.latch)                                           0.042     0.042
clock uncertainty                                                0.000     0.042
cell setup time                                                 -0.066    -0.024
data required time                                                        -0.024
--------------------------------------------------------------------------------
data required time                                                        -0.024
data arrival time                                                         -7.505
--------------------------------------------------------------------------------
slack (VIOLATED)                                                          -7.529


#Path 92
Startpoint: ppeaki_6_6_.Q[0] (.latch clocked by pclk)
Endpoint  : [7010].D[0] (.latch clocked by pclk)
Path Type : setup

Point                                                             Incr      Path
--------------------------------------------------------------------------------
clock pclk (rise edge)                                           0.000     0.000
clock source latency                                             0.000     0.000
pclk.inpad[0] (.input)                                           0.000     0.000
ppeaki_6_6_.clk[0] (.latch)                                      0.042     0.042
ppeaki_6_6_.Q[0] (.latch) [clock-to-output]                      0.124     0.166
[5541].in[2] (.names)                                            0.352     0.519
[5541].out[0] (.names)                                           0.261     0.780
[17555].in[0] (.names)                                           0.332     1.112
[17555].out[0] (.names)                                          0.261     1.373
[17559].in[5] (.names)                                           0.332     1.706
[17559].out[0] (.names)                                          0.261     1.967
nen21_5.in[1] (.names)                                           0.337     2.304
nen21_5.out[0] (.names)                                          0.261     2.565
[4222].in[4] (.names)                                            0.337     2.901
[4222].out[0] (.names)                                           0.261     3.162
[17924].in[1] (.names)                                           0.483     3.646
[17924].out[0] (.names)                                          0.261     3.907
[19153].in[4] (.names)                                           0.339     4.246
[19153].out[0] (.names)                                          0.261     4.507
[19157].in[2] (.names)                                           0.336     4.843
[19157].out[0] (.names)                                          0.261     5.104
[19221].in[2] (.names)                                           0.100     5.204
[19221].out[0] (.names)                                          0.261     5.465
[19227].in[2] (.names)                                           0.100     5.565
[19227].out[0] (.names)                                          0.261     5.826
[19232].in[2] (.names)                                           0.100     5.926
[19232].out[0] (.names)                                          0.261     6.187
[19215].in[2] (.names)                                           0.336     6.522
[19215].out[0] (.names)                                          0.261     6.783
[4388].in[3] (.names)                                            0.100     6.883
[4388].out[0] (.names)                                           0.261     7.144
[7019].in[5] (.names)                                            0.100     7.244
[7019].out[0] (.names)                                           0.261     7.505
[7010].D[0] (.latch)                                             0.000     7.505
data arrival time                                                          7.505

clock pclk (rise edge)                                           0.000     0.000
clock source latency                                             0.000     0.000
pclk.inpad[0] (.input)                                           0.000     0.000
[7010].clk[0] (.latch)                                           0.042     0.042
clock uncertainty                                                0.000     0.042
cell setup time                                                 -0.066    -0.024
data required time                                                        -0.024
--------------------------------------------------------------------------------
data required time                                                        -0.024
data arrival time                                                         -7.505
--------------------------------------------------------------------------------
slack (VIOLATED)                                                          -7.529


#Path 93
Startpoint: ppeaki_6_6_.Q[0] (.latch clocked by pclk)
Endpoint  : [13445].D[0] (.latch clocked by pclk)
Path Type : setup

Point                                                             Incr      Path
--------------------------------------------------------------------------------
clock pclk (rise edge)                                           0.000     0.000
clock source latency                                             0.000     0.000
pclk.inpad[0] (.input)                                           0.000     0.000
ppeaki_6_6_.clk[0] (.latch)                                      0.042     0.042
ppeaki_6_6_.Q[0] (.latch) [clock-to-output]                      0.124     0.166
[5541].in[2] (.names)                                            0.352     0.519
[5541].out[0] (.names)                                           0.261     0.780
[17555].in[0] (.names)                                           0.332     1.112
[17555].out[0] (.names)                                          0.261     1.373
[17559].in[5] (.names)                                           0.332     1.706
[17559].out[0] (.names)                                          0.261     1.967
nen21_5.in[1] (.names)                                           0.337     2.304
nen21_5.out[0] (.names)                                          0.261     2.565
[4222].in[4] (.names)                                            0.337     2.901
[4222].out[0] (.names)                                           0.261     3.162
[17924].in[1] (.names)                                           0.483     3.646
[17924].out[0] (.names)                                          0.261     3.907
[19153].in[4] (.names)                                           0.339     4.246
[19153].out[0] (.names)                                          0.261     4.507
[19157].in[2] (.names)                                           0.336     4.843
[19157].out[0] (.names)                                          0.261     5.104
[19221].in[2] (.names)                                           0.100     5.204
[19221].out[0] (.names)                                          0.261     5.465
[19227].in[2] (.names)                                           0.100     5.565
[19227].out[0] (.names)                                          0.261     5.826
[19232].in[2] (.names)                                           0.100     5.926
[19232].out[0] (.names)                                          0.261     6.187
[19215].in[2] (.names)                                           0.336     6.522
[19215].out[0] (.names)                                          0.261     6.783
[19068].in[5] (.names)                                           0.100     6.883
[19068].out[0] (.names)                                          0.261     7.144
[13454].in[1] (.names)                                           0.100     7.244
[13454].out[0] (.names)                                          0.261     7.505
[13445].D[0] (.latch)                                            0.000     7.505
data arrival time                                                          7.505

clock pclk (rise edge)                                           0.000     0.000
clock source latency                                             0.000     0.000
pclk.inpad[0] (.input)                                           0.000     0.000
[13445].clk[0] (.latch)                                          0.042     0.042
clock uncertainty                                                0.000     0.042
cell setup time                                                 -0.066    -0.024
data required time                                                        -0.024
--------------------------------------------------------------------------------
data required time                                                        -0.024
data arrival time                                                         -7.505
--------------------------------------------------------------------------------
slack (VIOLATED)                                                          -7.529


#Path 94
Startpoint: ppeaki_6_6_.Q[0] (.latch clocked by pclk)
Endpoint  : [9560].D[0] (.latch clocked by pclk)
Path Type : setup

Point                                                             Incr      Path
--------------------------------------------------------------------------------
clock pclk (rise edge)                                           0.000     0.000
clock source latency                                             0.000     0.000
pclk.inpad[0] (.input)                                           0.000     0.000
ppeaki_6_6_.clk[0] (.latch)                                      0.042     0.042
ppeaki_6_6_.Q[0] (.latch) [clock-to-output]                      0.124     0.166
[5541].in[2] (.names)                                            0.352     0.519
[5541].out[0] (.names)                                           0.261     0.780
[17555].in[0] (.names)                                           0.332     1.112
[17555].out[0] (.names)                                          0.261     1.373
[17559].in[5] (.names)                                           0.332     1.706
[17559].out[0] (.names)                                          0.261     1.967
nen21_5.in[1] (.names)                                           0.337     2.304
nen21_5.out[0] (.names)                                          0.261     2.565
[4222].in[4] (.names)                                            0.337     2.901
[4222].out[0] (.names)                                           0.261     3.162
[17924].in[1] (.names)                                           0.483     3.646
[17924].out[0] (.names)                                          0.261     3.907
[19153].in[4] (.names)                                           0.339     4.246
[19153].out[0] (.names)                                          0.261     4.507
[19157].in[2] (.names)                                           0.336     4.843
[19157].out[0] (.names)                                          0.261     5.104
[19221].in[2] (.names)                                           0.100     5.204
[19221].out[0] (.names)                                          0.261     5.465
[19227].in[2] (.names)                                           0.100     5.565
[19227].out[0] (.names)                                          0.261     5.826
[19232].in[2] (.names)                                           0.100     5.926
[19232].out[0] (.names)                                          0.261     6.187
[19215].in[2] (.names)                                           0.336     6.522
[19215].out[0] (.names)                                          0.261     6.783
[19068].in[5] (.names)                                           0.100     6.883
[19068].out[0] (.names)                                          0.261     7.144
[9569].in[3] (.names)                                            0.100     7.244
[9569].out[0] (.names)                                           0.261     7.505
[9560].D[0] (.latch)                                             0.000     7.505
data arrival time                                                          7.505

clock pclk (rise edge)                                           0.000     0.000
clock source latency                                             0.000     0.000
pclk.inpad[0] (.input)                                           0.000     0.000
[9560].clk[0] (.latch)                                           0.042     0.042
clock uncertainty                                                0.000     0.042
cell setup time                                                 -0.066    -0.024
data required time                                                        -0.024
--------------------------------------------------------------------------------
data required time                                                        -0.024
data arrival time                                                         -7.505
--------------------------------------------------------------------------------
slack (VIOLATED)                                                          -7.529


#Path 95
Startpoint: ppeaki_6_6_.Q[0] (.latch clocked by pclk)
Endpoint  : [8315].D[0] (.latch clocked by pclk)
Path Type : setup

Point                                                             Incr      Path
--------------------------------------------------------------------------------
clock pclk (rise edge)                                           0.000     0.000
clock source latency                                             0.000     0.000
pclk.inpad[0] (.input)                                           0.000     0.000
ppeaki_6_6_.clk[0] (.latch)                                      0.042     0.042
ppeaki_6_6_.Q[0] (.latch) [clock-to-output]                      0.124     0.166
[5541].in[2] (.names)                                            0.352     0.519
[5541].out[0] (.names)                                           0.261     0.780
[17555].in[0] (.names)                                           0.332     1.112
[17555].out[0] (.names)                                          0.261     1.373
[17559].in[5] (.names)                                           0.332     1.706
[17559].out[0] (.names)                                          0.261     1.967
nen21_5.in[1] (.names)                                           0.337     2.304
nen21_5.out[0] (.names)                                          0.261     2.565
[4222].in[4] (.names)                                            0.337     2.901
[4222].out[0] (.names)                                           0.261     3.162
[17924].in[1] (.names)                                           0.483     3.646
[17924].out[0] (.names)                                          0.261     3.907
[19153].in[4] (.names)                                           0.339     4.246
[19153].out[0] (.names)                                          0.261     4.507
[19157].in[2] (.names)                                           0.336     4.843
[19157].out[0] (.names)                                          0.261     5.104
[19221].in[2] (.names)                                           0.100     5.204
[19221].out[0] (.names)                                          0.261     5.465
[19227].in[2] (.names)                                           0.100     5.565
[19227].out[0] (.names)                                          0.261     5.826
[19232].in[2] (.names)                                           0.100     5.926
[19232].out[0] (.names)                                          0.261     6.187
[19215].in[2] (.names)                                           0.336     6.522
[19215].out[0] (.names)                                          0.261     6.783
[19068].in[5] (.names)                                           0.100     6.883
[19068].out[0] (.names)                                          0.261     7.144
[8324].in[3] (.names)                                            0.100     7.244
[8324].out[0] (.names)                                           0.261     7.505
[8315].D[0] (.latch)                                             0.000     7.505
data arrival time                                                          7.505

clock pclk (rise edge)                                           0.000     0.000
clock source latency                                             0.000     0.000
pclk.inpad[0] (.input)                                           0.000     0.000
[8315].clk[0] (.latch)                                           0.042     0.042
clock uncertainty                                                0.000     0.042
cell setup time                                                 -0.066    -0.024
data required time                                                        -0.024
--------------------------------------------------------------------------------
data required time                                                        -0.024
data arrival time                                                         -7.505
--------------------------------------------------------------------------------
slack (VIOLATED)                                                          -7.529


#Path 96
Startpoint: ppeaki_6_6_.Q[0] (.latch clocked by pclk)
Endpoint  : [6335].D[0] (.latch clocked by pclk)
Path Type : setup

Point                                                             Incr      Path
--------------------------------------------------------------------------------
clock pclk (rise edge)                                           0.000     0.000
clock source latency                                             0.000     0.000
pclk.inpad[0] (.input)                                           0.000     0.000
ppeaki_6_6_.clk[0] (.latch)                                      0.042     0.042
ppeaki_6_6_.Q[0] (.latch) [clock-to-output]                      0.124     0.166
[5541].in[2] (.names)                                            0.352     0.519
[5541].out[0] (.names)                                           0.261     0.780
[17555].in[0] (.names)                                           0.332     1.112
[17555].out[0] (.names)                                          0.261     1.373
[17559].in[5] (.names)                                           0.332     1.706
[17559].out[0] (.names)                                          0.261     1.967
nen21_5.in[1] (.names)                                           0.337     2.304
nen21_5.out[0] (.names)                                          0.261     2.565
[4222].in[4] (.names)                                            0.337     2.901
[4222].out[0] (.names)                                           0.261     3.162
[17924].in[1] (.names)                                           0.483     3.646
[17924].out[0] (.names)                                          0.261     3.907
[19153].in[4] (.names)                                           0.339     4.246
[19153].out[0] (.names)                                          0.261     4.507
[19157].in[2] (.names)                                           0.336     4.843
[19157].out[0] (.names)                                          0.261     5.104
[19221].in[2] (.names)                                           0.100     5.204
[19221].out[0] (.names)                                          0.261     5.465
[19227].in[2] (.names)                                           0.100     5.565
[19227].out[0] (.names)                                          0.261     5.826
[19232].in[2] (.names)                                           0.100     5.926
[19232].out[0] (.names)                                          0.261     6.187
[19215].in[2] (.names)                                           0.336     6.522
[19215].out[0] (.names)                                          0.261     6.783
[19068].in[5] (.names)                                           0.100     6.883
[19068].out[0] (.names)                                          0.261     7.144
[6344].in[3] (.names)                                            0.100     7.244
[6344].out[0] (.names)                                           0.261     7.505
[6335].D[0] (.latch)                                             0.000     7.505
data arrival time                                                          7.505

clock pclk (rise edge)                                           0.000     0.000
clock source latency                                             0.000     0.000
pclk.inpad[0] (.input)                                           0.000     0.000
[6335].clk[0] (.latch)                                           0.042     0.042
clock uncertainty                                                0.000     0.042
cell setup time                                                 -0.066    -0.024
data required time                                                        -0.024
--------------------------------------------------------------------------------
data required time                                                        -0.024
data arrival time                                                         -7.505
--------------------------------------------------------------------------------
slack (VIOLATED)                                                          -7.529


#Path 97
Startpoint: ppeaki_6_6_.Q[0] (.latch clocked by pclk)
Endpoint  : [13805].D[0] (.latch clocked by pclk)
Path Type : setup

Point                                                             Incr      Path
--------------------------------------------------------------------------------
clock pclk (rise edge)                                           0.000     0.000
clock source latency                                             0.000     0.000
pclk.inpad[0] (.input)                                           0.000     0.000
ppeaki_6_6_.clk[0] (.latch)                                      0.042     0.042
ppeaki_6_6_.Q[0] (.latch) [clock-to-output]                      0.124     0.166
[5541].in[2] (.names)                                            0.352     0.519
[5541].out[0] (.names)                                           0.261     0.780
[17555].in[0] (.names)                                           0.332     1.112
[17555].out[0] (.names)                                          0.261     1.373
[17559].in[5] (.names)                                           0.332     1.706
[17559].out[0] (.names)                                          0.261     1.967
nen21_5.in[1] (.names)                                           0.337     2.304
nen21_5.out[0] (.names)                                          0.261     2.565
[4222].in[4] (.names)                                            0.337     2.901
[4222].out[0] (.names)                                           0.261     3.162
[17924].in[1] (.names)                                           0.483     3.646
[17924].out[0] (.names)                                          0.261     3.907
[19153].in[4] (.names)                                           0.339     4.246
[19153].out[0] (.names)                                          0.261     4.507
[19157].in[2] (.names)                                           0.336     4.843
[19157].out[0] (.names)                                          0.261     5.104
[19221].in[2] (.names)                                           0.100     5.204
[19221].out[0] (.names)                                          0.261     5.465
[19227].in[2] (.names)                                           0.100     5.565
[19227].out[0] (.names)                                          0.261     5.826
[19232].in[2] (.names)                                           0.100     5.926
[19232].out[0] (.names)                                          0.261     6.187
[19215].in[2] (.names)                                           0.336     6.522
[19215].out[0] (.names)                                          0.261     6.783
[13814].in[4] (.names)                                           0.338     7.121
[13814].out[0] (.names)                                          0.261     7.382
[13805].D[0] (.latch)                                            0.000     7.382
data arrival time                                                          7.382

clock pclk (rise edge)                                           0.000     0.000
clock source latency                                             0.000     0.000
pclk.inpad[0] (.input)                                           0.000     0.000
[13805].clk[0] (.latch)                                          0.042     0.042
clock uncertainty                                                0.000     0.042
cell setup time                                                 -0.066    -0.024
data required time                                                        -0.024
--------------------------------------------------------------------------------
data required time                                                        -0.024
data arrival time                                                         -7.382
--------------------------------------------------------------------------------
slack (VIOLATED)                                                          -7.406


#Path 98
Startpoint: ppeaki_6_6_.Q[0] (.latch clocked by pclk)
Endpoint  : [5645].D[0] (.latch clocked by pclk)
Path Type : setup

Point                                                             Incr      Path
--------------------------------------------------------------------------------
clock pclk (rise edge)                                           0.000     0.000
clock source latency                                             0.000     0.000
pclk.inpad[0] (.input)                                           0.000     0.000
ppeaki_6_6_.clk[0] (.latch)                                      0.042     0.042
ppeaki_6_6_.Q[0] (.latch) [clock-to-output]                      0.124     0.166
[5541].in[2] (.names)                                            0.352     0.519
[5541].out[0] (.names)                                           0.261     0.780
[17555].in[0] (.names)                                           0.332     1.112
[17555].out[0] (.names)                                          0.261     1.373
[17559].in[5] (.names)                                           0.332     1.706
[17559].out[0] (.names)                                          0.261     1.967
nen21_5.in[1] (.names)                                           0.337     2.304
nen21_5.out[0] (.names)                                          0.261     2.565
[4222].in[4] (.names)                                            0.337     2.901
[4222].out[0] (.names)                                           0.261     3.162
[17924].in[1] (.names)                                           0.483     3.646
[17924].out[0] (.names)                                          0.261     3.907
[19153].in[4] (.names)                                           0.339     4.246
[19153].out[0] (.names)                                          0.261     4.507
[19157].in[2] (.names)                                           0.336     4.843
[19157].out[0] (.names)                                          0.261     5.104
[19221].in[2] (.names)                                           0.100     5.204
[19221].out[0] (.names)                                          0.261     5.465
[19227].in[2] (.names)                                           0.100     5.565
[19227].out[0] (.names)                                          0.261     5.826
[19232].in[2] (.names)                                           0.100     5.926
[19232].out[0] (.names)                                          0.261     6.187
[19215].in[2] (.names)                                           0.336     6.522
[19215].out[0] (.names)                                          0.261     6.783
[5654].in[5] (.names)                                            0.338     7.121
[5654].out[0] (.names)                                           0.261     7.382
[5645].D[0] (.latch)                                             0.000     7.382
data arrival time                                                          7.382

clock pclk (rise edge)                                           0.000     0.000
clock source latency                                             0.000     0.000
pclk.inpad[0] (.input)                                           0.000     0.000
[5645].clk[0] (.latch)                                           0.042     0.042
clock uncertainty                                                0.000     0.042
cell setup time                                                 -0.066    -0.024
data required time                                                        -0.024
--------------------------------------------------------------------------------
data required time                                                        -0.024
data arrival time                                                         -7.382
--------------------------------------------------------------------------------
slack (VIOLATED)                                                          -7.406


#Path 99
Startpoint: ppeaki_6_6_.Q[0] (.latch clocked by pclk)
Endpoint  : [8885].D[0] (.latch clocked by pclk)
Path Type : setup

Point                                                             Incr      Path
--------------------------------------------------------------------------------
clock pclk (rise edge)                                           0.000     0.000
clock source latency                                             0.000     0.000
pclk.inpad[0] (.input)                                           0.000     0.000
ppeaki_6_6_.clk[0] (.latch)                                      0.042     0.042
ppeaki_6_6_.Q[0] (.latch) [clock-to-output]                      0.124     0.166
[5541].in[2] (.names)                                            0.352     0.519
[5541].out[0] (.names)                                           0.261     0.780
[17555].in[0] (.names)                                           0.332     1.112
[17555].out[0] (.names)                                          0.261     1.373
[17559].in[5] (.names)                                           0.332     1.706
[17559].out[0] (.names)                                          0.261     1.967
nen21_5.in[1] (.names)                                           0.337     2.304
nen21_5.out[0] (.names)                                          0.261     2.565
[4222].in[4] (.names)                                            0.337     2.901
[4222].out[0] (.names)                                           0.261     3.162
[17924].in[1] (.names)                                           0.483     3.646
[17924].out[0] (.names)                                          0.261     3.907
[19153].in[4] (.names)                                           0.339     4.246
[19153].out[0] (.names)                                          0.261     4.507
[19157].in[2] (.names)                                           0.336     4.843
[19157].out[0] (.names)                                          0.261     5.104
[19221].in[2] (.names)                                           0.100     5.204
[19221].out[0] (.names)                                          0.261     5.465
[19227].in[2] (.names)                                           0.100     5.565
[19227].out[0] (.names)                                          0.261     5.826
[19232].in[2] (.names)                                           0.100     5.926
[19232].out[0] (.names)                                          0.261     6.187
[19215].in[2] (.names)                                           0.336     6.522
[19215].out[0] (.names)                                          0.261     6.783
[8894].in[4] (.names)                                            0.338     7.121
[8894].out[0] (.names)                                           0.261     7.382
[8885].D[0] (.latch)                                             0.000     7.382
data arrival time                                                          7.382

clock pclk (rise edge)                                           0.000     0.000
clock source latency                                             0.000     0.000
pclk.inpad[0] (.input)                                           0.000     0.000
[8885].clk[0] (.latch)                                           0.042     0.042
clock uncertainty                                                0.000     0.042
cell setup time                                                 -0.066    -0.024
data required time                                                        -0.024
--------------------------------------------------------------------------------
data required time                                                        -0.024
data arrival time                                                         -7.382
--------------------------------------------------------------------------------
slack (VIOLATED)                                                          -7.406


#Path 100
Startpoint: ppeaki_6_6_.Q[0] (.latch clocked by pclk)
Endpoint  : [9800].D[0] (.latch clocked by pclk)
Path Type : setup

Point                                                             Incr      Path
--------------------------------------------------------------------------------
clock pclk (rise edge)                                           0.000     0.000
clock source latency                                             0.000     0.000
pclk.inpad[0] (.input)                                           0.000     0.000
ppeaki_6_6_.clk[0] (.latch)                                      0.042     0.042
ppeaki_6_6_.Q[0] (.latch) [clock-to-output]                      0.124     0.166
[5541].in[2] (.names)                                            0.352     0.519
[5541].out[0] (.names)                                           0.261     0.780
[17555].in[0] (.names)                                           0.332     1.112
[17555].out[0] (.names)                                          0.261     1.373
[17559].in[5] (.names)                                           0.332     1.706
[17559].out[0] (.names)                                          0.261     1.967
nen21_5.in[1] (.names)                                           0.337     2.304
nen21_5.out[0] (.names)                                          0.261     2.565
[4222].in[4] (.names)                                            0.337     2.901
[4222].out[0] (.names)                                           0.261     3.162
[17924].in[1] (.names)                                           0.483     3.646
[17924].out[0] (.names)                                          0.261     3.907
[19153].in[4] (.names)                                           0.339     4.246
[19153].out[0] (.names)                                          0.261     4.507
[19157].in[2] (.names)                                           0.336     4.843
[19157].out[0] (.names)                                          0.261     5.104
[19221].in[2] (.names)                                           0.100     5.204
[19221].out[0] (.names)                                          0.261     5.465
[19227].in[2] (.names)                                           0.100     5.565
[19227].out[0] (.names)                                          0.261     5.826
[19232].in[2] (.names)                                           0.100     5.926
[19232].out[0] (.names)                                          0.261     6.187
[19215].in[2] (.names)                                           0.336     6.522
[19215].out[0] (.names)                                          0.261     6.783
[9809].in[4] (.names)                                            0.338     7.121
[9809].out[0] (.names)                                           0.261     7.382
[9800].D[0] (.latch)                                             0.000     7.382
data arrival time                                                          7.382

clock pclk (rise edge)                                           0.000     0.000
clock source latency                                             0.000     0.000
pclk.inpad[0] (.input)                                           0.000     0.000
[9800].clk[0] (.latch)                                           0.042     0.042
clock uncertainty                                                0.000     0.042
cell setup time                                                 -0.066    -0.024
data required time                                                        -0.024
--------------------------------------------------------------------------------
data required time                                                        -0.024
data arrival time                                                         -7.382
--------------------------------------------------------------------------------
slack (VIOLATED)                                                          -7.406


#End of timing report
