#Timing report of worst 100 path(s)
# Unit scale: 1e-09 seconds
# Output precision: 3

#Path 1
Startpoint: [17752].Q[0] (.latch clocked by pclk)
Endpoint  : [6215].D[0] (.latch clocked by pclk)
Path Type : setup

Point                                                             Incr      Path
--------------------------------------------------------------------------------
clock pclk (rise edge)                                           0.000     0.000
clock source latency                                             0.000     0.000
pclk.inpad[0] (.input)                                           0.000     0.000
[17752].clk[0] (.latch)                                          0.042     0.042
[17752].Q[0] (.latch) [clock-to-output]                          0.124     0.166
[5541].in[4] (.names)                                            0.441     0.607
[5541].out[0] (.names)                                           0.261     0.868
[17555].in[0] (.names)                                           0.345     1.213
[17555].out[0] (.names)                                          0.261     1.474
[17559].in[5] (.names)                                           0.421     1.895
[17559].out[0] (.names)                                          0.261     2.156
nrq20_3.in[0] (.names)                                           0.425     2.581
nrq20_3.out[0] (.names)                                          0.261     2.842
[4265].in[1] (.names)                                            0.738     3.580
[4265].out[0] (.names)                                           0.261     3.841
n_n2483.in[1] (.names)                                           0.348     4.189
n_n2483.out[0] (.names)                                          0.261     4.450
[4442].in[0] (.names)                                            0.348     4.798
[4442].out[0] (.names)                                           0.261     5.059
[5173].in[3] (.names)                                            0.270     5.329
[5173].out[0] (.names)                                           0.261     5.590
[19520].in[4] (.names)                                           0.345     5.935
[19520].out[0] (.names)                                          0.261     6.196
[5162].in[4] (.names)                                            0.345     6.541
[5162].out[0] (.names)                                           0.261     6.802
[19490].in[4] (.names)                                           0.421     7.223
[19490].out[0] (.names)                                          0.261     7.484
[19367].in[3] (.names)                                           0.345     7.828
[19367].out[0] (.names)                                          0.261     8.089
[6224].in[3] (.names)                                            0.659     8.749
[6224].out[0] (.names)                                           0.261     9.010
[6215].D[0] (.latch)                                             0.000     9.010
data arrival time                                                          9.010

clock pclk (rise edge)                                           0.000     0.000
clock source latency                                             0.000     0.000
pclk.inpad[0] (.input)                                           0.000     0.000
[6215].clk[0] (.latch)                                           0.042     0.042
clock uncertainty                                                0.000     0.042
cell setup time                                                 -0.066    -0.024
data required time                                                        -0.024
--------------------------------------------------------------------------------
data required time                                                        -0.024
data arrival time                                                         -9.010
--------------------------------------------------------------------------------
slack (VIOLATED)                                                          -9.033


#Path 2
Startpoint: [17752].Q[0] (.latch clocked by pclk)
Endpoint  : [8150].D[0] (.latch clocked by pclk)
Path Type : setup

Point                                                             Incr      Path
--------------------------------------------------------------------------------
clock pclk (rise edge)                                           0.000     0.000
clock source latency                                             0.000     0.000
pclk.inpad[0] (.input)                                           0.000     0.000
[17752].clk[0] (.latch)                                          0.042     0.042
[17752].Q[0] (.latch) [clock-to-output]                          0.124     0.166
[5541].in[4] (.names)                                            0.441     0.607
[5541].out[0] (.names)                                           0.261     0.868
[17555].in[0] (.names)                                           0.345     1.213
[17555].out[0] (.names)                                          0.261     1.474
[17559].in[5] (.names)                                           0.421     1.895
[17559].out[0] (.names)                                          0.261     2.156
nrq20_3.in[0] (.names)                                           0.425     2.581
nrq20_3.out[0] (.names)                                          0.261     2.842
[4265].in[1] (.names)                                            0.738     3.580
[4265].out[0] (.names)                                           0.261     3.841
n_n2483.in[1] (.names)                                           0.348     4.189
n_n2483.out[0] (.names)                                          0.261     4.450
[4442].in[0] (.names)                                            0.348     4.798
[4442].out[0] (.names)                                           0.261     5.059
[5173].in[3] (.names)                                            0.270     5.329
[5173].out[0] (.names)                                           0.261     5.590
[19520].in[4] (.names)                                           0.345     5.935
[19520].out[0] (.names)                                          0.261     6.196
[5162].in[4] (.names)                                            0.345     6.541
[5162].out[0] (.names)                                           0.261     6.802
[19490].in[4] (.names)                                           0.421     7.223
[19490].out[0] (.names)                                          0.261     7.484
[19474].in[3] (.names)                                           0.421     7.905
[19474].out[0] (.names)                                          0.261     8.166
[8159].in[3] (.names)                                            0.497     8.663
[8159].out[0] (.names)                                           0.261     8.924
[8150].D[0] (.latch)                                             0.000     8.924
data arrival time                                                          8.924

clock pclk (rise edge)                                           0.000     0.000
clock source latency                                             0.000     0.000
pclk.inpad[0] (.input)                                           0.000     0.000
[8150].clk[0] (.latch)                                           0.042     0.042
clock uncertainty                                                0.000     0.042
cell setup time                                                 -0.066    -0.024
data required time                                                        -0.024
--------------------------------------------------------------------------------
data required time                                                        -0.024
data arrival time                                                         -8.924
--------------------------------------------------------------------------------
slack (VIOLATED)                                                          -8.947


#Path 3
Startpoint: [17752].Q[0] (.latch clocked by pclk)
Endpoint  : [6080].D[0] (.latch clocked by pclk)
Path Type : setup

Point                                                             Incr      Path
--------------------------------------------------------------------------------
clock pclk (rise edge)                                           0.000     0.000
clock source latency                                             0.000     0.000
pclk.inpad[0] (.input)                                           0.000     0.000
[17752].clk[0] (.latch)                                          0.042     0.042
[17752].Q[0] (.latch) [clock-to-output]                          0.124     0.166
[5541].in[4] (.names)                                            0.441     0.607
[5541].out[0] (.names)                                           0.261     0.868
[17555].in[0] (.names)                                           0.345     1.213
[17555].out[0] (.names)                                          0.261     1.474
[17559].in[5] (.names)                                           0.421     1.895
[17559].out[0] (.names)                                          0.261     2.156
nrq20_3.in[0] (.names)                                           0.425     2.581
nrq20_3.out[0] (.names)                                          0.261     2.842
[4265].in[1] (.names)                                            0.738     3.580
[4265].out[0] (.names)                                           0.261     3.841
n_n2483.in[1] (.names)                                           0.348     4.189
n_n2483.out[0] (.names)                                          0.261     4.450
[4442].in[0] (.names)                                            0.348     4.798
[4442].out[0] (.names)                                           0.261     5.059
[5173].in[3] (.names)                                            0.270     5.329
[5173].out[0] (.names)                                           0.261     5.590
[19520].in[4] (.names)                                           0.345     5.935
[19520].out[0] (.names)                                          0.261     6.196
[5162].in[4] (.names)                                            0.345     6.541
[5162].out[0] (.names)                                           0.261     6.802
[19490].in[4] (.names)                                           0.421     7.223
[19490].out[0] (.names)                                          0.261     7.484
[19367].in[3] (.names)                                           0.345     7.828
[19367].out[0] (.names)                                          0.261     8.089
[6089].in[3] (.names)                                            0.504     8.594
[6089].out[0] (.names)                                           0.261     8.855
[6080].D[0] (.latch)                                             0.000     8.855
data arrival time                                                          8.855

clock pclk (rise edge)                                           0.000     0.000
clock source latency                                             0.000     0.000
pclk.inpad[0] (.input)                                           0.000     0.000
[6080].clk[0] (.latch)                                           0.042     0.042
clock uncertainty                                                0.000     0.042
cell setup time                                                 -0.066    -0.024
data required time                                                        -0.024
--------------------------------------------------------------------------------
data required time                                                        -0.024
data arrival time                                                         -8.855
--------------------------------------------------------------------------------
slack (VIOLATED)                                                          -8.878


#Path 4
Startpoint: [17752].Q[0] (.latch clocked by pclk)
Endpoint  : [5480].D[0] (.latch clocked by pclk)
Path Type : setup

Point                                                             Incr      Path
--------------------------------------------------------------------------------
clock pclk (rise edge)                                           0.000     0.000
clock source latency                                             0.000     0.000
pclk.inpad[0] (.input)                                           0.000     0.000
[17752].clk[0] (.latch)                                          0.042     0.042
[17752].Q[0] (.latch) [clock-to-output]                          0.124     0.166
[5541].in[4] (.names)                                            0.441     0.607
[5541].out[0] (.names)                                           0.261     0.868
[17555].in[0] (.names)                                           0.345     1.213
[17555].out[0] (.names)                                          0.261     1.474
[17559].in[5] (.names)                                           0.421     1.895
[17559].out[0] (.names)                                          0.261     2.156
nrq20_3.in[0] (.names)                                           0.425     2.581
nrq20_3.out[0] (.names)                                          0.261     2.842
[4265].in[1] (.names)                                            0.738     3.580
[4265].out[0] (.names)                                           0.261     3.841
n_n2483.in[1] (.names)                                           0.348     4.189
n_n2483.out[0] (.names)                                          0.261     4.450
[4442].in[0] (.names)                                            0.348     4.798
[4442].out[0] (.names)                                           0.261     5.059
[5173].in[3] (.names)                                            0.270     5.329
[5173].out[0] (.names)                                           0.261     5.590
[19520].in[4] (.names)                                           0.345     5.935
[19520].out[0] (.names)                                          0.261     6.196
[5162].in[4] (.names)                                            0.345     6.541
[5162].out[0] (.names)                                           0.261     6.802
[19490].in[4] (.names)                                           0.421     7.223
[19490].out[0] (.names)                                          0.261     7.484
[19367].in[3] (.names)                                           0.345     7.828
[19367].out[0] (.names)                                          0.261     8.089
[5489].in[3] (.names)                                            0.504     8.594
[5489].out[0] (.names)                                           0.261     8.855
[5480].D[0] (.latch)                                             0.000     8.855
data arrival time                                                          8.855

clock pclk (rise edge)                                           0.000     0.000
clock source latency                                             0.000     0.000
pclk.inpad[0] (.input)                                           0.000     0.000
[5480].clk[0] (.latch)                                           0.042     0.042
clock uncertainty                                                0.000     0.042
cell setup time                                                 -0.066    -0.024
data required time                                                        -0.024
--------------------------------------------------------------------------------
data required time                                                        -0.024
data arrival time                                                         -8.855
--------------------------------------------------------------------------------
slack (VIOLATED)                                                          -8.878


#Path 5
Startpoint: [17752].Q[0] (.latch clocked by pclk)
Endpoint  : [10055].D[0] (.latch clocked by pclk)
Path Type : setup

Point                                                             Incr      Path
--------------------------------------------------------------------------------
clock pclk (rise edge)                                           0.000     0.000
clock source latency                                             0.000     0.000
pclk.inpad[0] (.input)                                           0.000     0.000
[17752].clk[0] (.latch)                                          0.042     0.042
[17752].Q[0] (.latch) [clock-to-output]                          0.124     0.166
[5541].in[4] (.names)                                            0.441     0.607
[5541].out[0] (.names)                                           0.261     0.868
[17555].in[0] (.names)                                           0.345     1.213
[17555].out[0] (.names)                                          0.261     1.474
[17559].in[5] (.names)                                           0.421     1.895
[17559].out[0] (.names)                                          0.261     2.156
nrq20_3.in[0] (.names)                                           0.425     2.581
nrq20_3.out[0] (.names)                                          0.261     2.842
[4265].in[1] (.names)                                            0.738     3.580
[4265].out[0] (.names)                                           0.261     3.841
n_n2483.in[1] (.names)                                           0.348     4.189
n_n2483.out[0] (.names)                                          0.261     4.450
[4442].in[0] (.names)                                            0.348     4.798
[4442].out[0] (.names)                                           0.261     5.059
[5173].in[3] (.names)                                            0.270     5.329
[5173].out[0] (.names)                                           0.261     5.590
[19520].in[4] (.names)                                           0.345     5.935
[19520].out[0] (.names)                                          0.261     6.196
[5162].in[4] (.names)                                            0.345     6.541
[5162].out[0] (.names)                                           0.261     6.802
[19490].in[4] (.names)                                           0.421     7.223
[19490].out[0] (.names)                                          0.261     7.484
[19367].in[3] (.names)                                           0.345     7.828
[19367].out[0] (.names)                                          0.261     8.089
[10064].in[4] (.names)                                           0.504     8.594
[10064].out[0] (.names)                                          0.261     8.855
[10055].D[0] (.latch)                                            0.000     8.855
data arrival time                                                          8.855

clock pclk (rise edge)                                           0.000     0.000
clock source latency                                             0.000     0.000
pclk.inpad[0] (.input)                                           0.000     0.000
[10055].clk[0] (.latch)                                          0.042     0.042
clock uncertainty                                                0.000     0.042
cell setup time                                                 -0.066    -0.024
data required time                                                        -0.024
--------------------------------------------------------------------------------
data required time                                                        -0.024
data arrival time                                                         -8.855
--------------------------------------------------------------------------------
slack (VIOLATED)                                                          -8.878


#Path 6
Startpoint: [17752].Q[0] (.latch clocked by pclk)
Endpoint  : [6725].D[0] (.latch clocked by pclk)
Path Type : setup

Point                                                             Incr      Path
--------------------------------------------------------------------------------
clock pclk (rise edge)                                           0.000     0.000
clock source latency                                             0.000     0.000
pclk.inpad[0] (.input)                                           0.000     0.000
[17752].clk[0] (.latch)                                          0.042     0.042
[17752].Q[0] (.latch) [clock-to-output]                          0.124     0.166
[5541].in[4] (.names)                                            0.441     0.607
[5541].out[0] (.names)                                           0.261     0.868
[17555].in[0] (.names)                                           0.345     1.213
[17555].out[0] (.names)                                          0.261     1.474
[17559].in[5] (.names)                                           0.421     1.895
[17559].out[0] (.names)                                          0.261     2.156
nrq20_3.in[0] (.names)                                           0.425     2.581
nrq20_3.out[0] (.names)                                          0.261     2.842
[4265].in[1] (.names)                                            0.738     3.580
[4265].out[0] (.names)                                           0.261     3.841
n_n2483.in[1] (.names)                                           0.348     4.189
n_n2483.out[0] (.names)                                          0.261     4.450
[4442].in[0] (.names)                                            0.348     4.798
[4442].out[0] (.names)                                           0.261     5.059
[5173].in[3] (.names)                                            0.270     5.329
[5173].out[0] (.names)                                           0.261     5.590
[19520].in[4] (.names)                                           0.345     5.935
[19520].out[0] (.names)                                          0.261     6.196
[5162].in[4] (.names)                                            0.345     6.541
[5162].out[0] (.names)                                           0.261     6.802
[19490].in[4] (.names)                                           0.421     7.223
[19490].out[0] (.names)                                          0.261     7.484
[19367].in[3] (.names)                                           0.345     7.828
[19367].out[0] (.names)                                          0.261     8.089
[6734].in[4] (.names)                                            0.504     8.594
[6734].out[0] (.names)                                           0.261     8.855
[6725].D[0] (.latch)                                             0.000     8.855
data arrival time                                                          8.855

clock pclk (rise edge)                                           0.000     0.000
clock source latency                                             0.000     0.000
pclk.inpad[0] (.input)                                           0.000     0.000
[6725].clk[0] (.latch)                                           0.042     0.042
clock uncertainty                                                0.000     0.042
cell setup time                                                 -0.066    -0.024
data required time                                                        -0.024
--------------------------------------------------------------------------------
data required time                                                        -0.024
data arrival time                                                         -8.855
--------------------------------------------------------------------------------
slack (VIOLATED)                                                          -8.878


#Path 7
Startpoint: [17752].Q[0] (.latch clocked by pclk)
Endpoint  : [7400].D[0] (.latch clocked by pclk)
Path Type : setup

Point                                                             Incr      Path
--------------------------------------------------------------------------------
clock pclk (rise edge)                                           0.000     0.000
clock source latency                                             0.000     0.000
pclk.inpad[0] (.input)                                           0.000     0.000
[17752].clk[0] (.latch)                                          0.042     0.042
[17752].Q[0] (.latch) [clock-to-output]                          0.124     0.166
[5541].in[4] (.names)                                            0.441     0.607
[5541].out[0] (.names)                                           0.261     0.868
[17555].in[0] (.names)                                           0.345     1.213
[17555].out[0] (.names)                                          0.261     1.474
[17559].in[5] (.names)                                           0.421     1.895
[17559].out[0] (.names)                                          0.261     2.156
nrq20_3.in[0] (.names)                                           0.425     2.581
nrq20_3.out[0] (.names)                                          0.261     2.842
[4265].in[1] (.names)                                            0.738     3.580
[4265].out[0] (.names)                                           0.261     3.841
n_n2483.in[1] (.names)                                           0.348     4.189
n_n2483.out[0] (.names)                                          0.261     4.450
[4442].in[0] (.names)                                            0.348     4.798
[4442].out[0] (.names)                                           0.261     5.059
[5173].in[3] (.names)                                            0.270     5.329
[5173].out[0] (.names)                                           0.261     5.590
[19520].in[4] (.names)                                           0.345     5.935
[19520].out[0] (.names)                                          0.261     6.196
[5162].in[4] (.names)                                            0.345     6.541
[5162].out[0] (.names)                                           0.261     6.802
[19490].in[4] (.names)                                           0.421     7.223
[19490].out[0] (.names)                                          0.261     7.484
[19367].in[3] (.names)                                           0.345     7.828
[19367].out[0] (.names)                                          0.261     8.089
[7409].in[4] (.names)                                            0.504     8.594
[7409].out[0] (.names)                                           0.261     8.855
[7400].D[0] (.latch)                                             0.000     8.855
data arrival time                                                          8.855

clock pclk (rise edge)                                           0.000     0.000
clock source latency                                             0.000     0.000
pclk.inpad[0] (.input)                                           0.000     0.000
[7400].clk[0] (.latch)                                           0.042     0.042
clock uncertainty                                                0.000     0.042
cell setup time                                                 -0.066    -0.024
data required time                                                        -0.024
--------------------------------------------------------------------------------
data required time                                                        -0.024
data arrival time                                                         -8.855
--------------------------------------------------------------------------------
slack (VIOLATED)                                                          -8.878


#Path 8
Startpoint: [17752].Q[0] (.latch clocked by pclk)
Endpoint  : [8735].D[0] (.latch clocked by pclk)
Path Type : setup

Point                                                             Incr      Path
--------------------------------------------------------------------------------
clock pclk (rise edge)                                           0.000     0.000
clock source latency                                             0.000     0.000
pclk.inpad[0] (.input)                                           0.000     0.000
[17752].clk[0] (.latch)                                          0.042     0.042
[17752].Q[0] (.latch) [clock-to-output]                          0.124     0.166
[5541].in[4] (.names)                                            0.441     0.607
[5541].out[0] (.names)                                           0.261     0.868
[17555].in[0] (.names)                                           0.345     1.213
[17555].out[0] (.names)                                          0.261     1.474
[17559].in[5] (.names)                                           0.421     1.895
[17559].out[0] (.names)                                          0.261     2.156
nrq20_3.in[0] (.names)                                           0.425     2.581
nrq20_3.out[0] (.names)                                          0.261     2.842
[4265].in[1] (.names)                                            0.738     3.580
[4265].out[0] (.names)                                           0.261     3.841
n_n2483.in[1] (.names)                                           0.348     4.189
n_n2483.out[0] (.names)                                          0.261     4.450
[4442].in[0] (.names)                                            0.348     4.798
[4442].out[0] (.names)                                           0.261     5.059
[5173].in[3] (.names)                                            0.270     5.329
[5173].out[0] (.names)                                           0.261     5.590
[19520].in[4] (.names)                                           0.345     5.935
[19520].out[0] (.names)                                          0.261     6.196
[5162].in[4] (.names)                                            0.345     6.541
[5162].out[0] (.names)                                           0.261     6.802
[19490].in[4] (.names)                                           0.421     7.223
[19490].out[0] (.names)                                          0.261     7.484
[19367].in[3] (.names)                                           0.345     7.828
[19367].out[0] (.names)                                          0.261     8.089
[8744].in[2] (.names)                                            0.426     8.516
[8744].out[0] (.names)                                           0.261     8.777
[8735].D[0] (.latch)                                             0.000     8.777
data arrival time                                                          8.777

clock pclk (rise edge)                                           0.000     0.000
clock source latency                                             0.000     0.000
pclk.inpad[0] (.input)                                           0.000     0.000
[8735].clk[0] (.latch)                                           0.042     0.042
clock uncertainty                                                0.000     0.042
cell setup time                                                 -0.066    -0.024
data required time                                                        -0.024
--------------------------------------------------------------------------------
data required time                                                        -0.024
data arrival time                                                         -8.777
--------------------------------------------------------------------------------
slack (VIOLATED)                                                          -8.800


#Path 9
Startpoint: [17752].Q[0] (.latch clocked by pclk)
Endpoint  : [11375].D[0] (.latch clocked by pclk)
Path Type : setup

Point                                                             Incr      Path
--------------------------------------------------------------------------------
clock pclk (rise edge)                                           0.000     0.000
clock source latency                                             0.000     0.000
pclk.inpad[0] (.input)                                           0.000     0.000
[17752].clk[0] (.latch)                                          0.042     0.042
[17752].Q[0] (.latch) [clock-to-output]                          0.124     0.166
[5541].in[4] (.names)                                            0.441     0.607
[5541].out[0] (.names)                                           0.261     0.868
[17555].in[0] (.names)                                           0.345     1.213
[17555].out[0] (.names)                                          0.261     1.474
[17559].in[5] (.names)                                           0.421     1.895
[17559].out[0] (.names)                                          0.261     2.156
nrq20_3.in[0] (.names)                                           0.425     2.581
nrq20_3.out[0] (.names)                                          0.261     2.842
[4265].in[1] (.names)                                            0.738     3.580
[4265].out[0] (.names)                                           0.261     3.841
n_n2483.in[1] (.names)                                           0.348     4.189
n_n2483.out[0] (.names)                                          0.261     4.450
[4442].in[0] (.names)                                            0.348     4.798
[4442].out[0] (.names)                                           0.261     5.059
[5173].in[3] (.names)                                            0.270     5.329
[5173].out[0] (.names)                                           0.261     5.590
[19520].in[4] (.names)                                           0.345     5.935
[19520].out[0] (.names)                                          0.261     6.196
[5162].in[4] (.names)                                            0.345     6.541
[5162].out[0] (.names)                                           0.261     6.802
[19490].in[4] (.names)                                           0.421     7.223
[19490].out[0] (.names)                                          0.261     7.484
[19367].in[3] (.names)                                           0.345     7.828
[19367].out[0] (.names)                                          0.261     8.089
[11384].in[2] (.names)                                           0.426     8.516
[11384].out[0] (.names)                                          0.261     8.777
[11375].D[0] (.latch)                                            0.000     8.777
data arrival time                                                          8.777

clock pclk (rise edge)                                           0.000     0.000
clock source latency                                             0.000     0.000
pclk.inpad[0] (.input)                                           0.000     0.000
[11375].clk[0] (.latch)                                          0.042     0.042
clock uncertainty                                                0.000     0.042
cell setup time                                                 -0.066    -0.024
data required time                                                        -0.024
--------------------------------------------------------------------------------
data required time                                                        -0.024
data arrival time                                                         -8.777
--------------------------------------------------------------------------------
slack (VIOLATED)                                                          -8.800


#Path 10
Startpoint: [17752].Q[0] (.latch clocked by pclk)
Endpoint  : [13070].D[0] (.latch clocked by pclk)
Path Type : setup

Point                                                             Incr      Path
--------------------------------------------------------------------------------
clock pclk (rise edge)                                           0.000     0.000
clock source latency                                             0.000     0.000
pclk.inpad[0] (.input)                                           0.000     0.000
[17752].clk[0] (.latch)                                          0.042     0.042
[17752].Q[0] (.latch) [clock-to-output]                          0.124     0.166
[5541].in[4] (.names)                                            0.441     0.607
[5541].out[0] (.names)                                           0.261     0.868
[17555].in[0] (.names)                                           0.345     1.213
[17555].out[0] (.names)                                          0.261     1.474
[17559].in[5] (.names)                                           0.421     1.895
[17559].out[0] (.names)                                          0.261     2.156
nrq20_3.in[0] (.names)                                           0.425     2.581
nrq20_3.out[0] (.names)                                          0.261     2.842
[4265].in[1] (.names)                                            0.738     3.580
[4265].out[0] (.names)                                           0.261     3.841
n_n2483.in[1] (.names)                                           0.348     4.189
n_n2483.out[0] (.names)                                          0.261     4.450
[4442].in[0] (.names)                                            0.348     4.798
[4442].out[0] (.names)                                           0.261     5.059
[5173].in[3] (.names)                                            0.270     5.329
[5173].out[0] (.names)                                           0.261     5.590
[19520].in[4] (.names)                                           0.345     5.935
[19520].out[0] (.names)                                          0.261     6.196
[5162].in[4] (.names)                                            0.345     6.541
[5162].out[0] (.names)                                           0.261     6.802
[19490].in[4] (.names)                                           0.421     7.223
[19490].out[0] (.names)                                          0.261     7.484
[19367].in[3] (.names)                                           0.345     7.828
[19367].out[0] (.names)                                          0.261     8.089
[13079].in[2] (.names)                                           0.426     8.516
[13079].out[0] (.names)                                          0.261     8.777
[13070].D[0] (.latch)                                            0.000     8.777
data arrival time                                                          8.777

clock pclk (rise edge)                                           0.000     0.000
clock source latency                                             0.000     0.000
pclk.inpad[0] (.input)                                           0.000     0.000
[13070].clk[0] (.latch)                                          0.042     0.042
clock uncertainty                                                0.000     0.042
cell setup time                                                 -0.066    -0.024
data required time                                                        -0.024
--------------------------------------------------------------------------------
data required time                                                        -0.024
data arrival time                                                         -8.777
--------------------------------------------------------------------------------
slack (VIOLATED)                                                          -8.800


#Path 11
Startpoint: [17752].Q[0] (.latch clocked by pclk)
Endpoint  : [13370].D[0] (.latch clocked by pclk)
Path Type : setup

Point                                                             Incr      Path
--------------------------------------------------------------------------------
clock pclk (rise edge)                                           0.000     0.000
clock source latency                                             0.000     0.000
pclk.inpad[0] (.input)                                           0.000     0.000
[17752].clk[0] (.latch)                                          0.042     0.042
[17752].Q[0] (.latch) [clock-to-output]                          0.124     0.166
[5541].in[4] (.names)                                            0.441     0.607
[5541].out[0] (.names)                                           0.261     0.868
[17555].in[0] (.names)                                           0.345     1.213
[17555].out[0] (.names)                                          0.261     1.474
[17559].in[5] (.names)                                           0.421     1.895
[17559].out[0] (.names)                                          0.261     2.156
nrq20_3.in[0] (.names)                                           0.425     2.581
nrq20_3.out[0] (.names)                                          0.261     2.842
[4265].in[1] (.names)                                            0.738     3.580
[4265].out[0] (.names)                                           0.261     3.841
n_n2483.in[1] (.names)                                           0.348     4.189
n_n2483.out[0] (.names)                                          0.261     4.450
[4442].in[0] (.names)                                            0.348     4.798
[4442].out[0] (.names)                                           0.261     5.059
[5173].in[3] (.names)                                            0.270     5.329
[5173].out[0] (.names)                                           0.261     5.590
[19520].in[4] (.names)                                           0.345     5.935
[19520].out[0] (.names)                                          0.261     6.196
[5162].in[4] (.names)                                            0.345     6.541
[5162].out[0] (.names)                                           0.261     6.802
[19490].in[4] (.names)                                           0.421     7.223
[19490].out[0] (.names)                                          0.261     7.484
[19367].in[3] (.names)                                           0.345     7.828
[19367].out[0] (.names)                                          0.261     8.089
[13379].in[2] (.names)                                           0.426     8.516
[13379].out[0] (.names)                                          0.261     8.777
[13370].D[0] (.latch)                                            0.000     8.777
data arrival time                                                          8.777

clock pclk (rise edge)                                           0.000     0.000
clock source latency                                             0.000     0.000
pclk.inpad[0] (.input)                                           0.000     0.000
[13370].clk[0] (.latch)                                          0.042     0.042
clock uncertainty                                                0.000     0.042
cell setup time                                                 -0.066    -0.024
data required time                                                        -0.024
--------------------------------------------------------------------------------
data required time                                                        -0.024
data arrival time                                                         -8.777
--------------------------------------------------------------------------------
slack (VIOLATED)                                                          -8.800


#Path 12
Startpoint: [17752].Q[0] (.latch clocked by pclk)
Endpoint  : [16070].D[0] (.latch clocked by pclk)
Path Type : setup

Point                                                             Incr      Path
--------------------------------------------------------------------------------
clock pclk (rise edge)                                           0.000     0.000
clock source latency                                             0.000     0.000
pclk.inpad[0] (.input)                                           0.000     0.000
[17752].clk[0] (.latch)                                          0.042     0.042
[17752].Q[0] (.latch) [clock-to-output]                          0.124     0.166
[5541].in[4] (.names)                                            0.441     0.607
[5541].out[0] (.names)                                           0.261     0.868
[17555].in[0] (.names)                                           0.345     1.213
[17555].out[0] (.names)                                          0.261     1.474
[17559].in[5] (.names)                                           0.421     1.895
[17559].out[0] (.names)                                          0.261     2.156
nrq20_3.in[0] (.names)                                           0.425     2.581
nrq20_3.out[0] (.names)                                          0.261     2.842
[4265].in[1] (.names)                                            0.738     3.580
[4265].out[0] (.names)                                           0.261     3.841
n_n2483.in[1] (.names)                                           0.348     4.189
n_n2483.out[0] (.names)                                          0.261     4.450
[4442].in[0] (.names)                                            0.348     4.798
[4442].out[0] (.names)                                           0.261     5.059
[5173].in[3] (.names)                                            0.270     5.329
[5173].out[0] (.names)                                           0.261     5.590
[19520].in[4] (.names)                                           0.345     5.935
[19520].out[0] (.names)                                          0.261     6.196
[5162].in[4] (.names)                                            0.345     6.541
[5162].out[0] (.names)                                           0.261     6.802
[19490].in[4] (.names)                                           0.421     7.223
[19490].out[0] (.names)                                          0.261     7.484
[19367].in[3] (.names)                                           0.345     7.828
[19367].out[0] (.names)                                          0.261     8.089
[16079].in[2] (.names)                                           0.426     8.516
[16079].out[0] (.names)                                          0.261     8.777
[16070].D[0] (.latch)                                            0.000     8.777
data arrival time                                                          8.777

clock pclk (rise edge)                                           0.000     0.000
clock source latency                                             0.000     0.000
pclk.inpad[0] (.input)                                           0.000     0.000
[16070].clk[0] (.latch)                                          0.042     0.042
clock uncertainty                                                0.000     0.042
cell setup time                                                 -0.066    -0.024
data required time                                                        -0.024
--------------------------------------------------------------------------------
data required time                                                        -0.024
data arrival time                                                         -8.777
--------------------------------------------------------------------------------
slack (VIOLATED)                                                          -8.800


#Path 13
Startpoint: [17752].Q[0] (.latch clocked by pclk)
Endpoint  : [5435].D[0] (.latch clocked by pclk)
Path Type : setup

Point                                                             Incr      Path
--------------------------------------------------------------------------------
clock pclk (rise edge)                                           0.000     0.000
clock source latency                                             0.000     0.000
pclk.inpad[0] (.input)                                           0.000     0.000
[17752].clk[0] (.latch)                                          0.042     0.042
[17752].Q[0] (.latch) [clock-to-output]                          0.124     0.166
[5541].in[4] (.names)                                            0.441     0.607
[5541].out[0] (.names)                                           0.261     0.868
[17555].in[0] (.names)                                           0.345     1.213
[17555].out[0] (.names)                                          0.261     1.474
[17559].in[5] (.names)                                           0.421     1.895
[17559].out[0] (.names)                                          0.261     2.156
nrq20_3.in[0] (.names)                                           0.425     2.581
nrq20_3.out[0] (.names)                                          0.261     2.842
[4265].in[1] (.names)                                            0.738     3.580
[4265].out[0] (.names)                                           0.261     3.841
n_n2483.in[1] (.names)                                           0.348     4.189
n_n2483.out[0] (.names)                                          0.261     4.450
[4442].in[0] (.names)                                            0.348     4.798
[4442].out[0] (.names)                                           0.261     5.059
[5173].in[3] (.names)                                            0.270     5.329
[5173].out[0] (.names)                                           0.261     5.590
[19520].in[4] (.names)                                           0.345     5.935
[19520].out[0] (.names)                                          0.261     6.196
[5162].in[4] (.names)                                            0.345     6.541
[5162].out[0] (.names)                                           0.261     6.802
[19490].in[4] (.names)                                           0.421     7.223
[19490].out[0] (.names)                                          0.261     7.484
[19367].in[3] (.names)                                           0.345     7.828
[19367].out[0] (.names)                                          0.261     8.089
[5444].in[3] (.names)                                            0.426     8.516
[5444].out[0] (.names)                                           0.261     8.777
[5435].D[0] (.latch)                                             0.000     8.777
data arrival time                                                          8.777

clock pclk (rise edge)                                           0.000     0.000
clock source latency                                             0.000     0.000
pclk.inpad[0] (.input)                                           0.000     0.000
[5435].clk[0] (.latch)                                           0.042     0.042
clock uncertainty                                                0.000     0.042
cell setup time                                                 -0.066    -0.024
data required time                                                        -0.024
--------------------------------------------------------------------------------
data required time                                                        -0.024
data arrival time                                                         -8.777
--------------------------------------------------------------------------------
slack (VIOLATED)                                                          -8.800


#Path 14
Startpoint: [17752].Q[0] (.latch clocked by pclk)
Endpoint  : [6755].D[0] (.latch clocked by pclk)
Path Type : setup

Point                                                             Incr      Path
--------------------------------------------------------------------------------
clock pclk (rise edge)                                           0.000     0.000
clock source latency                                             0.000     0.000
pclk.inpad[0] (.input)                                           0.000     0.000
[17752].clk[0] (.latch)                                          0.042     0.042
[17752].Q[0] (.latch) [clock-to-output]                          0.124     0.166
[5541].in[4] (.names)                                            0.441     0.607
[5541].out[0] (.names)                                           0.261     0.868
[17555].in[0] (.names)                                           0.345     1.213
[17555].out[0] (.names)                                          0.261     1.474
[17559].in[5] (.names)                                           0.421     1.895
[17559].out[0] (.names)                                          0.261     2.156
nrq20_3.in[0] (.names)                                           0.425     2.581
nrq20_3.out[0] (.names)                                          0.261     2.842
[4265].in[1] (.names)                                            0.738     3.580
[4265].out[0] (.names)                                           0.261     3.841
n_n2483.in[1] (.names)                                           0.348     4.189
n_n2483.out[0] (.names)                                          0.261     4.450
[4442].in[0] (.names)                                            0.348     4.798
[4442].out[0] (.names)                                           0.261     5.059
[5173].in[3] (.names)                                            0.270     5.329
[5173].out[0] (.names)                                           0.261     5.590
[19520].in[4] (.names)                                           0.345     5.935
[19520].out[0] (.names)                                          0.261     6.196
[5162].in[4] (.names)                                            0.345     6.541
[5162].out[0] (.names)                                           0.261     6.802
[19490].in[4] (.names)                                           0.421     7.223
[19490].out[0] (.names)                                          0.261     7.484
[19474].in[3] (.names)                                           0.421     7.905
[19474].out[0] (.names)                                          0.261     8.166
[6764].in[3] (.names)                                            0.345     8.510
[6764].out[0] (.names)                                           0.261     8.771
[6755].D[0] (.latch)                                             0.000     8.771
data arrival time                                                          8.771

clock pclk (rise edge)                                           0.000     0.000
clock source latency                                             0.000     0.000
pclk.inpad[0] (.input)                                           0.000     0.000
[6755].clk[0] (.latch)                                           0.042     0.042
clock uncertainty                                                0.000     0.042
cell setup time                                                 -0.066    -0.024
data required time                                                        -0.024
--------------------------------------------------------------------------------
data required time                                                        -0.024
data arrival time                                                         -8.771
--------------------------------------------------------------------------------
slack (VIOLATED)                                                          -8.795


#Path 15
Startpoint: [17752].Q[0] (.latch clocked by pclk)
Endpoint  : [7355].D[0] (.latch clocked by pclk)
Path Type : setup

Point                                                             Incr      Path
--------------------------------------------------------------------------------
clock pclk (rise edge)                                           0.000     0.000
clock source latency                                             0.000     0.000
pclk.inpad[0] (.input)                                           0.000     0.000
[17752].clk[0] (.latch)                                          0.042     0.042
[17752].Q[0] (.latch) [clock-to-output]                          0.124     0.166
[5541].in[4] (.names)                                            0.441     0.607
[5541].out[0] (.names)                                           0.261     0.868
[17555].in[0] (.names)                                           0.345     1.213
[17555].out[0] (.names)                                          0.261     1.474
[17559].in[5] (.names)                                           0.421     1.895
[17559].out[0] (.names)                                          0.261     2.156
nrq20_3.in[0] (.names)                                           0.425     2.581
nrq20_3.out[0] (.names)                                          0.261     2.842
[4265].in[1] (.names)                                            0.738     3.580
[4265].out[0] (.names)                                           0.261     3.841
n_n2483.in[1] (.names)                                           0.348     4.189
n_n2483.out[0] (.names)                                          0.261     4.450
[4442].in[0] (.names)                                            0.348     4.798
[4442].out[0] (.names)                                           0.261     5.059
[5173].in[3] (.names)                                            0.270     5.329
[5173].out[0] (.names)                                           0.261     5.590
[19520].in[4] (.names)                                           0.345     5.935
[19520].out[0] (.names)                                          0.261     6.196
[5162].in[4] (.names)                                            0.345     6.541
[5162].out[0] (.names)                                           0.261     6.802
[19490].in[4] (.names)                                           0.421     7.223
[19490].out[0] (.names)                                          0.261     7.484
[19474].in[3] (.names)                                           0.421     7.905
[19474].out[0] (.names)                                          0.261     8.166
[7364].in[3] (.names)                                            0.345     8.510
[7364].out[0] (.names)                                           0.261     8.771
[7355].D[0] (.latch)                                             0.000     8.771
data arrival time                                                          8.771

clock pclk (rise edge)                                           0.000     0.000
clock source latency                                             0.000     0.000
pclk.inpad[0] (.input)                                           0.000     0.000
[7355].clk[0] (.latch)                                           0.042     0.042
clock uncertainty                                                0.000     0.042
cell setup time                                                 -0.066    -0.024
data required time                                                        -0.024
--------------------------------------------------------------------------------
data required time                                                        -0.024
data arrival time                                                         -8.771
--------------------------------------------------------------------------------
slack (VIOLATED)                                                          -8.795


#Path 16
Startpoint: [17752].Q[0] (.latch clocked by pclk)
Endpoint  : [10340].D[0] (.latch clocked by pclk)
Path Type : setup

Point                                                             Incr      Path
--------------------------------------------------------------------------------
clock pclk (rise edge)                                           0.000     0.000
clock source latency                                             0.000     0.000
pclk.inpad[0] (.input)                                           0.000     0.000
[17752].clk[0] (.latch)                                          0.042     0.042
[17752].Q[0] (.latch) [clock-to-output]                          0.124     0.166
[5541].in[4] (.names)                                            0.441     0.607
[5541].out[0] (.names)                                           0.261     0.868
[17555].in[0] (.names)                                           0.345     1.213
[17555].out[0] (.names)                                          0.261     1.474
[17559].in[5] (.names)                                           0.421     1.895
[17559].out[0] (.names)                                          0.261     2.156
nrq20_3.in[0] (.names)                                           0.425     2.581
nrq20_3.out[0] (.names)                                          0.261     2.842
[4265].in[1] (.names)                                            0.738     3.580
[4265].out[0] (.names)                                           0.261     3.841
n_n2483.in[1] (.names)                                           0.348     4.189
n_n2483.out[0] (.names)                                          0.261     4.450
[4442].in[0] (.names)                                            0.348     4.798
[4442].out[0] (.names)                                           0.261     5.059
[5173].in[3] (.names)                                            0.270     5.329
[5173].out[0] (.names)                                           0.261     5.590
[19520].in[4] (.names)                                           0.345     5.935
[19520].out[0] (.names)                                          0.261     6.196
[5162].in[4] (.names)                                            0.345     6.541
[5162].out[0] (.names)                                           0.261     6.802
[19490].in[4] (.names)                                           0.421     7.223
[19490].out[0] (.names)                                          0.261     7.484
[3481].in[4] (.names)                                            0.345     7.828
[3481].out[0] (.names)                                           0.261     8.089
[10349].in[4] (.names)                                           0.348     8.438
[10349].out[0] (.names)                                          0.261     8.699
[10340].D[0] (.latch)                                            0.000     8.699
data arrival time                                                          8.699

clock pclk (rise edge)                                           0.000     0.000
clock source latency                                             0.000     0.000
pclk.inpad[0] (.input)                                           0.000     0.000
[10340].clk[0] (.latch)                                          0.042     0.042
clock uncertainty                                                0.000     0.042
cell setup time                                                 -0.066    -0.024
data required time                                                        -0.024
--------------------------------------------------------------------------------
data required time                                                        -0.024
data arrival time                                                         -8.699
--------------------------------------------------------------------------------
slack (VIOLATED)                                                          -8.722


#Path 17
Startpoint: [17752].Q[0] (.latch clocked by pclk)
Endpoint  : [14270].D[0] (.latch clocked by pclk)
Path Type : setup

Point                                                             Incr      Path
--------------------------------------------------------------------------------
clock pclk (rise edge)                                           0.000     0.000
clock source latency                                             0.000     0.000
pclk.inpad[0] (.input)                                           0.000     0.000
[17752].clk[0] (.latch)                                          0.042     0.042
[17752].Q[0] (.latch) [clock-to-output]                          0.124     0.166
[5541].in[4] (.names)                                            0.441     0.607
[5541].out[0] (.names)                                           0.261     0.868
[17555].in[0] (.names)                                           0.345     1.213
[17555].out[0] (.names)                                          0.261     1.474
[17559].in[5] (.names)                                           0.421     1.895
[17559].out[0] (.names)                                          0.261     2.156
nen24_7.in[1] (.names)                                           0.501     2.657
nen24_7.out[0] (.names)                                          0.261     2.918
[17925].in[2] (.names)                                           0.651     3.569
[17925].out[0] (.names)                                          0.261     3.830
[19153].in[5] (.names)                                           0.805     4.636
[19153].out[0] (.names)                                          0.261     4.897
[19157].in[2] (.names)                                           0.348     5.245
[19157].out[0] (.names)                                          0.261     5.506
[19221].in[2] (.names)                                           0.100     5.606
[19221].out[0] (.names)                                          0.261     5.867
[19227].in[2] (.names)                                           0.100     5.967
[19227].out[0] (.names)                                          0.261     6.228
[19232].in[2] (.names)                                           0.100     6.328
[19232].out[0] (.names)                                          0.261     6.589
[19215].in[2] (.names)                                           0.345     6.934
[19215].out[0] (.names)                                          0.261     7.195
[19068].in[5] (.names)                                           0.100     7.295
[19068].out[0] (.names)                                          0.261     7.556
[14279].in[3] (.names)                                           0.802     8.358
[14279].out[0] (.names)                                          0.261     8.619
[14270].D[0] (.latch)                                            0.000     8.619
data arrival time                                                          8.619

clock pclk (rise edge)                                           0.000     0.000
clock source latency                                             0.000     0.000
pclk.inpad[0] (.input)                                           0.000     0.000
[14270].clk[0] (.latch)                                          0.042     0.042
clock uncertainty                                                0.000     0.042
cell setup time                                                 -0.066    -0.024
data required time                                                        -0.024
--------------------------------------------------------------------------------
data required time                                                        -0.024
data arrival time                                                         -8.619
--------------------------------------------------------------------------------
slack (VIOLATED)                                                          -8.642


#Path 18
Startpoint: [17752].Q[0] (.latch clocked by pclk)
Endpoint  : paddress_10_10_.D[0] (.latch clocked by pclk)
Path Type : setup

Point                                                             Incr      Path
--------------------------------------------------------------------------------
clock pclk (rise edge)                                           0.000     0.000
clock source latency                                             0.000     0.000
pclk.inpad[0] (.input)                                           0.000     0.000
[17752].clk[0] (.latch)                                          0.042     0.042
[17752].Q[0] (.latch) [clock-to-output]                          0.124     0.166
[5541].in[4] (.names)                                            0.441     0.607
[5541].out[0] (.names)                                           0.261     0.868
[17555].in[0] (.names)                                           0.345     1.213
[17555].out[0] (.names)                                          0.261     1.474
[17559].in[5] (.names)                                           0.421     1.895
[17559].out[0] (.names)                                          0.261     2.156
nen23_6.in[1] (.names)                                           0.424     2.580
nen23_6.out[0] (.names)                                          0.261     2.841
[4486].in[3] (.names)                                            0.812     3.653
[4486].out[0] (.names)                                           0.261     3.914
[4378].in[3] (.names)                                            0.886     4.800
[4378].out[0] (.names)                                           0.261     5.061
[18867].in[5] (.names)                                           2.741     7.803
[18867].out[0] (.names)                                          0.261     8.064
[17476].in[1] (.names)                                           0.270     8.334
[17476].out[0] (.names)                                          0.261     8.595
paddress_10_10_.D[0] (.latch)                                    0.000     8.595
data arrival time                                                          8.595

clock pclk (rise edge)                                           0.000     0.000
clock source latency                                             0.000     0.000
pclk.inpad[0] (.input)                                           0.000     0.000
paddress_10_10_.clk[0] (.latch)                                  0.042     0.042
clock uncertainty                                                0.000     0.042
cell setup time                                                 -0.066    -0.024
data required time                                                        -0.024
--------------------------------------------------------------------------------
data required time                                                        -0.024
data arrival time                                                         -8.595
--------------------------------------------------------------------------------
slack (VIOLATED)                                                          -8.619


#Path 19
Startpoint: [17752].Q[0] (.latch clocked by pclk)
Endpoint  : [6050].D[0] (.latch clocked by pclk)
Path Type : setup

Point                                                             Incr      Path
--------------------------------------------------------------------------------
clock pclk (rise edge)                                           0.000     0.000
clock source latency                                             0.000     0.000
pclk.inpad[0] (.input)                                           0.000     0.000
[17752].clk[0] (.latch)                                          0.042     0.042
[17752].Q[0] (.latch) [clock-to-output]                          0.124     0.166
[5541].in[4] (.names)                                            0.441     0.607
[5541].out[0] (.names)                                           0.261     0.868
[17555].in[0] (.names)                                           0.345     1.213
[17555].out[0] (.names)                                          0.261     1.474
[17559].in[5] (.names)                                           0.421     1.895
[17559].out[0] (.names)                                          0.261     2.156
nrq20_3.in[0] (.names)                                           0.425     2.581
nrq20_3.out[0] (.names)                                          0.261     2.842
[4265].in[1] (.names)                                            0.738     3.580
[4265].out[0] (.names)                                           0.261     3.841
n_n2483.in[1] (.names)                                           0.348     4.189
n_n2483.out[0] (.names)                                          0.261     4.450
[4442].in[0] (.names)                                            0.348     4.798
[4442].out[0] (.names)                                           0.261     5.059
[5173].in[3] (.names)                                            0.270     5.329
[5173].out[0] (.names)                                           0.261     5.590
[19520].in[4] (.names)                                           0.345     5.935
[19520].out[0] (.names)                                          0.261     6.196
[5162].in[4] (.names)                                            0.345     6.541
[5162].out[0] (.names)                                           0.261     6.802
[19490].in[4] (.names)                                           0.421     7.223
[19490].out[0] (.names)                                          0.261     7.484
[4494].in[4] (.names)                                            0.425     7.908
[4494].out[0] (.names)                                           0.261     8.169
[6059].in[4] (.names)                                            0.100     8.269
[6059].out[0] (.names)                                           0.261     8.530
[6050].D[0] (.latch)                                             0.000     8.530
data arrival time                                                          8.530

clock pclk (rise edge)                                           0.000     0.000
clock source latency                                             0.000     0.000
pclk.inpad[0] (.input)                                           0.000     0.000
[6050].clk[0] (.latch)                                           0.042     0.042
clock uncertainty                                                0.000     0.042
cell setup time                                                 -0.066    -0.024
data required time                                                        -0.024
--------------------------------------------------------------------------------
data required time                                                        -0.024
data arrival time                                                         -8.530
--------------------------------------------------------------------------------
slack (VIOLATED)                                                          -8.554


#Path 20
Startpoint: [17752].Q[0] (.latch clocked by pclk)
Endpoint  : [4730].D[0] (.latch clocked by pclk)
Path Type : setup

Point                                                             Incr      Path
--------------------------------------------------------------------------------
clock pclk (rise edge)                                           0.000     0.000
clock source latency                                             0.000     0.000
pclk.inpad[0] (.input)                                           0.000     0.000
[17752].clk[0] (.latch)                                          0.042     0.042
[17752].Q[0] (.latch) [clock-to-output]                          0.124     0.166
[5541].in[4] (.names)                                            0.441     0.607
[5541].out[0] (.names)                                           0.261     0.868
[17555].in[0] (.names)                                           0.345     1.213
[17555].out[0] (.names)                                          0.261     1.474
[17559].in[5] (.names)                                           0.421     1.895
[17559].out[0] (.names)                                          0.261     2.156
nrq20_3.in[0] (.names)                                           0.425     2.581
nrq20_3.out[0] (.names)                                          0.261     2.842
[4265].in[1] (.names)                                            0.738     3.580
[4265].out[0] (.names)                                           0.261     3.841
n_n2483.in[1] (.names)                                           0.348     4.189
n_n2483.out[0] (.names)                                          0.261     4.450
[4442].in[0] (.names)                                            0.348     4.798
[4442].out[0] (.names)                                           0.261     5.059
[5173].in[3] (.names)                                            0.270     5.329
[5173].out[0] (.names)                                           0.261     5.590
[19520].in[4] (.names)                                           0.345     5.935
[19520].out[0] (.names)                                          0.261     6.196
[5162].in[4] (.names)                                            0.345     6.541
[5162].out[0] (.names)                                           0.261     6.802
[19490].in[4] (.names)                                           0.421     7.223
[19490].out[0] (.names)                                          0.261     7.484
[19474].in[3] (.names)                                           0.421     7.905
[19474].out[0] (.names)                                          0.261     8.166
[4739].in[3] (.names)                                            0.100     8.266
[4739].out[0] (.names)                                           0.261     8.527
[4730].D[0] (.latch)                                             0.000     8.527
data arrival time                                                          8.527

clock pclk (rise edge)                                           0.000     0.000
clock source latency                                             0.000     0.000
pclk.inpad[0] (.input)                                           0.000     0.000
[4730].clk[0] (.latch)                                           0.042     0.042
clock uncertainty                                                0.000     0.042
cell setup time                                                 -0.066    -0.024
data required time                                                        -0.024
--------------------------------------------------------------------------------
data required time                                                        -0.024
data arrival time                                                         -8.527
--------------------------------------------------------------------------------
slack (VIOLATED)                                                          -8.550


#Path 21
Startpoint: [17752].Q[0] (.latch clocked by pclk)
Endpoint  : [15725].D[0] (.latch clocked by pclk)
Path Type : setup

Point                                                             Incr      Path
--------------------------------------------------------------------------------
clock pclk (rise edge)                                           0.000     0.000
clock source latency                                             0.000     0.000
pclk.inpad[0] (.input)                                           0.000     0.000
[17752].clk[0] (.latch)                                          0.042     0.042
[17752].Q[0] (.latch) [clock-to-output]                          0.124     0.166
[5541].in[4] (.names)                                            0.441     0.607
[5541].out[0] (.names)                                           0.261     0.868
[17555].in[0] (.names)                                           0.345     1.213
[17555].out[0] (.names)                                          0.261     1.474
[17559].in[5] (.names)                                           0.421     1.895
[17559].out[0] (.names)                                          0.261     2.156
nrq20_3.in[0] (.names)                                           0.425     2.581
nrq20_3.out[0] (.names)                                          0.261     2.842
[4265].in[1] (.names)                                            0.738     3.580
[4265].out[0] (.names)                                           0.261     3.841
n_n2483.in[1] (.names)                                           0.348     4.189
n_n2483.out[0] (.names)                                          0.261     4.450
[4442].in[0] (.names)                                            0.348     4.798
[4442].out[0] (.names)                                           0.261     5.059
[5173].in[3] (.names)                                            0.270     5.329
[5173].out[0] (.names)                                           0.261     5.590
[19520].in[4] (.names)                                           0.345     5.935
[19520].out[0] (.names)                                          0.261     6.196
[5162].in[4] (.names)                                            0.345     6.541
[5162].out[0] (.names)                                           0.261     6.802
[19490].in[4] (.names)                                           0.421     7.223
[19490].out[0] (.names)                                          0.261     7.484
[19474].in[3] (.names)                                           0.421     7.905
[19474].out[0] (.names)                                          0.261     8.166
[15734].in[3] (.names)                                           0.100     8.266
[15734].out[0] (.names)                                          0.261     8.527
[15725].D[0] (.latch)                                            0.000     8.527
data arrival time                                                          8.527

clock pclk (rise edge)                                           0.000     0.000
clock source latency                                             0.000     0.000
pclk.inpad[0] (.input)                                           0.000     0.000
[15725].clk[0] (.latch)                                          0.042     0.042
clock uncertainty                                                0.000     0.042
cell setup time                                                 -0.066    -0.024
data required time                                                        -0.024
--------------------------------------------------------------------------------
data required time                                                        -0.024
data arrival time                                                         -8.527
--------------------------------------------------------------------------------
slack (VIOLATED)                                                          -8.550


#Path 22
Startpoint: [17752].Q[0] (.latch clocked by pclk)
Endpoint  : [15320].D[0] (.latch clocked by pclk)
Path Type : setup

Point                                                             Incr      Path
--------------------------------------------------------------------------------
clock pclk (rise edge)                                           0.000     0.000
clock source latency                                             0.000     0.000
pclk.inpad[0] (.input)                                           0.000     0.000
[17752].clk[0] (.latch)                                          0.042     0.042
[17752].Q[0] (.latch) [clock-to-output]                          0.124     0.166
[5541].in[4] (.names)                                            0.441     0.607
[5541].out[0] (.names)                                           0.261     0.868
[17555].in[0] (.names)                                           0.345     1.213
[17555].out[0] (.names)                                          0.261     1.474
[17559].in[5] (.names)                                           0.421     1.895
[17559].out[0] (.names)                                          0.261     2.156
nrq20_3.in[0] (.names)                                           0.425     2.581
nrq20_3.out[0] (.names)                                          0.261     2.842
[4265].in[1] (.names)                                            0.738     3.580
[4265].out[0] (.names)                                           0.261     3.841
n_n2483.in[1] (.names)                                           0.348     4.189
n_n2483.out[0] (.names)                                          0.261     4.450
[4442].in[0] (.names)                                            0.348     4.798
[4442].out[0] (.names)                                           0.261     5.059
[5173].in[3] (.names)                                            0.270     5.329
[5173].out[0] (.names)                                           0.261     5.590
[19520].in[4] (.names)                                           0.345     5.935
[19520].out[0] (.names)                                          0.261     6.196
[5162].in[4] (.names)                                            0.345     6.541
[5162].out[0] (.names)                                           0.261     6.802
[19490].in[4] (.names)                                           0.421     7.223
[19490].out[0] (.names)                                          0.261     7.484
[19474].in[3] (.names)                                           0.421     7.905
[19474].out[0] (.names)                                          0.261     8.166
[15329].in[3] (.names)                                           0.100     8.266
[15329].out[0] (.names)                                          0.261     8.527
[15320].D[0] (.latch)                                            0.000     8.527
data arrival time                                                          8.527

clock pclk (rise edge)                                           0.000     0.000
clock source latency                                             0.000     0.000
pclk.inpad[0] (.input)                                           0.000     0.000
[15320].clk[0] (.latch)                                          0.042     0.042
clock uncertainty                                                0.000     0.042
cell setup time                                                 -0.066    -0.024
data required time                                                        -0.024
--------------------------------------------------------------------------------
data required time                                                        -0.024
data arrival time                                                         -8.527
--------------------------------------------------------------------------------
slack (VIOLATED)                                                          -8.550


#Path 23
Startpoint: [17752].Q[0] (.latch clocked by pclk)
Endpoint  : [13730].D[0] (.latch clocked by pclk)
Path Type : setup

Point                                                             Incr      Path
--------------------------------------------------------------------------------
clock pclk (rise edge)                                           0.000     0.000
clock source latency                                             0.000     0.000
pclk.inpad[0] (.input)                                           0.000     0.000
[17752].clk[0] (.latch)                                          0.042     0.042
[17752].Q[0] (.latch) [clock-to-output]                          0.124     0.166
[5541].in[4] (.names)                                            0.441     0.607
[5541].out[0] (.names)                                           0.261     0.868
[17555].in[0] (.names)                                           0.345     1.213
[17555].out[0] (.names)                                          0.261     1.474
[17559].in[5] (.names)                                           0.421     1.895
[17559].out[0] (.names)                                          0.261     2.156
nrq20_3.in[0] (.names)                                           0.425     2.581
nrq20_3.out[0] (.names)                                          0.261     2.842
[4265].in[1] (.names)                                            0.738     3.580
[4265].out[0] (.names)                                           0.261     3.841
n_n2483.in[1] (.names)                                           0.348     4.189
n_n2483.out[0] (.names)                                          0.261     4.450
[4442].in[0] (.names)                                            0.348     4.798
[4442].out[0] (.names)                                           0.261     5.059
[5173].in[3] (.names)                                            0.270     5.329
[5173].out[0] (.names)                                           0.261     5.590
[19520].in[4] (.names)                                           0.345     5.935
[19520].out[0] (.names)                                          0.261     6.196
[5162].in[4] (.names)                                            0.345     6.541
[5162].out[0] (.names)                                           0.261     6.802
[19490].in[4] (.names)                                           0.421     7.223
[19490].out[0] (.names)                                          0.261     7.484
[19474].in[3] (.names)                                           0.421     7.905
[19474].out[0] (.names)                                          0.261     8.166
[13739].in[3] (.names)                                           0.100     8.266
[13739].out[0] (.names)                                          0.261     8.527
[13730].D[0] (.latch)                                            0.000     8.527
data arrival time                                                          8.527

clock pclk (rise edge)                                           0.000     0.000
clock source latency                                             0.000     0.000
pclk.inpad[0] (.input)                                           0.000     0.000
[13730].clk[0] (.latch)                                          0.042     0.042
clock uncertainty                                                0.000     0.042
cell setup time                                                 -0.066    -0.024
data required time                                                        -0.024
--------------------------------------------------------------------------------
data required time                                                        -0.024
data arrival time                                                         -8.527
--------------------------------------------------------------------------------
slack (VIOLATED)                                                          -8.550


#Path 24
Startpoint: [17752].Q[0] (.latch clocked by pclk)
Endpoint  : [12365].D[0] (.latch clocked by pclk)
Path Type : setup

Point                                                             Incr      Path
--------------------------------------------------------------------------------
clock pclk (rise edge)                                           0.000     0.000
clock source latency                                             0.000     0.000
pclk.inpad[0] (.input)                                           0.000     0.000
[17752].clk[0] (.latch)                                          0.042     0.042
[17752].Q[0] (.latch) [clock-to-output]                          0.124     0.166
[5541].in[4] (.names)                                            0.441     0.607
[5541].out[0] (.names)                                           0.261     0.868
[17555].in[0] (.names)                                           0.345     1.213
[17555].out[0] (.names)                                          0.261     1.474
[17559].in[5] (.names)                                           0.421     1.895
[17559].out[0] (.names)                                          0.261     2.156
nrq20_3.in[0] (.names)                                           0.425     2.581
nrq20_3.out[0] (.names)                                          0.261     2.842
[4265].in[1] (.names)                                            0.738     3.580
[4265].out[0] (.names)                                           0.261     3.841
n_n2483.in[1] (.names)                                           0.348     4.189
n_n2483.out[0] (.names)                                          0.261     4.450
[4442].in[0] (.names)                                            0.348     4.798
[4442].out[0] (.names)                                           0.261     5.059
[5173].in[3] (.names)                                            0.270     5.329
[5173].out[0] (.names)                                           0.261     5.590
[19520].in[4] (.names)                                           0.345     5.935
[19520].out[0] (.names)                                          0.261     6.196
[5162].in[4] (.names)                                            0.345     6.541
[5162].out[0] (.names)                                           0.261     6.802
[19490].in[4] (.names)                                           0.421     7.223
[19490].out[0] (.names)                                          0.261     7.484
[19474].in[3] (.names)                                           0.421     7.905
[19474].out[0] (.names)                                          0.261     8.166
[12374].in[3] (.names)                                           0.100     8.266
[12374].out[0] (.names)                                          0.261     8.527
[12365].D[0] (.latch)                                            0.000     8.527
data arrival time                                                          8.527

clock pclk (rise edge)                                           0.000     0.000
clock source latency                                             0.000     0.000
pclk.inpad[0] (.input)                                           0.000     0.000
[12365].clk[0] (.latch)                                          0.042     0.042
clock uncertainty                                                0.000     0.042
cell setup time                                                 -0.066    -0.024
data required time                                                        -0.024
--------------------------------------------------------------------------------
data required time                                                        -0.024
data arrival time                                                         -8.527
--------------------------------------------------------------------------------
slack (VIOLATED)                                                          -8.550


#Path 25
Startpoint: [17752].Q[0] (.latch clocked by pclk)
Endpoint  : [11180].D[0] (.latch clocked by pclk)
Path Type : setup

Point                                                             Incr      Path
--------------------------------------------------------------------------------
clock pclk (rise edge)                                           0.000     0.000
clock source latency                                             0.000     0.000
pclk.inpad[0] (.input)                                           0.000     0.000
[17752].clk[0] (.latch)                                          0.042     0.042
[17752].Q[0] (.latch) [clock-to-output]                          0.124     0.166
[5541].in[4] (.names)                                            0.441     0.607
[5541].out[0] (.names)                                           0.261     0.868
[17555].in[0] (.names)                                           0.345     1.213
[17555].out[0] (.names)                                          0.261     1.474
[17559].in[5] (.names)                                           0.421     1.895
[17559].out[0] (.names)                                          0.261     2.156
nrq20_3.in[0] (.names)                                           0.425     2.581
nrq20_3.out[0] (.names)                                          0.261     2.842
[4265].in[1] (.names)                                            0.738     3.580
[4265].out[0] (.names)                                           0.261     3.841
n_n2483.in[1] (.names)                                           0.348     4.189
n_n2483.out[0] (.names)                                          0.261     4.450
[4442].in[0] (.names)                                            0.348     4.798
[4442].out[0] (.names)                                           0.261     5.059
[5173].in[3] (.names)                                            0.270     5.329
[5173].out[0] (.names)                                           0.261     5.590
[19520].in[4] (.names)                                           0.345     5.935
[19520].out[0] (.names)                                          0.261     6.196
[5162].in[4] (.names)                                            0.345     6.541
[5162].out[0] (.names)                                           0.261     6.802
[19490].in[4] (.names)                                           0.421     7.223
[19490].out[0] (.names)                                          0.261     7.484
[19474].in[3] (.names)                                           0.421     7.905
[19474].out[0] (.names)                                          0.261     8.166
[11189].in[3] (.names)                                           0.100     8.266
[11189].out[0] (.names)                                          0.261     8.527
[11180].D[0] (.latch)                                            0.000     8.527
data arrival time                                                          8.527

clock pclk (rise edge)                                           0.000     0.000
clock source latency                                             0.000     0.000
pclk.inpad[0] (.input)                                           0.000     0.000
[11180].clk[0] (.latch)                                          0.042     0.042
clock uncertainty                                                0.000     0.042
cell setup time                                                 -0.066    -0.024
data required time                                                        -0.024
--------------------------------------------------------------------------------
data required time                                                        -0.024
data arrival time                                                         -8.527
--------------------------------------------------------------------------------
slack (VIOLATED)                                                          -8.550


#Path 26
Startpoint: [17752].Q[0] (.latch clocked by pclk)
Endpoint  : [10580].D[0] (.latch clocked by pclk)
Path Type : setup

Point                                                             Incr      Path
--------------------------------------------------------------------------------
clock pclk (rise edge)                                           0.000     0.000
clock source latency                                             0.000     0.000
pclk.inpad[0] (.input)                                           0.000     0.000
[17752].clk[0] (.latch)                                          0.042     0.042
[17752].Q[0] (.latch) [clock-to-output]                          0.124     0.166
[5541].in[4] (.names)                                            0.441     0.607
[5541].out[0] (.names)                                           0.261     0.868
[17555].in[0] (.names)                                           0.345     1.213
[17555].out[0] (.names)                                          0.261     1.474
[17559].in[5] (.names)                                           0.421     1.895
[17559].out[0] (.names)                                          0.261     2.156
nrq20_3.in[0] (.names)                                           0.425     2.581
nrq20_3.out[0] (.names)                                          0.261     2.842
[4265].in[1] (.names)                                            0.738     3.580
[4265].out[0] (.names)                                           0.261     3.841
n_n2483.in[1] (.names)                                           0.348     4.189
n_n2483.out[0] (.names)                                          0.261     4.450
[4442].in[0] (.names)                                            0.348     4.798
[4442].out[0] (.names)                                           0.261     5.059
[5173].in[3] (.names)                                            0.270     5.329
[5173].out[0] (.names)                                           0.261     5.590
[19520].in[4] (.names)                                           0.345     5.935
[19520].out[0] (.names)                                          0.261     6.196
[5162].in[4] (.names)                                            0.345     6.541
[5162].out[0] (.names)                                           0.261     6.802
[19490].in[4] (.names)                                           0.421     7.223
[19490].out[0] (.names)                                          0.261     7.484
[19474].in[3] (.names)                                           0.421     7.905
[19474].out[0] (.names)                                          0.261     8.166
[10589].in[3] (.names)                                           0.100     8.266
[10589].out[0] (.names)                                          0.261     8.527
[10580].D[0] (.latch)                                            0.000     8.527
data arrival time                                                          8.527

clock pclk (rise edge)                                           0.000     0.000
clock source latency                                             0.000     0.000
pclk.inpad[0] (.input)                                           0.000     0.000
[10580].clk[0] (.latch)                                          0.042     0.042
clock uncertainty                                                0.000     0.042
cell setup time                                                 -0.066    -0.024
data required time                                                        -0.024
--------------------------------------------------------------------------------
data required time                                                        -0.024
data arrival time                                                         -8.527
--------------------------------------------------------------------------------
slack (VIOLATED)                                                          -8.550


#Path 27
Startpoint: [17752].Q[0] (.latch clocked by pclk)
Endpoint  : [9395].D[0] (.latch clocked by pclk)
Path Type : setup

Point                                                             Incr      Path
--------------------------------------------------------------------------------
clock pclk (rise edge)                                           0.000     0.000
clock source latency                                             0.000     0.000
pclk.inpad[0] (.input)                                           0.000     0.000
[17752].clk[0] (.latch)                                          0.042     0.042
[17752].Q[0] (.latch) [clock-to-output]                          0.124     0.166
[5541].in[4] (.names)                                            0.441     0.607
[5541].out[0] (.names)                                           0.261     0.868
[17555].in[0] (.names)                                           0.345     1.213
[17555].out[0] (.names)                                          0.261     1.474
[17559].in[5] (.names)                                           0.421     1.895
[17559].out[0] (.names)                                          0.261     2.156
nrq20_3.in[0] (.names)                                           0.425     2.581
nrq20_3.out[0] (.names)                                          0.261     2.842
[4265].in[1] (.names)                                            0.738     3.580
[4265].out[0] (.names)                                           0.261     3.841
n_n2483.in[1] (.names)                                           0.348     4.189
n_n2483.out[0] (.names)                                          0.261     4.450
[4442].in[0] (.names)                                            0.348     4.798
[4442].out[0] (.names)                                           0.261     5.059
[5173].in[3] (.names)                                            0.270     5.329
[5173].out[0] (.names)                                           0.261     5.590
[19520].in[4] (.names)                                           0.345     5.935
[19520].out[0] (.names)                                          0.261     6.196
[5162].in[4] (.names)                                            0.345     6.541
[5162].out[0] (.names)                                           0.261     6.802
[19490].in[4] (.names)                                           0.421     7.223
[19490].out[0] (.names)                                          0.261     7.484
[19474].in[3] (.names)                                           0.421     7.905
[19474].out[0] (.names)                                          0.261     8.166
[9404].in[3] (.names)                                            0.100     8.266
[9404].out[0] (.names)                                           0.261     8.527
[9395].D[0] (.latch)                                             0.000     8.527
data arrival time                                                          8.527

clock pclk (rise edge)                                           0.000     0.000
clock source latency                                             0.000     0.000
pclk.inpad[0] (.input)                                           0.000     0.000
[9395].clk[0] (.latch)                                           0.042     0.042
clock uncertainty                                                0.000     0.042
cell setup time                                                 -0.066    -0.024
data required time                                                        -0.024
--------------------------------------------------------------------------------
data required time                                                        -0.024
data arrival time                                                         -8.527
--------------------------------------------------------------------------------
slack (VIOLATED)                                                          -8.550


#Path 28
Startpoint: [17752].Q[0] (.latch clocked by pclk)
Endpoint  : [8765].D[0] (.latch clocked by pclk)
Path Type : setup

Point                                                             Incr      Path
--------------------------------------------------------------------------------
clock pclk (rise edge)                                           0.000     0.000
clock source latency                                             0.000     0.000
pclk.inpad[0] (.input)                                           0.000     0.000
[17752].clk[0] (.latch)                                          0.042     0.042
[17752].Q[0] (.latch) [clock-to-output]                          0.124     0.166
[5541].in[4] (.names)                                            0.441     0.607
[5541].out[0] (.names)                                           0.261     0.868
[17555].in[0] (.names)                                           0.345     1.213
[17555].out[0] (.names)                                          0.261     1.474
[17559].in[5] (.names)                                           0.421     1.895
[17559].out[0] (.names)                                          0.261     2.156
nrq20_3.in[0] (.names)                                           0.425     2.581
nrq20_3.out[0] (.names)                                          0.261     2.842
[4265].in[1] (.names)                                            0.738     3.580
[4265].out[0] (.names)                                           0.261     3.841
n_n2483.in[1] (.names)                                           0.348     4.189
n_n2483.out[0] (.names)                                          0.261     4.450
[4442].in[0] (.names)                                            0.348     4.798
[4442].out[0] (.names)                                           0.261     5.059
[5173].in[3] (.names)                                            0.270     5.329
[5173].out[0] (.names)                                           0.261     5.590
[19520].in[4] (.names)                                           0.345     5.935
[19520].out[0] (.names)                                          0.261     6.196
[5162].in[4] (.names)                                            0.345     6.541
[5162].out[0] (.names)                                           0.261     6.802
[19490].in[4] (.names)                                           0.421     7.223
[19490].out[0] (.names)                                          0.261     7.484
[19474].in[3] (.names)                                           0.421     7.905
[19474].out[0] (.names)                                          0.261     8.166
[8774].in[3] (.names)                                            0.100     8.266
[8774].out[0] (.names)                                           0.261     8.527
[8765].D[0] (.latch)                                             0.000     8.527
data arrival time                                                          8.527

clock pclk (rise edge)                                           0.000     0.000
clock source latency                                             0.000     0.000
pclk.inpad[0] (.input)                                           0.000     0.000
[8765].clk[0] (.latch)                                           0.042     0.042
clock uncertainty                                                0.000     0.042
cell setup time                                                 -0.066    -0.024
data required time                                                        -0.024
--------------------------------------------------------------------------------
data required time                                                        -0.024
data arrival time                                                         -8.527
--------------------------------------------------------------------------------
slack (VIOLATED)                                                          -8.550


#Path 29
Startpoint: [17752].Q[0] (.latch clocked by pclk)
Endpoint  : [12650].D[0] (.latch clocked by pclk)
Path Type : setup

Point                                                             Incr      Path
--------------------------------------------------------------------------------
clock pclk (rise edge)                                           0.000     0.000
clock source latency                                             0.000     0.000
pclk.inpad[0] (.input)                                           0.000     0.000
[17752].clk[0] (.latch)                                          0.042     0.042
[17752].Q[0] (.latch) [clock-to-output]                          0.124     0.166
[5541].in[4] (.names)                                            0.441     0.607
[5541].out[0] (.names)                                           0.261     0.868
[17555].in[0] (.names)                                           0.345     1.213
[17555].out[0] (.names)                                          0.261     1.474
[17559].in[5] (.names)                                           0.421     1.895
[17559].out[0] (.names)                                          0.261     2.156
nen24_7.in[1] (.names)                                           0.501     2.657
nen24_7.out[0] (.names)                                          0.261     2.918
[17925].in[2] (.names)                                           0.651     3.569
[17925].out[0] (.names)                                          0.261     3.830
[19153].in[5] (.names)                                           0.805     4.636
[19153].out[0] (.names)                                          0.261     4.897
[19157].in[2] (.names)                                           0.348     5.245
[19157].out[0] (.names)                                          0.261     5.506
[19221].in[2] (.names)                                           0.100     5.606
[19221].out[0] (.names)                                          0.261     5.867
[19227].in[2] (.names)                                           0.100     5.967
[19227].out[0] (.names)                                          0.261     6.228
[19232].in[2] (.names)                                           0.100     6.328
[19232].out[0] (.names)                                          0.261     6.589
[19215].in[2] (.names)                                           0.345     6.934
[19215].out[0] (.names)                                          0.261     7.195
[19068].in[5] (.names)                                           0.100     7.295
[19068].out[0] (.names)                                          0.261     7.556
[12659].in[3] (.names)                                           0.649     8.205
[12659].out[0] (.names)                                          0.261     8.466
[12650].D[0] (.latch)                                            0.000     8.466
data arrival time                                                          8.466

clock pclk (rise edge)                                           0.000     0.000
clock source latency                                             0.000     0.000
pclk.inpad[0] (.input)                                           0.000     0.000
[12650].clk[0] (.latch)                                          0.042     0.042
clock uncertainty                                                0.000     0.042
cell setup time                                                 -0.066    -0.024
data required time                                                        -0.024
--------------------------------------------------------------------------------
data required time                                                        -0.024
data arrival time                                                         -8.466
--------------------------------------------------------------------------------
slack (VIOLATED)                                                          -8.490


#Path 30
Startpoint: [17752].Q[0] (.latch clocked by pclk)
Endpoint  : [5345].D[0] (.latch clocked by pclk)
Path Type : setup

Point                                                             Incr      Path
--------------------------------------------------------------------------------
clock pclk (rise edge)                                           0.000     0.000
clock source latency                                             0.000     0.000
pclk.inpad[0] (.input)                                           0.000     0.000
[17752].clk[0] (.latch)                                          0.042     0.042
[17752].Q[0] (.latch) [clock-to-output]                          0.124     0.166
[5541].in[4] (.names)                                            0.441     0.607
[5541].out[0] (.names)                                           0.261     0.868
[17555].in[0] (.names)                                           0.345     1.213
[17555].out[0] (.names)                                          0.261     1.474
[17559].in[5] (.names)                                           0.421     1.895
[17559].out[0] (.names)                                          0.261     2.156
nrq20_3.in[0] (.names)                                           0.425     2.581
nrq20_3.out[0] (.names)                                          0.261     2.842
[4265].in[1] (.names)                                            0.738     3.580
[4265].out[0] (.names)                                           0.261     3.841
n_n2483.in[1] (.names)                                           0.348     4.189
n_n2483.out[0] (.names)                                          0.261     4.450
[4442].in[0] (.names)                                            0.348     4.798
[4442].out[0] (.names)                                           0.261     5.059
[5173].in[3] (.names)                                            0.270     5.329
[5173].out[0] (.names)                                           0.261     5.590
[19520].in[4] (.names)                                           0.345     5.935
[19520].out[0] (.names)                                          0.261     6.196
[5162].in[4] (.names)                                            0.345     6.541
[5162].out[0] (.names)                                           0.261     6.802
[19490].in[4] (.names)                                           0.421     7.223
[19490].out[0] (.names)                                          0.261     7.484
[4697].in[4] (.names)                                            0.348     7.832
[4697].out[0] (.names)                                           0.261     8.093
[5354].in[3] (.names)                                            0.100     8.193
[5354].out[0] (.names)                                           0.261     8.454
[5345].D[0] (.latch)                                             0.000     8.454
data arrival time                                                          8.454

clock pclk (rise edge)                                           0.000     0.000
clock source latency                                             0.000     0.000
pclk.inpad[0] (.input)                                           0.000     0.000
[5345].clk[0] (.latch)                                           0.042     0.042
clock uncertainty                                                0.000     0.042
cell setup time                                                 -0.066    -0.024
data required time                                                        -0.024
--------------------------------------------------------------------------------
data required time                                                        -0.024
data arrival time                                                         -8.454
--------------------------------------------------------------------------------
slack (VIOLATED)                                                          -8.478


#Path 31
Startpoint: [17752].Q[0] (.latch clocked by pclk)
Endpoint  : [9740].D[0] (.latch clocked by pclk)
Path Type : setup

Point                                                             Incr      Path
--------------------------------------------------------------------------------
clock pclk (rise edge)                                           0.000     0.000
clock source latency                                             0.000     0.000
pclk.inpad[0] (.input)                                           0.000     0.000
[17752].clk[0] (.latch)                                          0.042     0.042
[17752].Q[0] (.latch) [clock-to-output]                          0.124     0.166
[5541].in[4] (.names)                                            0.441     0.607
[5541].out[0] (.names)                                           0.261     0.868
[17555].in[0] (.names)                                           0.345     1.213
[17555].out[0] (.names)                                          0.261     1.474
[17559].in[5] (.names)                                           0.421     1.895
[17559].out[0] (.names)                                          0.261     2.156
nrq20_3.in[0] (.names)                                           0.425     2.581
nrq20_3.out[0] (.names)                                          0.261     2.842
[4265].in[1] (.names)                                            0.738     3.580
[4265].out[0] (.names)                                           0.261     3.841
n_n2483.in[1] (.names)                                           0.348     4.189
n_n2483.out[0] (.names)                                          0.261     4.450
[4442].in[0] (.names)                                            0.348     4.798
[4442].out[0] (.names)                                           0.261     5.059
[5173].in[3] (.names)                                            0.270     5.329
[5173].out[0] (.names)                                           0.261     5.590
[19520].in[4] (.names)                                           0.345     5.935
[19520].out[0] (.names)                                          0.261     6.196
[5162].in[4] (.names)                                            0.345     6.541
[5162].out[0] (.names)                                           0.261     6.802
[19490].in[4] (.names)                                           0.421     7.223
[19490].out[0] (.names)                                          0.261     7.484
[3557].in[4] (.names)                                            0.348     7.832
[3557].out[0] (.names)                                           0.261     8.093
[9749].in[4] (.names)                                            0.100     8.193
[9749].out[0] (.names)                                           0.261     8.454
[9740].D[0] (.latch)                                             0.000     8.454
data arrival time                                                          8.454

clock pclk (rise edge)                                           0.000     0.000
clock source latency                                             0.000     0.000
pclk.inpad[0] (.input)                                           0.000     0.000
[9740].clk[0] (.latch)                                           0.042     0.042
clock uncertainty                                                0.000     0.042
cell setup time                                                 -0.066    -0.024
data required time                                                        -0.024
--------------------------------------------------------------------------------
data required time                                                        -0.024
data arrival time                                                         -8.454
--------------------------------------------------------------------------------
slack (VIOLATED)                                                          -8.478


#Path 32
Startpoint: [17752].Q[0] (.latch clocked by pclk)
Endpoint  : [12815].D[0] (.latch clocked by pclk)
Path Type : setup

Point                                                             Incr      Path
--------------------------------------------------------------------------------
clock pclk (rise edge)                                           0.000     0.000
clock source latency                                             0.000     0.000
pclk.inpad[0] (.input)                                           0.000     0.000
[17752].clk[0] (.latch)                                          0.042     0.042
[17752].Q[0] (.latch) [clock-to-output]                          0.124     0.166
[5541].in[4] (.names)                                            0.441     0.607
[5541].out[0] (.names)                                           0.261     0.868
[17555].in[0] (.names)                                           0.345     1.213
[17555].out[0] (.names)                                          0.261     1.474
[17559].in[5] (.names)                                           0.421     1.895
[17559].out[0] (.names)                                          0.261     2.156
nrq20_3.in[0] (.names)                                           0.425     2.581
nrq20_3.out[0] (.names)                                          0.261     2.842
[4265].in[1] (.names)                                            0.738     3.580
[4265].out[0] (.names)                                           0.261     3.841
n_n2483.in[1] (.names)                                           0.348     4.189
n_n2483.out[0] (.names)                                          0.261     4.450
[4442].in[0] (.names)                                            0.348     4.798
[4442].out[0] (.names)                                           0.261     5.059
[5173].in[3] (.names)                                            0.270     5.329
[5173].out[0] (.names)                                           0.261     5.590
[19520].in[4] (.names)                                           0.345     5.935
[19520].out[0] (.names)                                          0.261     6.196
[5162].in[4] (.names)                                            0.345     6.541
[5162].out[0] (.names)                                           0.261     6.802
[19490].in[4] (.names)                                           0.421     7.223
[19490].out[0] (.names)                                          0.261     7.484
[3140].in[4] (.names)                                            0.345     7.828
[3140].out[0] (.names)                                           0.261     8.089
[12824].in[3] (.names)                                           0.100     8.189
[12824].out[0] (.names)                                          0.261     8.450
[12815].D[0] (.latch)                                            0.000     8.450
data arrival time                                                          8.450

clock pclk (rise edge)                                           0.000     0.000
clock source latency                                             0.000     0.000
pclk.inpad[0] (.input)                                           0.000     0.000
[12815].clk[0] (.latch)                                          0.042     0.042
clock uncertainty                                                0.000     0.042
cell setup time                                                 -0.066    -0.024
data required time                                                        -0.024
--------------------------------------------------------------------------------
data required time                                                        -0.024
data arrival time                                                         -8.450
--------------------------------------------------------------------------------
slack (VIOLATED)                                                          -8.474


#Path 33
Startpoint: [17752].Q[0] (.latch clocked by pclk)
Endpoint  : [8705].D[0] (.latch clocked by pclk)
Path Type : setup

Point                                                             Incr      Path
--------------------------------------------------------------------------------
clock pclk (rise edge)                                           0.000     0.000
clock source latency                                             0.000     0.000
pclk.inpad[0] (.input)                                           0.000     0.000
[17752].clk[0] (.latch)                                          0.042     0.042
[17752].Q[0] (.latch) [clock-to-output]                          0.124     0.166
[5541].in[4] (.names)                                            0.441     0.607
[5541].out[0] (.names)                                           0.261     0.868
[17555].in[0] (.names)                                           0.345     1.213
[17555].out[0] (.names)                                          0.261     1.474
[17559].in[5] (.names)                                           0.421     1.895
[17559].out[0] (.names)                                          0.261     2.156
nrq20_3.in[0] (.names)                                           0.425     2.581
nrq20_3.out[0] (.names)                                          0.261     2.842
[4265].in[1] (.names)                                            0.738     3.580
[4265].out[0] (.names)                                           0.261     3.841
n_n2483.in[1] (.names)                                           0.348     4.189
n_n2483.out[0] (.names)                                          0.261     4.450
[4442].in[0] (.names)                                            0.348     4.798
[4442].out[0] (.names)                                           0.261     5.059
[5173].in[3] (.names)                                            0.270     5.329
[5173].out[0] (.names)                                           0.261     5.590
[19520].in[4] (.names)                                           0.345     5.935
[19520].out[0] (.names)                                          0.261     6.196
[5162].in[4] (.names)                                            0.345     6.541
[5162].out[0] (.names)                                           0.261     6.802
[19490].in[4] (.names)                                           0.421     7.223
[19490].out[0] (.names)                                          0.261     7.484
[3735].in[4] (.names)                                            0.345     7.828
[3735].out[0] (.names)                                           0.261     8.089
[8714].in[4] (.names)                                            0.100     8.189
[8714].out[0] (.names)                                           0.261     8.450
[8705].D[0] (.latch)                                             0.000     8.450
data arrival time                                                          8.450

clock pclk (rise edge)                                           0.000     0.000
clock source latency                                             0.000     0.000
pclk.inpad[0] (.input)                                           0.000     0.000
[8705].clk[0] (.latch)                                           0.042     0.042
clock uncertainty                                                0.000     0.042
cell setup time                                                 -0.066    -0.024
data required time                                                        -0.024
--------------------------------------------------------------------------------
data required time                                                        -0.024
data arrival time                                                         -8.450
--------------------------------------------------------------------------------
slack (VIOLATED)                                                          -8.474


#Path 34
Startpoint: [17752].Q[0] (.latch clocked by pclk)
Endpoint  : [11210].D[0] (.latch clocked by pclk)
Path Type : setup

Point                                                             Incr      Path
--------------------------------------------------------------------------------
clock pclk (rise edge)                                           0.000     0.000
clock source latency                                             0.000     0.000
pclk.inpad[0] (.input)                                           0.000     0.000
[17752].clk[0] (.latch)                                          0.042     0.042
[17752].Q[0] (.latch) [clock-to-output]                          0.124     0.166
[5541].in[4] (.names)                                            0.441     0.607
[5541].out[0] (.names)                                           0.261     0.868
[17555].in[0] (.names)                                           0.345     1.213
[17555].out[0] (.names)                                          0.261     1.474
[17559].in[5] (.names)                                           0.421     1.895
[17559].out[0] (.names)                                          0.261     2.156
nen24_7.in[1] (.names)                                           0.501     2.657
nen24_7.out[0] (.names)                                          0.261     2.918
[17925].in[2] (.names)                                           0.651     3.569
[17925].out[0] (.names)                                          0.261     3.830
[19153].in[5] (.names)                                           0.805     4.636
[19153].out[0] (.names)                                          0.261     4.897
[19157].in[2] (.names)                                           0.348     5.245
[19157].out[0] (.names)                                          0.261     5.506
[19221].in[2] (.names)                                           0.100     5.606
[19221].out[0] (.names)                                          0.261     5.867
[19227].in[2] (.names)                                           0.100     5.967
[19227].out[0] (.names)                                          0.261     6.228
[19232].in[2] (.names)                                           0.100     6.328
[19232].out[0] (.names)                                          0.261     6.589
[19091].in[5] (.names)                                           0.658     7.247
[19091].out[0] (.names)                                          0.261     7.508
[11219].in[4] (.names)                                           0.651     8.160
[11219].out[0] (.names)                                          0.261     8.421
[11210].D[0] (.latch)                                            0.000     8.421
data arrival time                                                          8.421

clock pclk (rise edge)                                           0.000     0.000
clock source latency                                             0.000     0.000
pclk.inpad[0] (.input)                                           0.000     0.000
[11210].clk[0] (.latch)                                          0.042     0.042
clock uncertainty                                                0.000     0.042
cell setup time                                                 -0.066    -0.024
data required time                                                        -0.024
--------------------------------------------------------------------------------
data required time                                                        -0.024
data arrival time                                                         -8.421
--------------------------------------------------------------------------------
slack (VIOLATED)                                                          -8.444


#Path 35
Startpoint: [17752].Q[0] (.latch clocked by pclk)
Endpoint  : [7460].D[0] (.latch clocked by pclk)
Path Type : setup

Point                                                             Incr      Path
--------------------------------------------------------------------------------
clock pclk (rise edge)                                           0.000     0.000
clock source latency                                             0.000     0.000
pclk.inpad[0] (.input)                                           0.000     0.000
[17752].clk[0] (.latch)                                          0.042     0.042
[17752].Q[0] (.latch) [clock-to-output]                          0.124     0.166
[5541].in[4] (.names)                                            0.441     0.607
[5541].out[0] (.names)                                           0.261     0.868
[17555].in[0] (.names)                                           0.345     1.213
[17555].out[0] (.names)                                          0.261     1.474
[17559].in[5] (.names)                                           0.421     1.895
[17559].out[0] (.names)                                          0.261     2.156
nrq20_3.in[0] (.names)                                           0.425     2.581
nrq20_3.out[0] (.names)                                          0.261     2.842
[4265].in[1] (.names)                                            0.738     3.580
[4265].out[0] (.names)                                           0.261     3.841
n_n2483.in[1] (.names)                                           0.348     4.189
n_n2483.out[0] (.names)                                          0.261     4.450
[4442].in[0] (.names)                                            0.348     4.798
[4442].out[0] (.names)                                           0.261     5.059
[5173].in[3] (.names)                                            0.270     5.329
[5173].out[0] (.names)                                           0.261     5.590
[19520].in[4] (.names)                                           0.345     5.935
[19520].out[0] (.names)                                          0.261     6.196
[5162].in[4] (.names)                                            0.345     6.541
[5162].out[0] (.names)                                           0.261     6.802
[19490].in[4] (.names)                                           0.421     7.223
[19490].out[0] (.names)                                          0.261     7.484
[7469].in[5] (.names)                                            0.656     8.139
[7469].out[0] (.names)                                           0.261     8.400
[7460].D[0] (.latch)                                             0.000     8.400
data arrival time                                                          8.400

clock pclk (rise edge)                                           0.000     0.000
clock source latency                                             0.000     0.000
pclk.inpad[0] (.input)                                           0.000     0.000
[7460].clk[0] (.latch)                                           0.042     0.042
clock uncertainty                                                0.000     0.042
cell setup time                                                 -0.066    -0.024
data required time                                                        -0.024
--------------------------------------------------------------------------------
data required time                                                        -0.024
data arrival time                                                         -8.400
--------------------------------------------------------------------------------
slack (VIOLATED)                                                          -8.424


#Path 36
Startpoint: [17752].Q[0] (.latch clocked by pclk)
Endpoint  : [13775].D[0] (.latch clocked by pclk)
Path Type : setup

Point                                                             Incr      Path
--------------------------------------------------------------------------------
clock pclk (rise edge)                                           0.000     0.000
clock source latency                                             0.000     0.000
pclk.inpad[0] (.input)                                           0.000     0.000
[17752].clk[0] (.latch)                                          0.042     0.042
[17752].Q[0] (.latch) [clock-to-output]                          0.124     0.166
[5541].in[4] (.names)                                            0.441     0.607
[5541].out[0] (.names)                                           0.261     0.868
[17555].in[0] (.names)                                           0.345     1.213
[17555].out[0] (.names)                                          0.261     1.474
[17559].in[5] (.names)                                           0.421     1.895
[17559].out[0] (.names)                                          0.261     2.156
nrq20_3.in[0] (.names)                                           0.425     2.581
nrq20_3.out[0] (.names)                                          0.261     2.842
[4265].in[1] (.names)                                            0.738     3.580
[4265].out[0] (.names)                                           0.261     3.841
n_n2483.in[1] (.names)                                           0.348     4.189
n_n2483.out[0] (.names)                                          0.261     4.450
[4442].in[0] (.names)                                            0.348     4.798
[4442].out[0] (.names)                                           0.261     5.059
[5173].in[3] (.names)                                            0.270     5.329
[5173].out[0] (.names)                                           0.261     5.590
[19520].in[4] (.names)                                           0.345     5.935
[19520].out[0] (.names)                                          0.261     6.196
[5162].in[4] (.names)                                            0.345     6.541
[5162].out[0] (.names)                                           0.261     6.802
[19490].in[4] (.names)                                           0.421     7.223
[19490].out[0] (.names)                                          0.261     7.484
[13784].in[5] (.names)                                           0.656     8.139
[13784].out[0] (.names)                                          0.261     8.400
[13775].D[0] (.latch)                                            0.000     8.400
data arrival time                                                          8.400

clock pclk (rise edge)                                           0.000     0.000
clock source latency                                             0.000     0.000
pclk.inpad[0] (.input)                                           0.000     0.000
[13775].clk[0] (.latch)                                          0.042     0.042
clock uncertainty                                                0.000     0.042
cell setup time                                                 -0.066    -0.024
data required time                                                        -0.024
--------------------------------------------------------------------------------
data required time                                                        -0.024
data arrival time                                                         -8.400
--------------------------------------------------------------------------------
slack (VIOLATED)                                                          -8.424


#Path 37
Startpoint: [17752].Q[0] (.latch clocked by pclk)
Endpoint  : [11615].D[0] (.latch clocked by pclk)
Path Type : setup

Point                                                             Incr      Path
--------------------------------------------------------------------------------
clock pclk (rise edge)                                           0.000     0.000
clock source latency                                             0.000     0.000
pclk.inpad[0] (.input)                                           0.000     0.000
[17752].clk[0] (.latch)                                          0.042     0.042
[17752].Q[0] (.latch) [clock-to-output]                          0.124     0.166
[5541].in[4] (.names)                                            0.441     0.607
[5541].out[0] (.names)                                           0.261     0.868
[17555].in[0] (.names)                                           0.345     1.213
[17555].out[0] (.names)                                          0.261     1.474
[17559].in[5] (.names)                                           0.421     1.895
[17559].out[0] (.names)                                          0.261     2.156
nrq20_3.in[0] (.names)                                           0.425     2.581
nrq20_3.out[0] (.names)                                          0.261     2.842
[4265].in[1] (.names)                                            0.738     3.580
[4265].out[0] (.names)                                           0.261     3.841
n_n2483.in[1] (.names)                                           0.348     4.189
n_n2483.out[0] (.names)                                          0.261     4.450
[4442].in[0] (.names)                                            0.348     4.798
[4442].out[0] (.names)                                           0.261     5.059
[5173].in[3] (.names)                                            0.270     5.329
[5173].out[0] (.names)                                           0.261     5.590
[19520].in[4] (.names)                                           0.345     5.935
[19520].out[0] (.names)                                          0.261     6.196
[5162].in[4] (.names)                                            0.345     6.541
[5162].out[0] (.names)                                           0.261     6.802
[19490].in[4] (.names)                                           0.421     7.223
[19490].out[0] (.names)                                          0.261     7.484
[11624].in[5] (.names)                                           0.656     8.139
[11624].out[0] (.names)                                          0.261     8.400
[11615].D[0] (.latch)                                            0.000     8.400
data arrival time                                                          8.400

clock pclk (rise edge)                                           0.000     0.000
clock source latency                                             0.000     0.000
pclk.inpad[0] (.input)                                           0.000     0.000
[11615].clk[0] (.latch)                                          0.042     0.042
clock uncertainty                                                0.000     0.042
cell setup time                                                 -0.066    -0.024
data required time                                                        -0.024
--------------------------------------------------------------------------------
data required time                                                        -0.024
data arrival time                                                         -8.400
--------------------------------------------------------------------------------
slack (VIOLATED)                                                          -8.424


#Path 38
Startpoint: [17752].Q[0] (.latch clocked by pclk)
Endpoint  : [6365].D[0] (.latch clocked by pclk)
Path Type : setup

Point                                                             Incr      Path
--------------------------------------------------------------------------------
clock pclk (rise edge)                                           0.000     0.000
clock source latency                                             0.000     0.000
pclk.inpad[0] (.input)                                           0.000     0.000
[17752].clk[0] (.latch)                                          0.042     0.042
[17752].Q[0] (.latch) [clock-to-output]                          0.124     0.166
[5541].in[4] (.names)                                            0.441     0.607
[5541].out[0] (.names)                                           0.261     0.868
[17555].in[0] (.names)                                           0.345     1.213
[17555].out[0] (.names)                                          0.261     1.474
[17559].in[5] (.names)                                           0.421     1.895
[17559].out[0] (.names)                                          0.261     2.156
nen24_7.in[1] (.names)                                           0.501     2.657
nen24_7.out[0] (.names)                                          0.261     2.918
[17925].in[2] (.names)                                           0.651     3.569
[17925].out[0] (.names)                                          0.261     3.830
[19153].in[5] (.names)                                           0.805     4.636
[19153].out[0] (.names)                                          0.261     4.897
[19157].in[2] (.names)                                           0.348     5.245
[19157].out[0] (.names)                                          0.261     5.506
[19221].in[2] (.names)                                           0.100     5.606
[19221].out[0] (.names)                                          0.261     5.867
[19227].in[2] (.names)                                           0.100     5.967
[19227].out[0] (.names)                                          0.261     6.228
[19232].in[2] (.names)                                           0.100     6.328
[19232].out[0] (.names)                                          0.261     6.589
[19215].in[2] (.names)                                           0.345     6.934
[19215].out[0] (.names)                                          0.261     7.195
[4388].in[3] (.names)                                            0.100     7.295
[4388].out[0] (.names)                                           0.261     7.556
[6374].in[4] (.names)                                            0.582     8.138
[6374].out[0] (.names)                                           0.261     8.399
[6365].D[0] (.latch)                                             0.000     8.399
data arrival time                                                          8.399

clock pclk (rise edge)                                           0.000     0.000
clock source latency                                             0.000     0.000
pclk.inpad[0] (.input)                                           0.000     0.000
[6365].clk[0] (.latch)                                           0.042     0.042
clock uncertainty                                                0.000     0.042
cell setup time                                                 -0.066    -0.024
data required time                                                        -0.024
--------------------------------------------------------------------------------
data required time                                                        -0.024
data arrival time                                                         -8.399
--------------------------------------------------------------------------------
slack (VIOLATED)                                                          -8.422


#Path 39
Startpoint: [17752].Q[0] (.latch clocked by pclk)
Endpoint  : [6320].D[0] (.latch clocked by pclk)
Path Type : setup

Point                                                             Incr      Path
--------------------------------------------------------------------------------
clock pclk (rise edge)                                           0.000     0.000
clock source latency                                             0.000     0.000
pclk.inpad[0] (.input)                                           0.000     0.000
[17752].clk[0] (.latch)                                          0.042     0.042
[17752].Q[0] (.latch) [clock-to-output]                          0.124     0.166
[5541].in[4] (.names)                                            0.441     0.607
[5541].out[0] (.names)                                           0.261     0.868
[17555].in[0] (.names)                                           0.345     1.213
[17555].out[0] (.names)                                          0.261     1.474
[17559].in[5] (.names)                                           0.421     1.895
[17559].out[0] (.names)                                          0.261     2.156
nen24_7.in[1] (.names)                                           0.501     2.657
nen24_7.out[0] (.names)                                          0.261     2.918
[17925].in[2] (.names)                                           0.651     3.569
[17925].out[0] (.names)                                          0.261     3.830
[19153].in[5] (.names)                                           0.805     4.636
[19153].out[0] (.names)                                          0.261     4.897
[19157].in[2] (.names)                                           0.348     5.245
[19157].out[0] (.names)                                          0.261     5.506
[19221].in[2] (.names)                                           0.100     5.606
[19221].out[0] (.names)                                          0.261     5.867
[19227].in[2] (.names)                                           0.100     5.967
[19227].out[0] (.names)                                          0.261     6.228
[19232].in[2] (.names)                                           0.100     6.328
[19232].out[0] (.names)                                          0.261     6.589
[19215].in[2] (.names)                                           0.345     6.934
[19215].out[0] (.names)                                          0.261     7.195
[4388].in[3] (.names)                                            0.100     7.295
[4388].out[0] (.names)                                           0.261     7.556
[6329].in[4] (.names)                                            0.582     8.138
[6329].out[0] (.names)                                           0.261     8.399
[6320].D[0] (.latch)                                             0.000     8.399
data arrival time                                                          8.399

clock pclk (rise edge)                                           0.000     0.000
clock source latency                                             0.000     0.000
pclk.inpad[0] (.input)                                           0.000     0.000
[6320].clk[0] (.latch)                                           0.042     0.042
clock uncertainty                                                0.000     0.042
cell setup time                                                 -0.066    -0.024
data required time                                                        -0.024
--------------------------------------------------------------------------------
data required time                                                        -0.024
data arrival time                                                         -8.399
--------------------------------------------------------------------------------
slack (VIOLATED)                                                          -8.422


#Path 40
Startpoint: [17752].Q[0] (.latch clocked by pclk)
Endpoint  : [12425].D[0] (.latch clocked by pclk)
Path Type : setup

Point                                                             Incr      Path
--------------------------------------------------------------------------------
clock pclk (rise edge)                                           0.000     0.000
clock source latency                                             0.000     0.000
pclk.inpad[0] (.input)                                           0.000     0.000
[17752].clk[0] (.latch)                                          0.042     0.042
[17752].Q[0] (.latch) [clock-to-output]                          0.124     0.166
[5541].in[4] (.names)                                            0.441     0.607
[5541].out[0] (.names)                                           0.261     0.868
[17555].in[0] (.names)                                           0.345     1.213
[17555].out[0] (.names)                                          0.261     1.474
[17559].in[5] (.names)                                           0.421     1.895
[17559].out[0] (.names)                                          0.261     2.156
nen24_7.in[1] (.names)                                           0.501     2.657
nen24_7.out[0] (.names)                                          0.261     2.918
[17925].in[2] (.names)                                           0.651     3.569
[17925].out[0] (.names)                                          0.261     3.830
[19153].in[5] (.names)                                           0.805     4.636
[19153].out[0] (.names)                                          0.261     4.897
[19157].in[2] (.names)                                           0.348     5.245
[19157].out[0] (.names)                                          0.261     5.506
[19221].in[2] (.names)                                           0.100     5.606
[19221].out[0] (.names)                                          0.261     5.867
[19227].in[2] (.names)                                           0.100     5.967
[19227].out[0] (.names)                                          0.261     6.228
[19232].in[2] (.names)                                           0.100     6.328
[19232].out[0] (.names)                                          0.261     6.589
[19215].in[2] (.names)                                           0.345     6.934
[19215].out[0] (.names)                                          0.261     7.195
[4388].in[3] (.names)                                            0.100     7.295
[4388].out[0] (.names)                                           0.261     7.556
[12434].in[4] (.names)                                           0.577     8.133
[12434].out[0] (.names)                                          0.261     8.394
[12425].D[0] (.latch)                                            0.000     8.394
data arrival time                                                          8.394

clock pclk (rise edge)                                           0.000     0.000
clock source latency                                             0.000     0.000
pclk.inpad[0] (.input)                                           0.000     0.000
[12425].clk[0] (.latch)                                          0.042     0.042
clock uncertainty                                                0.000     0.042
cell setup time                                                 -0.066    -0.024
data required time                                                        -0.024
--------------------------------------------------------------------------------
data required time                                                        -0.024
data arrival time                                                         -8.394
--------------------------------------------------------------------------------
slack (VIOLATED)                                                          -8.417


#Path 41
Startpoint: [17752].Q[0] (.latch clocked by pclk)
Endpoint  : [11450].D[0] (.latch clocked by pclk)
Path Type : setup

Point                                                             Incr      Path
--------------------------------------------------------------------------------
clock pclk (rise edge)                                           0.000     0.000
clock source latency                                             0.000     0.000
pclk.inpad[0] (.input)                                           0.000     0.000
[17752].clk[0] (.latch)                                          0.042     0.042
[17752].Q[0] (.latch) [clock-to-output]                          0.124     0.166
[5541].in[4] (.names)                                            0.441     0.607
[5541].out[0] (.names)                                           0.261     0.868
[17555].in[0] (.names)                                           0.345     1.213
[17555].out[0] (.names)                                          0.261     1.474
[17559].in[5] (.names)                                           0.421     1.895
[17559].out[0] (.names)                                          0.261     2.156
nen24_7.in[1] (.names)                                           0.501     2.657
nen24_7.out[0] (.names)                                          0.261     2.918
[17925].in[2] (.names)                                           0.651     3.569
[17925].out[0] (.names)                                          0.261     3.830
[19153].in[5] (.names)                                           0.805     4.636
[19153].out[0] (.names)                                          0.261     4.897
[19157].in[2] (.names)                                           0.348     5.245
[19157].out[0] (.names)                                          0.261     5.506
[19221].in[2] (.names)                                           0.100     5.606
[19221].out[0] (.names)                                          0.261     5.867
[19227].in[2] (.names)                                           0.100     5.967
[19227].out[0] (.names)                                          0.261     6.228
[19232].in[2] (.names)                                           0.100     6.328
[19232].out[0] (.names)                                          0.261     6.589
[19215].in[2] (.names)                                           0.345     6.934
[19215].out[0] (.names)                                          0.261     7.195
[4388].in[3] (.names)                                            0.100     7.295
[4388].out[0] (.names)                                           0.261     7.556
[11459].in[4] (.names)                                           0.577     8.133
[11459].out[0] (.names)                                          0.261     8.394
[11450].D[0] (.latch)                                            0.000     8.394
data arrival time                                                          8.394

clock pclk (rise edge)                                           0.000     0.000
clock source latency                                             0.000     0.000
pclk.inpad[0] (.input)                                           0.000     0.000
[11450].clk[0] (.latch)                                          0.042     0.042
clock uncertainty                                                0.000     0.042
cell setup time                                                 -0.066    -0.024
data required time                                                        -0.024
--------------------------------------------------------------------------------
data required time                                                        -0.024
data arrival time                                                         -8.394
--------------------------------------------------------------------------------
slack (VIOLATED)                                                          -8.417


#Path 42
Startpoint: [17752].Q[0] (.latch clocked by pclk)
Endpoint  : [8030].D[0] (.latch clocked by pclk)
Path Type : setup

Point                                                             Incr      Path
--------------------------------------------------------------------------------
clock pclk (rise edge)                                           0.000     0.000
clock source latency                                             0.000     0.000
pclk.inpad[0] (.input)                                           0.000     0.000
[17752].clk[0] (.latch)                                          0.042     0.042
[17752].Q[0] (.latch) [clock-to-output]                          0.124     0.166
[5541].in[4] (.names)                                            0.441     0.607
[5541].out[0] (.names)                                           0.261     0.868
[17555].in[0] (.names)                                           0.345     1.213
[17555].out[0] (.names)                                          0.261     1.474
[17559].in[5] (.names)                                           0.421     1.895
[17559].out[0] (.names)                                          0.261     2.156
nrq20_3.in[0] (.names)                                           0.425     2.581
nrq20_3.out[0] (.names)                                          0.261     2.842
[4265].in[1] (.names)                                            0.738     3.580
[4265].out[0] (.names)                                           0.261     3.841
n_n2483.in[1] (.names)                                           0.348     4.189
n_n2483.out[0] (.names)                                          0.261     4.450
[4442].in[0] (.names)                                            0.348     4.798
[4442].out[0] (.names)                                           0.261     5.059
[5173].in[3] (.names)                                            0.270     5.329
[5173].out[0] (.names)                                           0.261     5.590
[19520].in[4] (.names)                                           0.345     5.935
[19520].out[0] (.names)                                          0.261     6.196
[5162].in[4] (.names)                                            0.345     6.541
[5162].out[0] (.names)                                           0.261     6.802
[19490].in[4] (.names)                                           0.421     7.223
[19490].out[0] (.names)                                          0.261     7.484
[3858].in[4] (.names)                                            0.269     7.752
[3858].out[0] (.names)                                           0.261     8.013
[8039].in[4] (.names)                                            0.100     8.113
[8039].out[0] (.names)                                           0.261     8.374
[8030].D[0] (.latch)                                             0.000     8.374
data arrival time                                                          8.374

clock pclk (rise edge)                                           0.000     0.000
clock source latency                                             0.000     0.000
pclk.inpad[0] (.input)                                           0.000     0.000
[8030].clk[0] (.latch)                                           0.042     0.042
clock uncertainty                                                0.000     0.042
cell setup time                                                 -0.066    -0.024
data required time                                                        -0.024
--------------------------------------------------------------------------------
data required time                                                        -0.024
data arrival time                                                         -8.374
--------------------------------------------------------------------------------
slack (VIOLATED)                                                          -8.398


#Path 43
Startpoint: [17752].Q[0] (.latch clocked by pclk)
Endpoint  : [6890].D[0] (.latch clocked by pclk)
Path Type : setup

Point                                                             Incr      Path
--------------------------------------------------------------------------------
clock pclk (rise edge)                                           0.000     0.000
clock source latency                                             0.000     0.000
pclk.inpad[0] (.input)                                           0.000     0.000
[17752].clk[0] (.latch)                                          0.042     0.042
[17752].Q[0] (.latch) [clock-to-output]                          0.124     0.166
[5541].in[4] (.names)                                            0.441     0.607
[5541].out[0] (.names)                                           0.261     0.868
[17555].in[0] (.names)                                           0.345     1.213
[17555].out[0] (.names)                                          0.261     1.474
[17559].in[5] (.names)                                           0.421     1.895
[17559].out[0] (.names)                                          0.261     2.156
nrq20_3.in[0] (.names)                                           0.425     2.581
nrq20_3.out[0] (.names)                                          0.261     2.842
[4265].in[1] (.names)                                            0.738     3.580
[4265].out[0] (.names)                                           0.261     3.841
n_n2483.in[1] (.names)                                           0.348     4.189
n_n2483.out[0] (.names)                                          0.261     4.450
[4442].in[0] (.names)                                            0.348     4.798
[4442].out[0] (.names)                                           0.261     5.059
[5173].in[3] (.names)                                            0.270     5.329
[5173].out[0] (.names)                                           0.261     5.590
[19520].in[4] (.names)                                           0.345     5.935
[19520].out[0] (.names)                                          0.261     6.196
[5162].in[4] (.names)                                            0.345     6.541
[5162].out[0] (.names)                                           0.261     6.802
[19490].in[4] (.names)                                           0.421     7.223
[19490].out[0] (.names)                                          0.261     7.484
[4065].in[4] (.names)                                            0.269     7.752
[4065].out[0] (.names)                                           0.261     8.013
[6899].in[4] (.names)                                            0.100     8.113
[6899].out[0] (.names)                                           0.261     8.374
[6890].D[0] (.latch)                                             0.000     8.374
data arrival time                                                          8.374

clock pclk (rise edge)                                           0.000     0.000
clock source latency                                             0.000     0.000
pclk.inpad[0] (.input)                                           0.000     0.000
[6890].clk[0] (.latch)                                           0.042     0.042
clock uncertainty                                                0.000     0.042
cell setup time                                                 -0.066    -0.024
data required time                                                        -0.024
--------------------------------------------------------------------------------
data required time                                                        -0.024
data arrival time                                                         -8.374
--------------------------------------------------------------------------------
slack (VIOLATED)                                                          -8.398


#Path 44
Startpoint: [17752].Q[0] (.latch clocked by pclk)
Endpoint  : [4775].D[0] (.latch clocked by pclk)
Path Type : setup

Point                                                             Incr      Path
--------------------------------------------------------------------------------
clock pclk (rise edge)                                           0.000     0.000
clock source latency                                             0.000     0.000
pclk.inpad[0] (.input)                                           0.000     0.000
[17752].clk[0] (.latch)                                          0.042     0.042
[17752].Q[0] (.latch) [clock-to-output]                          0.124     0.166
[5541].in[4] (.names)                                            0.441     0.607
[5541].out[0] (.names)                                           0.261     0.868
[17555].in[0] (.names)                                           0.345     1.213
[17555].out[0] (.names)                                          0.261     1.474
[17559].in[5] (.names)                                           0.421     1.895
[17559].out[0] (.names)                                          0.261     2.156
nrq20_3.in[0] (.names)                                           0.425     2.581
nrq20_3.out[0] (.names)                                          0.261     2.842
[4265].in[1] (.names)                                            0.738     3.580
[4265].out[0] (.names)                                           0.261     3.841
n_n2483.in[1] (.names)                                           0.348     4.189
n_n2483.out[0] (.names)                                          0.261     4.450
[4442].in[0] (.names)                                            0.348     4.798
[4442].out[0] (.names)                                           0.261     5.059
[5173].in[3] (.names)                                            0.270     5.329
[5173].out[0] (.names)                                           0.261     5.590
[19520].in[4] (.names)                                           0.345     5.935
[19520].out[0] (.names)                                          0.261     6.196
[5162].in[4] (.names)                                            0.345     6.541
[5162].out[0] (.names)                                           0.261     6.802
[19490].in[4] (.names)                                           0.421     7.223
[19490].out[0] (.names)                                          0.261     7.484
[5063].in[4] (.names)                                            0.269     7.752
[5063].out[0] (.names)                                           0.261     8.013
[4784].in[4] (.names)                                            0.100     8.113
[4784].out[0] (.names)                                           0.261     8.374
[4775].D[0] (.latch)                                             0.000     8.374
data arrival time                                                          8.374

clock pclk (rise edge)                                           0.000     0.000
clock source latency                                             0.000     0.000
pclk.inpad[0] (.input)                                           0.000     0.000
[4775].clk[0] (.latch)                                           0.042     0.042
clock uncertainty                                                0.000     0.042
cell setup time                                                 -0.066    -0.024
data required time                                                        -0.024
--------------------------------------------------------------------------------
data required time                                                        -0.024
data arrival time                                                         -8.374
--------------------------------------------------------------------------------
slack (VIOLATED)                                                          -8.398


#Path 45
Startpoint: [17752].Q[0] (.latch clocked by pclk)
Endpoint  : [9845].D[0] (.latch clocked by pclk)
Path Type : setup

Point                                                             Incr      Path
--------------------------------------------------------------------------------
clock pclk (rise edge)                                           0.000     0.000
clock source latency                                             0.000     0.000
pclk.inpad[0] (.input)                                           0.000     0.000
[17752].clk[0] (.latch)                                          0.042     0.042
[17752].Q[0] (.latch) [clock-to-output]                          0.124     0.166
[5541].in[4] (.names)                                            0.441     0.607
[5541].out[0] (.names)                                           0.261     0.868
[17555].in[0] (.names)                                           0.345     1.213
[17555].out[0] (.names)                                          0.261     1.474
[17559].in[5] (.names)                                           0.421     1.895
[17559].out[0] (.names)                                          0.261     2.156
nen24_7.in[1] (.names)                                           0.501     2.657
nen24_7.out[0] (.names)                                          0.261     2.918
[17925].in[2] (.names)                                           0.651     3.569
[17925].out[0] (.names)                                          0.261     3.830
[19153].in[5] (.names)                                           0.805     4.636
[19153].out[0] (.names)                                          0.261     4.897
[19157].in[2] (.names)                                           0.348     5.245
[19157].out[0] (.names)                                          0.261     5.506
[19221].in[2] (.names)                                           0.100     5.606
[19221].out[0] (.names)                                          0.261     5.867
[19227].in[2] (.names)                                           0.100     5.967
[19227].out[0] (.names)                                          0.261     6.228
[19232].in[2] (.names)                                           0.100     6.328
[19232].out[0] (.names)                                          0.261     6.589
[19091].in[5] (.names)                                           0.658     7.247
[19091].out[0] (.names)                                          0.261     7.508
[9854].in[3] (.names)                                            0.582     8.090
[9854].out[0] (.names)                                           0.261     8.351
[9845].D[0] (.latch)                                             0.000     8.351
data arrival time                                                          8.351

clock pclk (rise edge)                                           0.000     0.000
clock source latency                                             0.000     0.000
pclk.inpad[0] (.input)                                           0.000     0.000
[9845].clk[0] (.latch)                                           0.042     0.042
clock uncertainty                                                0.000     0.042
cell setup time                                                 -0.066    -0.024
data required time                                                        -0.024
--------------------------------------------------------------------------------
data required time                                                        -0.024
data arrival time                                                         -8.351
--------------------------------------------------------------------------------
slack (VIOLATED)                                                          -8.375


#Path 46
Startpoint: [17752].Q[0] (.latch clocked by pclk)
Endpoint  : [14690].D[0] (.latch clocked by pclk)
Path Type : setup

Point                                                             Incr      Path
--------------------------------------------------------------------------------
clock pclk (rise edge)                                           0.000     0.000
clock source latency                                             0.000     0.000
pclk.inpad[0] (.input)                                           0.000     0.000
[17752].clk[0] (.latch)                                          0.042     0.042
[17752].Q[0] (.latch) [clock-to-output]                          0.124     0.166
[5541].in[4] (.names)                                            0.441     0.607
[5541].out[0] (.names)                                           0.261     0.868
[17555].in[0] (.names)                                           0.345     1.213
[17555].out[0] (.names)                                          0.261     1.474
[17559].in[5] (.names)                                           0.421     1.895
[17559].out[0] (.names)                                          0.261     2.156
nen24_7.in[1] (.names)                                           0.501     2.657
nen24_7.out[0] (.names)                                          0.261     2.918
[17925].in[2] (.names)                                           0.651     3.569
[17925].out[0] (.names)                                          0.261     3.830
[19153].in[5] (.names)                                           0.805     4.636
[19153].out[0] (.names)                                          0.261     4.897
[19157].in[2] (.names)                                           0.348     5.245
[19157].out[0] (.names)                                          0.261     5.506
[19221].in[2] (.names)                                           0.100     5.606
[19221].out[0] (.names)                                          0.261     5.867
[19227].in[2] (.names)                                           0.100     5.967
[19227].out[0] (.names)                                          0.261     6.228
[19232].in[2] (.names)                                           0.100     6.328
[19232].out[0] (.names)                                          0.261     6.589
[19215].in[2] (.names)                                           0.345     6.934
[19215].out[0] (.names)                                          0.261     7.195
[14699].in[4] (.names)                                           0.889     8.083
[14699].out[0] (.names)                                          0.261     8.344
[14690].D[0] (.latch)                                            0.000     8.344
data arrival time                                                          8.344

clock pclk (rise edge)                                           0.000     0.000
clock source latency                                             0.000     0.000
pclk.inpad[0] (.input)                                           0.000     0.000
[14690].clk[0] (.latch)                                          0.042     0.042
clock uncertainty                                                0.000     0.042
cell setup time                                                 -0.066    -0.024
data required time                                                        -0.024
--------------------------------------------------------------------------------
data required time                                                        -0.024
data arrival time                                                         -8.344
--------------------------------------------------------------------------------
slack (VIOLATED)                                                          -8.368


#Path 47
Startpoint: [17752].Q[0] (.latch clocked by pclk)
Endpoint  : [12620].D[0] (.latch clocked by pclk)
Path Type : setup

Point                                                             Incr      Path
--------------------------------------------------------------------------------
clock pclk (rise edge)                                           0.000     0.000
clock source latency                                             0.000     0.000
pclk.inpad[0] (.input)                                           0.000     0.000
[17752].clk[0] (.latch)                                          0.042     0.042
[17752].Q[0] (.latch) [clock-to-output]                          0.124     0.166
[5541].in[4] (.names)                                            0.441     0.607
[5541].out[0] (.names)                                           0.261     0.868
[17555].in[0] (.names)                                           0.345     1.213
[17555].out[0] (.names)                                          0.261     1.474
[17559].in[5] (.names)                                           0.421     1.895
[17559].out[0] (.names)                                          0.261     2.156
nen24_7.in[1] (.names)                                           0.501     2.657
nen24_7.out[0] (.names)                                          0.261     2.918
[17925].in[2] (.names)                                           0.651     3.569
[17925].out[0] (.names)                                          0.261     3.830
[19153].in[5] (.names)                                           0.805     4.636
[19153].out[0] (.names)                                          0.261     4.897
[19157].in[2] (.names)                                           0.348     5.245
[19157].out[0] (.names)                                          0.261     5.506
[19221].in[2] (.names)                                           0.100     5.606
[19221].out[0] (.names)                                          0.261     5.867
[19227].in[2] (.names)                                           0.100     5.967
[19227].out[0] (.names)                                          0.261     6.228
[19232].in[2] (.names)                                           0.100     6.328
[19232].out[0] (.names)                                          0.261     6.589
[19215].in[2] (.names)                                           0.345     6.934
[19215].out[0] (.names)                                          0.261     7.195
[12629].in[4] (.names)                                           0.885     8.080
[12629].out[0] (.names)                                          0.261     8.341
[12620].D[0] (.latch)                                            0.000     8.341
data arrival time                                                          8.341

clock pclk (rise edge)                                           0.000     0.000
clock source latency                                             0.000     0.000
pclk.inpad[0] (.input)                                           0.000     0.000
[12620].clk[0] (.latch)                                          0.042     0.042
clock uncertainty                                                0.000     0.042
cell setup time                                                 -0.066    -0.024
data required time                                                        -0.024
--------------------------------------------------------------------------------
data required time                                                        -0.024
data arrival time                                                         -8.341
--------------------------------------------------------------------------------
slack (VIOLATED)                                                          -8.364


#Path 48
Startpoint: [17752].Q[0] (.latch clocked by pclk)
Endpoint  : [9890].D[0] (.latch clocked by pclk)
Path Type : setup

Point                                                             Incr      Path
--------------------------------------------------------------------------------
clock pclk (rise edge)                                           0.000     0.000
clock source latency                                             0.000     0.000
pclk.inpad[0] (.input)                                           0.000     0.000
[17752].clk[0] (.latch)                                          0.042     0.042
[17752].Q[0] (.latch) [clock-to-output]                          0.124     0.166
[5541].in[4] (.names)                                            0.441     0.607
[5541].out[0] (.names)                                           0.261     0.868
[17555].in[0] (.names)                                           0.345     1.213
[17555].out[0] (.names)                                          0.261     1.474
[17559].in[5] (.names)                                           0.421     1.895
[17559].out[0] (.names)                                          0.261     2.156
nen24_7.in[1] (.names)                                           0.501     2.657
nen24_7.out[0] (.names)                                          0.261     2.918
[17925].in[2] (.names)                                           0.651     3.569
[17925].out[0] (.names)                                          0.261     3.830
[19153].in[5] (.names)                                           0.805     4.636
[19153].out[0] (.names)                                          0.261     4.897
[19157].in[2] (.names)                                           0.348     5.245
[19157].out[0] (.names)                                          0.261     5.506
[19221].in[2] (.names)                                           0.100     5.606
[19221].out[0] (.names)                                          0.261     5.867
[19227].in[2] (.names)                                           0.100     5.967
[19227].out[0] (.names)                                          0.261     6.228
[19232].in[2] (.names)                                           0.100     6.328
[19232].out[0] (.names)                                          0.261     6.589
[19215].in[2] (.names)                                           0.345     6.934
[19215].out[0] (.names)                                          0.261     7.195
[4388].in[3] (.names)                                            0.100     7.295
[4388].out[0] (.names)                                           0.261     7.556
[9899].in[4] (.names)                                            0.504     8.060
[9899].out[0] (.names)                                           0.261     8.321
[9890].D[0] (.latch)                                             0.000     8.321
data arrival time                                                          8.321

clock pclk (rise edge)                                           0.000     0.000
clock source latency                                             0.000     0.000
pclk.inpad[0] (.input)                                           0.000     0.000
[9890].clk[0] (.latch)                                           0.042     0.042
clock uncertainty                                                0.000     0.042
cell setup time                                                 -0.066    -0.024
data required time                                                        -0.024
--------------------------------------------------------------------------------
data required time                                                        -0.024
data arrival time                                                         -8.321
--------------------------------------------------------------------------------
slack (VIOLATED)                                                          -8.345


#Path 49
Startpoint: [17752].Q[0] (.latch clocked by pclk)
Endpoint  : [15410].D[0] (.latch clocked by pclk)
Path Type : setup

Point                                                             Incr      Path
--------------------------------------------------------------------------------
clock pclk (rise edge)                                           0.000     0.000
clock source latency                                             0.000     0.000
pclk.inpad[0] (.input)                                           0.000     0.000
[17752].clk[0] (.latch)                                          0.042     0.042
[17752].Q[0] (.latch) [clock-to-output]                          0.124     0.166
[5541].in[4] (.names)                                            0.441     0.607
[5541].out[0] (.names)                                           0.261     0.868
[17555].in[0] (.names)                                           0.345     1.213
[17555].out[0] (.names)                                          0.261     1.474
[17559].in[5] (.names)                                           0.421     1.895
[17559].out[0] (.names)                                          0.261     2.156
nen24_7.in[1] (.names)                                           0.501     2.657
nen24_7.out[0] (.names)                                          0.261     2.918
[17925].in[2] (.names)                                           0.651     3.569
[17925].out[0] (.names)                                          0.261     3.830
[19153].in[5] (.names)                                           0.805     4.636
[19153].out[0] (.names)                                          0.261     4.897
[19157].in[2] (.names)                                           0.348     5.245
[19157].out[0] (.names)                                          0.261     5.506
[19221].in[2] (.names)                                           0.100     5.606
[19221].out[0] (.names)                                          0.261     5.867
[19227].in[2] (.names)                                           0.100     5.967
[19227].out[0] (.names)                                          0.261     6.228
[19232].in[2] (.names)                                           0.100     6.328
[19232].out[0] (.names)                                          0.261     6.589
[19215].in[2] (.names)                                           0.345     6.934
[19215].out[0] (.names)                                          0.261     7.195
[19068].in[5] (.names)                                           0.100     7.295
[19068].out[0] (.names)                                          0.261     7.556
[15419].in[4] (.names)                                           0.499     8.055
[15419].out[0] (.names)                                          0.261     8.316
[15410].D[0] (.latch)                                            0.000     8.316
data arrival time                                                          8.316

clock pclk (rise edge)                                           0.000     0.000
clock source latency                                             0.000     0.000
pclk.inpad[0] (.input)                                           0.000     0.000
[15410].clk[0] (.latch)                                          0.042     0.042
clock uncertainty                                                0.000     0.042
cell setup time                                                 -0.066    -0.024
data required time                                                        -0.024
--------------------------------------------------------------------------------
data required time                                                        -0.024
data arrival time                                                         -8.316
--------------------------------------------------------------------------------
slack (VIOLATED)                                                          -8.339


#Path 50
Startpoint: [17752].Q[0] (.latch clocked by pclk)
Endpoint  : [10985].D[0] (.latch clocked by pclk)
Path Type : setup

Point                                                             Incr      Path
--------------------------------------------------------------------------------
clock pclk (rise edge)                                           0.000     0.000
clock source latency                                             0.000     0.000
pclk.inpad[0] (.input)                                           0.000     0.000
[17752].clk[0] (.latch)                                          0.042     0.042
[17752].Q[0] (.latch) [clock-to-output]                          0.124     0.166
[5541].in[4] (.names)                                            0.441     0.607
[5541].out[0] (.names)                                           0.261     0.868
[17555].in[0] (.names)                                           0.345     1.213
[17555].out[0] (.names)                                          0.261     1.474
[17559].in[5] (.names)                                           0.421     1.895
[17559].out[0] (.names)                                          0.261     2.156
nen24_7.in[1] (.names)                                           0.501     2.657
nen24_7.out[0] (.names)                                          0.261     2.918
[17925].in[2] (.names)                                           0.651     3.569
[17925].out[0] (.names)                                          0.261     3.830
[19153].in[5] (.names)                                           0.805     4.636
[19153].out[0] (.names)                                          0.261     4.897
[19157].in[2] (.names)                                           0.348     5.245
[19157].out[0] (.names)                                          0.261     5.506
[19221].in[2] (.names)                                           0.100     5.606
[19221].out[0] (.names)                                          0.261     5.867
[19227].in[2] (.names)                                           0.100     5.967
[19227].out[0] (.names)                                          0.261     6.228
[19232].in[2] (.names)                                           0.100     6.328
[19232].out[0] (.names)                                          0.261     6.589
[19215].in[2] (.names)                                           0.345     6.934
[19215].out[0] (.names)                                          0.261     7.195
[19068].in[5] (.names)                                           0.100     7.295
[19068].out[0] (.names)                                          0.261     7.556
[10994].in[3] (.names)                                           0.499     8.055
[10994].out[0] (.names)                                          0.261     8.316
[10985].D[0] (.latch)                                            0.000     8.316
data arrival time                                                          8.316

clock pclk (rise edge)                                           0.000     0.000
clock source latency                                             0.000     0.000
pclk.inpad[0] (.input)                                           0.000     0.000
[10985].clk[0] (.latch)                                          0.042     0.042
clock uncertainty                                                0.000     0.042
cell setup time                                                 -0.066    -0.024
data required time                                                        -0.024
--------------------------------------------------------------------------------
data required time                                                        -0.024
data arrival time                                                         -8.316
--------------------------------------------------------------------------------
slack (VIOLATED)                                                          -8.339


#Path 51
Startpoint: [17752].Q[0] (.latch clocked by pclk)
Endpoint  : [11675].D[0] (.latch clocked by pclk)
Path Type : setup

Point                                                             Incr      Path
--------------------------------------------------------------------------------
clock pclk (rise edge)                                           0.000     0.000
clock source latency                                             0.000     0.000
pclk.inpad[0] (.input)                                           0.000     0.000
[17752].clk[0] (.latch)                                          0.042     0.042
[17752].Q[0] (.latch) [clock-to-output]                          0.124     0.166
[5541].in[4] (.names)                                            0.441     0.607
[5541].out[0] (.names)                                           0.261     0.868
[17555].in[0] (.names)                                           0.345     1.213
[17555].out[0] (.names)                                          0.261     1.474
[17559].in[5] (.names)                                           0.421     1.895
[17559].out[0] (.names)                                          0.261     2.156
nen24_7.in[1] (.names)                                           0.501     2.657
nen24_7.out[0] (.names)                                          0.261     2.918
[17925].in[2] (.names)                                           0.651     3.569
[17925].out[0] (.names)                                          0.261     3.830
[19153].in[5] (.names)                                           0.805     4.636
[19153].out[0] (.names)                                          0.261     4.897
[19157].in[2] (.names)                                           0.348     5.245
[19157].out[0] (.names)                                          0.261     5.506
[19221].in[2] (.names)                                           0.100     5.606
[19221].out[0] (.names)                                          0.261     5.867
[19227].in[2] (.names)                                           0.100     5.967
[19227].out[0] (.names)                                          0.261     6.228
[19232].in[2] (.names)                                           0.100     6.328
[19232].out[0] (.names)                                          0.261     6.589
[19215].in[2] (.names)                                           0.345     6.934
[19215].out[0] (.names)                                          0.261     7.195
[19068].in[5] (.names)                                           0.100     7.295
[19068].out[0] (.names)                                          0.261     7.556
[11684].in[4] (.names)                                           0.497     8.053
[11684].out[0] (.names)                                          0.261     8.314
[11675].D[0] (.latch)                                            0.000     8.314
data arrival time                                                          8.314

clock pclk (rise edge)                                           0.000     0.000
clock source latency                                             0.000     0.000
pclk.inpad[0] (.input)                                           0.000     0.000
[11675].clk[0] (.latch)                                          0.042     0.042
clock uncertainty                                                0.000     0.042
cell setup time                                                 -0.066    -0.024
data required time                                                        -0.024
--------------------------------------------------------------------------------
data required time                                                        -0.024
data arrival time                                                         -8.314
--------------------------------------------------------------------------------
slack (VIOLATED)                                                          -8.337


#Path 52
Startpoint: [17752].Q[0] (.latch clocked by pclk)
Endpoint  : [10730].D[0] (.latch clocked by pclk)
Path Type : setup

Point                                                             Incr      Path
--------------------------------------------------------------------------------
clock pclk (rise edge)                                           0.000     0.000
clock source latency                                             0.000     0.000
pclk.inpad[0] (.input)                                           0.000     0.000
[17752].clk[0] (.latch)                                          0.042     0.042
[17752].Q[0] (.latch) [clock-to-output]                          0.124     0.166
[5541].in[4] (.names)                                            0.441     0.607
[5541].out[0] (.names)                                           0.261     0.868
[17555].in[0] (.names)                                           0.345     1.213
[17555].out[0] (.names)                                          0.261     1.474
[17559].in[5] (.names)                                           0.421     1.895
[17559].out[0] (.names)                                          0.261     2.156
nen24_7.in[1] (.names)                                           0.501     2.657
nen24_7.out[0] (.names)                                          0.261     2.918
[17925].in[2] (.names)                                           0.651     3.569
[17925].out[0] (.names)                                          0.261     3.830
[19153].in[5] (.names)                                           0.805     4.636
[19153].out[0] (.names)                                          0.261     4.897
[19157].in[2] (.names)                                           0.348     5.245
[19157].out[0] (.names)                                          0.261     5.506
[19221].in[2] (.names)                                           0.100     5.606
[19221].out[0] (.names)                                          0.261     5.867
[19227].in[2] (.names)                                           0.100     5.967
[19227].out[0] (.names)                                          0.261     6.228
[19232].in[2] (.names)                                           0.100     6.328
[19232].out[0] (.names)                                          0.261     6.589
[19215].in[2] (.names)                                           0.345     6.934
[19215].out[0] (.names)                                          0.261     7.195
[19068].in[5] (.names)                                           0.100     7.295
[19068].out[0] (.names)                                          0.261     7.556
[10739].in[4] (.names)                                           0.497     8.053
[10739].out[0] (.names)                                          0.261     8.314
[10730].D[0] (.latch)                                            0.000     8.314
data arrival time                                                          8.314

clock pclk (rise edge)                                           0.000     0.000
clock source latency                                             0.000     0.000
pclk.inpad[0] (.input)                                           0.000     0.000
[10730].clk[0] (.latch)                                          0.042     0.042
clock uncertainty                                                0.000     0.042
cell setup time                                                 -0.066    -0.024
data required time                                                        -0.024
--------------------------------------------------------------------------------
data required time                                                        -0.024
data arrival time                                                         -8.314
--------------------------------------------------------------------------------
slack (VIOLATED)                                                          -8.337


#Path 53
Startpoint: [17752].Q[0] (.latch clocked by pclk)
Endpoint  : [10070].D[0] (.latch clocked by pclk)
Path Type : setup

Point                                                             Incr      Path
--------------------------------------------------------------------------------
clock pclk (rise edge)                                           0.000     0.000
clock source latency                                             0.000     0.000
pclk.inpad[0] (.input)                                           0.000     0.000
[17752].clk[0] (.latch)                                          0.042     0.042
[17752].Q[0] (.latch) [clock-to-output]                          0.124     0.166
[5541].in[4] (.names)                                            0.441     0.607
[5541].out[0] (.names)                                           0.261     0.868
[17555].in[0] (.names)                                           0.345     1.213
[17555].out[0] (.names)                                          0.261     1.474
[17559].in[5] (.names)                                           0.421     1.895
[17559].out[0] (.names)                                          0.261     2.156
nen24_7.in[1] (.names)                                           0.501     2.657
nen24_7.out[0] (.names)                                          0.261     2.918
[17925].in[2] (.names)                                           0.651     3.569
[17925].out[0] (.names)                                          0.261     3.830
[19153].in[5] (.names)                                           0.805     4.636
[19153].out[0] (.names)                                          0.261     4.897
[19157].in[2] (.names)                                           0.348     5.245
[19157].out[0] (.names)                                          0.261     5.506
[19221].in[2] (.names)                                           0.100     5.606
[19221].out[0] (.names)                                          0.261     5.867
[19227].in[2] (.names)                                           0.100     5.967
[19227].out[0] (.names)                                          0.261     6.228
[19232].in[2] (.names)                                           0.100     6.328
[19232].out[0] (.names)                                          0.261     6.589
[19215].in[2] (.names)                                           0.345     6.934
[19215].out[0] (.names)                                          0.261     7.195
[19068].in[5] (.names)                                           0.100     7.295
[19068].out[0] (.names)                                          0.261     7.556
[10079].in[4] (.names)                                           0.497     8.053
[10079].out[0] (.names)                                          0.261     8.314
[10070].D[0] (.latch)                                            0.000     8.314
data arrival time                                                          8.314

clock pclk (rise edge)                                           0.000     0.000
clock source latency                                             0.000     0.000
pclk.inpad[0] (.input)                                           0.000     0.000
[10070].clk[0] (.latch)                                          0.042     0.042
clock uncertainty                                                0.000     0.042
cell setup time                                                 -0.066    -0.024
data required time                                                        -0.024
--------------------------------------------------------------------------------
data required time                                                        -0.024
data arrival time                                                         -8.314
--------------------------------------------------------------------------------
slack (VIOLATED)                                                          -8.337


#Path 54
Startpoint: [17752].Q[0] (.latch clocked by pclk)
Endpoint  : [10700].D[0] (.latch clocked by pclk)
Path Type : setup

Point                                                             Incr      Path
--------------------------------------------------------------------------------
clock pclk (rise edge)                                           0.000     0.000
clock source latency                                             0.000     0.000
pclk.inpad[0] (.input)                                           0.000     0.000
[17752].clk[0] (.latch)                                          0.042     0.042
[17752].Q[0] (.latch) [clock-to-output]                          0.124     0.166
[5541].in[4] (.names)                                            0.441     0.607
[5541].out[0] (.names)                                           0.261     0.868
[17555].in[0] (.names)                                           0.345     1.213
[17555].out[0] (.names)                                          0.261     1.474
[17559].in[5] (.names)                                           0.421     1.895
[17559].out[0] (.names)                                          0.261     2.156
nen24_7.in[1] (.names)                                           0.501     2.657
nen24_7.out[0] (.names)                                          0.261     2.918
[17925].in[2] (.names)                                           0.651     3.569
[17925].out[0] (.names)                                          0.261     3.830
[19153].in[5] (.names)                                           0.805     4.636
[19153].out[0] (.names)                                          0.261     4.897
[19157].in[2] (.names)                                           0.348     5.245
[19157].out[0] (.names)                                          0.261     5.506
[19221].in[2] (.names)                                           0.100     5.606
[19221].out[0] (.names)                                          0.261     5.867
[19227].in[2] (.names)                                           0.100     5.967
[19227].out[0] (.names)                                          0.261     6.228
[19232].in[2] (.names)                                           0.100     6.328
[19232].out[0] (.names)                                          0.261     6.589
[19215].in[2] (.names)                                           0.345     6.934
[19215].out[0] (.names)                                          0.261     7.195
[10709].in[4] (.names)                                           0.810     8.005
[10709].out[0] (.names)                                          0.261     8.266
[10700].D[0] (.latch)                                            0.000     8.266
data arrival time                                                          8.266

clock pclk (rise edge)                                           0.000     0.000
clock source latency                                             0.000     0.000
pclk.inpad[0] (.input)                                           0.000     0.000
[10700].clk[0] (.latch)                                          0.042     0.042
clock uncertainty                                                0.000     0.042
cell setup time                                                 -0.066    -0.024
data required time                                                        -0.024
--------------------------------------------------------------------------------
data required time                                                        -0.024
data arrival time                                                         -8.266
--------------------------------------------------------------------------------
slack (VIOLATED)                                                          -8.289


#Path 55
Startpoint: [17752].Q[0] (.latch clocked by pclk)
Endpoint  : [13805].D[0] (.latch clocked by pclk)
Path Type : setup

Point                                                             Incr      Path
--------------------------------------------------------------------------------
clock pclk (rise edge)                                           0.000     0.000
clock source latency                                             0.000     0.000
pclk.inpad[0] (.input)                                           0.000     0.000
[17752].clk[0] (.latch)                                          0.042     0.042
[17752].Q[0] (.latch) [clock-to-output]                          0.124     0.166
[5541].in[4] (.names)                                            0.441     0.607
[5541].out[0] (.names)                                           0.261     0.868
[17555].in[0] (.names)                                           0.345     1.213
[17555].out[0] (.names)                                          0.261     1.474
[17559].in[5] (.names)                                           0.421     1.895
[17559].out[0] (.names)                                          0.261     2.156
nen24_7.in[1] (.names)                                           0.501     2.657
nen24_7.out[0] (.names)                                          0.261     2.918
[17925].in[2] (.names)                                           0.651     3.569
[17925].out[0] (.names)                                          0.261     3.830
[19153].in[5] (.names)                                           0.805     4.636
[19153].out[0] (.names)                                          0.261     4.897
[19157].in[2] (.names)                                           0.348     5.245
[19157].out[0] (.names)                                          0.261     5.506
[19221].in[2] (.names)                                           0.100     5.606
[19221].out[0] (.names)                                          0.261     5.867
[19227].in[2] (.names)                                           0.100     5.967
[19227].out[0] (.names)                                          0.261     6.228
[19232].in[2] (.names)                                           0.100     6.328
[19232].out[0] (.names)                                          0.261     6.589
[19215].in[2] (.names)                                           0.345     6.934
[19215].out[0] (.names)                                          0.261     7.195
[13814].in[4] (.names)                                           0.809     8.004
[13814].out[0] (.names)                                          0.261     8.265
[13805].D[0] (.latch)                                            0.000     8.265
data arrival time                                                          8.265

clock pclk (rise edge)                                           0.000     0.000
clock source latency                                             0.000     0.000
pclk.inpad[0] (.input)                                           0.000     0.000
[13805].clk[0] (.latch)                                          0.042     0.042
clock uncertainty                                                0.000     0.042
cell setup time                                                 -0.066    -0.024
data required time                                                        -0.024
--------------------------------------------------------------------------------
data required time                                                        -0.024
data arrival time                                                         -8.265
--------------------------------------------------------------------------------
slack (VIOLATED)                                                          -8.288


#Path 56
Startpoint: [17752].Q[0] (.latch clocked by pclk)
Endpoint  : [9530].D[0] (.latch clocked by pclk)
Path Type : setup

Point                                                             Incr      Path
--------------------------------------------------------------------------------
clock pclk (rise edge)                                           0.000     0.000
clock source latency                                             0.000     0.000
pclk.inpad[0] (.input)                                           0.000     0.000
[17752].clk[0] (.latch)                                          0.042     0.042
[17752].Q[0] (.latch) [clock-to-output]                          0.124     0.166
[5541].in[4] (.names)                                            0.441     0.607
[5541].out[0] (.names)                                           0.261     0.868
[17555].in[0] (.names)                                           0.345     1.213
[17555].out[0] (.names)                                          0.261     1.474
[17559].in[5] (.names)                                           0.421     1.895
[17559].out[0] (.names)                                          0.261     2.156
nen24_7.in[1] (.names)                                           0.501     2.657
nen24_7.out[0] (.names)                                          0.261     2.918
[17925].in[2] (.names)                                           0.651     3.569
[17925].out[0] (.names)                                          0.261     3.830
[19153].in[5] (.names)                                           0.805     4.636
[19153].out[0] (.names)                                          0.261     4.897
[19157].in[2] (.names)                                           0.348     5.245
[19157].out[0] (.names)                                          0.261     5.506
[19221].in[2] (.names)                                           0.100     5.606
[19221].out[0] (.names)                                          0.261     5.867
[19227].in[2] (.names)                                           0.100     5.967
[19227].out[0] (.names)                                          0.261     6.228
[19232].in[2] (.names)                                           0.100     6.328
[19232].out[0] (.names)                                          0.261     6.589
[19215].in[2] (.names)                                           0.345     6.934
[19215].out[0] (.names)                                          0.261     7.195
[9539].in[4] (.names)                                            0.805     8.000
[9539].out[0] (.names)                                           0.261     8.261
[9530].D[0] (.latch)                                             0.000     8.261
data arrival time                                                          8.261

clock pclk (rise edge)                                           0.000     0.000
clock source latency                                             0.000     0.000
pclk.inpad[0] (.input)                                           0.000     0.000
[9530].clk[0] (.latch)                                           0.042     0.042
clock uncertainty                                                0.000     0.042
cell setup time                                                 -0.066    -0.024
data required time                                                        -0.024
--------------------------------------------------------------------------------
data required time                                                        -0.024
data arrival time                                                         -8.261
--------------------------------------------------------------------------------
slack (VIOLATED)                                                          -8.285


#Path 57
Startpoint: [17752].Q[0] (.latch clocked by pclk)
Endpoint  : [14120].D[0] (.latch clocked by pclk)
Path Type : setup

Point                                                             Incr      Path
--------------------------------------------------------------------------------
clock pclk (rise edge)                                           0.000     0.000
clock source latency                                             0.000     0.000
pclk.inpad[0] (.input)                                           0.000     0.000
[17752].clk[0] (.latch)                                          0.042     0.042
[17752].Q[0] (.latch) [clock-to-output]                          0.124     0.166
[5541].in[4] (.names)                                            0.441     0.607
[5541].out[0] (.names)                                           0.261     0.868
[17555].in[0] (.names)                                           0.345     1.213
[17555].out[0] (.names)                                          0.261     1.474
[17559].in[5] (.names)                                           0.421     1.895
[17559].out[0] (.names)                                          0.261     2.156
nrq20_3.in[0] (.names)                                           0.425     2.581
nrq20_3.out[0] (.names)                                          0.261     2.842
[4265].in[1] (.names)                                            0.738     3.580
[4265].out[0] (.names)                                           0.261     3.841
n_n2483.in[1] (.names)                                           0.348     4.189
n_n2483.out[0] (.names)                                          0.261     4.450
[4442].in[0] (.names)                                            0.348     4.798
[4442].out[0] (.names)                                           0.261     5.059
[5173].in[3] (.names)                                            0.270     5.329
[5173].out[0] (.names)                                           0.261     5.590
[19520].in[4] (.names)                                           0.345     5.935
[19520].out[0] (.names)                                          0.261     6.196
[5162].in[4] (.names)                                            0.345     6.541
[5162].out[0] (.names)                                           0.261     6.802
[19490].in[4] (.names)                                           0.421     7.223
[19490].out[0] (.names)                                          0.261     7.484
[14129].in[3] (.names)                                           0.503     7.987
[14129].out[0] (.names)                                          0.261     8.248
[14120].D[0] (.latch)                                            0.000     8.248
data arrival time                                                          8.248

clock pclk (rise edge)                                           0.000     0.000
clock source latency                                             0.000     0.000
pclk.inpad[0] (.input)                                           0.000     0.000
[14120].clk[0] (.latch)                                          0.042     0.042
clock uncertainty                                                0.000     0.042
cell setup time                                                 -0.066    -0.024
data required time                                                        -0.024
--------------------------------------------------------------------------------
data required time                                                        -0.024
data arrival time                                                         -8.248
--------------------------------------------------------------------------------
slack (VIOLATED)                                                          -8.272


#Path 58
Startpoint: [17752].Q[0] (.latch clocked by pclk)
Endpoint  : [5360].D[0] (.latch clocked by pclk)
Path Type : setup

Point                                                             Incr      Path
--------------------------------------------------------------------------------
clock pclk (rise edge)                                           0.000     0.000
clock source latency                                             0.000     0.000
pclk.inpad[0] (.input)                                           0.000     0.000
[17752].clk[0] (.latch)                                          0.042     0.042
[17752].Q[0] (.latch) [clock-to-output]                          0.124     0.166
[5541].in[4] (.names)                                            0.441     0.607
[5541].out[0] (.names)                                           0.261     0.868
[17555].in[0] (.names)                                           0.345     1.213
[17555].out[0] (.names)                                          0.261     1.474
[17559].in[5] (.names)                                           0.421     1.895
[17559].out[0] (.names)                                          0.261     2.156
nrq20_3.in[0] (.names)                                           0.425     2.581
nrq20_3.out[0] (.names)                                          0.261     2.842
[4265].in[1] (.names)                                            0.738     3.580
[4265].out[0] (.names)                                           0.261     3.841
n_n2483.in[1] (.names)                                           0.348     4.189
n_n2483.out[0] (.names)                                          0.261     4.450
[4442].in[0] (.names)                                            0.348     4.798
[4442].out[0] (.names)                                           0.261     5.059
[5173].in[3] (.names)                                            0.270     5.329
[5173].out[0] (.names)                                           0.261     5.590
[19520].in[4] (.names)                                           0.345     5.935
[19520].out[0] (.names)                                          0.261     6.196
[5162].in[4] (.names)                                            0.345     6.541
[5162].out[0] (.names)                                           0.261     6.802
[19490].in[4] (.names)                                           0.421     7.223
[19490].out[0] (.names)                                          0.261     7.484
[5369].in[3] (.names)                                            0.503     7.987
[5369].out[0] (.names)                                           0.261     8.248
[5360].D[0] (.latch)                                             0.000     8.248
data arrival time                                                          8.248

clock pclk (rise edge)                                           0.000     0.000
clock source latency                                             0.000     0.000
pclk.inpad[0] (.input)                                           0.000     0.000
[5360].clk[0] (.latch)                                           0.042     0.042
clock uncertainty                                                0.000     0.042
cell setup time                                                 -0.066    -0.024
data required time                                                        -0.024
--------------------------------------------------------------------------------
data required time                                                        -0.024
data arrival time                                                         -8.248
--------------------------------------------------------------------------------
slack (VIOLATED)                                                          -8.272


#Path 59
Startpoint: [17752].Q[0] (.latch clocked by pclk)
Endpoint  : [15050].D[0] (.latch clocked by pclk)
Path Type : setup

Point                                                             Incr      Path
--------------------------------------------------------------------------------
clock pclk (rise edge)                                           0.000     0.000
clock source latency                                             0.000     0.000
pclk.inpad[0] (.input)                                           0.000     0.000
[17752].clk[0] (.latch)                                          0.042     0.042
[17752].Q[0] (.latch) [clock-to-output]                          0.124     0.166
[5541].in[4] (.names)                                            0.441     0.607
[5541].out[0] (.names)                                           0.261     0.868
[17555].in[0] (.names)                                           0.345     1.213
[17555].out[0] (.names)                                          0.261     1.474
[17559].in[5] (.names)                                           0.421     1.895
[17559].out[0] (.names)                                          0.261     2.156
nen24_7.in[1] (.names)                                           0.501     2.657
nen24_7.out[0] (.names)                                          0.261     2.918
[17925].in[2] (.names)                                           0.651     3.569
[17925].out[0] (.names)                                          0.261     3.830
[19153].in[5] (.names)                                           0.805     4.636
[19153].out[0] (.names)                                          0.261     4.897
[19157].in[2] (.names)                                           0.348     5.245
[19157].out[0] (.names)                                          0.261     5.506
[19221].in[2] (.names)                                           0.100     5.606
[19221].out[0] (.names)                                          0.261     5.867
[19227].in[2] (.names)                                           0.100     5.967
[19227].out[0] (.names)                                          0.261     6.228
[19232].in[2] (.names)                                           0.100     6.328
[19232].out[0] (.names)                                          0.261     6.589
[19215].in[2] (.names)                                           0.345     6.934
[19215].out[0] (.names)                                          0.261     7.195
[4388].in[3] (.names)                                            0.100     7.295
[4388].out[0] (.names)                                           0.261     7.556
[15059].in[4] (.names)                                           0.426     7.982
[15059].out[0] (.names)                                          0.261     8.243
[15050].D[0] (.latch)                                            0.000     8.243
data arrival time                                                          8.243

clock pclk (rise edge)                                           0.000     0.000
clock source latency                                             0.000     0.000
pclk.inpad[0] (.input)                                           0.000     0.000
[15050].clk[0] (.latch)                                          0.042     0.042
clock uncertainty                                                0.000     0.042
cell setup time                                                 -0.066    -0.024
data required time                                                        -0.024
--------------------------------------------------------------------------------
data required time                                                        -0.024
data arrival time                                                         -8.243
--------------------------------------------------------------------------------
slack (VIOLATED)                                                          -8.267


#Path 60
Startpoint: [17752].Q[0] (.latch clocked by pclk)
Endpoint  : [8210].D[0] (.latch clocked by pclk)
Path Type : setup

Point                                                             Incr      Path
--------------------------------------------------------------------------------
clock pclk (rise edge)                                           0.000     0.000
clock source latency                                             0.000     0.000
pclk.inpad[0] (.input)                                           0.000     0.000
[17752].clk[0] (.latch)                                          0.042     0.042
[17752].Q[0] (.latch) [clock-to-output]                          0.124     0.166
[5541].in[4] (.names)                                            0.441     0.607
[5541].out[0] (.names)                                           0.261     0.868
[17555].in[0] (.names)                                           0.345     1.213
[17555].out[0] (.names)                                          0.261     1.474
[17559].in[5] (.names)                                           0.421     1.895
[17559].out[0] (.names)                                          0.261     2.156
nen24_7.in[1] (.names)                                           0.501     2.657
nen24_7.out[0] (.names)                                          0.261     2.918
[17925].in[2] (.names)                                           0.651     3.569
[17925].out[0] (.names)                                          0.261     3.830
[19153].in[5] (.names)                                           0.805     4.636
[19153].out[0] (.names)                                          0.261     4.897
[19157].in[2] (.names)                                           0.348     5.245
[19157].out[0] (.names)                                          0.261     5.506
[19221].in[2] (.names)                                           0.100     5.606
[19221].out[0] (.names)                                          0.261     5.867
[19227].in[2] (.names)                                           0.100     5.967
[19227].out[0] (.names)                                          0.261     6.228
[19232].in[2] (.names)                                           0.100     6.328
[19232].out[0] (.names)                                          0.261     6.589
[19215].in[2] (.names)                                           0.345     6.934
[19215].out[0] (.names)                                          0.261     7.195
[4388].in[3] (.names)                                            0.100     7.295
[4388].out[0] (.names)                                           0.261     7.556
[8219].in[4] (.names)                                            0.426     7.982
[8219].out[0] (.names)                                           0.261     8.243
[8210].D[0] (.latch)                                             0.000     8.243
data arrival time                                                          8.243

clock pclk (rise edge)                                           0.000     0.000
clock source latency                                             0.000     0.000
pclk.inpad[0] (.input)                                           0.000     0.000
[8210].clk[0] (.latch)                                           0.042     0.042
clock uncertainty                                                0.000     0.042
cell setup time                                                 -0.066    -0.024
data required time                                                        -0.024
--------------------------------------------------------------------------------
data required time                                                        -0.024
data arrival time                                                         -8.243
--------------------------------------------------------------------------------
slack (VIOLATED)                                                          -8.267


#Path 61
Startpoint: [17752].Q[0] (.latch clocked by pclk)
Endpoint  : [4880].D[0] (.latch clocked by pclk)
Path Type : setup

Point                                                             Incr      Path
--------------------------------------------------------------------------------
clock pclk (rise edge)                                           0.000     0.000
clock source latency                                             0.000     0.000
pclk.inpad[0] (.input)                                           0.000     0.000
[17752].clk[0] (.latch)                                          0.042     0.042
[17752].Q[0] (.latch) [clock-to-output]                          0.124     0.166
[5541].in[4] (.names)                                            0.441     0.607
[5541].out[0] (.names)                                           0.261     0.868
[17555].in[0] (.names)                                           0.345     1.213
[17555].out[0] (.names)                                          0.261     1.474
[17559].in[5] (.names)                                           0.421     1.895
[17559].out[0] (.names)                                          0.261     2.156
nen24_7.in[1] (.names)                                           0.501     2.657
nen24_7.out[0] (.names)                                          0.261     2.918
[17925].in[2] (.names)                                           0.651     3.569
[17925].out[0] (.names)                                          0.261     3.830
[19153].in[5] (.names)                                           0.805     4.636
[19153].out[0] (.names)                                          0.261     4.897
[19157].in[2] (.names)                                           0.348     5.245
[19157].out[0] (.names)                                          0.261     5.506
[19221].in[2] (.names)                                           0.100     5.606
[19221].out[0] (.names)                                          0.261     5.867
[19227].in[2] (.names)                                           0.100     5.967
[19227].out[0] (.names)                                          0.261     6.228
[19232].in[2] (.names)                                           0.100     6.328
[19232].out[0] (.names)                                          0.261     6.589
[19215].in[2] (.names)                                           0.345     6.934
[19215].out[0] (.names)                                          0.261     7.195
[4388].in[3] (.names)                                            0.100     7.295
[4388].out[0] (.names)                                           0.261     7.556
[4889].in[4] (.names)                                            0.426     7.982
[4889].out[0] (.names)                                           0.261     8.243
[4880].D[0] (.latch)                                             0.000     8.243
data arrival time                                                          8.243

clock pclk (rise edge)                                           0.000     0.000
clock source latency                                             0.000     0.000
pclk.inpad[0] (.input)                                           0.000     0.000
[4880].clk[0] (.latch)                                           0.042     0.042
clock uncertainty                                                0.000     0.042
cell setup time                                                 -0.066    -0.024
data required time                                                        -0.024
--------------------------------------------------------------------------------
data required time                                                        -0.024
data arrival time                                                         -8.243
--------------------------------------------------------------------------------
slack (VIOLATED)                                                          -8.267


#Path 62
Startpoint: [17752].Q[0] (.latch clocked by pclk)
Endpoint  : [14540].D[0] (.latch clocked by pclk)
Path Type : setup

Point                                                             Incr      Path
--------------------------------------------------------------------------------
clock pclk (rise edge)                                           0.000     0.000
clock source latency                                             0.000     0.000
pclk.inpad[0] (.input)                                           0.000     0.000
[17752].clk[0] (.latch)                                          0.042     0.042
[17752].Q[0] (.latch) [clock-to-output]                          0.124     0.166
[5541].in[4] (.names)                                            0.441     0.607
[5541].out[0] (.names)                                           0.261     0.868
[17555].in[0] (.names)                                           0.345     1.213
[17555].out[0] (.names)                                          0.261     1.474
[17559].in[5] (.names)                                           0.421     1.895
[17559].out[0] (.names)                                          0.261     2.156
nrq20_3.in[0] (.names)                                           0.425     2.581
nrq20_3.out[0] (.names)                                          0.261     2.842
[4265].in[1] (.names)                                            0.738     3.580
[4265].out[0] (.names)                                           0.261     3.841
n_n2483.in[1] (.names)                                           0.348     4.189
n_n2483.out[0] (.names)                                          0.261     4.450
[4442].in[0] (.names)                                            0.348     4.798
[4442].out[0] (.names)                                           0.261     5.059
[5173].in[3] (.names)                                            0.270     5.329
[5173].out[0] (.names)                                           0.261     5.590
[19520].in[4] (.names)                                           0.345     5.935
[19520].out[0] (.names)                                          0.261     6.196
[5162].in[4] (.names)                                            0.345     6.541
[5162].out[0] (.names)                                           0.261     6.802
[19490].in[4] (.names)                                           0.421     7.223
[19490].out[0] (.names)                                          0.261     7.484
[2812].in[4] (.names)                                            0.100     7.584
[2812].out[0] (.names)                                           0.261     7.845
[14549].in[3] (.names)                                           0.100     7.945
[14549].out[0] (.names)                                          0.261     8.206
[14540].D[0] (.latch)                                            0.000     8.206
data arrival time                                                          8.206

clock pclk (rise edge)                                           0.000     0.000
clock source latency                                             0.000     0.000
pclk.inpad[0] (.input)                                           0.000     0.000
[14540].clk[0] (.latch)                                          0.042     0.042
clock uncertainty                                                0.000     0.042
cell setup time                                                 -0.066    -0.024
data required time                                                        -0.024
--------------------------------------------------------------------------------
data required time                                                        -0.024
data arrival time                                                         -8.206
--------------------------------------------------------------------------------
slack (VIOLATED)                                                          -8.229


#Path 63
Startpoint: [17752].Q[0] (.latch clocked by pclk)
Endpoint  : [8090].D[0] (.latch clocked by pclk)
Path Type : setup

Point                                                             Incr      Path
--------------------------------------------------------------------------------
clock pclk (rise edge)                                           0.000     0.000
clock source latency                                             0.000     0.000
pclk.inpad[0] (.input)                                           0.000     0.000
[17752].clk[0] (.latch)                                          0.042     0.042
[17752].Q[0] (.latch) [clock-to-output]                          0.124     0.166
[5541].in[4] (.names)                                            0.441     0.607
[5541].out[0] (.names)                                           0.261     0.868
[17555].in[0] (.names)                                           0.345     1.213
[17555].out[0] (.names)                                          0.261     1.474
[17559].in[5] (.names)                                           0.421     1.895
[17559].out[0] (.names)                                          0.261     2.156
nrq20_3.in[0] (.names)                                           0.425     2.581
nrq20_3.out[0] (.names)                                          0.261     2.842
[4265].in[1] (.names)                                            0.738     3.580
[4265].out[0] (.names)                                           0.261     3.841
n_n2483.in[1] (.names)                                           0.348     4.189
n_n2483.out[0] (.names)                                          0.261     4.450
[4442].in[0] (.names)                                            0.348     4.798
[4442].out[0] (.names)                                           0.261     5.059
[5173].in[3] (.names)                                            0.270     5.329
[5173].out[0] (.names)                                           0.261     5.590
[19520].in[4] (.names)                                           0.345     5.935
[19520].out[0] (.names)                                          0.261     6.196
[5162].in[4] (.names)                                            0.345     6.541
[5162].out[0] (.names)                                           0.261     6.802
[19490].in[4] (.names)                                           0.421     7.223
[19490].out[0] (.names)                                          0.261     7.484
[3850].in[4] (.names)                                            0.100     7.584
[3850].out[0] (.names)                                           0.261     7.845
[8099].in[3] (.names)                                            0.100     7.945
[8099].out[0] (.names)                                           0.261     8.206
[8090].D[0] (.latch)                                             0.000     8.206
data arrival time                                                          8.206

clock pclk (rise edge)                                           0.000     0.000
clock source latency                                             0.000     0.000
pclk.inpad[0] (.input)                                           0.000     0.000
[8090].clk[0] (.latch)                                           0.042     0.042
clock uncertainty                                                0.000     0.042
cell setup time                                                 -0.066    -0.024
data required time                                                        -0.024
--------------------------------------------------------------------------------
data required time                                                        -0.024
data arrival time                                                         -8.206
--------------------------------------------------------------------------------
slack (VIOLATED)                                                          -8.229


#Path 64
Startpoint: [17752].Q[0] (.latch clocked by pclk)
Endpoint  : [14990].D[0] (.latch clocked by pclk)
Path Type : setup

Point                                                             Incr      Path
--------------------------------------------------------------------------------
clock pclk (rise edge)                                           0.000     0.000
clock source latency                                             0.000     0.000
pclk.inpad[0] (.input)                                           0.000     0.000
[17752].clk[0] (.latch)                                          0.042     0.042
[17752].Q[0] (.latch) [clock-to-output]                          0.124     0.166
[5541].in[4] (.names)                                            0.441     0.607
[5541].out[0] (.names)                                           0.261     0.868
[17555].in[0] (.names)                                           0.345     1.213
[17555].out[0] (.names)                                          0.261     1.474
[17559].in[5] (.names)                                           0.421     1.895
[17559].out[0] (.names)                                          0.261     2.156
nrq20_3.in[0] (.names)                                           0.425     2.581
nrq20_3.out[0] (.names)                                          0.261     2.842
[4265].in[1] (.names)                                            0.738     3.580
[4265].out[0] (.names)                                           0.261     3.841
n_n2483.in[1] (.names)                                           0.348     4.189
n_n2483.out[0] (.names)                                          0.261     4.450
[4442].in[0] (.names)                                            0.348     4.798
[4442].out[0] (.names)                                           0.261     5.059
[5173].in[3] (.names)                                            0.270     5.329
[5173].out[0] (.names)                                           0.261     5.590
[19520].in[4] (.names)                                           0.345     5.935
[19520].out[0] (.names)                                          0.261     6.196
[5162].in[4] (.names)                                            0.345     6.541
[5162].out[0] (.names)                                           0.261     6.802
[19490].in[4] (.names)                                           0.421     7.223
[19490].out[0] (.names)                                          0.261     7.484
[2702].in[4] (.names)                                            0.100     7.584
[2702].out[0] (.names)                                           0.261     7.845
[14999].in[3] (.names)                                           0.100     7.945
[14999].out[0] (.names)                                          0.261     8.206
[14990].D[0] (.latch)                                            0.000     8.206
data arrival time                                                          8.206

clock pclk (rise edge)                                           0.000     0.000
clock source latency                                             0.000     0.000
pclk.inpad[0] (.input)                                           0.000     0.000
[14990].clk[0] (.latch)                                          0.042     0.042
clock uncertainty                                                0.000     0.042
cell setup time                                                 -0.066    -0.024
data required time                                                        -0.024
--------------------------------------------------------------------------------
data required time                                                        -0.024
data arrival time                                                         -8.206
--------------------------------------------------------------------------------
slack (VIOLATED)                                                          -8.229


#Path 65
Startpoint: [17752].Q[0] (.latch clocked by pclk)
Endpoint  : [10415].D[0] (.latch clocked by pclk)
Path Type : setup

Point                                                             Incr      Path
--------------------------------------------------------------------------------
clock pclk (rise edge)                                           0.000     0.000
clock source latency                                             0.000     0.000
pclk.inpad[0] (.input)                                           0.000     0.000
[17752].clk[0] (.latch)                                          0.042     0.042
[17752].Q[0] (.latch) [clock-to-output]                          0.124     0.166
[5541].in[4] (.names)                                            0.441     0.607
[5541].out[0] (.names)                                           0.261     0.868
[17555].in[0] (.names)                                           0.345     1.213
[17555].out[0] (.names)                                          0.261     1.474
[17559].in[5] (.names)                                           0.421     1.895
[17559].out[0] (.names)                                          0.261     2.156
nen24_7.in[1] (.names)                                           0.501     2.657
nen24_7.out[0] (.names)                                          0.261     2.918
[17925].in[2] (.names)                                           0.651     3.569
[17925].out[0] (.names)                                          0.261     3.830
[19153].in[5] (.names)                                           0.805     4.636
[19153].out[0] (.names)                                          0.261     4.897
[19157].in[2] (.names)                                           0.348     5.245
[19157].out[0] (.names)                                          0.261     5.506
[19221].in[2] (.names)                                           0.100     5.606
[19221].out[0] (.names)                                          0.261     5.867
[19227].in[2] (.names)                                           0.100     5.967
[19227].out[0] (.names)                                          0.261     6.228
[19232].in[2] (.names)                                           0.100     6.328
[19232].out[0] (.names)                                          0.261     6.589
[19091].in[5] (.names)                                           0.658     7.247
[19091].out[0] (.names)                                          0.261     7.508
[10424].in[3] (.names)                                           0.426     7.935
[10424].out[0] (.names)                                          0.261     8.196
[10415].D[0] (.latch)                                            0.000     8.196
data arrival time                                                          8.196

clock pclk (rise edge)                                           0.000     0.000
clock source latency                                             0.000     0.000
pclk.inpad[0] (.input)                                           0.000     0.000
[10415].clk[0] (.latch)                                          0.042     0.042
clock uncertainty                                                0.000     0.042
cell setup time                                                 -0.066    -0.024
data required time                                                        -0.024
--------------------------------------------------------------------------------
data required time                                                        -0.024
data arrival time                                                         -8.196
--------------------------------------------------------------------------------
slack (VIOLATED)                                                          -8.219


#Path 66
Startpoint: [17752].Q[0] (.latch clocked by pclk)
Endpoint  : [15065].D[0] (.latch clocked by pclk)
Path Type : setup

Point                                                             Incr      Path
--------------------------------------------------------------------------------
clock pclk (rise edge)                                           0.000     0.000
clock source latency                                             0.000     0.000
pclk.inpad[0] (.input)                                           0.000     0.000
[17752].clk[0] (.latch)                                          0.042     0.042
[17752].Q[0] (.latch) [clock-to-output]                          0.124     0.166
[5541].in[4] (.names)                                            0.441     0.607
[5541].out[0] (.names)                                           0.261     0.868
[17555].in[0] (.names)                                           0.345     1.213
[17555].out[0] (.names)                                          0.261     1.474
[17559].in[5] (.names)                                           0.421     1.895
[17559].out[0] (.names)                                          0.261     2.156
nen24_7.in[1] (.names)                                           0.501     2.657
nen24_7.out[0] (.names)                                          0.261     2.918
[17925].in[2] (.names)                                           0.651     3.569
[17925].out[0] (.names)                                          0.261     3.830
[19153].in[5] (.names)                                           0.805     4.636
[19153].out[0] (.names)                                          0.261     4.897
[19157].in[2] (.names)                                           0.348     5.245
[19157].out[0] (.names)                                          0.261     5.506
[19221].in[2] (.names)                                           0.100     5.606
[19221].out[0] (.names)                                          0.261     5.867
[19227].in[2] (.names)                                           0.100     5.967
[19227].out[0] (.names)                                          0.261     6.228
[19232].in[2] (.names)                                           0.100     6.328
[19232].out[0] (.names)                                          0.261     6.589
[19091].in[5] (.names)                                           0.658     7.247
[19091].out[0] (.names)                                          0.261     7.508
[15074].in[3] (.names)                                           0.426     7.935
[15074].out[0] (.names)                                          0.261     8.196
[15065].D[0] (.latch)                                            0.000     8.196
data arrival time                                                          8.196

clock pclk (rise edge)                                           0.000     0.000
clock source latency                                             0.000     0.000
pclk.inpad[0] (.input)                                           0.000     0.000
[15065].clk[0] (.latch)                                          0.042     0.042
clock uncertainty                                                0.000     0.042
cell setup time                                                 -0.066    -0.024
data required time                                                        -0.024
--------------------------------------------------------------------------------
data required time                                                        -0.024
data arrival time                                                         -8.196
--------------------------------------------------------------------------------
slack (VIOLATED)                                                          -8.219


#Path 67
Startpoint: [17752].Q[0] (.latch clocked by pclk)
Endpoint  : [10445].D[0] (.latch clocked by pclk)
Path Type : setup

Point                                                             Incr      Path
--------------------------------------------------------------------------------
clock pclk (rise edge)                                           0.000     0.000
clock source latency                                             0.000     0.000
pclk.inpad[0] (.input)                                           0.000     0.000
[17752].clk[0] (.latch)                                          0.042     0.042
[17752].Q[0] (.latch) [clock-to-output]                          0.124     0.166
[5541].in[4] (.names)                                            0.441     0.607
[5541].out[0] (.names)                                           0.261     0.868
[17555].in[0] (.names)                                           0.345     1.213
[17555].out[0] (.names)                                          0.261     1.474
[17559].in[5] (.names)                                           0.421     1.895
[17559].out[0] (.names)                                          0.261     2.156
nen24_7.in[1] (.names)                                           0.501     2.657
nen24_7.out[0] (.names)                                          0.261     2.918
[17925].in[2] (.names)                                           0.651     3.569
[17925].out[0] (.names)                                          0.261     3.830
[19153].in[5] (.names)                                           0.805     4.636
[19153].out[0] (.names)                                          0.261     4.897
[19157].in[2] (.names)                                           0.348     5.245
[19157].out[0] (.names)                                          0.261     5.506
[19221].in[2] (.names)                                           0.100     5.606
[19221].out[0] (.names)                                          0.261     5.867
[19227].in[2] (.names)                                           0.100     5.967
[19227].out[0] (.names)                                          0.261     6.228
[19232].in[2] (.names)                                           0.100     6.328
[19232].out[0] (.names)                                          0.261     6.589
[19215].in[2] (.names)                                           0.345     6.934
[19215].out[0] (.names)                                          0.261     7.195
[10454].in[4] (.names)                                           0.726     7.920
[10454].out[0] (.names)                                          0.261     8.181
[10445].D[0] (.latch)                                            0.000     8.181
data arrival time                                                          8.181

clock pclk (rise edge)                                           0.000     0.000
clock source latency                                             0.000     0.000
pclk.inpad[0] (.input)                                           0.000     0.000
[10445].clk[0] (.latch)                                          0.042     0.042
clock uncertainty                                                0.000     0.042
cell setup time                                                 -0.066    -0.024
data required time                                                        -0.024
--------------------------------------------------------------------------------
data required time                                                        -0.024
data arrival time                                                         -8.181
--------------------------------------------------------------------------------
slack (VIOLATED)                                                          -8.205


#Path 68
Startpoint: [17752].Q[0] (.latch clocked by pclk)
Endpoint  : [4820].D[0] (.latch clocked by pclk)
Path Type : setup

Point                                                             Incr      Path
--------------------------------------------------------------------------------
clock pclk (rise edge)                                           0.000     0.000
clock source latency                                             0.000     0.000
pclk.inpad[0] (.input)                                           0.000     0.000
[17752].clk[0] (.latch)                                          0.042     0.042
[17752].Q[0] (.latch) [clock-to-output]                          0.124     0.166
[5541].in[4] (.names)                                            0.441     0.607
[5541].out[0] (.names)                                           0.261     0.868
[17555].in[0] (.names)                                           0.345     1.213
[17555].out[0] (.names)                                          0.261     1.474
[17559].in[5] (.names)                                           0.421     1.895
[17559].out[0] (.names)                                          0.261     2.156
nrq20_3.in[0] (.names)                                           0.425     2.581
nrq20_3.out[0] (.names)                                          0.261     2.842
[4265].in[1] (.names)                                            0.738     3.580
[4265].out[0] (.names)                                           0.261     3.841
n_n2483.in[1] (.names)                                           0.348     4.189
n_n2483.out[0] (.names)                                          0.261     4.450
[4442].in[0] (.names)                                            0.348     4.798
[4442].out[0] (.names)                                           0.261     5.059
[5173].in[3] (.names)                                            0.270     5.329
[5173].out[0] (.names)                                           0.261     5.590
[19520].in[4] (.names)                                           0.345     5.935
[19520].out[0] (.names)                                          0.261     6.196
[5162].in[4] (.names)                                            0.345     6.541
[5162].out[0] (.names)                                           0.261     6.802
[19490].in[4] (.names)                                           0.421     7.223
[19490].out[0] (.names)                                          0.261     7.484
[4829].in[3] (.names)                                            0.423     7.906
[4829].out[0] (.names)                                           0.261     8.167
[4820].D[0] (.latch)                                             0.000     8.167
data arrival time                                                          8.167

clock pclk (rise edge)                                           0.000     0.000
clock source latency                                             0.000     0.000
pclk.inpad[0] (.input)                                           0.000     0.000
[4820].clk[0] (.latch)                                           0.042     0.042
clock uncertainty                                                0.000     0.042
cell setup time                                                 -0.066    -0.024
data required time                                                        -0.024
--------------------------------------------------------------------------------
data required time                                                        -0.024
data arrival time                                                         -8.167
--------------------------------------------------------------------------------
slack (VIOLATED)                                                          -8.191


#Path 69
Startpoint: [17752].Q[0] (.latch clocked by pclk)
Endpoint  : [7430].D[0] (.latch clocked by pclk)
Path Type : setup

Point                                                             Incr      Path
--------------------------------------------------------------------------------
clock pclk (rise edge)                                           0.000     0.000
clock source latency                                             0.000     0.000
pclk.inpad[0] (.input)                                           0.000     0.000
[17752].clk[0] (.latch)                                          0.042     0.042
[17752].Q[0] (.latch) [clock-to-output]                          0.124     0.166
[5541].in[4] (.names)                                            0.441     0.607
[5541].out[0] (.names)                                           0.261     0.868
[17555].in[0] (.names)                                           0.345     1.213
[17555].out[0] (.names)                                          0.261     1.474
[17559].in[5] (.names)                                           0.421     1.895
[17559].out[0] (.names)                                          0.261     2.156
nrq20_3.in[0] (.names)                                           0.425     2.581
nrq20_3.out[0] (.names)                                          0.261     2.842
[4265].in[1] (.names)                                            0.738     3.580
[4265].out[0] (.names)                                           0.261     3.841
n_n2483.in[1] (.names)                                           0.348     4.189
n_n2483.out[0] (.names)                                          0.261     4.450
[4442].in[0] (.names)                                            0.348     4.798
[4442].out[0] (.names)                                           0.261     5.059
[5173].in[3] (.names)                                            0.270     5.329
[5173].out[0] (.names)                                           0.261     5.590
[19520].in[4] (.names)                                           0.345     5.935
[19520].out[0] (.names)                                          0.261     6.196
[5162].in[4] (.names)                                            0.345     6.541
[5162].out[0] (.names)                                           0.261     6.802
[19395].in[4] (.names)                                           0.573     7.375
[19395].out[0] (.names)                                          0.261     7.636
[7439].in[3] (.names)                                            0.270     7.905
[7439].out[0] (.names)                                           0.261     8.166
[7430].D[0] (.latch)                                             0.000     8.166
data arrival time                                                          8.166

clock pclk (rise edge)                                           0.000     0.000
clock source latency                                             0.000     0.000
pclk.inpad[0] (.input)                                           0.000     0.000
[7430].clk[0] (.latch)                                           0.042     0.042
clock uncertainty                                                0.000     0.042
cell setup time                                                 -0.066    -0.024
data required time                                                        -0.024
--------------------------------------------------------------------------------
data required time                                                        -0.024
data arrival time                                                         -8.166
--------------------------------------------------------------------------------
slack (VIOLATED)                                                          -8.190


#Path 70
Startpoint: [17752].Q[0] (.latch clocked by pclk)
Endpoint  : [6710].D[0] (.latch clocked by pclk)
Path Type : setup

Point                                                             Incr      Path
--------------------------------------------------------------------------------
clock pclk (rise edge)                                           0.000     0.000
clock source latency                                             0.000     0.000
pclk.inpad[0] (.input)                                           0.000     0.000
[17752].clk[0] (.latch)                                          0.042     0.042
[17752].Q[0] (.latch) [clock-to-output]                          0.124     0.166
[5541].in[4] (.names)                                            0.441     0.607
[5541].out[0] (.names)                                           0.261     0.868
[17555].in[0] (.names)                                           0.345     1.213
[17555].out[0] (.names)                                          0.261     1.474
[17559].in[5] (.names)                                           0.421     1.895
[17559].out[0] (.names)                                          0.261     2.156
nrq20_3.in[0] (.names)                                           0.425     2.581
nrq20_3.out[0] (.names)                                          0.261     2.842
[4265].in[1] (.names)                                            0.738     3.580
[4265].out[0] (.names)                                           0.261     3.841
n_n2483.in[1] (.names)                                           0.348     4.189
n_n2483.out[0] (.names)                                          0.261     4.450
[4442].in[0] (.names)                                            0.348     4.798
[4442].out[0] (.names)                                           0.261     5.059
[5173].in[3] (.names)                                            0.270     5.329
[5173].out[0] (.names)                                           0.261     5.590
[19520].in[4] (.names)                                           0.345     5.935
[19520].out[0] (.names)                                          0.261     6.196
[5162].in[4] (.names)                                            0.345     6.541
[5162].out[0] (.names)                                           0.261     6.802
[19395].in[4] (.names)                                           0.573     7.375
[19395].out[0] (.names)                                          0.261     7.636
[6719].in[2] (.names)                                            0.270     7.905
[6719].out[0] (.names)                                           0.261     8.166
[6710].D[0] (.latch)                                             0.000     8.166
data arrival time                                                          8.166

clock pclk (rise edge)                                           0.000     0.000
clock source latency                                             0.000     0.000
pclk.inpad[0] (.input)                                           0.000     0.000
[6710].clk[0] (.latch)                                           0.042     0.042
clock uncertainty                                                0.000     0.042
cell setup time                                                 -0.066    -0.024
data required time                                                        -0.024
--------------------------------------------------------------------------------
data required time                                                        -0.024
data arrival time                                                         -8.166
--------------------------------------------------------------------------------
slack (VIOLATED)                                                          -8.190


#Path 71
Startpoint: [17752].Q[0] (.latch clocked by pclk)
Endpoint  : [5525].D[0] (.latch clocked by pclk)
Path Type : setup

Point                                                             Incr      Path
--------------------------------------------------------------------------------
clock pclk (rise edge)                                           0.000     0.000
clock source latency                                             0.000     0.000
pclk.inpad[0] (.input)                                           0.000     0.000
[17752].clk[0] (.latch)                                          0.042     0.042
[17752].Q[0] (.latch) [clock-to-output]                          0.124     0.166
[5541].in[4] (.names)                                            0.441     0.607
[5541].out[0] (.names)                                           0.261     0.868
[17555].in[0] (.names)                                           0.345     1.213
[17555].out[0] (.names)                                          0.261     1.474
[17559].in[5] (.names)                                           0.421     1.895
[17559].out[0] (.names)                                          0.261     2.156
nrq20_3.in[0] (.names)                                           0.425     2.581
nrq20_3.out[0] (.names)                                          0.261     2.842
[4265].in[1] (.names)                                            0.738     3.580
[4265].out[0] (.names)                                           0.261     3.841
n_n2483.in[1] (.names)                                           0.348     4.189
n_n2483.out[0] (.names)                                          0.261     4.450
[4442].in[0] (.names)                                            0.348     4.798
[4442].out[0] (.names)                                           0.261     5.059
[5173].in[3] (.names)                                            0.270     5.329
[5173].out[0] (.names)                                           0.261     5.590
[19520].in[4] (.names)                                           0.345     5.935
[19520].out[0] (.names)                                          0.261     6.196
[5162].in[4] (.names)                                            0.345     6.541
[5162].out[0] (.names)                                           0.261     6.802
[19395].in[4] (.names)                                           0.573     7.375
[19395].out[0] (.names)                                          0.261     7.636
[5534].in[3] (.names)                                            0.270     7.905
[5534].out[0] (.names)                                           0.261     8.166
[5525].D[0] (.latch)                                             0.000     8.166
data arrival time                                                          8.166

clock pclk (rise edge)                                           0.000     0.000
clock source latency                                             0.000     0.000
pclk.inpad[0] (.input)                                           0.000     0.000
[5525].clk[0] (.latch)                                           0.042     0.042
clock uncertainty                                                0.000     0.042
cell setup time                                                 -0.066    -0.024
data required time                                                        -0.024
--------------------------------------------------------------------------------
data required time                                                        -0.024
data arrival time                                                         -8.166
--------------------------------------------------------------------------------
slack (VIOLATED)                                                          -8.190


#Path 72
Startpoint: [17752].Q[0] (.latch clocked by pclk)
Endpoint  : [14660].D[0] (.latch clocked by pclk)
Path Type : setup

Point                                                             Incr      Path
--------------------------------------------------------------------------------
clock pclk (rise edge)                                           0.000     0.000
clock source latency                                             0.000     0.000
pclk.inpad[0] (.input)                                           0.000     0.000
[17752].clk[0] (.latch)                                          0.042     0.042
[17752].Q[0] (.latch) [clock-to-output]                          0.124     0.166
[5541].in[4] (.names)                                            0.441     0.607
[5541].out[0] (.names)                                           0.261     0.868
[17555].in[0] (.names)                                           0.345     1.213
[17555].out[0] (.names)                                          0.261     1.474
[17559].in[5] (.names)                                           0.421     1.895
[17559].out[0] (.names)                                          0.261     2.156
nen24_7.in[1] (.names)                                           0.501     2.657
nen24_7.out[0] (.names)                                          0.261     2.918
[17925].in[2] (.names)                                           0.651     3.569
[17925].out[0] (.names)                                          0.261     3.830
[19153].in[5] (.names)                                           0.805     4.636
[19153].out[0] (.names)                                          0.261     4.897
[19157].in[2] (.names)                                           0.348     5.245
[19157].out[0] (.names)                                          0.261     5.506
[19221].in[2] (.names)                                           0.100     5.606
[19221].out[0] (.names)                                          0.261     5.867
[19227].in[2] (.names)                                           0.100     5.967
[19227].out[0] (.names)                                          0.261     6.228
[19232].in[2] (.names)                                           0.100     6.328
[19232].out[0] (.names)                                          0.261     6.589
[19091].in[5] (.names)                                           0.658     7.247
[19091].out[0] (.names)                                          0.261     7.508
[14669].in[3] (.names)                                           0.347     7.855
[14669].out[0] (.names)                                          0.261     8.116
[14660].D[0] (.latch)                                            0.000     8.116
data arrival time                                                          8.116

clock pclk (rise edge)                                           0.000     0.000
clock source latency                                             0.000     0.000
pclk.inpad[0] (.input)                                           0.000     0.000
[14660].clk[0] (.latch)                                          0.042     0.042
clock uncertainty                                                0.000     0.042
cell setup time                                                 -0.066    -0.024
data required time                                                        -0.024
--------------------------------------------------------------------------------
data required time                                                        -0.024
data arrival time                                                         -8.116
--------------------------------------------------------------------------------
slack (VIOLATED)                                                          -8.139


#Path 73
Startpoint: [17752].Q[0] (.latch clocked by pclk)
Endpoint  : [11510].D[0] (.latch clocked by pclk)
Path Type : setup

Point                                                             Incr      Path
--------------------------------------------------------------------------------
clock pclk (rise edge)                                           0.000     0.000
clock source latency                                             0.000     0.000
pclk.inpad[0] (.input)                                           0.000     0.000
[17752].clk[0] (.latch)                                          0.042     0.042
[17752].Q[0] (.latch) [clock-to-output]                          0.124     0.166
[5541].in[4] (.names)                                            0.441     0.607
[5541].out[0] (.names)                                           0.261     0.868
[17555].in[0] (.names)                                           0.345     1.213
[17555].out[0] (.names)                                          0.261     1.474
[17559].in[5] (.names)                                           0.421     1.895
[17559].out[0] (.names)                                          0.261     2.156
nen24_7.in[1] (.names)                                           0.501     2.657
nen24_7.out[0] (.names)                                          0.261     2.918
[17925].in[2] (.names)                                           0.651     3.569
[17925].out[0] (.names)                                          0.261     3.830
[19153].in[5] (.names)                                           0.805     4.636
[19153].out[0] (.names)                                          0.261     4.897
[19157].in[2] (.names)                                           0.348     5.245
[19157].out[0] (.names)                                          0.261     5.506
[19221].in[2] (.names)                                           0.100     5.606
[19221].out[0] (.names)                                          0.261     5.867
[19227].in[2] (.names)                                           0.100     5.967
[19227].out[0] (.names)                                          0.261     6.228
[19232].in[2] (.names)                                           0.100     6.328
[19232].out[0] (.names)                                          0.261     6.589
[19091].in[5] (.names)                                           0.658     7.247
[19091].out[0] (.names)                                          0.261     7.508
[11519].in[3] (.names)                                           0.347     7.855
[11519].out[0] (.names)                                          0.261     8.116
[11510].D[0] (.latch)                                            0.000     8.116
data arrival time                                                          8.116

clock pclk (rise edge)                                           0.000     0.000
clock source latency                                             0.000     0.000
pclk.inpad[0] (.input)                                           0.000     0.000
[11510].clk[0] (.latch)                                          0.042     0.042
clock uncertainty                                                0.000     0.042
cell setup time                                                 -0.066    -0.024
data required time                                                        -0.024
--------------------------------------------------------------------------------
data required time                                                        -0.024
data arrival time                                                         -8.116
--------------------------------------------------------------------------------
slack (VIOLATED)                                                          -8.139


#Path 74
Startpoint: [17752].Q[0] (.latch clocked by pclk)
Endpoint  : [14240].D[0] (.latch clocked by pclk)
Path Type : setup

Point                                                             Incr      Path
--------------------------------------------------------------------------------
clock pclk (rise edge)                                           0.000     0.000
clock source latency                                             0.000     0.000
pclk.inpad[0] (.input)                                           0.000     0.000
[17752].clk[0] (.latch)                                          0.042     0.042
[17752].Q[0] (.latch) [clock-to-output]                          0.124     0.166
[5541].in[4] (.names)                                            0.441     0.607
[5541].out[0] (.names)                                           0.261     0.868
[17555].in[0] (.names)                                           0.345     1.213
[17555].out[0] (.names)                                          0.261     1.474
[17559].in[5] (.names)                                           0.421     1.895
[17559].out[0] (.names)                                          0.261     2.156
nen24_7.in[1] (.names)                                           0.501     2.657
nen24_7.out[0] (.names)                                          0.261     2.918
[17925].in[2] (.names)                                           0.651     3.569
[17925].out[0] (.names)                                          0.261     3.830
[19153].in[5] (.names)                                           0.805     4.636
[19153].out[0] (.names)                                          0.261     4.897
[19157].in[2] (.names)                                           0.348     5.245
[19157].out[0] (.names)                                          0.261     5.506
[19221].in[2] (.names)                                           0.100     5.606
[19221].out[0] (.names)                                          0.261     5.867
[19227].in[2] (.names)                                           0.100     5.967
[19227].out[0] (.names)                                          0.261     6.228
[19232].in[2] (.names)                                           0.100     6.328
[19232].out[0] (.names)                                          0.261     6.589
[19215].in[2] (.names)                                           0.345     6.934
[19215].out[0] (.names)                                          0.261     7.195
[14249].in[4] (.names)                                           0.656     7.850
[14249].out[0] (.names)                                          0.261     8.111
[14240].D[0] (.latch)                                            0.000     8.111
data arrival time                                                          8.111

clock pclk (rise edge)                                           0.000     0.000
clock source latency                                             0.000     0.000
pclk.inpad[0] (.input)                                           0.000     0.000
[14240].clk[0] (.latch)                                          0.042     0.042
clock uncertainty                                                0.000     0.042
cell setup time                                                 -0.066    -0.024
data required time                                                        -0.024
--------------------------------------------------------------------------------
data required time                                                        -0.024
data arrival time                                                         -8.111
--------------------------------------------------------------------------------
slack (VIOLATED)                                                          -8.135


#Path 75
Startpoint: [17752].Q[0] (.latch clocked by pclk)
Endpoint  : [4640].D[0] (.latch clocked by pclk)
Path Type : setup

Point                                                             Incr      Path
--------------------------------------------------------------------------------
clock pclk (rise edge)                                           0.000     0.000
clock source latency                                             0.000     0.000
pclk.inpad[0] (.input)                                           0.000     0.000
[17752].clk[0] (.latch)                                          0.042     0.042
[17752].Q[0] (.latch) [clock-to-output]                          0.124     0.166
[5541].in[4] (.names)                                            0.441     0.607
[5541].out[0] (.names)                                           0.261     0.868
[17555].in[0] (.names)                                           0.345     1.213
[17555].out[0] (.names)                                          0.261     1.474
[17559].in[5] (.names)                                           0.421     1.895
[17559].out[0] (.names)                                          0.261     2.156
nrq20_3.in[0] (.names)                                           0.425     2.581
nrq20_3.out[0] (.names)                                          0.261     2.842
[4265].in[1] (.names)                                            0.738     3.580
[4265].out[0] (.names)                                           0.261     3.841
n_n2483.in[1] (.names)                                           0.348     4.189
n_n2483.out[0] (.names)                                          0.261     4.450
[4442].in[0] (.names)                                            0.348     4.798
[4442].out[0] (.names)                                           0.261     5.059
[5173].in[3] (.names)                                            0.270     5.329
[5173].out[0] (.names)                                           0.261     5.590
[19520].in[4] (.names)                                           0.345     5.935
[19520].out[0] (.names)                                          0.261     6.196
[5162].in[4] (.names)                                            0.345     6.541
[5162].out[0] (.names)                                           0.261     6.802
[19490].in[4] (.names)                                           0.421     7.223
[19490].out[0] (.names)                                          0.261     7.484
[4649].in[3] (.names)                                            0.348     7.832
[4649].out[0] (.names)                                           0.261     8.093
[4640].D[0] (.latch)                                             0.000     8.093
data arrival time                                                          8.093

clock pclk (rise edge)                                           0.000     0.000
clock source latency                                             0.000     0.000
pclk.inpad[0] (.input)                                           0.000     0.000
[4640].clk[0] (.latch)                                           0.042     0.042
clock uncertainty                                                0.000     0.042
cell setup time                                                 -0.066    -0.024
data required time                                                        -0.024
--------------------------------------------------------------------------------
data required time                                                        -0.024
data arrival time                                                         -8.093
--------------------------------------------------------------------------------
slack (VIOLATED)                                                          -8.117


#Path 76
Startpoint: [17752].Q[0] (.latch clocked by pclk)
Endpoint  : [10010].D[0] (.latch clocked by pclk)
Path Type : setup

Point                                                             Incr      Path
--------------------------------------------------------------------------------
clock pclk (rise edge)                                           0.000     0.000
clock source latency                                             0.000     0.000
pclk.inpad[0] (.input)                                           0.000     0.000
[17752].clk[0] (.latch)                                          0.042     0.042
[17752].Q[0] (.latch) [clock-to-output]                          0.124     0.166
[5541].in[4] (.names)                                            0.441     0.607
[5541].out[0] (.names)                                           0.261     0.868
[17555].in[0] (.names)                                           0.345     1.213
[17555].out[0] (.names)                                          0.261     1.474
[17559].in[5] (.names)                                           0.421     1.895
[17559].out[0] (.names)                                          0.261     2.156
nrq20_3.in[0] (.names)                                           0.425     2.581
nrq20_3.out[0] (.names)                                          0.261     2.842
[4265].in[1] (.names)                                            0.738     3.580
[4265].out[0] (.names)                                           0.261     3.841
n_n2483.in[1] (.names)                                           0.348     4.189
n_n2483.out[0] (.names)                                          0.261     4.450
[4442].in[0] (.names)                                            0.348     4.798
[4442].out[0] (.names)                                           0.261     5.059
[5173].in[3] (.names)                                            0.270     5.329
[5173].out[0] (.names)                                           0.261     5.590
[19520].in[4] (.names)                                           0.345     5.935
[19520].out[0] (.names)                                          0.261     6.196
[5162].in[4] (.names)                                            0.345     6.541
[5162].out[0] (.names)                                           0.261     6.802
[19490].in[4] (.names)                                           0.421     7.223
[19490].out[0] (.names)                                          0.261     7.484
[10019].in[3] (.names)                                           0.348     7.832
[10019].out[0] (.names)                                          0.261     8.093
[10010].D[0] (.latch)                                            0.000     8.093
data arrival time                                                          8.093

clock pclk (rise edge)                                           0.000     0.000
clock source latency                                             0.000     0.000
pclk.inpad[0] (.input)                                           0.000     0.000
[10010].clk[0] (.latch)                                          0.042     0.042
clock uncertainty                                                0.000     0.042
cell setup time                                                 -0.066    -0.024
data required time                                                        -0.024
--------------------------------------------------------------------------------
data required time                                                        -0.024
data arrival time                                                         -8.093
--------------------------------------------------------------------------------
slack (VIOLATED)                                                          -8.117


#Path 77
Startpoint: [17752].Q[0] (.latch clocked by pclk)
Endpoint  : [10625].D[0] (.latch clocked by pclk)
Path Type : setup

Point                                                             Incr      Path
--------------------------------------------------------------------------------
clock pclk (rise edge)                                           0.000     0.000
clock source latency                                             0.000     0.000
pclk.inpad[0] (.input)                                           0.000     0.000
[17752].clk[0] (.latch)                                          0.042     0.042
[17752].Q[0] (.latch) [clock-to-output]                          0.124     0.166
[5541].in[4] (.names)                                            0.441     0.607
[5541].out[0] (.names)                                           0.261     0.868
[17555].in[0] (.names)                                           0.345     1.213
[17555].out[0] (.names)                                          0.261     1.474
[17559].in[5] (.names)                                           0.421     1.895
[17559].out[0] (.names)                                          0.261     2.156
nrq20_3.in[0] (.names)                                           0.425     2.581
nrq20_3.out[0] (.names)                                          0.261     2.842
[4265].in[1] (.names)                                            0.738     3.580
[4265].out[0] (.names)                                           0.261     3.841
n_n2483.in[1] (.names)                                           0.348     4.189
n_n2483.out[0] (.names)                                          0.261     4.450
[4442].in[0] (.names)                                            0.348     4.798
[4442].out[0] (.names)                                           0.261     5.059
[5173].in[3] (.names)                                            0.270     5.329
[5173].out[0] (.names)                                           0.261     5.590
[19520].in[4] (.names)                                           0.345     5.935
[19520].out[0] (.names)                                          0.261     6.196
[5162].in[4] (.names)                                            0.345     6.541
[5162].out[0] (.names)                                           0.261     6.802
[19490].in[4] (.names)                                           0.421     7.223
[19490].out[0] (.names)                                          0.261     7.484
[10634].in[3] (.names)                                           0.348     7.832
[10634].out[0] (.names)                                          0.261     8.093
[10625].D[0] (.latch)                                            0.000     8.093
data arrival time                                                          8.093

clock pclk (rise edge)                                           0.000     0.000
clock source latency                                             0.000     0.000
pclk.inpad[0] (.input)                                           0.000     0.000
[10625].clk[0] (.latch)                                          0.042     0.042
clock uncertainty                                                0.000     0.042
cell setup time                                                 -0.066    -0.024
data required time                                                        -0.024
--------------------------------------------------------------------------------
data required time                                                        -0.024
data arrival time                                                         -8.093
--------------------------------------------------------------------------------
slack (VIOLATED)                                                          -8.117


#Path 78
Startpoint: [17752].Q[0] (.latch clocked by pclk)
Endpoint  : [9365].D[0] (.latch clocked by pclk)
Path Type : setup

Point                                                             Incr      Path
--------------------------------------------------------------------------------
clock pclk (rise edge)                                           0.000     0.000
clock source latency                                             0.000     0.000
pclk.inpad[0] (.input)                                           0.000     0.000
[17752].clk[0] (.latch)                                          0.042     0.042
[17752].Q[0] (.latch) [clock-to-output]                          0.124     0.166
[5541].in[4] (.names)                                            0.441     0.607
[5541].out[0] (.names)                                           0.261     0.868
[17555].in[0] (.names)                                           0.345     1.213
[17555].out[0] (.names)                                          0.261     1.474
[17559].in[5] (.names)                                           0.421     1.895
[17559].out[0] (.names)                                          0.261     2.156
nrq20_3.in[0] (.names)                                           0.425     2.581
nrq20_3.out[0] (.names)                                          0.261     2.842
[4265].in[1] (.names)                                            0.738     3.580
[4265].out[0] (.names)                                           0.261     3.841
n_n2483.in[1] (.names)                                           0.348     4.189
n_n2483.out[0] (.names)                                          0.261     4.450
[4442].in[0] (.names)                                            0.348     4.798
[4442].out[0] (.names)                                           0.261     5.059
[5173].in[3] (.names)                                            0.270     5.329
[5173].out[0] (.names)                                           0.261     5.590
[19520].in[4] (.names)                                           0.345     5.935
[19520].out[0] (.names)                                          0.261     6.196
[5162].in[4] (.names)                                            0.345     6.541
[5162].out[0] (.names)                                           0.261     6.802
[19490].in[4] (.names)                                           0.421     7.223
[19490].out[0] (.names)                                          0.261     7.484
[9374].in[3] (.names)                                            0.348     7.832
[9374].out[0] (.names)                                           0.261     8.093
[9365].D[0] (.latch)                                             0.000     8.093
data arrival time                                                          8.093

clock pclk (rise edge)                                           0.000     0.000
clock source latency                                             0.000     0.000
pclk.inpad[0] (.input)                                           0.000     0.000
[9365].clk[0] (.latch)                                           0.042     0.042
clock uncertainty                                                0.000     0.042
cell setup time                                                 -0.066    -0.024
data required time                                                        -0.024
--------------------------------------------------------------------------------
data required time                                                        -0.024
data arrival time                                                         -8.093
--------------------------------------------------------------------------------
slack (VIOLATED)                                                          -8.117


#Path 79
Startpoint: [17752].Q[0] (.latch clocked by pclk)
Endpoint  : [8675].D[0] (.latch clocked by pclk)
Path Type : setup

Point                                                             Incr      Path
--------------------------------------------------------------------------------
clock pclk (rise edge)                                           0.000     0.000
clock source latency                                             0.000     0.000
pclk.inpad[0] (.input)                                           0.000     0.000
[17752].clk[0] (.latch)                                          0.042     0.042
[17752].Q[0] (.latch) [clock-to-output]                          0.124     0.166
[5541].in[4] (.names)                                            0.441     0.607
[5541].out[0] (.names)                                           0.261     0.868
[17555].in[0] (.names)                                           0.345     1.213
[17555].out[0] (.names)                                          0.261     1.474
[17559].in[5] (.names)                                           0.421     1.895
[17559].out[0] (.names)                                          0.261     2.156
nrq20_3.in[0] (.names)                                           0.425     2.581
nrq20_3.out[0] (.names)                                          0.261     2.842
[4265].in[1] (.names)                                            0.738     3.580
[4265].out[0] (.names)                                           0.261     3.841
n_n2483.in[1] (.names)                                           0.348     4.189
n_n2483.out[0] (.names)                                          0.261     4.450
[4442].in[0] (.names)                                            0.348     4.798
[4442].out[0] (.names)                                           0.261     5.059
[5173].in[3] (.names)                                            0.270     5.329
[5173].out[0] (.names)                                           0.261     5.590
[19520].in[4] (.names)                                           0.345     5.935
[19520].out[0] (.names)                                          0.261     6.196
[5162].in[4] (.names)                                            0.345     6.541
[5162].out[0] (.names)                                           0.261     6.802
[19490].in[4] (.names)                                           0.421     7.223
[19490].out[0] (.names)                                          0.261     7.484
[8684].in[3] (.names)                                            0.348     7.832
[8684].out[0] (.names)                                           0.261     8.093
[8675].D[0] (.latch)                                             0.000     8.093
data arrival time                                                          8.093

clock pclk (rise edge)                                           0.000     0.000
clock source latency                                             0.000     0.000
pclk.inpad[0] (.input)                                           0.000     0.000
[8675].clk[0] (.latch)                                           0.042     0.042
clock uncertainty                                                0.000     0.042
cell setup time                                                 -0.066    -0.024
data required time                                                        -0.024
--------------------------------------------------------------------------------
data required time                                                        -0.024
data arrival time                                                         -8.093
--------------------------------------------------------------------------------
slack (VIOLATED)                                                          -8.117


#Path 80
Startpoint: [17752].Q[0] (.latch clocked by pclk)
Endpoint  : [6860].D[0] (.latch clocked by pclk)
Path Type : setup

Point                                                             Incr      Path
--------------------------------------------------------------------------------
clock pclk (rise edge)                                           0.000     0.000
clock source latency                                             0.000     0.000
pclk.inpad[0] (.input)                                           0.000     0.000
[17752].clk[0] (.latch)                                          0.042     0.042
[17752].Q[0] (.latch) [clock-to-output]                          0.124     0.166
[5541].in[4] (.names)                                            0.441     0.607
[5541].out[0] (.names)                                           0.261     0.868
[17555].in[0] (.names)                                           0.345     1.213
[17555].out[0] (.names)                                          0.261     1.474
[17559].in[5] (.names)                                           0.421     1.895
[17559].out[0] (.names)                                          0.261     2.156
nrq20_3.in[0] (.names)                                           0.425     2.581
nrq20_3.out[0] (.names)                                          0.261     2.842
[4265].in[1] (.names)                                            0.738     3.580
[4265].out[0] (.names)                                           0.261     3.841
n_n2483.in[1] (.names)                                           0.348     4.189
n_n2483.out[0] (.names)                                          0.261     4.450
[4442].in[0] (.names)                                            0.348     4.798
[4442].out[0] (.names)                                           0.261     5.059
[5173].in[3] (.names)                                            0.270     5.329
[5173].out[0] (.names)                                           0.261     5.590
[19520].in[4] (.names)                                           0.345     5.935
[19520].out[0] (.names)                                          0.261     6.196
[5162].in[4] (.names)                                            0.345     6.541
[5162].out[0] (.names)                                           0.261     6.802
[19490].in[4] (.names)                                           0.421     7.223
[19490].out[0] (.names)                                          0.261     7.484
[6869].in[3] (.names)                                            0.348     7.832
[6869].out[0] (.names)                                           0.261     8.093
[6860].D[0] (.latch)                                             0.000     8.093
data arrival time                                                          8.093

clock pclk (rise edge)                                           0.000     0.000
clock source latency                                             0.000     0.000
pclk.inpad[0] (.input)                                           0.000     0.000
[6860].clk[0] (.latch)                                           0.042     0.042
clock uncertainty                                                0.000     0.042
cell setup time                                                 -0.066    -0.024
data required time                                                        -0.024
--------------------------------------------------------------------------------
data required time                                                        -0.024
data arrival time                                                         -8.093
--------------------------------------------------------------------------------
slack (VIOLATED)                                                          -8.117


#Path 81
Startpoint: [17752].Q[0] (.latch clocked by pclk)
Endpoint  : [13880].D[0] (.latch clocked by pclk)
Path Type : setup

Point                                                             Incr      Path
--------------------------------------------------------------------------------
clock pclk (rise edge)                                           0.000     0.000
clock source latency                                             0.000     0.000
pclk.inpad[0] (.input)                                           0.000     0.000
[17752].clk[0] (.latch)                                          0.042     0.042
[17752].Q[0] (.latch) [clock-to-output]                          0.124     0.166
[5541].in[4] (.names)                                            0.441     0.607
[5541].out[0] (.names)                                           0.261     0.868
[17555].in[0] (.names)                                           0.345     1.213
[17555].out[0] (.names)                                          0.261     1.474
[17559].in[5] (.names)                                           0.421     1.895
[17559].out[0] (.names)                                          0.261     2.156
nen24_7.in[1] (.names)                                           0.501     2.657
nen24_7.out[0] (.names)                                          0.261     2.918
[17925].in[2] (.names)                                           0.651     3.569
[17925].out[0] (.names)                                          0.261     3.830
[19153].in[5] (.names)                                           0.805     4.636
[19153].out[0] (.names)                                          0.261     4.897
[19157].in[2] (.names)                                           0.348     5.245
[19157].out[0] (.names)                                          0.261     5.506
[19221].in[2] (.names)                                           0.100     5.606
[19221].out[0] (.names)                                          0.261     5.867
[19227].in[2] (.names)                                           0.100     5.967
[19227].out[0] (.names)                                          0.261     6.228
[19232].in[2] (.names)                                           0.100     6.328
[19232].out[0] (.names)                                          0.261     6.589
[19215].in[2] (.names)                                           0.345     6.934
[19215].out[0] (.names)                                          0.261     7.195
[4388].in[3] (.names)                                            0.100     7.295
[4388].out[0] (.names)                                           0.261     7.556
[13889].in[4] (.names)                                           0.270     7.826
[13889].out[0] (.names)                                          0.261     8.087
[13880].D[0] (.latch)                                            0.000     8.087
data arrival time                                                          8.087

clock pclk (rise edge)                                           0.000     0.000
clock source latency                                             0.000     0.000
pclk.inpad[0] (.input)                                           0.000     0.000
[13880].clk[0] (.latch)                                          0.042     0.042
clock uncertainty                                                0.000     0.042
cell setup time                                                 -0.066    -0.024
data required time                                                        -0.024
--------------------------------------------------------------------------------
data required time                                                        -0.024
data arrival time                                                         -8.087
--------------------------------------------------------------------------------
slack (VIOLATED)                                                          -8.111


#Path 82
Startpoint: [17752].Q[0] (.latch clocked by pclk)
Endpoint  : [10355].D[0] (.latch clocked by pclk)
Path Type : setup

Point                                                             Incr      Path
--------------------------------------------------------------------------------
clock pclk (rise edge)                                           0.000     0.000
clock source latency                                             0.000     0.000
pclk.inpad[0] (.input)                                           0.000     0.000
[17752].clk[0] (.latch)                                          0.042     0.042
[17752].Q[0] (.latch) [clock-to-output]                          0.124     0.166
[5541].in[4] (.names)                                            0.441     0.607
[5541].out[0] (.names)                                           0.261     0.868
[17555].in[0] (.names)                                           0.345     1.213
[17555].out[0] (.names)                                          0.261     1.474
[17559].in[5] (.names)                                           0.421     1.895
[17559].out[0] (.names)                                          0.261     2.156
nen24_7.in[1] (.names)                                           0.501     2.657
nen24_7.out[0] (.names)                                          0.261     2.918
[17925].in[2] (.names)                                           0.651     3.569
[17925].out[0] (.names)                                          0.261     3.830
[19153].in[5] (.names)                                           0.805     4.636
[19153].out[0] (.names)                                          0.261     4.897
[19157].in[2] (.names)                                           0.348     5.245
[19157].out[0] (.names)                                          0.261     5.506
[19221].in[2] (.names)                                           0.100     5.606
[19221].out[0] (.names)                                          0.261     5.867
[19227].in[2] (.names)                                           0.100     5.967
[19227].out[0] (.names)                                          0.261     6.228
[19232].in[2] (.names)                                           0.100     6.328
[19232].out[0] (.names)                                          0.261     6.589
[19215].in[2] (.names)                                           0.345     6.934
[19215].out[0] (.names)                                          0.261     7.195
[4388].in[3] (.names)                                            0.100     7.295
[4388].out[0] (.names)                                           0.261     7.556
[10364].in[4] (.names)                                           0.270     7.826
[10364].out[0] (.names)                                          0.261     8.087
[10355].D[0] (.latch)                                            0.000     8.087
data arrival time                                                          8.087

clock pclk (rise edge)                                           0.000     0.000
clock source latency                                             0.000     0.000
pclk.inpad[0] (.input)                                           0.000     0.000
[10355].clk[0] (.latch)                                          0.042     0.042
clock uncertainty                                                0.000     0.042
cell setup time                                                 -0.066    -0.024
data required time                                                        -0.024
--------------------------------------------------------------------------------
data required time                                                        -0.024
data arrival time                                                         -8.087
--------------------------------------------------------------------------------
slack (VIOLATED)                                                          -8.111


#Path 83
Startpoint: [17752].Q[0] (.latch clocked by pclk)
Endpoint  : paddress_7_7_.D[0] (.latch clocked by pclk)
Path Type : setup

Point                                                             Incr      Path
--------------------------------------------------------------------------------
clock pclk (rise edge)                                           0.000     0.000
clock source latency                                             0.000     0.000
pclk.inpad[0] (.input)                                           0.000     0.000
[17752].clk[0] (.latch)                                          0.042     0.042
[17752].Q[0] (.latch) [clock-to-output]                          0.124     0.166
[5541].in[4] (.names)                                            0.441     0.607
[5541].out[0] (.names)                                           0.261     0.868
[17555].in[0] (.names)                                           0.345     1.213
[17555].out[0] (.names)                                          0.261     1.474
[17559].in[5] (.names)                                           0.421     1.895
[17559].out[0] (.names)                                          0.261     2.156
nen23_6.in[1] (.names)                                           0.424     2.580
nen23_6.out[0] (.names)                                          0.261     2.841
[4486].in[3] (.names)                                            0.812     3.653
[4486].out[0] (.names)                                           0.261     3.914
[4378].in[3] (.names)                                            0.886     4.800
[4378].out[0] (.names)                                           0.261     5.061
[19142].in[5] (.names)                                           2.361     7.422
[19142].out[0] (.names)                                          0.261     7.683
[18633].in[1] (.names)                                           0.100     7.783
[18633].out[0] (.names)                                          0.261     8.044
paddress_7_7_.D[0] (.latch)                                      0.000     8.044
data arrival time                                                          8.044

clock pclk (rise edge)                                           0.000     0.000
clock source latency                                             0.000     0.000
pclk.inpad[0] (.input)                                           0.000     0.000
paddress_7_7_.clk[0] (.latch)                                    0.042     0.042
clock uncertainty                                                0.000     0.042
cell setup time                                                 -0.066    -0.024
data required time                                                        -0.024
--------------------------------------------------------------------------------
data required time                                                        -0.024
data arrival time                                                         -8.044
--------------------------------------------------------------------------------
slack (VIOLATED)                                                          -8.067


#Path 84
Startpoint: [17752].Q[0] (.latch clocked by pclk)
Endpoint  : [12395].D[0] (.latch clocked by pclk)
Path Type : setup

Point                                                             Incr      Path
--------------------------------------------------------------------------------
clock pclk (rise edge)                                           0.000     0.000
clock source latency                                             0.000     0.000
pclk.inpad[0] (.input)                                           0.000     0.000
[17752].clk[0] (.latch)                                          0.042     0.042
[17752].Q[0] (.latch) [clock-to-output]                          0.124     0.166
[5541].in[4] (.names)                                            0.441     0.607
[5541].out[0] (.names)                                           0.261     0.868
[17555].in[0] (.names)                                           0.345     1.213
[17555].out[0] (.names)                                          0.261     1.474
[17559].in[5] (.names)                                           0.421     1.895
[17559].out[0] (.names)                                          0.261     2.156
nen24_7.in[1] (.names)                                           0.501     2.657
nen24_7.out[0] (.names)                                          0.261     2.918
[17925].in[2] (.names)                                           0.651     3.569
[17925].out[0] (.names)                                          0.261     3.830
[19153].in[5] (.names)                                           0.805     4.636
[19153].out[0] (.names)                                          0.261     4.897
[19157].in[2] (.names)                                           0.348     5.245
[19157].out[0] (.names)                                          0.261     5.506
[19221].in[2] (.names)                                           0.100     5.606
[19221].out[0] (.names)                                          0.261     5.867
[19227].in[2] (.names)                                           0.100     5.967
[19227].out[0] (.names)                                          0.261     6.228
[19232].in[2] (.names)                                           0.100     6.328
[19232].out[0] (.names)                                          0.261     6.589
[19091].in[5] (.names)                                           0.658     7.247
[19091].out[0] (.names)                                          0.261     7.508
[12404].in[4] (.names)                                           0.269     7.777
[12404].out[0] (.names)                                          0.261     8.038
[12395].D[0] (.latch)                                            0.000     8.038
data arrival time                                                          8.038

clock pclk (rise edge)                                           0.000     0.000
clock source latency                                             0.000     0.000
pclk.inpad[0] (.input)                                           0.000     0.000
[12395].clk[0] (.latch)                                          0.042     0.042
clock uncertainty                                                0.000     0.042
cell setup time                                                 -0.066    -0.024
data required time                                                        -0.024
--------------------------------------------------------------------------------
data required time                                                        -0.024
data arrival time                                                         -8.038
--------------------------------------------------------------------------------
slack (VIOLATED)                                                          -8.061


#Path 85
Startpoint: [17752].Q[0] (.latch clocked by pclk)
Endpoint  : [9800].D[0] (.latch clocked by pclk)
Path Type : setup

Point                                                             Incr      Path
--------------------------------------------------------------------------------
clock pclk (rise edge)                                           0.000     0.000
clock source latency                                             0.000     0.000
pclk.inpad[0] (.input)                                           0.000     0.000
[17752].clk[0] (.latch)                                          0.042     0.042
[17752].Q[0] (.latch) [clock-to-output]                          0.124     0.166
[5541].in[4] (.names)                                            0.441     0.607
[5541].out[0] (.names)                                           0.261     0.868
[17555].in[0] (.names)                                           0.345     1.213
[17555].out[0] (.names)                                          0.261     1.474
[17559].in[5] (.names)                                           0.421     1.895
[17559].out[0] (.names)                                          0.261     2.156
nen24_7.in[1] (.names)                                           0.501     2.657
nen24_7.out[0] (.names)                                          0.261     2.918
[17925].in[2] (.names)                                           0.651     3.569
[17925].out[0] (.names)                                          0.261     3.830
[19153].in[5] (.names)                                           0.805     4.636
[19153].out[0] (.names)                                          0.261     4.897
[19157].in[2] (.names)                                           0.348     5.245
[19157].out[0] (.names)                                          0.261     5.506
[19221].in[2] (.names)                                           0.100     5.606
[19221].out[0] (.names)                                          0.261     5.867
[19227].in[2] (.names)                                           0.100     5.967
[19227].out[0] (.names)                                          0.261     6.228
[19232].in[2] (.names)                                           0.100     6.328
[19232].out[0] (.names)                                          0.261     6.589
[19215].in[2] (.names)                                           0.345     6.934
[19215].out[0] (.names)                                          0.261     7.195
[9809].in[4] (.names)                                            0.580     7.774
[9809].out[0] (.names)                                           0.261     8.035
[9800].D[0] (.latch)                                             0.000     8.035
data arrival time                                                          8.035

clock pclk (rise edge)                                           0.000     0.000
clock source latency                                             0.000     0.000
pclk.inpad[0] (.input)                                           0.000     0.000
[9800].clk[0] (.latch)                                           0.042     0.042
clock uncertainty                                                0.000     0.042
cell setup time                                                 -0.066    -0.024
data required time                                                        -0.024
--------------------------------------------------------------------------------
data required time                                                        -0.024
data arrival time                                                         -8.035
--------------------------------------------------------------------------------
slack (VIOLATED)                                                          -8.059


#Path 86
Startpoint: [17752].Q[0] (.latch clocked by pclk)
Endpoint  : [8885].D[0] (.latch clocked by pclk)
Path Type : setup

Point                                                             Incr      Path
--------------------------------------------------------------------------------
clock pclk (rise edge)                                           0.000     0.000
clock source latency                                             0.000     0.000
pclk.inpad[0] (.input)                                           0.000     0.000
[17752].clk[0] (.latch)                                          0.042     0.042
[17752].Q[0] (.latch) [clock-to-output]                          0.124     0.166
[5541].in[4] (.names)                                            0.441     0.607
[5541].out[0] (.names)                                           0.261     0.868
[17555].in[0] (.names)                                           0.345     1.213
[17555].out[0] (.names)                                          0.261     1.474
[17559].in[5] (.names)                                           0.421     1.895
[17559].out[0] (.names)                                          0.261     2.156
nen24_7.in[1] (.names)                                           0.501     2.657
nen24_7.out[0] (.names)                                          0.261     2.918
[17925].in[2] (.names)                                           0.651     3.569
[17925].out[0] (.names)                                          0.261     3.830
[19153].in[5] (.names)                                           0.805     4.636
[19153].out[0] (.names)                                          0.261     4.897
[19157].in[2] (.names)                                           0.348     5.245
[19157].out[0] (.names)                                          0.261     5.506
[19221].in[2] (.names)                                           0.100     5.606
[19221].out[0] (.names)                                          0.261     5.867
[19227].in[2] (.names)                                           0.100     5.967
[19227].out[0] (.names)                                          0.261     6.228
[19232].in[2] (.names)                                           0.100     6.328
[19232].out[0] (.names)                                          0.261     6.589
[19215].in[2] (.names)                                           0.345     6.934
[19215].out[0] (.names)                                          0.261     7.195
[8894].in[4] (.names)                                            0.573     7.768
[8894].out[0] (.names)                                           0.261     8.029
[8885].D[0] (.latch)                                             0.000     8.029
data arrival time                                                          8.029

clock pclk (rise edge)                                           0.000     0.000
clock source latency                                             0.000     0.000
pclk.inpad[0] (.input)                                           0.000     0.000
[8885].clk[0] (.latch)                                           0.042     0.042
clock uncertainty                                                0.000     0.042
cell setup time                                                 -0.066    -0.024
data required time                                                        -0.024
--------------------------------------------------------------------------------
data required time                                                        -0.024
data arrival time                                                         -8.029
--------------------------------------------------------------------------------
slack (VIOLATED)                                                          -8.053


#Path 87
Startpoint: [17752].Q[0] (.latch clocked by pclk)
Endpoint  : [10955].D[0] (.latch clocked by pclk)
Path Type : setup

Point                                                             Incr      Path
--------------------------------------------------------------------------------
clock pclk (rise edge)                                           0.000     0.000
clock source latency                                             0.000     0.000
pclk.inpad[0] (.input)                                           0.000     0.000
[17752].clk[0] (.latch)                                          0.042     0.042
[17752].Q[0] (.latch) [clock-to-output]                          0.124     0.166
[5541].in[4] (.names)                                            0.441     0.607
[5541].out[0] (.names)                                           0.261     0.868
[17555].in[0] (.names)                                           0.345     1.213
[17555].out[0] (.names)                                          0.261     1.474
[17559].in[5] (.names)                                           0.421     1.895
[17559].out[0] (.names)                                          0.261     2.156
nen24_7.in[1] (.names)                                           0.501     2.657
nen24_7.out[0] (.names)                                          0.261     2.918
[17925].in[2] (.names)                                           0.651     3.569
[17925].out[0] (.names)                                          0.261     3.830
[19153].in[5] (.names)                                           0.805     4.636
[19153].out[0] (.names)                                          0.261     4.897
[19157].in[2] (.names)                                           0.348     5.245
[19157].out[0] (.names)                                          0.261     5.506
[19221].in[2] (.names)                                           0.100     5.606
[19221].out[0] (.names)                                          0.261     5.867
[19227].in[2] (.names)                                           0.100     5.967
[19227].out[0] (.names)                                          0.261     6.228
[19232].in[2] (.names)                                           0.100     6.328
[19232].out[0] (.names)                                          0.261     6.589
[19215].in[2] (.names)                                           0.345     6.934
[19215].out[0] (.names)                                          0.261     7.195
[10964].in[4] (.names)                                           0.573     7.768
[10964].out[0] (.names)                                          0.261     8.029
[10955].D[0] (.latch)                                            0.000     8.029
data arrival time                                                          8.029

clock pclk (rise edge)                                           0.000     0.000
clock source latency                                             0.000     0.000
pclk.inpad[0] (.input)                                           0.000     0.000
[10955].clk[0] (.latch)                                          0.042     0.042
clock uncertainty                                                0.000     0.042
cell setup time                                                 -0.066    -0.024
data required time                                                        -0.024
--------------------------------------------------------------------------------
data required time                                                        -0.024
data arrival time                                                         -8.029
--------------------------------------------------------------------------------
slack (VIOLATED)                                                          -8.053


#Path 88
Startpoint: [17752].Q[0] (.latch clocked by pclk)
Endpoint  : [4655].D[0] (.latch clocked by pclk)
Path Type : setup

Point                                                             Incr      Path
--------------------------------------------------------------------------------
clock pclk (rise edge)                                           0.000     0.000
clock source latency                                             0.000     0.000
pclk.inpad[0] (.input)                                           0.000     0.000
[17752].clk[0] (.latch)                                          0.042     0.042
[17752].Q[0] (.latch) [clock-to-output]                          0.124     0.166
[5541].in[4] (.names)                                            0.441     0.607
[5541].out[0] (.names)                                           0.261     0.868
[17555].in[0] (.names)                                           0.345     1.213
[17555].out[0] (.names)                                          0.261     1.474
[17559].in[5] (.names)                                           0.421     1.895
[17559].out[0] (.names)                                          0.261     2.156
nrq20_3.in[0] (.names)                                           0.425     2.581
nrq20_3.out[0] (.names)                                          0.261     2.842
[4265].in[1] (.names)                                            0.738     3.580
[4265].out[0] (.names)                                           0.261     3.841
n_n2483.in[1] (.names)                                           0.348     4.189
n_n2483.out[0] (.names)                                          0.261     4.450
[4442].in[0] (.names)                                            0.348     4.798
[4442].out[0] (.names)                                           0.261     5.059
[5173].in[3] (.names)                                            0.270     5.329
[5173].out[0] (.names)                                           0.261     5.590
[19520].in[4] (.names)                                           0.345     5.935
[19520].out[0] (.names)                                          0.261     6.196
[5162].in[4] (.names)                                            0.345     6.541
[5162].out[0] (.names)                                           0.261     6.802
[19395].in[4] (.names)                                           0.573     7.375
[19395].out[0] (.names)                                          0.261     7.636
[4664].in[4] (.names)                                            0.100     7.736
[4664].out[0] (.names)                                           0.261     7.997
[4655].D[0] (.latch)                                             0.000     7.997
data arrival time                                                          7.997

clock pclk (rise edge)                                           0.000     0.000
clock source latency                                             0.000     0.000
pclk.inpad[0] (.input)                                           0.000     0.000
[4655].clk[0] (.latch)                                           0.042     0.042
clock uncertainty                                                0.000     0.042
cell setup time                                                 -0.066    -0.024
data required time                                                        -0.024
--------------------------------------------------------------------------------
data required time                                                        -0.024
data arrival time                                                         -7.997
--------------------------------------------------------------------------------
slack (VIOLATED)                                                          -8.021


#Path 89
Startpoint: [17752].Q[0] (.latch clocked by pclk)
Endpoint  : [6830].D[0] (.latch clocked by pclk)
Path Type : setup

Point                                                             Incr      Path
--------------------------------------------------------------------------------
clock pclk (rise edge)                                           0.000     0.000
clock source latency                                             0.000     0.000
pclk.inpad[0] (.input)                                           0.000     0.000
[17752].clk[0] (.latch)                                          0.042     0.042
[17752].Q[0] (.latch) [clock-to-output]                          0.124     0.166
[5541].in[4] (.names)                                            0.441     0.607
[5541].out[0] (.names)                                           0.261     0.868
[17555].in[0] (.names)                                           0.345     1.213
[17555].out[0] (.names)                                          0.261     1.474
[17559].in[5] (.names)                                           0.421     1.895
[17559].out[0] (.names)                                          0.261     2.156
nrq20_3.in[0] (.names)                                           0.425     2.581
nrq20_3.out[0] (.names)                                          0.261     2.842
[4265].in[1] (.names)                                            0.738     3.580
[4265].out[0] (.names)                                           0.261     3.841
n_n2483.in[1] (.names)                                           0.348     4.189
n_n2483.out[0] (.names)                                          0.261     4.450
[4442].in[0] (.names)                                            0.348     4.798
[4442].out[0] (.names)                                           0.261     5.059
[5173].in[3] (.names)                                            0.270     5.329
[5173].out[0] (.names)                                           0.261     5.590
[19520].in[4] (.names)                                           0.345     5.935
[19520].out[0] (.names)                                          0.261     6.196
[5162].in[4] (.names)                                            0.345     6.541
[5162].out[0] (.names)                                           0.261     6.802
[19395].in[4] (.names)                                           0.573     7.375
[19395].out[0] (.names)                                          0.261     7.636
[6839].in[2] (.names)                                            0.100     7.736
[6839].out[0] (.names)                                           0.261     7.997
[6830].D[0] (.latch)                                             0.000     7.997
data arrival time                                                          7.997

clock pclk (rise edge)                                           0.000     0.000
clock source latency                                             0.000     0.000
pclk.inpad[0] (.input)                                           0.000     0.000
[6830].clk[0] (.latch)                                           0.042     0.042
clock uncertainty                                                0.000     0.042
cell setup time                                                 -0.066    -0.024
data required time                                                        -0.024
--------------------------------------------------------------------------------
data required time                                                        -0.024
data arrival time                                                         -7.997
--------------------------------------------------------------------------------
slack (VIOLATED)                                                          -8.021


#Path 90
Startpoint: [17752].Q[0] (.latch clocked by pclk)
Endpoint  : [7505].D[0] (.latch clocked by pclk)
Path Type : setup

Point                                                             Incr      Path
--------------------------------------------------------------------------------
clock pclk (rise edge)                                           0.000     0.000
clock source latency                                             0.000     0.000
pclk.inpad[0] (.input)                                           0.000     0.000
[17752].clk[0] (.latch)                                          0.042     0.042
[17752].Q[0] (.latch) [clock-to-output]                          0.124     0.166
[5541].in[4] (.names)                                            0.441     0.607
[5541].out[0] (.names)                                           0.261     0.868
[17555].in[0] (.names)                                           0.345     1.213
[17555].out[0] (.names)                                          0.261     1.474
[17559].in[5] (.names)                                           0.421     1.895
[17559].out[0] (.names)                                          0.261     2.156
nrq20_3.in[0] (.names)                                           0.425     2.581
nrq20_3.out[0] (.names)                                          0.261     2.842
[4265].in[1] (.names)                                            0.738     3.580
[4265].out[0] (.names)                                           0.261     3.841
n_n2483.in[1] (.names)                                           0.348     4.189
n_n2483.out[0] (.names)                                          0.261     4.450
[4442].in[0] (.names)                                            0.348     4.798
[4442].out[0] (.names)                                           0.261     5.059
[5173].in[3] (.names)                                            0.270     5.329
[5173].out[0] (.names)                                           0.261     5.590
[19520].in[4] (.names)                                           0.345     5.935
[19520].out[0] (.names)                                          0.261     6.196
[5162].in[4] (.names)                                            0.345     6.541
[5162].out[0] (.names)                                           0.261     6.802
[19395].in[4] (.names)                                           0.573     7.375
[19395].out[0] (.names)                                          0.261     7.636
[7514].in[4] (.names)                                            0.100     7.736
[7514].out[0] (.names)                                           0.261     7.997
[7505].D[0] (.latch)                                             0.000     7.997
data arrival time                                                          7.997

clock pclk (rise edge)                                           0.000     0.000
clock source latency                                             0.000     0.000
pclk.inpad[0] (.input)                                           0.000     0.000
[7505].clk[0] (.latch)                                           0.042     0.042
clock uncertainty                                                0.000     0.042
cell setup time                                                 -0.066    -0.024
data required time                                                        -0.024
--------------------------------------------------------------------------------
data required time                                                        -0.024
data arrival time                                                         -7.997
--------------------------------------------------------------------------------
slack (VIOLATED)                                                          -8.021


#Path 91
Startpoint: [17752].Q[0] (.latch clocked by pclk)
Endpoint  : [8645].D[0] (.latch clocked by pclk)
Path Type : setup

Point                                                             Incr      Path
--------------------------------------------------------------------------------
clock pclk (rise edge)                                           0.000     0.000
clock source latency                                             0.000     0.000
pclk.inpad[0] (.input)                                           0.000     0.000
[17752].clk[0] (.latch)                                          0.042     0.042
[17752].Q[0] (.latch) [clock-to-output]                          0.124     0.166
[5541].in[4] (.names)                                            0.441     0.607
[5541].out[0] (.names)                                           0.261     0.868
[17555].in[0] (.names)                                           0.345     1.213
[17555].out[0] (.names)                                          0.261     1.474
[17559].in[5] (.names)                                           0.421     1.895
[17559].out[0] (.names)                                          0.261     2.156
nrq20_3.in[0] (.names)                                           0.425     2.581
nrq20_3.out[0] (.names)                                          0.261     2.842
[4265].in[1] (.names)                                            0.738     3.580
[4265].out[0] (.names)                                           0.261     3.841
n_n2483.in[1] (.names)                                           0.348     4.189
n_n2483.out[0] (.names)                                          0.261     4.450
[4442].in[0] (.names)                                            0.348     4.798
[4442].out[0] (.names)                                           0.261     5.059
[5173].in[3] (.names)                                            0.270     5.329
[5173].out[0] (.names)                                           0.261     5.590
[19520].in[4] (.names)                                           0.345     5.935
[19520].out[0] (.names)                                          0.261     6.196
[5162].in[4] (.names)                                            0.345     6.541
[5162].out[0] (.names)                                           0.261     6.802
[19395].in[4] (.names)                                           0.573     7.375
[19395].out[0] (.names)                                          0.261     7.636
[8654].in[3] (.names)                                            0.100     7.736
[8654].out[0] (.names)                                           0.261     7.997
[8645].D[0] (.latch)                                             0.000     7.997
data arrival time                                                          7.997

clock pclk (rise edge)                                           0.000     0.000
clock source latency                                             0.000     0.000
pclk.inpad[0] (.input)                                           0.000     0.000
[8645].clk[0] (.latch)                                           0.042     0.042
clock uncertainty                                                0.000     0.042
cell setup time                                                 -0.066    -0.024
data required time                                                        -0.024
--------------------------------------------------------------------------------
data required time                                                        -0.024
data arrival time                                                         -7.997
--------------------------------------------------------------------------------
slack (VIOLATED)                                                          -8.021


#Path 92
Startpoint: [17752].Q[0] (.latch clocked by pclk)
Endpoint  : [9335].D[0] (.latch clocked by pclk)
Path Type : setup

Point                                                             Incr      Path
--------------------------------------------------------------------------------
clock pclk (rise edge)                                           0.000     0.000
clock source latency                                             0.000     0.000
pclk.inpad[0] (.input)                                           0.000     0.000
[17752].clk[0] (.latch)                                          0.042     0.042
[17752].Q[0] (.latch) [clock-to-output]                          0.124     0.166
[5541].in[4] (.names)                                            0.441     0.607
[5541].out[0] (.names)                                           0.261     0.868
[17555].in[0] (.names)                                           0.345     1.213
[17555].out[0] (.names)                                          0.261     1.474
[17559].in[5] (.names)                                           0.421     1.895
[17559].out[0] (.names)                                          0.261     2.156
nrq20_3.in[0] (.names)                                           0.425     2.581
nrq20_3.out[0] (.names)                                          0.261     2.842
[4265].in[1] (.names)                                            0.738     3.580
[4265].out[0] (.names)                                           0.261     3.841
n_n2483.in[1] (.names)                                           0.348     4.189
n_n2483.out[0] (.names)                                          0.261     4.450
[4442].in[0] (.names)                                            0.348     4.798
[4442].out[0] (.names)                                           0.261     5.059
[5173].in[3] (.names)                                            0.270     5.329
[5173].out[0] (.names)                                           0.261     5.590
[19520].in[4] (.names)                                           0.345     5.935
[19520].out[0] (.names)                                          0.261     6.196
[5162].in[4] (.names)                                            0.345     6.541
[5162].out[0] (.names)                                           0.261     6.802
[19395].in[4] (.names)                                           0.573     7.375
[19395].out[0] (.names)                                          0.261     7.636
[9344].in[4] (.names)                                            0.100     7.736
[9344].out[0] (.names)                                           0.261     7.997
[9335].D[0] (.latch)                                             0.000     7.997
data arrival time                                                          7.997

clock pclk (rise edge)                                           0.000     0.000
clock source latency                                             0.000     0.000
pclk.inpad[0] (.input)                                           0.000     0.000
[9335].clk[0] (.latch)                                           0.042     0.042
clock uncertainty                                                0.000     0.042
cell setup time                                                 -0.066    -0.024
data required time                                                        -0.024
--------------------------------------------------------------------------------
data required time                                                        -0.024
data arrival time                                                         -7.997
--------------------------------------------------------------------------------
slack (VIOLATED)                                                          -8.021


#Path 93
Startpoint: [17752].Q[0] (.latch clocked by pclk)
Endpoint  : [10595].D[0] (.latch clocked by pclk)
Path Type : setup

Point                                                             Incr      Path
--------------------------------------------------------------------------------
clock pclk (rise edge)                                           0.000     0.000
clock source latency                                             0.000     0.000
pclk.inpad[0] (.input)                                           0.000     0.000
[17752].clk[0] (.latch)                                          0.042     0.042
[17752].Q[0] (.latch) [clock-to-output]                          0.124     0.166
[5541].in[4] (.names)                                            0.441     0.607
[5541].out[0] (.names)                                           0.261     0.868
[17555].in[0] (.names)                                           0.345     1.213
[17555].out[0] (.names)                                          0.261     1.474
[17559].in[5] (.names)                                           0.421     1.895
[17559].out[0] (.names)                                          0.261     2.156
nrq20_3.in[0] (.names)                                           0.425     2.581
nrq20_3.out[0] (.names)                                          0.261     2.842
[4265].in[1] (.names)                                            0.738     3.580
[4265].out[0] (.names)                                           0.261     3.841
n_n2483.in[1] (.names)                                           0.348     4.189
n_n2483.out[0] (.names)                                          0.261     4.450
[4442].in[0] (.names)                                            0.348     4.798
[4442].out[0] (.names)                                           0.261     5.059
[5173].in[3] (.names)                                            0.270     5.329
[5173].out[0] (.names)                                           0.261     5.590
[19520].in[4] (.names)                                           0.345     5.935
[19520].out[0] (.names)                                          0.261     6.196
[5162].in[4] (.names)                                            0.345     6.541
[5162].out[0] (.names)                                           0.261     6.802
[19395].in[4] (.names)                                           0.573     7.375
[19395].out[0] (.names)                                          0.261     7.636
[10604].in[3] (.names)                                           0.100     7.736
[10604].out[0] (.names)                                          0.261     7.997
[10595].D[0] (.latch)                                            0.000     7.997
data arrival time                                                          7.997

clock pclk (rise edge)                                           0.000     0.000
clock source latency                                             0.000     0.000
pclk.inpad[0] (.input)                                           0.000     0.000
[10595].clk[0] (.latch)                                          0.042     0.042
clock uncertainty                                                0.000     0.042
cell setup time                                                 -0.066    -0.024
data required time                                                        -0.024
--------------------------------------------------------------------------------
data required time                                                        -0.024
data arrival time                                                         -7.997
--------------------------------------------------------------------------------
slack (VIOLATED)                                                          -8.021


#Path 94
Startpoint: [17752].Q[0] (.latch clocked by pclk)
Endpoint  : [11390].D[0] (.latch clocked by pclk)
Path Type : setup

Point                                                             Incr      Path
--------------------------------------------------------------------------------
clock pclk (rise edge)                                           0.000     0.000
clock source latency                                             0.000     0.000
pclk.inpad[0] (.input)                                           0.000     0.000
[17752].clk[0] (.latch)                                          0.042     0.042
[17752].Q[0] (.latch) [clock-to-output]                          0.124     0.166
[5541].in[4] (.names)                                            0.441     0.607
[5541].out[0] (.names)                                           0.261     0.868
[17555].in[0] (.names)                                           0.345     1.213
[17555].out[0] (.names)                                          0.261     1.474
[17559].in[5] (.names)                                           0.421     1.895
[17559].out[0] (.names)                                          0.261     2.156
nrq20_3.in[0] (.names)                                           0.425     2.581
nrq20_3.out[0] (.names)                                          0.261     2.842
[4265].in[1] (.names)                                            0.738     3.580
[4265].out[0] (.names)                                           0.261     3.841
n_n2483.in[1] (.names)                                           0.348     4.189
n_n2483.out[0] (.names)                                          0.261     4.450
[4442].in[0] (.names)                                            0.348     4.798
[4442].out[0] (.names)                                           0.261     5.059
[5173].in[3] (.names)                                            0.270     5.329
[5173].out[0] (.names)                                           0.261     5.590
[19520].in[4] (.names)                                           0.345     5.935
[19520].out[0] (.names)                                          0.261     6.196
[5162].in[4] (.names)                                            0.345     6.541
[5162].out[0] (.names)                                           0.261     6.802
[19395].in[4] (.names)                                           0.573     7.375
[19395].out[0] (.names)                                          0.261     7.636
[11399].in[2] (.names)                                           0.100     7.736
[11399].out[0] (.names)                                          0.261     7.997
[11390].D[0] (.latch)                                            0.000     7.997
data arrival time                                                          7.997

clock pclk (rise edge)                                           0.000     0.000
clock source latency                                             0.000     0.000
pclk.inpad[0] (.input)                                           0.000     0.000
[11390].clk[0] (.latch)                                          0.042     0.042
clock uncertainty                                                0.000     0.042
cell setup time                                                 -0.066    -0.024
data required time                                                        -0.024
--------------------------------------------------------------------------------
data required time                                                        -0.024
data arrival time                                                         -7.997
--------------------------------------------------------------------------------
slack (VIOLATED)                                                          -8.021


#Path 95
Startpoint: [17752].Q[0] (.latch clocked by pclk)
Endpoint  : [13415].D[0] (.latch clocked by pclk)
Path Type : setup

Point                                                             Incr      Path
--------------------------------------------------------------------------------
clock pclk (rise edge)                                           0.000     0.000
clock source latency                                             0.000     0.000
pclk.inpad[0] (.input)                                           0.000     0.000
[17752].clk[0] (.latch)                                          0.042     0.042
[17752].Q[0] (.latch) [clock-to-output]                          0.124     0.166
[5541].in[4] (.names)                                            0.441     0.607
[5541].out[0] (.names)                                           0.261     0.868
[17555].in[0] (.names)                                           0.345     1.213
[17555].out[0] (.names)                                          0.261     1.474
[17559].in[5] (.names)                                           0.421     1.895
[17559].out[0] (.names)                                          0.261     2.156
nrq20_3.in[0] (.names)                                           0.425     2.581
nrq20_3.out[0] (.names)                                          0.261     2.842
[4265].in[1] (.names)                                            0.738     3.580
[4265].out[0] (.names)                                           0.261     3.841
n_n2483.in[1] (.names)                                           0.348     4.189
n_n2483.out[0] (.names)                                          0.261     4.450
[4442].in[0] (.names)                                            0.348     4.798
[4442].out[0] (.names)                                           0.261     5.059
[5173].in[3] (.names)                                            0.270     5.329
[5173].out[0] (.names)                                           0.261     5.590
[19520].in[4] (.names)                                           0.345     5.935
[19520].out[0] (.names)                                          0.261     6.196
[5162].in[4] (.names)                                            0.345     6.541
[5162].out[0] (.names)                                           0.261     6.802
[19395].in[4] (.names)                                           0.573     7.375
[19395].out[0] (.names)                                          0.261     7.636
[13424].in[2] (.names)                                           0.100     7.736
[13424].out[0] (.names)                                          0.261     7.997
[13415].D[0] (.latch)                                            0.000     7.997
data arrival time                                                          7.997

clock pclk (rise edge)                                           0.000     0.000
clock source latency                                             0.000     0.000
pclk.inpad[0] (.input)                                           0.000     0.000
[13415].clk[0] (.latch)                                          0.042     0.042
clock uncertainty                                                0.000     0.042
cell setup time                                                 -0.066    -0.024
data required time                                                        -0.024
--------------------------------------------------------------------------------
data required time                                                        -0.024
data arrival time                                                         -7.997
--------------------------------------------------------------------------------
slack (VIOLATED)                                                          -8.021


#Path 96
Startpoint: [17752].Q[0] (.latch clocked by pclk)
Endpoint  : [15335].D[0] (.latch clocked by pclk)
Path Type : setup

Point                                                             Incr      Path
--------------------------------------------------------------------------------
clock pclk (rise edge)                                           0.000     0.000
clock source latency                                             0.000     0.000
pclk.inpad[0] (.input)                                           0.000     0.000
[17752].clk[0] (.latch)                                          0.042     0.042
[17752].Q[0] (.latch) [clock-to-output]                          0.124     0.166
[5541].in[4] (.names)                                            0.441     0.607
[5541].out[0] (.names)                                           0.261     0.868
[17555].in[0] (.names)                                           0.345     1.213
[17555].out[0] (.names)                                          0.261     1.474
[17559].in[5] (.names)                                           0.421     1.895
[17559].out[0] (.names)                                          0.261     2.156
nrq20_3.in[0] (.names)                                           0.425     2.581
nrq20_3.out[0] (.names)                                          0.261     2.842
[4265].in[1] (.names)                                            0.738     3.580
[4265].out[0] (.names)                                           0.261     3.841
n_n2483.in[1] (.names)                                           0.348     4.189
n_n2483.out[0] (.names)                                          0.261     4.450
[4442].in[0] (.names)                                            0.348     4.798
[4442].out[0] (.names)                                           0.261     5.059
[5173].in[3] (.names)                                            0.270     5.329
[5173].out[0] (.names)                                           0.261     5.590
[19520].in[4] (.names)                                           0.345     5.935
[19520].out[0] (.names)                                          0.261     6.196
[5162].in[4] (.names)                                            0.345     6.541
[5162].out[0] (.names)                                           0.261     6.802
[19395].in[4] (.names)                                           0.573     7.375
[19395].out[0] (.names)                                          0.261     7.636
[15344].in[2] (.names)                                           0.100     7.736
[15344].out[0] (.names)                                          0.261     7.997
[15335].D[0] (.latch)                                            0.000     7.997
data arrival time                                                          7.997

clock pclk (rise edge)                                           0.000     0.000
clock source latency                                             0.000     0.000
pclk.inpad[0] (.input)                                           0.000     0.000
[15335].clk[0] (.latch)                                          0.042     0.042
clock uncertainty                                                0.000     0.042
cell setup time                                                 -0.066    -0.024
data required time                                                        -0.024
--------------------------------------------------------------------------------
data required time                                                        -0.024
data arrival time                                                         -7.997
--------------------------------------------------------------------------------
slack (VIOLATED)                                                          -8.021


#Path 97
Startpoint: [17752].Q[0] (.latch clocked by pclk)
Endpoint  : [10190].D[0] (.latch clocked by pclk)
Path Type : setup

Point                                                             Incr      Path
--------------------------------------------------------------------------------
clock pclk (rise edge)                                           0.000     0.000
clock source latency                                             0.000     0.000
pclk.inpad[0] (.input)                                           0.000     0.000
[17752].clk[0] (.latch)                                          0.042     0.042
[17752].Q[0] (.latch) [clock-to-output]                          0.124     0.166
[5541].in[4] (.names)                                            0.441     0.607
[5541].out[0] (.names)                                           0.261     0.868
[17555].in[0] (.names)                                           0.345     1.213
[17555].out[0] (.names)                                          0.261     1.474
[17559].in[5] (.names)                                           0.421     1.895
[17559].out[0] (.names)                                          0.261     2.156
nen24_7.in[1] (.names)                                           0.501     2.657
nen24_7.out[0] (.names)                                          0.261     2.918
[17925].in[2] (.names)                                           0.651     3.569
[17925].out[0] (.names)                                          0.261     3.830
[19153].in[5] (.names)                                           0.805     4.636
[19153].out[0] (.names)                                          0.261     4.897
[19157].in[2] (.names)                                           0.348     5.245
[19157].out[0] (.names)                                          0.261     5.506
[19221].in[2] (.names)                                           0.100     5.606
[19221].out[0] (.names)                                          0.261     5.867
[19227].in[2] (.names)                                           0.100     5.967
[19227].out[0] (.names)                                          0.261     6.228
[19232].in[2] (.names)                                           0.100     6.328
[19232].out[0] (.names)                                          0.261     6.589
[19215].in[2] (.names)                                           0.345     6.934
[19215].out[0] (.names)                                          0.261     7.195
[10199].in[4] (.names)                                           0.497     7.692
[10199].out[0] (.names)                                          0.261     7.953
[10190].D[0] (.latch)                                            0.000     7.953
data arrival time                                                          7.953

clock pclk (rise edge)                                           0.000     0.000
clock source latency                                             0.000     0.000
pclk.inpad[0] (.input)                                           0.000     0.000
[10190].clk[0] (.latch)                                          0.042     0.042
clock uncertainty                                                0.000     0.042
cell setup time                                                 -0.066    -0.024
data required time                                                        -0.024
--------------------------------------------------------------------------------
data required time                                                        -0.024
data arrival time                                                         -7.953
--------------------------------------------------------------------------------
slack (VIOLATED)                                                          -7.976


#Path 98
Startpoint: [17752].Q[0] (.latch clocked by pclk)
Endpoint  : [13445].D[0] (.latch clocked by pclk)
Path Type : setup

Point                                                             Incr      Path
--------------------------------------------------------------------------------
clock pclk (rise edge)                                           0.000     0.000
clock source latency                                             0.000     0.000
pclk.inpad[0] (.input)                                           0.000     0.000
[17752].clk[0] (.latch)                                          0.042     0.042
[17752].Q[0] (.latch) [clock-to-output]                          0.124     0.166
[5541].in[4] (.names)                                            0.441     0.607
[5541].out[0] (.names)                                           0.261     0.868
[17555].in[0] (.names)                                           0.345     1.213
[17555].out[0] (.names)                                          0.261     1.474
[17559].in[5] (.names)                                           0.421     1.895
[17559].out[0] (.names)                                          0.261     2.156
nen24_7.in[1] (.names)                                           0.501     2.657
nen24_7.out[0] (.names)                                          0.261     2.918
[17925].in[2] (.names)                                           0.651     3.569
[17925].out[0] (.names)                                          0.261     3.830
[19153].in[5] (.names)                                           0.805     4.636
[19153].out[0] (.names)                                          0.261     4.897
[19157].in[2] (.names)                                           0.348     5.245
[19157].out[0] (.names)                                          0.261     5.506
[19221].in[2] (.names)                                           0.100     5.606
[19221].out[0] (.names)                                          0.261     5.867
[19227].in[2] (.names)                                           0.100     5.967
[19227].out[0] (.names)                                          0.261     6.228
[19232].in[2] (.names)                                           0.100     6.328
[19232].out[0] (.names)                                          0.261     6.589
[19215].in[2] (.names)                                           0.345     6.934
[19215].out[0] (.names)                                          0.261     7.195
[19068].in[5] (.names)                                           0.100     7.295
[19068].out[0] (.names)                                          0.261     7.556
[13454].in[1] (.names)                                           0.100     7.656
[13454].out[0] (.names)                                          0.261     7.917
[13445].D[0] (.latch)                                            0.000     7.917
data arrival time                                                          7.917

clock pclk (rise edge)                                           0.000     0.000
clock source latency                                             0.000     0.000
pclk.inpad[0] (.input)                                           0.000     0.000
[13445].clk[0] (.latch)                                          0.042     0.042
clock uncertainty                                                0.000     0.042
cell setup time                                                 -0.066    -0.024
data required time                                                        -0.024
--------------------------------------------------------------------------------
data required time                                                        -0.024
data arrival time                                                         -7.917
--------------------------------------------------------------------------------
slack (VIOLATED)                                                          -7.940


#Path 99
Startpoint: [17752].Q[0] (.latch clocked by pclk)
Endpoint  : [9560].D[0] (.latch clocked by pclk)
Path Type : setup

Point                                                             Incr      Path
--------------------------------------------------------------------------------
clock pclk (rise edge)                                           0.000     0.000
clock source latency                                             0.000     0.000
pclk.inpad[0] (.input)                                           0.000     0.000
[17752].clk[0] (.latch)                                          0.042     0.042
[17752].Q[0] (.latch) [clock-to-output]                          0.124     0.166
[5541].in[4] (.names)                                            0.441     0.607
[5541].out[0] (.names)                                           0.261     0.868
[17555].in[0] (.names)                                           0.345     1.213
[17555].out[0] (.names)                                          0.261     1.474
[17559].in[5] (.names)                                           0.421     1.895
[17559].out[0] (.names)                                          0.261     2.156
nen24_7.in[1] (.names)                                           0.501     2.657
nen24_7.out[0] (.names)                                          0.261     2.918
[17925].in[2] (.names)                                           0.651     3.569
[17925].out[0] (.names)                                          0.261     3.830
[19153].in[5] (.names)                                           0.805     4.636
[19153].out[0] (.names)                                          0.261     4.897
[19157].in[2] (.names)                                           0.348     5.245
[19157].out[0] (.names)                                          0.261     5.506
[19221].in[2] (.names)                                           0.100     5.606
[19221].out[0] (.names)                                          0.261     5.867
[19227].in[2] (.names)                                           0.100     5.967
[19227].out[0] (.names)                                          0.261     6.228
[19232].in[2] (.names)                                           0.100     6.328
[19232].out[0] (.names)                                          0.261     6.589
[19215].in[2] (.names)                                           0.345     6.934
[19215].out[0] (.names)                                          0.261     7.195
[19068].in[5] (.names)                                           0.100     7.295
[19068].out[0] (.names)                                          0.261     7.556
[9569].in[3] (.names)                                            0.100     7.656
[9569].out[0] (.names)                                           0.261     7.917
[9560].D[0] (.latch)                                             0.000     7.917
data arrival time                                                          7.917

clock pclk (rise edge)                                           0.000     0.000
clock source latency                                             0.000     0.000
pclk.inpad[0] (.input)                                           0.000     0.000
[9560].clk[0] (.latch)                                           0.042     0.042
clock uncertainty                                                0.000     0.042
cell setup time                                                 -0.066    -0.024
data required time                                                        -0.024
--------------------------------------------------------------------------------
data required time                                                        -0.024
data arrival time                                                         -7.917
--------------------------------------------------------------------------------
slack (VIOLATED)                                                          -7.940


#Path 100
Startpoint: [17752].Q[0] (.latch clocked by pclk)
Endpoint  : [8315].D[0] (.latch clocked by pclk)
Path Type : setup

Point                                                             Incr      Path
--------------------------------------------------------------------------------
clock pclk (rise edge)                                           0.000     0.000
clock source latency                                             0.000     0.000
pclk.inpad[0] (.input)                                           0.000     0.000
[17752].clk[0] (.latch)                                          0.042     0.042
[17752].Q[0] (.latch) [clock-to-output]                          0.124     0.166
[5541].in[4] (.names)                                            0.441     0.607
[5541].out[0] (.names)                                           0.261     0.868
[17555].in[0] (.names)                                           0.345     1.213
[17555].out[0] (.names)                                          0.261     1.474
[17559].in[5] (.names)                                           0.421     1.895
[17559].out[0] (.names)                                          0.261     2.156
nen24_7.in[1] (.names)                                           0.501     2.657
nen24_7.out[0] (.names)                                          0.261     2.918
[17925].in[2] (.names)                                           0.651     3.569
[17925].out[0] (.names)                                          0.261     3.830
[19153].in[5] (.names)                                           0.805     4.636
[19153].out[0] (.names)                                          0.261     4.897
[19157].in[2] (.names)                                           0.348     5.245
[19157].out[0] (.names)                                          0.261     5.506
[19221].in[2] (.names)                                           0.100     5.606
[19221].out[0] (.names)                                          0.261     5.867
[19227].in[2] (.names)                                           0.100     5.967
[19227].out[0] (.names)                                          0.261     6.228
[19232].in[2] (.names)                                           0.100     6.328
[19232].out[0] (.names)                                          0.261     6.589
[19215].in[2] (.names)                                           0.345     6.934
[19215].out[0] (.names)                                          0.261     7.195
[19068].in[5] (.names)                                           0.100     7.295
[19068].out[0] (.names)                                          0.261     7.556
[8324].in[3] (.names)                                            0.100     7.656
[8324].out[0] (.names)                                           0.261     7.917
[8315].D[0] (.latch)                                             0.000     7.917
data arrival time                                                          7.917

clock pclk (rise edge)                                           0.000     0.000
clock source latency                                             0.000     0.000
pclk.inpad[0] (.input)                                           0.000     0.000
[8315].clk[0] (.latch)                                           0.042     0.042
clock uncertainty                                                0.000     0.042
cell setup time                                                 -0.066    -0.024
data required time                                                        -0.024
--------------------------------------------------------------------------------
data required time                                                        -0.024
data arrival time                                                         -7.917
--------------------------------------------------------------------------------
slack (VIOLATED)                                                          -7.940


#End of timing report
