#Timing report of worst 100 path(s)
# Unit scale: 1e-09 seconds
# Output precision: 3

#Path 1
Startpoint: [17752].Q[0] (.latch clocked by pclk)
Endpoint  : paddress_0_0_.D[0] (.latch clocked by pclk)
Path Type : setup

Point                                                             Incr      Path
--------------------------------------------------------------------------------
clock pclk (rise edge)                                           0.000     0.000
clock source latency                                             0.000     0.000
pclk.inpad[0] (.input)                                           0.000     0.000
[17752].clk[0] (.latch)                                          0.042     0.042
[17752].Q[0] (.latch) [clock-to-output]                          0.124     0.166
[5511].in[4] (.names)                                            0.524     0.691
[5511].out[0] (.names)                                           0.261     0.952
[17711].in[1] (.names)                                           0.885     1.837
[17711].out[0] (.names)                                          0.261     2.098
[18794].in[3] (.names)                                           4.496     6.594
[18794].out[0] (.names)                                          0.261     6.855
[2057].in[5] (.names)                                            5.062    11.917
[2057].out[0] (.names)                                           0.261    12.178
[19013].in[2] (.names)                                           0.100    12.278
[19013].out[0] (.names)                                          0.261    12.539
[19019].in[3] (.names)                                           0.894    13.433
[19019].out[0] (.names)                                          0.261    13.694
[18269].in[5] (.names)                                           0.100    13.794
[18269].out[0] (.names)                                          0.261    14.055
paddress_0_0_.D[0] (.latch)                                      0.000    14.055
data arrival time                                                         14.055

clock pclk (rise edge)                                           0.000     0.000
clock source latency                                             0.000     0.000
pclk.inpad[0] (.input)                                           0.000     0.000
paddress_0_0_.clk[0] (.latch)                                    0.042     0.042
clock uncertainty                                                0.000     0.042
cell setup time                                                 -0.066    -0.024
data required time                                                        -0.024
--------------------------------------------------------------------------------
data required time                                                        -0.024
data arrival time                                                        -14.055
--------------------------------------------------------------------------------
slack (VIOLATED)                                                         -14.078


#Path 2
Startpoint: [17596].Q[0] (.latch clocked by pclk)
Endpoint  : [14690].D[0] (.latch clocked by pclk)
Path Type : setup

Point                                                             Incr      Path
--------------------------------------------------------------------------------
clock pclk (rise edge)                                           0.000     0.000
clock source latency                                             0.000     0.000
pclk.inpad[0] (.input)                                           0.000     0.000
[17596].clk[0] (.latch)                                          0.042     0.042
[17596].Q[0] (.latch) [clock-to-output]                          0.124     0.166
[17572].in[0] (.names)                                           2.437     2.604
[17572].out[0] (.names)                                          0.261     2.865
[17574].in[5] (.names)                                           0.270     3.135
[17574].out[0] (.names)                                          0.261     3.396
nen24_7.in[4] (.names)                                           0.348     3.745
nen24_7.out[0] (.names)                                          0.261     4.006
[4943].in[2] (.names)                                            4.139     8.145
[4943].out[0] (.names)                                           0.261     8.406
n_n2446.in[2] (.names)                                           0.100     8.506
n_n2446.out[0] (.names)                                          0.261     8.767
[19232].in[0] (.names)                                           0.657     9.423
[19232].out[0] (.names)                                          0.261     9.684
[19215].in[2] (.names)                                           1.736    11.420
[19215].out[0] (.names)                                          0.261    11.681
[14699].in[4] (.names)                                           1.876    13.558
[14699].out[0] (.names)                                          0.261    13.819
[14690].D[0] (.latch)                                            0.000    13.819
data arrival time                                                         13.819

clock pclk (rise edge)                                           0.000     0.000
clock source latency                                             0.000     0.000
pclk.inpad[0] (.input)                                           0.000     0.000
[14690].clk[0] (.latch)                                          0.042     0.042
clock uncertainty                                                0.000     0.042
cell setup time                                                 -0.066    -0.024
data required time                                                        -0.024
--------------------------------------------------------------------------------
data required time                                                        -0.024
data arrival time                                                        -13.819
--------------------------------------------------------------------------------
slack (VIOLATED)                                                         -13.842


#Path 3
Startpoint: [17752].Q[0] (.latch clocked by pclk)
Endpoint  : paddress_7_7_.D[0] (.latch clocked by pclk)
Path Type : setup

Point                                                             Incr      Path
--------------------------------------------------------------------------------
clock pclk (rise edge)                                           0.000     0.000
clock source latency                                             0.000     0.000
pclk.inpad[0] (.input)                                           0.000     0.000
[17752].clk[0] (.latch)                                          0.042     0.042
[17752].Q[0] (.latch) [clock-to-output]                          0.124     0.166
[5511].in[4] (.names)                                            0.524     0.691
[5511].out[0] (.names)                                           0.261     0.952
[17711].in[1] (.names)                                           0.885     1.837
[17711].out[0] (.names)                                          0.261     2.098
[18794].in[3] (.names)                                           4.496     6.594
[18794].out[0] (.names)                                          0.261     6.855
[1918].in[5] (.names)                                            4.906    11.761
[1918].out[0] (.names)                                           0.261    12.022
[19145].in[0] (.names)                                           0.813    12.835
[19145].out[0] (.names)                                          0.261    13.096
[18633].in[3] (.names)                                           0.100    13.196
[18633].out[0] (.names)                                          0.261    13.457
paddress_7_7_.D[0] (.latch)                                      0.000    13.457
data arrival time                                                         13.457

clock pclk (rise edge)                                           0.000     0.000
clock source latency                                             0.000     0.000
pclk.inpad[0] (.input)                                           0.000     0.000
paddress_7_7_.clk[0] (.latch)                                    0.042     0.042
clock uncertainty                                                0.000     0.042
cell setup time                                                 -0.066    -0.024
data required time                                                        -0.024
--------------------------------------------------------------------------------
data required time                                                        -0.024
data arrival time                                                        -13.457
--------------------------------------------------------------------------------
slack (VIOLATED)                                                         -13.481


#Path 4
Startpoint: [17596].Q[0] (.latch clocked by pclk)
Endpoint  : [12650].D[0] (.latch clocked by pclk)
Path Type : setup

Point                                                             Incr      Path
--------------------------------------------------------------------------------
clock pclk (rise edge)                                           0.000     0.000
clock source latency                                             0.000     0.000
pclk.inpad[0] (.input)                                           0.000     0.000
[17596].clk[0] (.latch)                                          0.042     0.042
[17596].Q[0] (.latch) [clock-to-output]                          0.124     0.166
[17572].in[0] (.names)                                           2.437     2.604
[17572].out[0] (.names)                                          0.261     2.865
[17574].in[5] (.names)                                           0.270     3.135
[17574].out[0] (.names)                                          0.261     3.396
nen24_7.in[4] (.names)                                           0.348     3.745
nen24_7.out[0] (.names)                                          0.261     4.006
[4943].in[2] (.names)                                            4.139     8.145
[4943].out[0] (.names)                                           0.261     8.406
n_n2446.in[2] (.names)                                           0.100     8.506
n_n2446.out[0] (.names)                                          0.261     8.767
[19232].in[0] (.names)                                           0.657     9.423
[19232].out[0] (.names)                                          0.261     9.684
[19215].in[2] (.names)                                           1.736    11.420
[19215].out[0] (.names)                                          0.261    11.681
[19068].in[5] (.names)                                           0.100    11.781
[19068].out[0] (.names)                                          0.261    12.042
[12659].in[3] (.names)                                           0.813    12.856
[12659].out[0] (.names)                                          0.261    13.117
[12650].D[0] (.latch)                                            0.000    13.117
data arrival time                                                         13.117

clock pclk (rise edge)                                           0.000     0.000
clock source latency                                             0.000     0.000
pclk.inpad[0] (.input)                                           0.000     0.000
[12650].clk[0] (.latch)                                          0.042     0.042
clock uncertainty                                                0.000     0.042
cell setup time                                                 -0.066    -0.024
data required time                                                        -0.024
--------------------------------------------------------------------------------
data required time                                                        -0.024
data arrival time                                                        -13.117
--------------------------------------------------------------------------------
slack (VIOLATED)                                                         -13.140


#Path 5
Startpoint: [17752].Q[0] (.latch clocked by pclk)
Endpoint  : paddress_9_9_.D[0] (.latch clocked by pclk)
Path Type : setup

Point                                                             Incr      Path
--------------------------------------------------------------------------------
clock pclk (rise edge)                                           0.000     0.000
clock source latency                                             0.000     0.000
pclk.inpad[0] (.input)                                           0.000     0.000
[17752].clk[0] (.latch)                                          0.042     0.042
[17752].Q[0] (.latch) [clock-to-output]                          0.124     0.166
[5511].in[4] (.names)                                            0.524     0.691
[5511].out[0] (.names)                                           0.261     0.952
[17711].in[1] (.names)                                           0.885     1.837
[17711].out[0] (.names)                                          0.261     2.098
[18794].in[3] (.names)                                           4.496     6.594
[18794].out[0] (.names)                                          0.261     6.855
[2358].in[5] (.names)                                            4.906    11.761
[2358].out[0] (.names)                                           0.261    12.022
[18823].in[0] (.names)                                           0.426    12.448
[18823].out[0] (.names)                                          0.261    12.709
[16956].in[3] (.names)                                           0.100    12.809
[16956].out[0] (.names)                                          0.261    13.070
paddress_9_9_.D[0] (.latch)                                      0.000    13.070
data arrival time                                                         13.070

clock pclk (rise edge)                                           0.000     0.000
clock source latency                                             0.000     0.000
pclk.inpad[0] (.input)                                           0.000     0.000
paddress_9_9_.clk[0] (.latch)                                    0.042     0.042
clock uncertainty                                                0.000     0.042
cell setup time                                                 -0.066    -0.024
data required time                                                        -0.024
--------------------------------------------------------------------------------
data required time                                                        -0.024
data arrival time                                                        -13.070
--------------------------------------------------------------------------------
slack (VIOLATED)                                                         -13.094


#Path 6
Startpoint: [17596].Q[0] (.latch clocked by pclk)
Endpoint  : [11675].D[0] (.latch clocked by pclk)
Path Type : setup

Point                                                             Incr      Path
--------------------------------------------------------------------------------
clock pclk (rise edge)                                           0.000     0.000
clock source latency                                             0.000     0.000
pclk.inpad[0] (.input)                                           0.000     0.000
[17596].clk[0] (.latch)                                          0.042     0.042
[17596].Q[0] (.latch) [clock-to-output]                          0.124     0.166
[17572].in[0] (.names)                                           2.437     2.604
[17572].out[0] (.names)                                          0.261     2.865
[17574].in[5] (.names)                                           0.270     3.135
[17574].out[0] (.names)                                          0.261     3.396
nen24_7.in[4] (.names)                                           0.348     3.745
nen24_7.out[0] (.names)                                          0.261     4.006
[4943].in[2] (.names)                                            4.139     8.145
[4943].out[0] (.names)                                           0.261     8.406
n_n2446.in[2] (.names)                                           0.100     8.506
n_n2446.out[0] (.names)                                          0.261     8.767
[19232].in[0] (.names)                                           0.657     9.423
[19232].out[0] (.names)                                          0.261     9.684
[19215].in[2] (.names)                                           1.736    11.420
[19215].out[0] (.names)                                          0.261    11.681
[19068].in[5] (.names)                                           0.100    11.781
[19068].out[0] (.names)                                          0.261    12.042
[11684].in[4] (.names)                                           0.651    12.694
[11684].out[0] (.names)                                          0.261    12.955
[11675].D[0] (.latch)                                            0.000    12.955
data arrival time                                                         12.955

clock pclk (rise edge)                                           0.000     0.000
clock source latency                                             0.000     0.000
pclk.inpad[0] (.input)                                           0.000     0.000
[11675].clk[0] (.latch)                                          0.042     0.042
clock uncertainty                                                0.000     0.042
cell setup time                                                 -0.066    -0.024
data required time                                                        -0.024
--------------------------------------------------------------------------------
data required time                                                        -0.024
data arrival time                                                        -12.955
--------------------------------------------------------------------------------
slack (VIOLATED)                                                         -12.978


#Path 7
Startpoint: [17596].Q[0] (.latch clocked by pclk)
Endpoint  : [10700].D[0] (.latch clocked by pclk)
Path Type : setup

Point                                                             Incr      Path
--------------------------------------------------------------------------------
clock pclk (rise edge)                                           0.000     0.000
clock source latency                                             0.000     0.000
pclk.inpad[0] (.input)                                           0.000     0.000
[17596].clk[0] (.latch)                                          0.042     0.042
[17596].Q[0] (.latch) [clock-to-output]                          0.124     0.166
[17572].in[0] (.names)                                           2.437     2.604
[17572].out[0] (.names)                                          0.261     2.865
[17574].in[5] (.names)                                           0.270     3.135
[17574].out[0] (.names)                                          0.261     3.396
nen24_7.in[4] (.names)                                           0.348     3.745
nen24_7.out[0] (.names)                                          0.261     4.006
[4943].in[2] (.names)                                            4.139     8.145
[4943].out[0] (.names)                                           0.261     8.406
n_n2446.in[2] (.names)                                           0.100     8.506
n_n2446.out[0] (.names)                                          0.261     8.767
[19232].in[0] (.names)                                           0.657     9.423
[19232].out[0] (.names)                                          0.261     9.684
[19215].in[2] (.names)                                           1.736    11.420
[19215].out[0] (.names)                                          0.261    11.681
[10709].in[4] (.names)                                           0.957    12.638
[10709].out[0] (.names)                                          0.261    12.899
[10700].D[0] (.latch)                                            0.000    12.899
data arrival time                                                         12.899

clock pclk (rise edge)                                           0.000     0.000
clock source latency                                             0.000     0.000
pclk.inpad[0] (.input)                                           0.000     0.000
[10700].clk[0] (.latch)                                          0.042     0.042
clock uncertainty                                                0.000     0.042
cell setup time                                                 -0.066    -0.024
data required time                                                        -0.024
--------------------------------------------------------------------------------
data required time                                                        -0.024
data arrival time                                                        -12.899
--------------------------------------------------------------------------------
slack (VIOLATED)                                                         -12.923


#Path 8
Startpoint: [17596].Q[0] (.latch clocked by pclk)
Endpoint  : [9890].D[0] (.latch clocked by pclk)
Path Type : setup

Point                                                             Incr      Path
--------------------------------------------------------------------------------
clock pclk (rise edge)                                           0.000     0.000
clock source latency                                             0.000     0.000
pclk.inpad[0] (.input)                                           0.000     0.000
[17596].clk[0] (.latch)                                          0.042     0.042
[17596].Q[0] (.latch) [clock-to-output]                          0.124     0.166
[17572].in[0] (.names)                                           2.437     2.604
[17572].out[0] (.names)                                          0.261     2.865
[17574].in[5] (.names)                                           0.270     3.135
[17574].out[0] (.names)                                          0.261     3.396
nen24_7.in[4] (.names)                                           0.348     3.745
nen24_7.out[0] (.names)                                          0.261     4.006
[4943].in[2] (.names)                                            4.139     8.145
[4943].out[0] (.names)                                           0.261     8.406
n_n2446.in[2] (.names)                                           0.100     8.506
n_n2446.out[0] (.names)                                          0.261     8.767
[19232].in[0] (.names)                                           0.657     9.423
[19232].out[0] (.names)                                          0.261     9.684
[19215].in[2] (.names)                                           1.736    11.420
[19215].out[0] (.names)                                          0.261    11.681
[4388].in[3] (.names)                                            0.100    11.781
[4388].out[0] (.names)                                           0.261    12.042
[9899].in[4] (.names)                                            0.581    12.624
[9899].out[0] (.names)                                           0.261    12.885
[9890].D[0] (.latch)                                             0.000    12.885
data arrival time                                                         12.885

clock pclk (rise edge)                                           0.000     0.000
clock source latency                                             0.000     0.000
pclk.inpad[0] (.input)                                           0.000     0.000
[9890].clk[0] (.latch)                                           0.042     0.042
clock uncertainty                                                0.000     0.042
cell setup time                                                 -0.066    -0.024
data required time                                                        -0.024
--------------------------------------------------------------------------------
data required time                                                        -0.024
data arrival time                                                        -12.885
--------------------------------------------------------------------------------
slack (VIOLATED)                                                         -12.908


#Path 9
Startpoint: [17596].Q[0] (.latch clocked by pclk)
Endpoint  : [10070].D[0] (.latch clocked by pclk)
Path Type : setup

Point                                                             Incr      Path
--------------------------------------------------------------------------------
clock pclk (rise edge)                                           0.000     0.000
clock source latency                                             0.000     0.000
pclk.inpad[0] (.input)                                           0.000     0.000
[17596].clk[0] (.latch)                                          0.042     0.042
[17596].Q[0] (.latch) [clock-to-output]                          0.124     0.166
[17572].in[0] (.names)                                           2.437     2.604
[17572].out[0] (.names)                                          0.261     2.865
[17574].in[5] (.names)                                           0.270     3.135
[17574].out[0] (.names)                                          0.261     3.396
nen24_7.in[4] (.names)                                           0.348     3.745
nen24_7.out[0] (.names)                                          0.261     4.006
[4943].in[2] (.names)                                            4.139     8.145
[4943].out[0] (.names)                                           0.261     8.406
n_n2446.in[2] (.names)                                           0.100     8.506
n_n2446.out[0] (.names)                                          0.261     8.767
[19232].in[0] (.names)                                           0.657     9.423
[19232].out[0] (.names)                                          0.261     9.684
[19215].in[2] (.names)                                           1.736    11.420
[19215].out[0] (.names)                                          0.261    11.681
[19068].in[5] (.names)                                           0.100    11.781
[19068].out[0] (.names)                                          0.261    12.042
[10079].in[4] (.names)                                           0.580    12.622
[10079].out[0] (.names)                                          0.261    12.883
[10070].D[0] (.latch)                                            0.000    12.883
data arrival time                                                         12.883

clock pclk (rise edge)                                           0.000     0.000
clock source latency                                             0.000     0.000
pclk.inpad[0] (.input)                                           0.000     0.000
[10070].clk[0] (.latch)                                          0.042     0.042
clock uncertainty                                                0.000     0.042
cell setup time                                                 -0.066    -0.024
data required time                                                        -0.024
--------------------------------------------------------------------------------
data required time                                                        -0.024
data arrival time                                                        -12.883
--------------------------------------------------------------------------------
slack (VIOLATED)                                                         -12.907


#Path 10
Startpoint: [17596].Q[0] (.latch clocked by pclk)
Endpoint  : [10730].D[0] (.latch clocked by pclk)
Path Type : setup

Point                                                             Incr      Path
--------------------------------------------------------------------------------
clock pclk (rise edge)                                           0.000     0.000
clock source latency                                             0.000     0.000
pclk.inpad[0] (.input)                                           0.000     0.000
[17596].clk[0] (.latch)                                          0.042     0.042
[17596].Q[0] (.latch) [clock-to-output]                          0.124     0.166
[17572].in[0] (.names)                                           2.437     2.604
[17572].out[0] (.names)                                          0.261     2.865
[17574].in[5] (.names)                                           0.270     3.135
[17574].out[0] (.names)                                          0.261     3.396
nen24_7.in[4] (.names)                                           0.348     3.745
nen24_7.out[0] (.names)                                          0.261     4.006
[4943].in[2] (.names)                                            4.139     8.145
[4943].out[0] (.names)                                           0.261     8.406
n_n2446.in[2] (.names)                                           0.100     8.506
n_n2446.out[0] (.names)                                          0.261     8.767
[19232].in[0] (.names)                                           0.657     9.423
[19232].out[0] (.names)                                          0.261     9.684
[19215].in[2] (.names)                                           1.736    11.420
[19215].out[0] (.names)                                          0.261    11.681
[19068].in[5] (.names)                                           0.100    11.781
[19068].out[0] (.names)                                          0.261    12.042
[10739].in[4] (.names)                                           0.580    12.622
[10739].out[0] (.names)                                          0.261    12.883
[10730].D[0] (.latch)                                            0.000    12.883
data arrival time                                                         12.883

clock pclk (rise edge)                                           0.000     0.000
clock source latency                                             0.000     0.000
pclk.inpad[0] (.input)                                           0.000     0.000
[10730].clk[0] (.latch)                                          0.042     0.042
clock uncertainty                                                0.000     0.042
cell setup time                                                 -0.066    -0.024
data required time                                                        -0.024
--------------------------------------------------------------------------------
data required time                                                        -0.024
data arrival time                                                        -12.883
--------------------------------------------------------------------------------
slack (VIOLATED)                                                         -12.907


#Path 11
Startpoint: [17596].Q[0] (.latch clocked by pclk)
Endpoint  : [6365].D[0] (.latch clocked by pclk)
Path Type : setup

Point                                                             Incr      Path
--------------------------------------------------------------------------------
clock pclk (rise edge)                                           0.000     0.000
clock source latency                                             0.000     0.000
pclk.inpad[0] (.input)                                           0.000     0.000
[17596].clk[0] (.latch)                                          0.042     0.042
[17596].Q[0] (.latch) [clock-to-output]                          0.124     0.166
[17572].in[0] (.names)                                           2.437     2.604
[17572].out[0] (.names)                                          0.261     2.865
[17574].in[5] (.names)                                           0.270     3.135
[17574].out[0] (.names)                                          0.261     3.396
nen24_7.in[4] (.names)                                           0.348     3.745
nen24_7.out[0] (.names)                                          0.261     4.006
[4943].in[2] (.names)                                            4.139     8.145
[4943].out[0] (.names)                                           0.261     8.406
n_n2446.in[2] (.names)                                           0.100     8.506
n_n2446.out[0] (.names)                                          0.261     8.767
[19232].in[0] (.names)                                           0.657     9.423
[19232].out[0] (.names)                                          0.261     9.684
[19215].in[2] (.names)                                           1.736    11.420
[19215].out[0] (.names)                                          0.261    11.681
[4388].in[3] (.names)                                            0.100    11.781
[4388].out[0] (.names)                                           0.261    12.042
[6374].in[4] (.names)                                            0.578    12.620
[6374].out[0] (.names)                                           0.261    12.881
[6365].D[0] (.latch)                                             0.000    12.881
data arrival time                                                         12.881

clock pclk (rise edge)                                           0.000     0.000
clock source latency                                             0.000     0.000
pclk.inpad[0] (.input)                                           0.000     0.000
[6365].clk[0] (.latch)                                           0.042     0.042
clock uncertainty                                                0.000     0.042
cell setup time                                                 -0.066    -0.024
data required time                                                        -0.024
--------------------------------------------------------------------------------
data required time                                                        -0.024
data arrival time                                                        -12.881
--------------------------------------------------------------------------------
slack (VIOLATED)                                                         -12.905


#Path 12
Startpoint: [17596].Q[0] (.latch clocked by pclk)
Endpoint  : [10355].D[0] (.latch clocked by pclk)
Path Type : setup

Point                                                             Incr      Path
--------------------------------------------------------------------------------
clock pclk (rise edge)                                           0.000     0.000
clock source latency                                             0.000     0.000
pclk.inpad[0] (.input)                                           0.000     0.000
[17596].clk[0] (.latch)                                          0.042     0.042
[17596].Q[0] (.latch) [clock-to-output]                          0.124     0.166
[17572].in[0] (.names)                                           2.437     2.604
[17572].out[0] (.names)                                          0.261     2.865
[17574].in[5] (.names)                                           0.270     3.135
[17574].out[0] (.names)                                          0.261     3.396
nen24_7.in[4] (.names)                                           0.348     3.745
nen24_7.out[0] (.names)                                          0.261     4.006
[4943].in[2] (.names)                                            4.139     8.145
[4943].out[0] (.names)                                           0.261     8.406
n_n2446.in[2] (.names)                                           0.100     8.506
n_n2446.out[0] (.names)                                          0.261     8.767
[19232].in[0] (.names)                                           0.657     9.423
[19232].out[0] (.names)                                          0.261     9.684
[19215].in[2] (.names)                                           1.736    11.420
[19215].out[0] (.names)                                          0.261    11.681
[4388].in[3] (.names)                                            0.100    11.781
[4388].out[0] (.names)                                           0.261    12.042
[10364].in[4] (.names)                                           0.575    12.618
[10364].out[0] (.names)                                          0.261    12.879
[10355].D[0] (.latch)                                            0.000    12.879
data arrival time                                                         12.879

clock pclk (rise edge)                                           0.000     0.000
clock source latency                                             0.000     0.000
pclk.inpad[0] (.input)                                           0.000     0.000
[10355].clk[0] (.latch)                                          0.042     0.042
clock uncertainty                                                0.000     0.042
cell setup time                                                 -0.066    -0.024
data required time                                                        -0.024
--------------------------------------------------------------------------------
data required time                                                        -0.024
data arrival time                                                        -12.879
--------------------------------------------------------------------------------
slack (VIOLATED)                                                         -12.902


#Path 13
Startpoint: [17596].Q[0] (.latch clocked by pclk)
Endpoint  : [13880].D[0] (.latch clocked by pclk)
Path Type : setup

Point                                                             Incr      Path
--------------------------------------------------------------------------------
clock pclk (rise edge)                                           0.000     0.000
clock source latency                                             0.000     0.000
pclk.inpad[0] (.input)                                           0.000     0.000
[17596].clk[0] (.latch)                                          0.042     0.042
[17596].Q[0] (.latch) [clock-to-output]                          0.124     0.166
[17572].in[0] (.names)                                           2.437     2.604
[17572].out[0] (.names)                                          0.261     2.865
[17574].in[5] (.names)                                           0.270     3.135
[17574].out[0] (.names)                                          0.261     3.396
nen24_7.in[4] (.names)                                           0.348     3.745
nen24_7.out[0] (.names)                                          0.261     4.006
[4943].in[2] (.names)                                            4.139     8.145
[4943].out[0] (.names)                                           0.261     8.406
n_n2446.in[2] (.names)                                           0.100     8.506
n_n2446.out[0] (.names)                                          0.261     8.767
[19232].in[0] (.names)                                           0.657     9.423
[19232].out[0] (.names)                                          0.261     9.684
[19215].in[2] (.names)                                           1.736    11.420
[19215].out[0] (.names)                                          0.261    11.681
[4388].in[3] (.names)                                            0.100    11.781
[4388].out[0] (.names)                                           0.261    12.042
[13889].in[4] (.names)                                           0.575    12.618
[13889].out[0] (.names)                                          0.261    12.879
[13880].D[0] (.latch)                                            0.000    12.879
data arrival time                                                         12.879

clock pclk (rise edge)                                           0.000     0.000
clock source latency                                             0.000     0.000
pclk.inpad[0] (.input)                                           0.000     0.000
[13880].clk[0] (.latch)                                          0.042     0.042
clock uncertainty                                                0.000     0.042
cell setup time                                                 -0.066    -0.024
data required time                                                        -0.024
--------------------------------------------------------------------------------
data required time                                                        -0.024
data arrival time                                                        -12.879
--------------------------------------------------------------------------------
slack (VIOLATED)                                                         -12.902


#Path 14
Startpoint: [17596].Q[0] (.latch clocked by pclk)
Endpoint  : [14270].D[0] (.latch clocked by pclk)
Path Type : setup

Point                                                             Incr      Path
--------------------------------------------------------------------------------
clock pclk (rise edge)                                           0.000     0.000
clock source latency                                             0.000     0.000
pclk.inpad[0] (.input)                                           0.000     0.000
[17596].clk[0] (.latch)                                          0.042     0.042
[17596].Q[0] (.latch) [clock-to-output]                          0.124     0.166
[17572].in[0] (.names)                                           2.437     2.604
[17572].out[0] (.names)                                          0.261     2.865
[17574].in[5] (.names)                                           0.270     3.135
[17574].out[0] (.names)                                          0.261     3.396
nen24_7.in[4] (.names)                                           0.348     3.745
nen24_7.out[0] (.names)                                          0.261     4.006
[4943].in[2] (.names)                                            4.139     8.145
[4943].out[0] (.names)                                           0.261     8.406
n_n2446.in[2] (.names)                                           0.100     8.506
n_n2446.out[0] (.names)                                          0.261     8.767
[19232].in[0] (.names)                                           0.657     9.423
[19232].out[0] (.names)                                          0.261     9.684
[19215].in[2] (.names)                                           1.736    11.420
[19215].out[0] (.names)                                          0.261    11.681
[19068].in[5] (.names)                                           0.100    11.781
[19068].out[0] (.names)                                          0.261    12.042
[14279].in[3] (.names)                                           0.573    12.616
[14279].out[0] (.names)                                          0.261    12.877
[14270].D[0] (.latch)                                            0.000    12.877
data arrival time                                                         12.877

clock pclk (rise edge)                                           0.000     0.000
clock source latency                                             0.000     0.000
pclk.inpad[0] (.input)                                           0.000     0.000
[14270].clk[0] (.latch)                                          0.042     0.042
clock uncertainty                                                0.000     0.042
cell setup time                                                 -0.066    -0.024
data required time                                                        -0.024
--------------------------------------------------------------------------------
data required time                                                        -0.024
data arrival time                                                        -12.877
--------------------------------------------------------------------------------
slack (VIOLATED)                                                         -12.900


#Path 15
Startpoint: [17596].Q[0] (.latch clocked by pclk)
Endpoint  : [10115].D[0] (.latch clocked by pclk)
Path Type : setup

Point                                                             Incr      Path
--------------------------------------------------------------------------------
clock pclk (rise edge)                                           0.000     0.000
clock source latency                                             0.000     0.000
pclk.inpad[0] (.input)                                           0.000     0.000
[17596].clk[0] (.latch)                                          0.042     0.042
[17596].Q[0] (.latch) [clock-to-output]                          0.124     0.166
[17572].in[0] (.names)                                           2.437     2.604
[17572].out[0] (.names)                                          0.261     2.865
[17574].in[5] (.names)                                           0.270     3.135
[17574].out[0] (.names)                                          0.261     3.396
nen24_7.in[4] (.names)                                           0.348     3.745
nen24_7.out[0] (.names)                                          0.261     4.006
[4943].in[2] (.names)                                            4.139     8.145
[4943].out[0] (.names)                                           0.261     8.406
n_n2446.in[2] (.names)                                           0.100     8.506
n_n2446.out[0] (.names)                                          0.261     8.767
[19232].in[0] (.names)                                           0.657     9.423
[19232].out[0] (.names)                                          0.261     9.684
[10124].in[4] (.names)                                           2.886    12.570
[10124].out[0] (.names)                                          0.261    12.831
[10115].D[0] (.latch)                                            0.000    12.831
data arrival time                                                         12.831

clock pclk (rise edge)                                           0.000     0.000
clock source latency                                             0.000     0.000
pclk.inpad[0] (.input)                                           0.000     0.000
[10115].clk[0] (.latch)                                          0.042     0.042
clock uncertainty                                                0.000     0.042
cell setup time                                                 -0.066    -0.024
data required time                                                        -0.024
--------------------------------------------------------------------------------
data required time                                                        -0.024
data arrival time                                                        -12.831
--------------------------------------------------------------------------------
slack (VIOLATED)                                                         -12.855


#Path 16
Startpoint: [17596].Q[0] (.latch clocked by pclk)
Endpoint  : [14240].D[0] (.latch clocked by pclk)
Path Type : setup

Point                                                             Incr      Path
--------------------------------------------------------------------------------
clock pclk (rise edge)                                           0.000     0.000
clock source latency                                             0.000     0.000
pclk.inpad[0] (.input)                                           0.000     0.000
[17596].clk[0] (.latch)                                          0.042     0.042
[17596].Q[0] (.latch) [clock-to-output]                          0.124     0.166
[17572].in[0] (.names)                                           2.437     2.604
[17572].out[0] (.names)                                          0.261     2.865
[17574].in[5] (.names)                                           0.270     3.135
[17574].out[0] (.names)                                          0.261     3.396
nen24_7.in[4] (.names)                                           0.348     3.745
nen24_7.out[0] (.names)                                          0.261     4.006
[4943].in[2] (.names)                                            4.139     8.145
[4943].out[0] (.names)                                           0.261     8.406
n_n2446.in[2] (.names)                                           0.100     8.506
n_n2446.out[0] (.names)                                          0.261     8.767
[19232].in[0] (.names)                                           0.657     9.423
[19232].out[0] (.names)                                          0.261     9.684
[19215].in[2] (.names)                                           1.736    11.420
[19215].out[0] (.names)                                          0.261    11.681
[14249].in[4] (.names)                                           0.881    12.562
[14249].out[0] (.names)                                          0.261    12.823
[14240].D[0] (.latch)                                            0.000    12.823
data arrival time                                                         12.823

clock pclk (rise edge)                                           0.000     0.000
clock source latency                                             0.000     0.000
pclk.inpad[0] (.input)                                           0.000     0.000
[14240].clk[0] (.latch)                                          0.042     0.042
clock uncertainty                                                0.000     0.042
cell setup time                                                 -0.066    -0.024
data required time                                                        -0.024
--------------------------------------------------------------------------------
data required time                                                        -0.024
data arrival time                                                        -12.823
--------------------------------------------------------------------------------
slack (VIOLATED)                                                         -12.847


#Path 17
Startpoint: [17596].Q[0] (.latch clocked by pclk)
Endpoint  : [13805].D[0] (.latch clocked by pclk)
Path Type : setup

Point                                                             Incr      Path
--------------------------------------------------------------------------------
clock pclk (rise edge)                                           0.000     0.000
clock source latency                                             0.000     0.000
pclk.inpad[0] (.input)                                           0.000     0.000
[17596].clk[0] (.latch)                                          0.042     0.042
[17596].Q[0] (.latch) [clock-to-output]                          0.124     0.166
[17572].in[0] (.names)                                           2.437     2.604
[17572].out[0] (.names)                                          0.261     2.865
[17574].in[5] (.names)                                           0.270     3.135
[17574].out[0] (.names)                                          0.261     3.396
nen24_7.in[4] (.names)                                           0.348     3.745
nen24_7.out[0] (.names)                                          0.261     4.006
[4943].in[2] (.names)                                            4.139     8.145
[4943].out[0] (.names)                                           0.261     8.406
n_n2446.in[2] (.names)                                           0.100     8.506
n_n2446.out[0] (.names)                                          0.261     8.767
[19232].in[0] (.names)                                           0.657     9.423
[19232].out[0] (.names)                                          0.261     9.684
[19215].in[2] (.names)                                           1.736    11.420
[19215].out[0] (.names)                                          0.261    11.681
[13814].in[4] (.names)                                           0.881    12.562
[13814].out[0] (.names)                                          0.261    12.823
[13805].D[0] (.latch)                                            0.000    12.823
data arrival time                                                         12.823

clock pclk (rise edge)                                           0.000     0.000
clock source latency                                             0.000     0.000
pclk.inpad[0] (.input)                                           0.000     0.000
[13805].clk[0] (.latch)                                          0.042     0.042
clock uncertainty                                                0.000     0.042
cell setup time                                                 -0.066    -0.024
data required time                                                        -0.024
--------------------------------------------------------------------------------
data required time                                                        -0.024
data arrival time                                                        -12.823
--------------------------------------------------------------------------------
slack (VIOLATED)                                                         -12.847


#Path 18
Startpoint: [17596].Q[0] (.latch clocked by pclk)
Endpoint  : [11450].D[0] (.latch clocked by pclk)
Path Type : setup

Point                                                             Incr      Path
--------------------------------------------------------------------------------
clock pclk (rise edge)                                           0.000     0.000
clock source latency                                             0.000     0.000
pclk.inpad[0] (.input)                                           0.000     0.000
[17596].clk[0] (.latch)                                          0.042     0.042
[17596].Q[0] (.latch) [clock-to-output]                          0.124     0.166
[17572].in[0] (.names)                                           2.437     2.604
[17572].out[0] (.names)                                          0.261     2.865
[17574].in[5] (.names)                                           0.270     3.135
[17574].out[0] (.names)                                          0.261     3.396
nen24_7.in[4] (.names)                                           0.348     3.745
nen24_7.out[0] (.names)                                          0.261     4.006
[4943].in[2] (.names)                                            4.139     8.145
[4943].out[0] (.names)                                           0.261     8.406
n_n2446.in[2] (.names)                                           0.100     8.506
n_n2446.out[0] (.names)                                          0.261     8.767
[19232].in[0] (.names)                                           0.657     9.423
[19232].out[0] (.names)                                          0.261     9.684
[19215].in[2] (.names)                                           1.736    11.420
[19215].out[0] (.names)                                          0.261    11.681
[4388].in[3] (.names)                                            0.100    11.781
[4388].out[0] (.names)                                           0.261    12.042
[11459].in[4] (.names)                                           0.503    12.546
[11459].out[0] (.names)                                          0.261    12.807
[11450].D[0] (.latch)                                            0.000    12.807
data arrival time                                                         12.807

clock pclk (rise edge)                                           0.000     0.000
clock source latency                                             0.000     0.000
pclk.inpad[0] (.input)                                           0.000     0.000
[11450].clk[0] (.latch)                                          0.042     0.042
clock uncertainty                                                0.000     0.042
cell setup time                                                 -0.066    -0.024
data required time                                                        -0.024
--------------------------------------------------------------------------------
data required time                                                        -0.024
data arrival time                                                        -12.807
--------------------------------------------------------------------------------
slack (VIOLATED)                                                         -12.830


#Path 19
Startpoint: [17596].Q[0] (.latch clocked by pclk)
Endpoint  : [8210].D[0] (.latch clocked by pclk)
Path Type : setup

Point                                                             Incr      Path
--------------------------------------------------------------------------------
clock pclk (rise edge)                                           0.000     0.000
clock source latency                                             0.000     0.000
pclk.inpad[0] (.input)                                           0.000     0.000
[17596].clk[0] (.latch)                                          0.042     0.042
[17596].Q[0] (.latch) [clock-to-output]                          0.124     0.166
[17572].in[0] (.names)                                           2.437     2.604
[17572].out[0] (.names)                                          0.261     2.865
[17574].in[5] (.names)                                           0.270     3.135
[17574].out[0] (.names)                                          0.261     3.396
nen24_7.in[4] (.names)                                           0.348     3.745
nen24_7.out[0] (.names)                                          0.261     4.006
[4943].in[2] (.names)                                            4.139     8.145
[4943].out[0] (.names)                                           0.261     8.406
n_n2446.in[2] (.names)                                           0.100     8.506
n_n2446.out[0] (.names)                                          0.261     8.767
[19232].in[0] (.names)                                           0.657     9.423
[19232].out[0] (.names)                                          0.261     9.684
[19215].in[2] (.names)                                           1.736    11.420
[19215].out[0] (.names)                                          0.261    11.681
[4388].in[3] (.names)                                            0.100    11.781
[4388].out[0] (.names)                                           0.261    12.042
[8219].in[4] (.names)                                            0.503    12.546
[8219].out[0] (.names)                                           0.261    12.807
[8210].D[0] (.latch)                                             0.000    12.807
data arrival time                                                         12.807

clock pclk (rise edge)                                           0.000     0.000
clock source latency                                             0.000     0.000
pclk.inpad[0] (.input)                                           0.000     0.000
[8210].clk[0] (.latch)                                           0.042     0.042
clock uncertainty                                                0.000     0.042
cell setup time                                                 -0.066    -0.024
data required time                                                        -0.024
--------------------------------------------------------------------------------
data required time                                                        -0.024
data arrival time                                                        -12.807
--------------------------------------------------------------------------------
slack (VIOLATED)                                                         -12.830


#Path 20
Startpoint: [17596].Q[0] (.latch clocked by pclk)
Endpoint  : [12425].D[0] (.latch clocked by pclk)
Path Type : setup

Point                                                             Incr      Path
--------------------------------------------------------------------------------
clock pclk (rise edge)                                           0.000     0.000
clock source latency                                             0.000     0.000
pclk.inpad[0] (.input)                                           0.000     0.000
[17596].clk[0] (.latch)                                          0.042     0.042
[17596].Q[0] (.latch) [clock-to-output]                          0.124     0.166
[17572].in[0] (.names)                                           2.437     2.604
[17572].out[0] (.names)                                          0.261     2.865
[17574].in[5] (.names)                                           0.270     3.135
[17574].out[0] (.names)                                          0.261     3.396
nen24_7.in[4] (.names)                                           0.348     3.745
nen24_7.out[0] (.names)                                          0.261     4.006
[4943].in[2] (.names)                                            4.139     8.145
[4943].out[0] (.names)                                           0.261     8.406
n_n2446.in[2] (.names)                                           0.100     8.506
n_n2446.out[0] (.names)                                          0.261     8.767
[19232].in[0] (.names)                                           0.657     9.423
[19232].out[0] (.names)                                          0.261     9.684
[19215].in[2] (.names)                                           1.736    11.420
[19215].out[0] (.names)                                          0.261    11.681
[4388].in[3] (.names)                                            0.100    11.781
[4388].out[0] (.names)                                           0.261    12.042
[12434].in[4] (.names)                                           0.503    12.546
[12434].out[0] (.names)                                          0.261    12.807
[12425].D[0] (.latch)                                            0.000    12.807
data arrival time                                                         12.807

clock pclk (rise edge)                                           0.000     0.000
clock source latency                                             0.000     0.000
pclk.inpad[0] (.input)                                           0.000     0.000
[12425].clk[0] (.latch)                                          0.042     0.042
clock uncertainty                                                0.000     0.042
cell setup time                                                 -0.066    -0.024
data required time                                                        -0.024
--------------------------------------------------------------------------------
data required time                                                        -0.024
data arrival time                                                        -12.807
--------------------------------------------------------------------------------
slack (VIOLATED)                                                         -12.830


#Path 21
Startpoint: [17596].Q[0] (.latch clocked by pclk)
Endpoint  : [6320].D[0] (.latch clocked by pclk)
Path Type : setup

Point                                                             Incr      Path
--------------------------------------------------------------------------------
clock pclk (rise edge)                                           0.000     0.000
clock source latency                                             0.000     0.000
pclk.inpad[0] (.input)                                           0.000     0.000
[17596].clk[0] (.latch)                                          0.042     0.042
[17596].Q[0] (.latch) [clock-to-output]                          0.124     0.166
[17572].in[0] (.names)                                           2.437     2.604
[17572].out[0] (.names)                                          0.261     2.865
[17574].in[5] (.names)                                           0.270     3.135
[17574].out[0] (.names)                                          0.261     3.396
nen24_7.in[4] (.names)                                           0.348     3.745
nen24_7.out[0] (.names)                                          0.261     4.006
[4943].in[2] (.names)                                            4.139     8.145
[4943].out[0] (.names)                                           0.261     8.406
n_n2446.in[2] (.names)                                           0.100     8.506
n_n2446.out[0] (.names)                                          0.261     8.767
[19232].in[0] (.names)                                           0.657     9.423
[19232].out[0] (.names)                                          0.261     9.684
[19215].in[2] (.names)                                           1.736    11.420
[19215].out[0] (.names)                                          0.261    11.681
[4388].in[3] (.names)                                            0.100    11.781
[4388].out[0] (.names)                                           0.261    12.042
[6329].in[4] (.names)                                            0.499    12.541
[6329].out[0] (.names)                                           0.261    12.802
[6320].D[0] (.latch)                                             0.000    12.802
data arrival time                                                         12.802

clock pclk (rise edge)                                           0.000     0.000
clock source latency                                             0.000     0.000
pclk.inpad[0] (.input)                                           0.000     0.000
[6320].clk[0] (.latch)                                           0.042     0.042
clock uncertainty                                                0.000     0.042
cell setup time                                                 -0.066    -0.024
data required time                                                        -0.024
--------------------------------------------------------------------------------
data required time                                                        -0.024
data arrival time                                                        -12.802
--------------------------------------------------------------------------------
slack (VIOLATED)                                                         -12.826


#Path 22
Startpoint: [17752].Q[0] (.latch clocked by pclk)
Endpoint  : paddress_3_3_.D[0] (.latch clocked by pclk)
Path Type : setup

Point                                                             Incr      Path
--------------------------------------------------------------------------------
clock pclk (rise edge)                                           0.000     0.000
clock source latency                                             0.000     0.000
pclk.inpad[0] (.input)                                           0.000     0.000
[17752].clk[0] (.latch)                                          0.042     0.042
[17752].Q[0] (.latch) [clock-to-output]                          0.124     0.166
[5511].in[4] (.names)                                            0.524     0.691
[5511].out[0] (.names)                                           0.261     0.952
[17711].in[1] (.names)                                           0.885     1.837
[17711].out[0] (.names)                                          0.261     2.098
[18794].in[3] (.names)                                           4.496     6.594
[18794].out[0] (.names)                                          0.261     6.855
[1997].in[5] (.names)                                            3.742    10.597
[1997].out[0] (.names)                                           0.261    10.858
[19063].in[1] (.names)                                           1.284    12.142
[19063].out[0] (.names)                                          0.261    12.403
[18464].in[3] (.names)                                           0.100    12.503
[18464].out[0] (.names)                                          0.261    12.764
paddress_3_3_.D[0] (.latch)                                      0.000    12.764
data arrival time                                                         12.764

clock pclk (rise edge)                                           0.000     0.000
clock source latency                                             0.000     0.000
pclk.inpad[0] (.input)                                           0.000     0.000
paddress_3_3_.clk[0] (.latch)                                    0.042     0.042
clock uncertainty                                                0.000     0.042
cell setup time                                                 -0.066    -0.024
data required time                                                        -0.024
--------------------------------------------------------------------------------
data required time                                                        -0.024
data arrival time                                                        -12.764
--------------------------------------------------------------------------------
slack (VIOLATED)                                                         -12.787


#Path 23
Startpoint: [17596].Q[0] (.latch clocked by pclk)
Endpoint  : [7655].D[0] (.latch clocked by pclk)
Path Type : setup

Point                                                             Incr      Path
--------------------------------------------------------------------------------
clock pclk (rise edge)                                           0.000     0.000
clock source latency                                             0.000     0.000
pclk.inpad[0] (.input)                                           0.000     0.000
[17596].clk[0] (.latch)                                          0.042     0.042
[17596].Q[0] (.latch) [clock-to-output]                          0.124     0.166
[17572].in[0] (.names)                                           2.437     2.604
[17572].out[0] (.names)                                          0.261     2.865
[17574].in[5] (.names)                                           0.270     3.135
[17574].out[0] (.names)                                          0.261     3.396
nen24_7.in[4] (.names)                                           0.348     3.745
nen24_7.out[0] (.names)                                          0.261     4.006
[4943].in[2] (.names)                                            4.139     8.145
[4943].out[0] (.names)                                           0.261     8.406
n_n2446.in[2] (.names)                                           0.100     8.506
n_n2446.out[0] (.names)                                          0.261     8.767
[19232].in[0] (.names)                                           0.657     9.423
[19232].out[0] (.names)                                          0.261     9.684
[7664].in[4] (.names)                                            2.808    12.492
[7664].out[0] (.names)                                           0.261    12.753
[7655].D[0] (.latch)                                             0.000    12.753
data arrival time                                                         12.753

clock pclk (rise edge)                                           0.000     0.000
clock source latency                                             0.000     0.000
pclk.inpad[0] (.input)                                           0.000     0.000
[7655].clk[0] (.latch)                                           0.042     0.042
clock uncertainty                                                0.000     0.042
cell setup time                                                 -0.066    -0.024
data required time                                                        -0.024
--------------------------------------------------------------------------------
data required time                                                        -0.024
data arrival time                                                        -12.753
--------------------------------------------------------------------------------
slack (VIOLATED)                                                         -12.777


#Path 24
Startpoint: [17596].Q[0] (.latch clocked by pclk)
Endpoint  : [12620].D[0] (.latch clocked by pclk)
Path Type : setup

Point                                                             Incr      Path
--------------------------------------------------------------------------------
clock pclk (rise edge)                                           0.000     0.000
clock source latency                                             0.000     0.000
pclk.inpad[0] (.input)                                           0.000     0.000
[17596].clk[0] (.latch)                                          0.042     0.042
[17596].Q[0] (.latch) [clock-to-output]                          0.124     0.166
[17572].in[0] (.names)                                           2.437     2.604
[17572].out[0] (.names)                                          0.261     2.865
[17574].in[5] (.names)                                           0.270     3.135
[17574].out[0] (.names)                                          0.261     3.396
nen24_7.in[4] (.names)                                           0.348     3.745
nen24_7.out[0] (.names)                                          0.261     4.006
[4943].in[2] (.names)                                            4.139     8.145
[4943].out[0] (.names)                                           0.261     8.406
n_n2446.in[2] (.names)                                           0.100     8.506
n_n2446.out[0] (.names)                                          0.261     8.767
[19232].in[0] (.names)                                           0.657     9.423
[19232].out[0] (.names)                                          0.261     9.684
[19215].in[2] (.names)                                           1.736    11.420
[19215].out[0] (.names)                                          0.261    11.681
[12629].in[4] (.names)                                           0.802    12.483
[12629].out[0] (.names)                                          0.261    12.744
[12620].D[0] (.latch)                                            0.000    12.744
data arrival time                                                         12.744

clock pclk (rise edge)                                           0.000     0.000
clock source latency                                             0.000     0.000
pclk.inpad[0] (.input)                                           0.000     0.000
[12620].clk[0] (.latch)                                          0.042     0.042
clock uncertainty                                                0.000     0.042
cell setup time                                                 -0.066    -0.024
data required time                                                        -0.024
--------------------------------------------------------------------------------
data required time                                                        -0.024
data arrival time                                                        -12.744
--------------------------------------------------------------------------------
slack (VIOLATED)                                                         -12.768


#Path 25
Startpoint: [18233].Q[0] (.latch clocked by pclk)
Endpoint  : ppeaka_4_4_.D[0] (.latch clocked by pclk)
Path Type : setup

Point                                                             Incr      Path
--------------------------------------------------------------------------------
clock pclk (rise edge)                                           0.000     0.000
clock source latency                                             0.000     0.000
pclk.inpad[0] (.input)                                           0.000     0.000
[18233].clk[0] (.latch)                                          0.042     0.042
[18233].Q[0] (.latch) [clock-to-output]                          0.124     0.166
[4478].in[4] (.names)                                            0.757     0.924
[4478].out[0] (.names)                                           0.261     1.185
n_n2344.in[5] (.names)                                           1.116     2.301
n_n2344.out[0] (.names)                                          0.261     2.562
[2557].in[3] (.names)                                            7.485    10.047
[2557].out[0] (.names)                                           0.261    10.308
[18709].in[2] (.names)                                           1.347    11.655
[18709].out[0] (.names)                                          0.261    11.916
[15494].in[5] (.names)                                           0.499    12.415
[15494].out[0] (.names)                                          0.261    12.676
ppeaka_4_4_.D[0] (.latch)                                        0.000    12.676
data arrival time                                                         12.676

clock pclk (rise edge)                                           0.000     0.000
clock source latency                                             0.000     0.000
pclk.inpad[0] (.input)                                           0.000     0.000
ppeaka_4_4_.clk[0] (.latch)                                      0.042     0.042
clock uncertainty                                                0.000     0.042
cell setup time                                                 -0.066    -0.024
data required time                                                        -0.024
--------------------------------------------------------------------------------
data required time                                                        -0.024
data arrival time                                                        -12.676
--------------------------------------------------------------------------------
slack (VIOLATED)                                                         -12.699


#Path 26
Startpoint: [17596].Q[0] (.latch clocked by pclk)
Endpoint  : [9530].D[0] (.latch clocked by pclk)
Path Type : setup

Point                                                             Incr      Path
--------------------------------------------------------------------------------
clock pclk (rise edge)                                           0.000     0.000
clock source latency                                             0.000     0.000
pclk.inpad[0] (.input)                                           0.000     0.000
[17596].clk[0] (.latch)                                          0.042     0.042
[17596].Q[0] (.latch) [clock-to-output]                          0.124     0.166
[17572].in[0] (.names)                                           2.437     2.604
[17572].out[0] (.names)                                          0.261     2.865
[17574].in[5] (.names)                                           0.270     3.135
[17574].out[0] (.names)                                          0.261     3.396
nen24_7.in[4] (.names)                                           0.348     3.745
nen24_7.out[0] (.names)                                          0.261     4.006
[4943].in[2] (.names)                                            4.139     8.145
[4943].out[0] (.names)                                           0.261     8.406
n_n2446.in[2] (.names)                                           0.100     8.506
n_n2446.out[0] (.names)                                          0.261     8.767
[19232].in[0] (.names)                                           0.657     9.423
[19232].out[0] (.names)                                          0.261     9.684
[19215].in[2] (.names)                                           1.736    11.420
[19215].out[0] (.names)                                          0.261    11.681
[9539].in[4] (.names)                                            0.727    12.408
[9539].out[0] (.names)                                           0.261    12.669
[9530].D[0] (.latch)                                             0.000    12.669
data arrival time                                                         12.669

clock pclk (rise edge)                                           0.000     0.000
clock source latency                                             0.000     0.000
pclk.inpad[0] (.input)                                           0.000     0.000
[9530].clk[0] (.latch)                                           0.042     0.042
clock uncertainty                                                0.000     0.042
cell setup time                                                 -0.066    -0.024
data required time                                                        -0.024
--------------------------------------------------------------------------------
data required time                                                        -0.024
data arrival time                                                        -12.669
--------------------------------------------------------------------------------
slack (VIOLATED)                                                         -12.693


#Path 27
Startpoint: [17596].Q[0] (.latch clocked by pclk)
Endpoint  : [10985].D[0] (.latch clocked by pclk)
Path Type : setup

Point                                                             Incr      Path
--------------------------------------------------------------------------------
clock pclk (rise edge)                                           0.000     0.000
clock source latency                                             0.000     0.000
pclk.inpad[0] (.input)                                           0.000     0.000
[17596].clk[0] (.latch)                                          0.042     0.042
[17596].Q[0] (.latch) [clock-to-output]                          0.124     0.166
[17572].in[0] (.names)                                           2.437     2.604
[17572].out[0] (.names)                                          0.261     2.865
[17574].in[5] (.names)                                           0.270     3.135
[17574].out[0] (.names)                                          0.261     3.396
nen24_7.in[4] (.names)                                           0.348     3.745
nen24_7.out[0] (.names)                                          0.261     4.006
[4943].in[2] (.names)                                            4.139     8.145
[4943].out[0] (.names)                                           0.261     8.406
n_n2446.in[2] (.names)                                           0.100     8.506
n_n2446.out[0] (.names)                                          0.261     8.767
[19232].in[0] (.names)                                           0.657     9.423
[19232].out[0] (.names)                                          0.261     9.684
[19215].in[2] (.names)                                           1.736    11.420
[19215].out[0] (.names)                                          0.261    11.681
[19068].in[5] (.names)                                           0.100    11.781
[19068].out[0] (.names)                                          0.261    12.042
[10994].in[3] (.names)                                           0.347    12.389
[10994].out[0] (.names)                                          0.261    12.650
[10985].D[0] (.latch)                                            0.000    12.650
data arrival time                                                         12.650

clock pclk (rise edge)                                           0.000     0.000
clock source latency                                             0.000     0.000
pclk.inpad[0] (.input)                                           0.000     0.000
[10985].clk[0] (.latch)                                          0.042     0.042
clock uncertainty                                                0.000     0.042
cell setup time                                                 -0.066    -0.024
data required time                                                        -0.024
--------------------------------------------------------------------------------
data required time                                                        -0.024
data arrival time                                                        -12.650
--------------------------------------------------------------------------------
slack (VIOLATED)                                                         -12.674


#Path 28
Startpoint: [17596].Q[0] (.latch clocked by pclk)
Endpoint  : [15410].D[0] (.latch clocked by pclk)
Path Type : setup

Point                                                             Incr      Path
--------------------------------------------------------------------------------
clock pclk (rise edge)                                           0.000     0.000
clock source latency                                             0.000     0.000
pclk.inpad[0] (.input)                                           0.000     0.000
[17596].clk[0] (.latch)                                          0.042     0.042
[17596].Q[0] (.latch) [clock-to-output]                          0.124     0.166
[17572].in[0] (.names)                                           2.437     2.604
[17572].out[0] (.names)                                          0.261     2.865
[17574].in[5] (.names)                                           0.270     3.135
[17574].out[0] (.names)                                          0.261     3.396
nen24_7.in[4] (.names)                                           0.348     3.745
nen24_7.out[0] (.names)                                          0.261     4.006
[4943].in[2] (.names)                                            4.139     8.145
[4943].out[0] (.names)                                           0.261     8.406
n_n2446.in[2] (.names)                                           0.100     8.506
n_n2446.out[0] (.names)                                          0.261     8.767
[19232].in[0] (.names)                                           0.657     9.423
[19232].out[0] (.names)                                          0.261     9.684
[19215].in[2] (.names)                                           1.736    11.420
[19215].out[0] (.names)                                          0.261    11.681
[19068].in[5] (.names)                                           0.100    11.781
[19068].out[0] (.names)                                          0.261    12.042
[15419].in[4] (.names)                                           0.347    12.389
[15419].out[0] (.names)                                          0.261    12.650
[15410].D[0] (.latch)                                            0.000    12.650
data arrival time                                                         12.650

clock pclk (rise edge)                                           0.000     0.000
clock source latency                                             0.000     0.000
pclk.inpad[0] (.input)                                           0.000     0.000
[15410].clk[0] (.latch)                                          0.042     0.042
clock uncertainty                                                0.000     0.042
cell setup time                                                 -0.066    -0.024
data required time                                                        -0.024
--------------------------------------------------------------------------------
data required time                                                        -0.024
data arrival time                                                        -12.650
--------------------------------------------------------------------------------
slack (VIOLATED)                                                         -12.674


#Path 29
Startpoint: [17596].Q[0] (.latch clocked by pclk)
Endpoint  : [4880].D[0] (.latch clocked by pclk)
Path Type : setup

Point                                                             Incr      Path
--------------------------------------------------------------------------------
clock pclk (rise edge)                                           0.000     0.000
clock source latency                                             0.000     0.000
pclk.inpad[0] (.input)                                           0.000     0.000
[17596].clk[0] (.latch)                                          0.042     0.042
[17596].Q[0] (.latch) [clock-to-output]                          0.124     0.166
[17572].in[0] (.names)                                           2.437     2.604
[17572].out[0] (.names)                                          0.261     2.865
[17574].in[5] (.names)                                           0.270     3.135
[17574].out[0] (.names)                                          0.261     3.396
nen24_7.in[4] (.names)                                           0.348     3.745
nen24_7.out[0] (.names)                                          0.261     4.006
[4943].in[2] (.names)                                            4.139     8.145
[4943].out[0] (.names)                                           0.261     8.406
n_n2446.in[2] (.names)                                           0.100     8.506
n_n2446.out[0] (.names)                                          0.261     8.767
[19232].in[0] (.names)                                           0.657     9.423
[19232].out[0] (.names)                                          0.261     9.684
[19215].in[2] (.names)                                           1.736    11.420
[19215].out[0] (.names)                                          0.261    11.681
[4388].in[3] (.names)                                            0.100    11.781
[4388].out[0] (.names)                                           0.261    12.042
[4889].in[4] (.names)                                            0.347    12.389
[4889].out[0] (.names)                                           0.261    12.650
[4880].D[0] (.latch)                                             0.000    12.650
data arrival time                                                         12.650

clock pclk (rise edge)                                           0.000     0.000
clock source latency                                             0.000     0.000
pclk.inpad[0] (.input)                                           0.000     0.000
[4880].clk[0] (.latch)                                           0.042     0.042
clock uncertainty                                                0.000     0.042
cell setup time                                                 -0.066    -0.024
data required time                                                        -0.024
--------------------------------------------------------------------------------
data required time                                                        -0.024
data arrival time                                                        -12.650
--------------------------------------------------------------------------------
slack (VIOLATED)                                                         -12.674


#Path 30
Startpoint: [17596].Q[0] (.latch clocked by pclk)
Endpoint  : [15050].D[0] (.latch clocked by pclk)
Path Type : setup

Point                                                             Incr      Path
--------------------------------------------------------------------------------
clock pclk (rise edge)                                           0.000     0.000
clock source latency                                             0.000     0.000
pclk.inpad[0] (.input)                                           0.000     0.000
[17596].clk[0] (.latch)                                          0.042     0.042
[17596].Q[0] (.latch) [clock-to-output]                          0.124     0.166
[17572].in[0] (.names)                                           2.437     2.604
[17572].out[0] (.names)                                          0.261     2.865
[17574].in[5] (.names)                                           0.270     3.135
[17574].out[0] (.names)                                          0.261     3.396
nen24_7.in[4] (.names)                                           0.348     3.745
nen24_7.out[0] (.names)                                          0.261     4.006
[4943].in[2] (.names)                                            4.139     8.145
[4943].out[0] (.names)                                           0.261     8.406
n_n2446.in[2] (.names)                                           0.100     8.506
n_n2446.out[0] (.names)                                          0.261     8.767
[19232].in[0] (.names)                                           0.657     9.423
[19232].out[0] (.names)                                          0.261     9.684
[19215].in[2] (.names)                                           1.736    11.420
[19215].out[0] (.names)                                          0.261    11.681
[4388].in[3] (.names)                                            0.100    11.781
[4388].out[0] (.names)                                           0.261    12.042
[15059].in[4] (.names)                                           0.347    12.389
[15059].out[0] (.names)                                          0.261    12.650
[15050].D[0] (.latch)                                            0.000    12.650
data arrival time                                                         12.650

clock pclk (rise edge)                                           0.000     0.000
clock source latency                                             0.000     0.000
pclk.inpad[0] (.input)                                           0.000     0.000
[15050].clk[0] (.latch)                                          0.042     0.042
clock uncertainty                                                0.000     0.042
cell setup time                                                 -0.066    -0.024
data required time                                                        -0.024
--------------------------------------------------------------------------------
data required time                                                        -0.024
data arrival time                                                        -12.650
--------------------------------------------------------------------------------
slack (VIOLATED)                                                         -12.674


#Path 31
Startpoint: [17596].Q[0] (.latch clocked by pclk)
Endpoint  : [17921].D[0] (.latch clocked by pclk)
Path Type : setup

Point                                                             Incr      Path
--------------------------------------------------------------------------------
clock pclk (rise edge)                                           0.000     0.000
clock source latency                                             0.000     0.000
pclk.inpad[0] (.input)                                           0.000     0.000
[17596].clk[0] (.latch)                                          0.042     0.042
[17596].Q[0] (.latch) [clock-to-output]                          0.124     0.166
[17572].in[0] (.names)                                           2.437     2.604
[17572].out[0] (.names)                                          0.261     2.865
[17574].in[5] (.names)                                           0.270     3.135
[17574].out[0] (.names)                                          0.261     3.396
nen17_4.in[4] (.names)                                           0.348     3.745
nen17_4.out[0] (.names)                                          0.261     4.006
[2117].in[5] (.names)                                            6.639    10.644
[2117].out[0] (.names)                                           0.261    10.905
[19000].in[4] (.names)                                           1.122    12.027
[19000].out[0] (.names)                                          0.261    12.288
[17931].in[5] (.names)                                           0.100    12.388
[17931].out[0] (.names)                                          0.261    12.649
[17921].D[0] (.latch)                                            0.000    12.649
data arrival time                                                         12.649

clock pclk (rise edge)                                           0.000     0.000
clock source latency                                             0.000     0.000
pclk.inpad[0] (.input)                                           0.000     0.000
[17921].clk[0] (.latch)                                          0.042     0.042
clock uncertainty                                                0.000     0.042
cell setup time                                                 -0.066    -0.024
data required time                                                        -0.024
--------------------------------------------------------------------------------
data required time                                                        -0.024
data arrival time                                                        -12.649
--------------------------------------------------------------------------------
slack (VIOLATED)                                                         -12.672


#Path 32
Startpoint: [17596].Q[0] (.latch clocked by pclk)
Endpoint  : [10445].D[0] (.latch clocked by pclk)
Path Type : setup

Point                                                             Incr      Path
--------------------------------------------------------------------------------
clock pclk (rise edge)                                           0.000     0.000
clock source latency                                             0.000     0.000
pclk.inpad[0] (.input)                                           0.000     0.000
[17596].clk[0] (.latch)                                          0.042     0.042
[17596].Q[0] (.latch) [clock-to-output]                          0.124     0.166
[17572].in[0] (.names)                                           2.437     2.604
[17572].out[0] (.names)                                          0.261     2.865
[17574].in[5] (.names)                                           0.270     3.135
[17574].out[0] (.names)                                          0.261     3.396
nen24_7.in[4] (.names)                                           0.348     3.745
nen24_7.out[0] (.names)                                          0.261     4.006
[4943].in[2] (.names)                                            4.139     8.145
[4943].out[0] (.names)                                           0.261     8.406
n_n2446.in[2] (.names)                                           0.100     8.506
n_n2446.out[0] (.names)                                          0.261     8.767
[19232].in[0] (.names)                                           0.657     9.423
[19232].out[0] (.names)                                          0.261     9.684
[19215].in[2] (.names)                                           1.736    11.420
[19215].out[0] (.names)                                          0.261    11.681
[10454].in[4] (.names)                                           0.649    12.331
[10454].out[0] (.names)                                          0.261    12.592
[10445].D[0] (.latch)                                            0.000    12.592
data arrival time                                                         12.592

clock pclk (rise edge)                                           0.000     0.000
clock source latency                                             0.000     0.000
pclk.inpad[0] (.input)                                           0.000     0.000
[10445].clk[0] (.latch)                                          0.042     0.042
clock uncertainty                                                0.000     0.042
cell setup time                                                 -0.066    -0.024
data required time                                                        -0.024
--------------------------------------------------------------------------------
data required time                                                        -0.024
data arrival time                                                        -12.592
--------------------------------------------------------------------------------
slack (VIOLATED)                                                         -12.616


#Path 33
Startpoint: [17596].Q[0] (.latch clocked by pclk)
Endpoint  : [10955].D[0] (.latch clocked by pclk)
Path Type : setup

Point                                                             Incr      Path
--------------------------------------------------------------------------------
clock pclk (rise edge)                                           0.000     0.000
clock source latency                                             0.000     0.000
pclk.inpad[0] (.input)                                           0.000     0.000
[17596].clk[0] (.latch)                                          0.042     0.042
[17596].Q[0] (.latch) [clock-to-output]                          0.124     0.166
[17572].in[0] (.names)                                           2.437     2.604
[17572].out[0] (.names)                                          0.261     2.865
[17574].in[5] (.names)                                           0.270     3.135
[17574].out[0] (.names)                                          0.261     3.396
nen24_7.in[4] (.names)                                           0.348     3.745
nen24_7.out[0] (.names)                                          0.261     4.006
[4943].in[2] (.names)                                            4.139     8.145
[4943].out[0] (.names)                                           0.261     8.406
n_n2446.in[2] (.names)                                           0.100     8.506
n_n2446.out[0] (.names)                                          0.261     8.767
[19232].in[0] (.names)                                           0.657     9.423
[19232].out[0] (.names)                                          0.261     9.684
[19215].in[2] (.names)                                           1.736    11.420
[19215].out[0] (.names)                                          0.261    11.681
[10964].in[4] (.names)                                           0.649    12.331
[10964].out[0] (.names)                                          0.261    12.592
[10955].D[0] (.latch)                                            0.000    12.592
data arrival time                                                         12.592

clock pclk (rise edge)                                           0.000     0.000
clock source latency                                             0.000     0.000
pclk.inpad[0] (.input)                                           0.000     0.000
[10955].clk[0] (.latch)                                          0.042     0.042
clock uncertainty                                                0.000     0.042
cell setup time                                                 -0.066    -0.024
data required time                                                        -0.024
--------------------------------------------------------------------------------
data required time                                                        -0.024
data arrival time                                                        -12.592
--------------------------------------------------------------------------------
slack (VIOLATED)                                                         -12.616


#Path 34
Startpoint: [18233].Q[0] (.latch clocked by pclk)
Endpoint  : ppeaka_10_10_.D[0] (.latch clocked by pclk)
Path Type : setup

Point                                                             Incr      Path
--------------------------------------------------------------------------------
clock pclk (rise edge)                                           0.000     0.000
clock source latency                                             0.000     0.000
pclk.inpad[0] (.input)                                           0.000     0.000
[18233].clk[0] (.latch)                                          0.042     0.042
[18233].Q[0] (.latch) [clock-to-output]                          0.124     0.166
[4478].in[4] (.names)                                            0.757     0.924
[4478].out[0] (.names)                                           0.261     1.185
n_n2344.in[5] (.names)                                           1.116     2.301
n_n2344.out[0] (.names)                                          0.261     2.562
[2867].in[3] (.names)                                            7.485    10.047
[2867].out[0] (.names)                                           0.261    10.308
[18537].in[3] (.names)                                           1.036    11.344
[18537].out[0] (.names)                                          0.261    11.605
[14324].in[5] (.names)                                           0.726    12.331
[14324].out[0] (.names)                                          0.261    12.592
ppeaka_10_10_.D[0] (.latch)                                      0.000    12.592
data arrival time                                                         12.592

clock pclk (rise edge)                                           0.000     0.000
clock source latency                                             0.000     0.000
pclk.inpad[0] (.input)                                           0.000     0.000
ppeaka_10_10_.clk[0] (.latch)                                    0.042     0.042
clock uncertainty                                                0.000     0.042
cell setup time                                                 -0.066    -0.024
data required time                                                        -0.024
--------------------------------------------------------------------------------
data required time                                                        -0.024
data arrival time                                                        -12.592
--------------------------------------------------------------------------------
slack (VIOLATED)                                                         -12.615


#Path 35
Startpoint: [17596].Q[0] (.latch clocked by pclk)
Endpoint  : [9800].D[0] (.latch clocked by pclk)
Path Type : setup

Point                                                             Incr      Path
--------------------------------------------------------------------------------
clock pclk (rise edge)                                           0.000     0.000
clock source latency                                             0.000     0.000
pclk.inpad[0] (.input)                                           0.000     0.000
[17596].clk[0] (.latch)                                          0.042     0.042
[17596].Q[0] (.latch) [clock-to-output]                          0.124     0.166
[17572].in[0] (.names)                                           2.437     2.604
[17572].out[0] (.names)                                          0.261     2.865
[17574].in[5] (.names)                                           0.270     3.135
[17574].out[0] (.names)                                          0.261     3.396
nen24_7.in[4] (.names)                                           0.348     3.745
nen24_7.out[0] (.names)                                          0.261     4.006
[4943].in[2] (.names)                                            4.139     8.145
[4943].out[0] (.names)                                           0.261     8.406
n_n2446.in[2] (.names)                                           0.100     8.506
n_n2446.out[0] (.names)                                          0.261     8.767
[19232].in[0] (.names)                                           0.657     9.423
[19232].out[0] (.names)                                          0.261     9.684
[19215].in[2] (.names)                                           1.736    11.420
[19215].out[0] (.names)                                          0.261    11.681
[9809].in[4] (.names)                                            0.573    12.255
[9809].out[0] (.names)                                           0.261    12.516
[9800].D[0] (.latch)                                             0.000    12.516
data arrival time                                                         12.516

clock pclk (rise edge)                                           0.000     0.000
clock source latency                                             0.000     0.000
pclk.inpad[0] (.input)                                           0.000     0.000
[9800].clk[0] (.latch)                                           0.042     0.042
clock uncertainty                                                0.000     0.042
cell setup time                                                 -0.066    -0.024
data required time                                                        -0.024
--------------------------------------------------------------------------------
data required time                                                        -0.024
data arrival time                                                        -12.516
--------------------------------------------------------------------------------
slack (VIOLATED)                                                         -12.539


#Path 36
Startpoint: [17596].Q[0] (.latch clocked by pclk)
Endpoint  : [8885].D[0] (.latch clocked by pclk)
Path Type : setup

Point                                                             Incr      Path
--------------------------------------------------------------------------------
clock pclk (rise edge)                                           0.000     0.000
clock source latency                                             0.000     0.000
pclk.inpad[0] (.input)                                           0.000     0.000
[17596].clk[0] (.latch)                                          0.042     0.042
[17596].Q[0] (.latch) [clock-to-output]                          0.124     0.166
[17572].in[0] (.names)                                           2.437     2.604
[17572].out[0] (.names)                                          0.261     2.865
[17574].in[5] (.names)                                           0.270     3.135
[17574].out[0] (.names)                                          0.261     3.396
nen24_7.in[4] (.names)                                           0.348     3.745
nen24_7.out[0] (.names)                                          0.261     4.006
[4943].in[2] (.names)                                            4.139     8.145
[4943].out[0] (.names)                                           0.261     8.406
n_n2446.in[2] (.names)                                           0.100     8.506
n_n2446.out[0] (.names)                                          0.261     8.767
[19232].in[0] (.names)                                           0.657     9.423
[19232].out[0] (.names)                                          0.261     9.684
[19215].in[2] (.names)                                           1.736    11.420
[19215].out[0] (.names)                                          0.261    11.681
[8894].in[4] (.names)                                            0.573    12.255
[8894].out[0] (.names)                                           0.261    12.516
[8885].D[0] (.latch)                                             0.000    12.516
data arrival time                                                         12.516

clock pclk (rise edge)                                           0.000     0.000
clock source latency                                             0.000     0.000
pclk.inpad[0] (.input)                                           0.000     0.000
[8885].clk[0] (.latch)                                           0.042     0.042
clock uncertainty                                                0.000     0.042
cell setup time                                                 -0.066    -0.024
data required time                                                        -0.024
--------------------------------------------------------------------------------
data required time                                                        -0.024
data arrival time                                                        -12.516
--------------------------------------------------------------------------------
slack (VIOLATED)                                                         -12.539


#Path 37
Startpoint: [17596].Q[0] (.latch clocked by pclk)
Endpoint  : [10190].D[0] (.latch clocked by pclk)
Path Type : setup

Point                                                             Incr      Path
--------------------------------------------------------------------------------
clock pclk (rise edge)                                           0.000     0.000
clock source latency                                             0.000     0.000
pclk.inpad[0] (.input)                                           0.000     0.000
[17596].clk[0] (.latch)                                          0.042     0.042
[17596].Q[0] (.latch) [clock-to-output]                          0.124     0.166
[17572].in[0] (.names)                                           2.437     2.604
[17572].out[0] (.names)                                          0.261     2.865
[17574].in[5] (.names)                                           0.270     3.135
[17574].out[0] (.names)                                          0.261     3.396
nen24_7.in[4] (.names)                                           0.348     3.745
nen24_7.out[0] (.names)                                          0.261     4.006
[4943].in[2] (.names)                                            4.139     8.145
[4943].out[0] (.names)                                           0.261     8.406
n_n2446.in[2] (.names)                                           0.100     8.506
n_n2446.out[0] (.names)                                          0.261     8.767
[19232].in[0] (.names)                                           0.657     9.423
[19232].out[0] (.names)                                          0.261     9.684
[19215].in[2] (.names)                                           1.736    11.420
[19215].out[0] (.names)                                          0.261    11.681
[10199].in[4] (.names)                                           0.497    12.179
[10199].out[0] (.names)                                          0.261    12.440
[10190].D[0] (.latch)                                            0.000    12.440
data arrival time                                                         12.440

clock pclk (rise edge)                                           0.000     0.000
clock source latency                                             0.000     0.000
pclk.inpad[0] (.input)                                           0.000     0.000
[10190].clk[0] (.latch)                                          0.042     0.042
clock uncertainty                                                0.000     0.042
cell setup time                                                 -0.066    -0.024
data required time                                                        -0.024
--------------------------------------------------------------------------------
data required time                                                        -0.024
data arrival time                                                        -12.440
--------------------------------------------------------------------------------
slack (VIOLATED)                                                         -12.463


#Path 38
Startpoint: [17596].Q[0] (.latch clocked by pclk)
Endpoint  : [6335].D[0] (.latch clocked by pclk)
Path Type : setup

Point                                                             Incr      Path
--------------------------------------------------------------------------------
clock pclk (rise edge)                                           0.000     0.000
clock source latency                                             0.000     0.000
pclk.inpad[0] (.input)                                           0.000     0.000
[17596].clk[0] (.latch)                                          0.042     0.042
[17596].Q[0] (.latch) [clock-to-output]                          0.124     0.166
[17572].in[0] (.names)                                           2.437     2.604
[17572].out[0] (.names)                                          0.261     2.865
[17574].in[5] (.names)                                           0.270     3.135
[17574].out[0] (.names)                                          0.261     3.396
nen24_7.in[4] (.names)                                           0.348     3.745
nen24_7.out[0] (.names)                                          0.261     4.006
[4943].in[2] (.names)                                            4.139     8.145
[4943].out[0] (.names)                                           0.261     8.406
n_n2446.in[2] (.names)                                           0.100     8.506
n_n2446.out[0] (.names)                                          0.261     8.767
[19232].in[0] (.names)                                           0.657     9.423
[19232].out[0] (.names)                                          0.261     9.684
[19215].in[2] (.names)                                           1.736    11.420
[19215].out[0] (.names)                                          0.261    11.681
[19068].in[5] (.names)                                           0.100    11.781
[19068].out[0] (.names)                                          0.261    12.042
[6344].in[3] (.names)                                            0.100    12.142
[6344].out[0] (.names)                                           0.261    12.403
[6335].D[0] (.latch)                                             0.000    12.403
data arrival time                                                         12.403

clock pclk (rise edge)                                           0.000     0.000
clock source latency                                             0.000     0.000
pclk.inpad[0] (.input)                                           0.000     0.000
[6335].clk[0] (.latch)                                           0.042     0.042
clock uncertainty                                                0.000     0.042
cell setup time                                                 -0.066    -0.024
data required time                                                        -0.024
--------------------------------------------------------------------------------
data required time                                                        -0.024
data arrival time                                                        -12.403
--------------------------------------------------------------------------------
slack (VIOLATED)                                                         -12.427


#Path 39
Startpoint: [17596].Q[0] (.latch clocked by pclk)
Endpoint  : [9560].D[0] (.latch clocked by pclk)
Path Type : setup

Point                                                             Incr      Path
--------------------------------------------------------------------------------
clock pclk (rise edge)                                           0.000     0.000
clock source latency                                             0.000     0.000
pclk.inpad[0] (.input)                                           0.000     0.000
[17596].clk[0] (.latch)                                          0.042     0.042
[17596].Q[0] (.latch) [clock-to-output]                          0.124     0.166
[17572].in[0] (.names)                                           2.437     2.604
[17572].out[0] (.names)                                          0.261     2.865
[17574].in[5] (.names)                                           0.270     3.135
[17574].out[0] (.names)                                          0.261     3.396
nen24_7.in[4] (.names)                                           0.348     3.745
nen24_7.out[0] (.names)                                          0.261     4.006
[4943].in[2] (.names)                                            4.139     8.145
[4943].out[0] (.names)                                           0.261     8.406
n_n2446.in[2] (.names)                                           0.100     8.506
n_n2446.out[0] (.names)                                          0.261     8.767
[19232].in[0] (.names)                                           0.657     9.423
[19232].out[0] (.names)                                          0.261     9.684
[19215].in[2] (.names)                                           1.736    11.420
[19215].out[0] (.names)                                          0.261    11.681
[19068].in[5] (.names)                                           0.100    11.781
[19068].out[0] (.names)                                          0.261    12.042
[9569].in[3] (.names)                                            0.100    12.142
[9569].out[0] (.names)                                           0.261    12.403
[9560].D[0] (.latch)                                             0.000    12.403
data arrival time                                                         12.403

clock pclk (rise edge)                                           0.000     0.000
clock source latency                                             0.000     0.000
pclk.inpad[0] (.input)                                           0.000     0.000
[9560].clk[0] (.latch)                                           0.042     0.042
clock uncertainty                                                0.000     0.042
cell setup time                                                 -0.066    -0.024
data required time                                                        -0.024
--------------------------------------------------------------------------------
data required time                                                        -0.024
data arrival time                                                        -12.403
--------------------------------------------------------------------------------
slack (VIOLATED)                                                         -12.427


#Path 40
Startpoint: [17596].Q[0] (.latch clocked by pclk)
Endpoint  : [8315].D[0] (.latch clocked by pclk)
Path Type : setup

Point                                                             Incr      Path
--------------------------------------------------------------------------------
clock pclk (rise edge)                                           0.000     0.000
clock source latency                                             0.000     0.000
pclk.inpad[0] (.input)                                           0.000     0.000
[17596].clk[0] (.latch)                                          0.042     0.042
[17596].Q[0] (.latch) [clock-to-output]                          0.124     0.166
[17572].in[0] (.names)                                           2.437     2.604
[17572].out[0] (.names)                                          0.261     2.865
[17574].in[5] (.names)                                           0.270     3.135
[17574].out[0] (.names)                                          0.261     3.396
nen24_7.in[4] (.names)                                           0.348     3.745
nen24_7.out[0] (.names)                                          0.261     4.006
[4943].in[2] (.names)                                            4.139     8.145
[4943].out[0] (.names)                                           0.261     8.406
n_n2446.in[2] (.names)                                           0.100     8.506
n_n2446.out[0] (.names)                                          0.261     8.767
[19232].in[0] (.names)                                           0.657     9.423
[19232].out[0] (.names)                                          0.261     9.684
[19215].in[2] (.names)                                           1.736    11.420
[19215].out[0] (.names)                                          0.261    11.681
[19068].in[5] (.names)                                           0.100    11.781
[19068].out[0] (.names)                                          0.261    12.042
[8324].in[3] (.names)                                            0.100    12.142
[8324].out[0] (.names)                                           0.261    12.403
[8315].D[0] (.latch)                                             0.000    12.403
data arrival time                                                         12.403

clock pclk (rise edge)                                           0.000     0.000
clock source latency                                             0.000     0.000
pclk.inpad[0] (.input)                                           0.000     0.000
[8315].clk[0] (.latch)                                           0.042     0.042
clock uncertainty                                                0.000     0.042
cell setup time                                                 -0.066    -0.024
data required time                                                        -0.024
--------------------------------------------------------------------------------
data required time                                                        -0.024
data arrival time                                                        -12.403
--------------------------------------------------------------------------------
slack (VIOLATED)                                                         -12.427


#Path 41
Startpoint: [17596].Q[0] (.latch clocked by pclk)
Endpoint  : [7580].D[0] (.latch clocked by pclk)
Path Type : setup

Point                                                             Incr      Path
--------------------------------------------------------------------------------
clock pclk (rise edge)                                           0.000     0.000
clock source latency                                             0.000     0.000
pclk.inpad[0] (.input)                                           0.000     0.000
[17596].clk[0] (.latch)                                          0.042     0.042
[17596].Q[0] (.latch) [clock-to-output]                          0.124     0.166
[17572].in[0] (.names)                                           2.437     2.604
[17572].out[0] (.names)                                          0.261     2.865
[17574].in[5] (.names)                                           0.270     3.135
[17574].out[0] (.names)                                          0.261     3.396
nen24_7.in[4] (.names)                                           0.348     3.745
nen24_7.out[0] (.names)                                          0.261     4.006
[4943].in[2] (.names)                                            4.139     8.145
[4943].out[0] (.names)                                           0.261     8.406
n_n2446.in[2] (.names)                                           0.100     8.506
n_n2446.out[0] (.names)                                          0.261     8.767
[19232].in[0] (.names)                                           0.657     9.423
[19232].out[0] (.names)                                          0.261     9.684
[19215].in[2] (.names)                                           1.736    11.420
[19215].out[0] (.names)                                          0.261    11.681
[19068].in[5] (.names)                                           0.100    11.781
[19068].out[0] (.names)                                          0.261    12.042
[7589].in[4] (.names)                                            0.100    12.142
[7589].out[0] (.names)                                           0.261    12.403
[7580].D[0] (.latch)                                             0.000    12.403
data arrival time                                                         12.403

clock pclk (rise edge)                                           0.000     0.000
clock source latency                                             0.000     0.000
pclk.inpad[0] (.input)                                           0.000     0.000
[7580].clk[0] (.latch)                                           0.042     0.042
clock uncertainty                                                0.000     0.042
cell setup time                                                 -0.066    -0.024
data required time                                                        -0.024
--------------------------------------------------------------------------------
data required time                                                        -0.024
data arrival time                                                        -12.403
--------------------------------------------------------------------------------
slack (VIOLATED)                                                         -12.427


#Path 42
Startpoint: [17596].Q[0] (.latch clocked by pclk)
Endpoint  : [13445].D[0] (.latch clocked by pclk)
Path Type : setup

Point                                                             Incr      Path
--------------------------------------------------------------------------------
clock pclk (rise edge)                                           0.000     0.000
clock source latency                                             0.000     0.000
pclk.inpad[0] (.input)                                           0.000     0.000
[17596].clk[0] (.latch)                                          0.042     0.042
[17596].Q[0] (.latch) [clock-to-output]                          0.124     0.166
[17572].in[0] (.names)                                           2.437     2.604
[17572].out[0] (.names)                                          0.261     2.865
[17574].in[5] (.names)                                           0.270     3.135
[17574].out[0] (.names)                                          0.261     3.396
nen24_7.in[4] (.names)                                           0.348     3.745
nen24_7.out[0] (.names)                                          0.261     4.006
[4943].in[2] (.names)                                            4.139     8.145
[4943].out[0] (.names)                                           0.261     8.406
n_n2446.in[2] (.names)                                           0.100     8.506
n_n2446.out[0] (.names)                                          0.261     8.767
[19232].in[0] (.names)                                           0.657     9.423
[19232].out[0] (.names)                                          0.261     9.684
[19215].in[2] (.names)                                           1.736    11.420
[19215].out[0] (.names)                                          0.261    11.681
[19068].in[5] (.names)                                           0.100    11.781
[19068].out[0] (.names)                                          0.261    12.042
[13454].in[1] (.names)                                           0.100    12.142
[13454].out[0] (.names)                                          0.261    12.403
[13445].D[0] (.latch)                                            0.000    12.403
data arrival time                                                         12.403

clock pclk (rise edge)                                           0.000     0.000
clock source latency                                             0.000     0.000
pclk.inpad[0] (.input)                                           0.000     0.000
[13445].clk[0] (.latch)                                          0.042     0.042
clock uncertainty                                                0.000     0.042
cell setup time                                                 -0.066    -0.024
data required time                                                        -0.024
--------------------------------------------------------------------------------
data required time                                                        -0.024
data arrival time                                                        -12.403
--------------------------------------------------------------------------------
slack (VIOLATED)                                                         -12.427


#Path 43
Startpoint: [17596].Q[0] (.latch clocked by pclk)
Endpoint  : [7010].D[0] (.latch clocked by pclk)
Path Type : setup

Point                                                             Incr      Path
--------------------------------------------------------------------------------
clock pclk (rise edge)                                           0.000     0.000
clock source latency                                             0.000     0.000
pclk.inpad[0] (.input)                                           0.000     0.000
[17596].clk[0] (.latch)                                          0.042     0.042
[17596].Q[0] (.latch) [clock-to-output]                          0.124     0.166
[17572].in[0] (.names)                                           2.437     2.604
[17572].out[0] (.names)                                          0.261     2.865
[17574].in[5] (.names)                                           0.270     3.135
[17574].out[0] (.names)                                          0.261     3.396
nen24_7.in[4] (.names)                                           0.348     3.745
nen24_7.out[0] (.names)                                          0.261     4.006
[4943].in[2] (.names)                                            4.139     8.145
[4943].out[0] (.names)                                           0.261     8.406
n_n2446.in[2] (.names)                                           0.100     8.506
n_n2446.out[0] (.names)                                          0.261     8.767
[19232].in[0] (.names)                                           0.657     9.423
[19232].out[0] (.names)                                          0.261     9.684
[19215].in[2] (.names)                                           1.736    11.420
[19215].out[0] (.names)                                          0.261    11.681
[4388].in[3] (.names)                                            0.100    11.781
[4388].out[0] (.names)                                           0.261    12.042
[7019].in[5] (.names)                                            0.100    12.142
[7019].out[0] (.names)                                           0.261    12.403
[7010].D[0] (.latch)                                             0.000    12.403
data arrival time                                                         12.403

clock pclk (rise edge)                                           0.000     0.000
clock source latency                                             0.000     0.000
pclk.inpad[0] (.input)                                           0.000     0.000
[7010].clk[0] (.latch)                                           0.042     0.042
clock uncertainty                                                0.000     0.042
cell setup time                                                 -0.066    -0.024
data required time                                                        -0.024
--------------------------------------------------------------------------------
data required time                                                        -0.024
data arrival time                                                        -12.403
--------------------------------------------------------------------------------
slack (VIOLATED)                                                         -12.427


#Path 44
Startpoint: [17596].Q[0] (.latch clocked by pclk)
Endpoint  : [14615].D[0] (.latch clocked by pclk)
Path Type : setup

Point                                                             Incr      Path
--------------------------------------------------------------------------------
clock pclk (rise edge)                                           0.000     0.000
clock source latency                                             0.000     0.000
pclk.inpad[0] (.input)                                           0.000     0.000
[17596].clk[0] (.latch)                                          0.042     0.042
[17596].Q[0] (.latch) [clock-to-output]                          0.124     0.166
[17572].in[0] (.names)                                           2.437     2.604
[17572].out[0] (.names)                                          0.261     2.865
[17574].in[5] (.names)                                           0.270     3.135
[17574].out[0] (.names)                                          0.261     3.396
nen24_7.in[4] (.names)                                           0.348     3.745
nen24_7.out[0] (.names)                                          0.261     4.006
[4943].in[2] (.names)                                            4.139     8.145
[4943].out[0] (.names)                                           0.261     8.406
n_n2446.in[2] (.names)                                           0.100     8.506
n_n2446.out[0] (.names)                                          0.261     8.767
[19232].in[0] (.names)                                           0.657     9.423
[19232].out[0] (.names)                                          0.261     9.684
[19215].in[2] (.names)                                           1.736    11.420
[19215].out[0] (.names)                                          0.261    11.681
[4388].in[3] (.names)                                            0.100    11.781
[4388].out[0] (.names)                                           0.261    12.042
[14624].in[4] (.names)                                           0.100    12.142
[14624].out[0] (.names)                                          0.261    12.403
[14615].D[0] (.latch)                                            0.000    12.403
data arrival time                                                         12.403

clock pclk (rise edge)                                           0.000     0.000
clock source latency                                             0.000     0.000
pclk.inpad[0] (.input)                                           0.000     0.000
[14615].clk[0] (.latch)                                          0.042     0.042
clock uncertainty                                                0.000     0.042
cell setup time                                                 -0.066    -0.024
data required time                                                        -0.024
--------------------------------------------------------------------------------
data required time                                                        -0.024
data arrival time                                                        -12.403
--------------------------------------------------------------------------------
slack (VIOLATED)                                                         -12.427


#Path 45
Startpoint: [17596].Q[0] (.latch clocked by pclk)
Endpoint  : [17973].D[0] (.latch clocked by pclk)
Path Type : setup

Point                                                             Incr      Path
--------------------------------------------------------------------------------
clock pclk (rise edge)                                           0.000     0.000
clock source latency                                             0.000     0.000
pclk.inpad[0] (.input)                                           0.000     0.000
[17596].clk[0] (.latch)                                          0.042     0.042
[17596].Q[0] (.latch) [clock-to-output]                          0.124     0.166
[17572].in[0] (.names)                                           2.437     2.604
[17572].out[0] (.names)                                          0.261     2.865
[17574].in[5] (.names)                                           0.270     3.135
[17574].out[0] (.names)                                          0.261     3.396
nen17_4.in[4] (.names)                                           0.348     3.745
nen17_4.out[0] (.names)                                          0.261     4.006
[2108].in[5] (.names)                                            7.407    11.412
[2108].out[0] (.names)                                           0.261    11.673
[19001].in[4] (.names)                                           0.100    11.773
[19001].out[0] (.names)                                          0.261    12.034
[17983].in[5] (.names)                                           0.100    12.134
[17983].out[0] (.names)                                          0.261    12.395
[17973].D[0] (.latch)                                            0.000    12.395
data arrival time                                                         12.395

clock pclk (rise edge)                                           0.000     0.000
clock source latency                                             0.000     0.000
pclk.inpad[0] (.input)                                           0.000     0.000
[17973].clk[0] (.latch)                                          0.042     0.042
clock uncertainty                                                0.000     0.042
cell setup time                                                 -0.066    -0.024
data required time                                                        -0.024
--------------------------------------------------------------------------------
data required time                                                        -0.024
data arrival time                                                        -12.395
--------------------------------------------------------------------------------
slack (VIOLATED)                                                         -12.419


#Path 46
Startpoint: [17596].Q[0] (.latch clocked by pclk)
Endpoint  : paddress_4_4_.D[0] (.latch clocked by pclk)
Path Type : setup

Point                                                             Incr      Path
--------------------------------------------------------------------------------
clock pclk (rise edge)                                           0.000     0.000
clock source latency                                             0.000     0.000
pclk.inpad[0] (.input)                                           0.000     0.000
[17596].clk[0] (.latch)                                          0.042     0.042
[17596].Q[0] (.latch) [clock-to-output]                          0.124     0.166
[17572].in[0] (.names)                                           2.437     2.604
[17572].out[0] (.names)                                          0.261     2.865
[17574].in[5] (.names)                                           0.270     3.135
[17574].out[0] (.names)                                          0.261     3.396
nen17_4.in[4] (.names)                                           0.348     3.745
nen17_4.out[0] (.names)                                          0.261     4.006
[4382].in[2] (.names)                                            5.564     9.570
[4382].out[0] (.names)                                           0.261     9.831
[19089].in[2] (.names)                                           1.436    11.267
[19089].out[0] (.names)                                          0.261    11.528
[18529].in[5] (.names)                                           0.582    12.110
[18529].out[0] (.names)                                          0.261    12.371
paddress_4_4_.D[0] (.latch)                                      0.000    12.371
data arrival time                                                         12.371

clock pclk (rise edge)                                           0.000     0.000
clock source latency                                             0.000     0.000
pclk.inpad[0] (.input)                                           0.000     0.000
paddress_4_4_.clk[0] (.latch)                                    0.042     0.042
clock uncertainty                                                0.000     0.042
cell setup time                                                 -0.066    -0.024
data required time                                                        -0.024
--------------------------------------------------------------------------------
data required time                                                        -0.024
data arrival time                                                        -12.371
--------------------------------------------------------------------------------
slack (VIOLATED)                                                         -12.395


#Path 47
Startpoint: [17596].Q[0] (.latch clocked by pclk)
Endpoint  : [5645].D[0] (.latch clocked by pclk)
Path Type : setup

Point                                                             Incr      Path
--------------------------------------------------------------------------------
clock pclk (rise edge)                                           0.000     0.000
clock source latency                                             0.000     0.000
pclk.inpad[0] (.input)                                           0.000     0.000
[17596].clk[0] (.latch)                                          0.042     0.042
[17596].Q[0] (.latch) [clock-to-output]                          0.124     0.166
[17572].in[0] (.names)                                           2.437     2.604
[17572].out[0] (.names)                                          0.261     2.865
[17574].in[5] (.names)                                           0.270     3.135
[17574].out[0] (.names)                                          0.261     3.396
nen24_7.in[4] (.names)                                           0.348     3.745
nen24_7.out[0] (.names)                                          0.261     4.006
[4943].in[2] (.names)                                            4.139     8.145
[4943].out[0] (.names)                                           0.261     8.406
n_n2446.in[2] (.names)                                           0.100     8.506
n_n2446.out[0] (.names)                                          0.261     8.767
[19232].in[0] (.names)                                           0.657     9.423
[19232].out[0] (.names)                                          0.261     9.684
[19215].in[2] (.names)                                           1.736    11.420
[19215].out[0] (.names)                                          0.261    11.681
[5654].in[5] (.names)                                            0.421    12.102
[5654].out[0] (.names)                                           0.261    12.363
[5645].D[0] (.latch)                                             0.000    12.363
data arrival time                                                         12.363

clock pclk (rise edge)                                           0.000     0.000
clock source latency                                             0.000     0.000
pclk.inpad[0] (.input)                                           0.000     0.000
[5645].clk[0] (.latch)                                           0.042     0.042
clock uncertainty                                                0.000     0.042
cell setup time                                                 -0.066    -0.024
data required time                                                        -0.024
--------------------------------------------------------------------------------
data required time                                                        -0.024
data arrival time                                                        -12.363
--------------------------------------------------------------------------------
slack (VIOLATED)                                                         -12.387


#Path 48
Startpoint: [17596].Q[0] (.latch clocked by pclk)
Endpoint  : paddress_6_6_.D[0] (.latch clocked by pclk)
Path Type : setup

Point                                                             Incr      Path
--------------------------------------------------------------------------------
clock pclk (rise edge)                                           0.000     0.000
clock source latency                                             0.000     0.000
pclk.inpad[0] (.input)                                           0.000     0.000
[17596].clk[0] (.latch)                                          0.042     0.042
[17596].Q[0] (.latch) [clock-to-output]                          0.124     0.166
[17572].in[0] (.names)                                           2.437     2.604
[17572].out[0] (.names)                                          0.261     2.865
[17574].in[5] (.names)                                           0.270     3.135
[17574].out[0] (.names)                                          0.261     3.396
nrq8_2.in[3] (.names)                                            0.502     3.899
nrq8_2.out[0] (.names)                                           0.261     4.160
[4264].in[2] (.names)                                            0.805     4.965
[4264].out[0] (.names)                                           0.261     5.226
[2392].in[4] (.names)                                            4.578     9.804
[2392].out[0] (.names)                                           0.261    10.065
[19121].in[5] (.names)                                           1.272    11.338
[19121].out[0] (.names)                                          0.261    11.599
[18568].in[5] (.names)                                           0.503    12.102
[18568].out[0] (.names)                                          0.261    12.363
paddress_6_6_.D[0] (.latch)                                      0.000    12.363
data arrival time                                                         12.363

clock pclk (rise edge)                                           0.000     0.000
clock source latency                                             0.000     0.000
pclk.inpad[0] (.input)                                           0.000     0.000
paddress_6_6_.clk[0] (.latch)                                    0.042     0.042
clock uncertainty                                                0.000     0.042
cell setup time                                                 -0.066    -0.024
data required time                                                        -0.024
--------------------------------------------------------------------------------
data required time                                                        -0.024
data arrival time                                                        -12.363
--------------------------------------------------------------------------------
slack (VIOLATED)                                                         -12.387


#Path 49
Startpoint: [18233].Q[0] (.latch clocked by pclk)
Endpoint  : ppeaka_15_15_.D[0] (.latch clocked by pclk)
Path Type : setup

Point                                                             Incr      Path
--------------------------------------------------------------------------------
clock pclk (rise edge)                                           0.000     0.000
clock source latency                                             0.000     0.000
pclk.inpad[0] (.input)                                           0.000     0.000
[18233].clk[0] (.latch)                                          0.042     0.042
[18233].Q[0] (.latch) [clock-to-output]                          0.124     0.166
[4478].in[4] (.names)                                            0.757     0.924
[4478].out[0] (.names)                                           0.261     1.185
n_n2344.in[5] (.names)                                           1.116     2.301
n_n2344.out[0] (.names)                                          0.261     2.562
[2568].in[3] (.names)                                            7.488    10.050
[2568].out[0] (.names)                                           0.261    10.311
[18697].in[0] (.names)                                           1.424    11.734
[18697].out[0] (.names)                                          0.261    11.995
[15479].in[5] (.names)                                           0.100    12.095
[15479].out[0] (.names)                                          0.261    12.356
ppeaka_15_15_.D[0] (.latch)                                      0.000    12.356
data arrival time                                                         12.356

clock pclk (rise edge)                                           0.000     0.000
clock source latency                                             0.000     0.000
pclk.inpad[0] (.input)                                           0.000     0.000
ppeaka_15_15_.clk[0] (.latch)                                    0.042     0.042
clock uncertainty                                                0.000     0.042
cell setup time                                                 -0.066    -0.024
data required time                                                        -0.024
--------------------------------------------------------------------------------
data required time                                                        -0.024
data arrival time                                                        -12.356
--------------------------------------------------------------------------------
slack (VIOLATED)                                                         -12.380


#Path 50
Startpoint: [17596].Q[0] (.latch clocked by pclk)
Endpoint  : paddress_8_8_.D[0] (.latch clocked by pclk)
Path Type : setup

Point                                                             Incr      Path
--------------------------------------------------------------------------------
clock pclk (rise edge)                                           0.000     0.000
clock source latency                                             0.000     0.000
pclk.inpad[0] (.input)                                           0.000     0.000
[17596].clk[0] (.latch)                                          0.042     0.042
[17596].Q[0] (.latch) [clock-to-output]                          0.124     0.166
[17572].in[0] (.names)                                           2.437     2.604
[17572].out[0] (.names)                                          0.261     2.865
[17574].in[5] (.names)                                           0.270     3.135
[17574].out[0] (.names)                                          0.261     3.396
nrq8_2.in[3] (.names)                                            0.502     3.899
nrq8_2.out[0] (.names)                                           0.261     4.160
[4264].in[2] (.names)                                            0.805     4.965
[4264].out[0] (.names)                                           0.261     5.226
[2392].in[4] (.names)                                            4.578     9.804
[2392].out[0] (.names)                                           0.261    10.065
[18810].in[5] (.names)                                           1.119    11.184
[18810].out[0] (.names)                                          0.261    11.445
[16904].in[5] (.names)                                           0.582    12.028
[16904].out[0] (.names)                                          0.261    12.289
paddress_8_8_.D[0] (.latch)                                      0.000    12.289
data arrival time                                                         12.289

clock pclk (rise edge)                                           0.000     0.000
clock source latency                                             0.000     0.000
pclk.inpad[0] (.input)                                           0.000     0.000
paddress_8_8_.clk[0] (.latch)                                    0.042     0.042
clock uncertainty                                                0.000     0.042
cell setup time                                                 -0.066    -0.024
data required time                                                        -0.024
--------------------------------------------------------------------------------
data required time                                                        -0.024
data arrival time                                                        -12.289
--------------------------------------------------------------------------------
slack (VIOLATED)                                                         -12.312


#Path 51
Startpoint: [17596].Q[0] (.latch clocked by pclk)
Endpoint  : [9365].D[0] (.latch clocked by pclk)
Path Type : setup

Point                                                             Incr      Path
--------------------------------------------------------------------------------
clock pclk (rise edge)                                           0.000     0.000
clock source latency                                             0.000     0.000
pclk.inpad[0] (.input)                                           0.000     0.000
[17596].clk[0] (.latch)                                          0.042     0.042
[17596].Q[0] (.latch) [clock-to-output]                          0.124     0.166
[17572].in[0] (.names)                                           2.437     2.604
[17572].out[0] (.names)                                          0.261     2.865
[17574].in[5] (.names)                                           0.270     3.135
[17574].out[0] (.names)                                          0.261     3.396
nen17_4.in[4] (.names)                                           0.348     3.745
nen17_4.out[0] (.names)                                          0.261     4.006
[3608].in[3] (.names)                                            7.645    11.650
[3608].out[0] (.names)                                           0.261    11.911
[9374].in[4] (.names)                                            0.100    12.011
[9374].out[0] (.names)                                           0.261    12.272
[9365].D[0] (.latch)                                             0.000    12.272
data arrival time                                                         12.272

clock pclk (rise edge)                                           0.000     0.000
clock source latency                                             0.000     0.000
pclk.inpad[0] (.input)                                           0.000     0.000
[9365].clk[0] (.latch)                                           0.042     0.042
clock uncertainty                                                0.000     0.042
cell setup time                                                 -0.066    -0.024
data required time                                                        -0.024
--------------------------------------------------------------------------------
data required time                                                        -0.024
data arrival time                                                        -12.272
--------------------------------------------------------------------------------
slack (VIOLATED)                                                         -12.296


#Path 52
Startpoint: [17596].Q[0] (.latch clocked by pclk)
Endpoint  : [15365].D[0] (.latch clocked by pclk)
Path Type : setup

Point                                                             Incr      Path
--------------------------------------------------------------------------------
clock pclk (rise edge)                                           0.000     0.000
clock source latency                                             0.000     0.000
pclk.inpad[0] (.input)                                           0.000     0.000
[17596].clk[0] (.latch)                                          0.042     0.042
[17596].Q[0] (.latch) [clock-to-output]                          0.124     0.166
[17572].in[0] (.names)                                           2.437     2.604
[17572].out[0] (.names)                                          0.261     2.865
[17574].in[5] (.names)                                           0.270     3.135
[17574].out[0] (.names)                                          0.261     3.396
nrq20_3.in[3] (.names)                                           0.100     3.496
nrq20_3.out[0] (.names)                                          0.261     3.757
[4265].in[1] (.names)                                            1.965     5.722
[4265].out[0] (.names)                                           0.261     5.983
[17744].in[0] (.names)                                           0.347     6.330
[17744].out[0] (.names)                                          0.261     6.591
[17748].in[3] (.names)                                           0.425     7.016
[17748].out[0] (.names)                                          0.261     7.277
[19737].in[5] (.names)                                           0.270     7.547
[19737].out[0] (.names)                                          0.261     7.808
[2598].in[3] (.names)                                            3.811    11.620
[2598].out[0] (.names)                                           0.261    11.881
[15374].in[3] (.names)                                           0.100    11.981
[15374].out[0] (.names)                                          0.261    12.242
[15365].D[0] (.latch)                                            0.000    12.242
data arrival time                                                         12.242

clock pclk (rise edge)                                           0.000     0.000
clock source latency                                             0.000     0.000
pclk.inpad[0] (.input)                                           0.000     0.000
[15365].clk[0] (.latch)                                          0.042     0.042
clock uncertainty                                                0.000     0.042
cell setup time                                                 -0.066    -0.024
data required time                                                        -0.024
--------------------------------------------------------------------------------
data required time                                                        -0.024
data arrival time                                                        -12.242
--------------------------------------------------------------------------------
slack (VIOLATED)                                                         -12.265


#Path 53
Startpoint: [17596].Q[0] (.latch clocked by pclk)
Endpoint  : [12590].D[0] (.latch clocked by pclk)
Path Type : setup

Point                                                             Incr      Path
--------------------------------------------------------------------------------
clock pclk (rise edge)                                           0.000     0.000
clock source latency                                             0.000     0.000
pclk.inpad[0] (.input)                                           0.000     0.000
[17596].clk[0] (.latch)                                          0.042     0.042
[17596].Q[0] (.latch) [clock-to-output]                          0.124     0.166
[17572].in[0] (.names)                                           2.437     2.604
[17572].out[0] (.names)                                          0.261     2.865
[17574].in[5] (.names)                                           0.270     3.135
[17574].out[0] (.names)                                          0.261     3.396
nrq20_3.in[3] (.names)                                           0.100     3.496
nrq20_3.out[0] (.names)                                          0.261     3.757
[4265].in[1] (.names)                                            1.965     5.722
[4265].out[0] (.names)                                           0.261     5.983
[17744].in[0] (.names)                                           0.347     6.330
[17744].out[0] (.names)                                          0.261     6.591
[17748].in[3] (.names)                                           0.425     7.016
[17748].out[0] (.names)                                          0.261     7.277
[19737].in[5] (.names)                                           0.270     7.547
[19737].out[0] (.names)                                          0.261     7.808
[3168].in[3] (.names)                                            3.811    11.620
[3168].out[0] (.names)                                           0.261    11.881
[12599].in[3] (.names)                                           0.100    11.981
[12599].out[0] (.names)                                          0.261    12.242
[12590].D[0] (.latch)                                            0.000    12.242
data arrival time                                                         12.242

clock pclk (rise edge)                                           0.000     0.000
clock source latency                                             0.000     0.000
pclk.inpad[0] (.input)                                           0.000     0.000
[12590].clk[0] (.latch)                                          0.042     0.042
clock uncertainty                                                0.000     0.042
cell setup time                                                 -0.066    -0.024
data required time                                                        -0.024
--------------------------------------------------------------------------------
data required time                                                        -0.024
data arrival time                                                        -12.242
--------------------------------------------------------------------------------
slack (VIOLATED)                                                         -12.265


#Path 54
Startpoint: [17596].Q[0] (.latch clocked by pclk)
Endpoint  : paddress_2_2_.D[0] (.latch clocked by pclk)
Path Type : setup

Point                                                             Incr      Path
--------------------------------------------------------------------------------
clock pclk (rise edge)                                           0.000     0.000
clock source latency                                             0.000     0.000
pclk.inpad[0] (.input)                                           0.000     0.000
[17596].clk[0] (.latch)                                          0.042     0.042
[17596].Q[0] (.latch) [clock-to-output]                          0.124     0.166
[17572].in[0] (.names)                                           2.437     2.604
[17572].out[0] (.names)                                          0.261     2.865
[17574].in[5] (.names)                                           0.270     3.135
[17574].out[0] (.names)                                          0.261     3.396
nrq8_2.in[3] (.names)                                            0.502     3.899
nrq8_2.out[0] (.names)                                           0.261     4.160
[4264].in[2] (.names)                                            0.805     4.965
[4264].out[0] (.names)                                           0.261     5.226
[2392].in[4] (.names)                                            4.578     9.804
[2392].out[0] (.names)                                           0.261    10.065
[19048].in[5] (.names)                                           1.195    11.261
[19048].out[0] (.names)                                          0.261    11.522
[18412].in[5] (.names)                                           0.423    11.944
[18412].out[0] (.names)                                          0.261    12.205
paddress_2_2_.D[0] (.latch)                                      0.000    12.205
data arrival time                                                         12.205

clock pclk (rise edge)                                           0.000     0.000
clock source latency                                             0.000     0.000
pclk.inpad[0] (.input)                                           0.000     0.000
paddress_2_2_.clk[0] (.latch)                                    0.042     0.042
clock uncertainty                                                0.000     0.042
cell setup time                                                 -0.066    -0.024
data required time                                                        -0.024
--------------------------------------------------------------------------------
data required time                                                        -0.024
data arrival time                                                        -12.205
--------------------------------------------------------------------------------
slack (VIOLATED)                                                         -12.229


#Path 55
Startpoint: [17596].Q[0] (.latch clocked by pclk)
Endpoint  : [8825].D[0] (.latch clocked by pclk)
Path Type : setup

Point                                                             Incr      Path
--------------------------------------------------------------------------------
clock pclk (rise edge)                                           0.000     0.000
clock source latency                                             0.000     0.000
pclk.inpad[0] (.input)                                           0.000     0.000
[17596].clk[0] (.latch)                                          0.042     0.042
[17596].Q[0] (.latch) [clock-to-output]                          0.124     0.166
[17572].in[0] (.names)                                           2.437     2.604
[17572].out[0] (.names)                                          0.261     2.865
[17574].in[5] (.names)                                           0.270     3.135
[17574].out[0] (.names)                                          0.261     3.396
nen24_7.in[4] (.names)                                           0.348     3.745
nen24_7.out[0] (.names)                                          0.261     4.006
[4943].in[2] (.names)                                            4.139     8.145
[4943].out[0] (.names)                                           0.261     8.406
n_n2446.in[2] (.names)                                           0.100     8.506
n_n2446.out[0] (.names)                                          0.261     8.767
[19232].in[0] (.names)                                           0.657     9.423
[19232].out[0] (.names)                                          0.261     9.684
[8834].in[4] (.names)                                            2.193    11.877
[8834].out[0] (.names)                                           0.261    12.138
[8825].D[0] (.latch)                                             0.000    12.138
data arrival time                                                         12.138

clock pclk (rise edge)                                           0.000     0.000
clock source latency                                             0.000     0.000
pclk.inpad[0] (.input)                                           0.000     0.000
[8825].clk[0] (.latch)                                           0.042     0.042
clock uncertainty                                                0.000     0.042
cell setup time                                                 -0.066    -0.024
data required time                                                        -0.024
--------------------------------------------------------------------------------
data required time                                                        -0.024
data arrival time                                                        -12.138
--------------------------------------------------------------------------------
slack (VIOLATED)                                                         -12.162


#Path 56
Startpoint: [17596].Q[0] (.latch clocked by pclk)
Endpoint  : [12125].D[0] (.latch clocked by pclk)
Path Type : setup

Point                                                             Incr      Path
--------------------------------------------------------------------------------
clock pclk (rise edge)                                           0.000     0.000
clock source latency                                             0.000     0.000
pclk.inpad[0] (.input)                                           0.000     0.000
[17596].clk[0] (.latch)                                          0.042     0.042
[17596].Q[0] (.latch) [clock-to-output]                          0.124     0.166
[17572].in[0] (.names)                                           2.437     2.604
[17572].out[0] (.names)                                          0.261     2.865
[17574].in[5] (.names)                                           0.270     3.135
[17574].out[0] (.names)                                          0.261     3.396
nen24_7.in[4] (.names)                                           0.348     3.745
nen24_7.out[0] (.names)                                          0.261     4.006
[4943].in[2] (.names)                                            4.139     8.145
[4943].out[0] (.names)                                           0.261     8.406
n_n2446.in[2] (.names)                                           0.100     8.506
n_n2446.out[0] (.names)                                          0.261     8.767
[19232].in[0] (.names)                                           0.657     9.423
[19232].out[0] (.names)                                          0.261     9.684
[12134].in[4] (.names)                                           2.191    11.875
[12134].out[0] (.names)                                          0.261    12.136
[12125].D[0] (.latch)                                            0.000    12.136
data arrival time                                                         12.136

clock pclk (rise edge)                                           0.000     0.000
clock source latency                                             0.000     0.000
pclk.inpad[0] (.input)                                           0.000     0.000
[12125].clk[0] (.latch)                                          0.042     0.042
clock uncertainty                                                0.000     0.042
cell setup time                                                 -0.066    -0.024
data required time                                                        -0.024
--------------------------------------------------------------------------------
data required time                                                        -0.024
data arrival time                                                        -12.136
--------------------------------------------------------------------------------
slack (VIOLATED)                                                         -12.159


#Path 57
Startpoint: [17596].Q[0] (.latch clocked by pclk)
Endpoint  : paddress_5_5_.D[0] (.latch clocked by pclk)
Path Type : setup

Point                                                             Incr      Path
--------------------------------------------------------------------------------
clock pclk (rise edge)                                           0.000     0.000
clock source latency                                             0.000     0.000
pclk.inpad[0] (.input)                                           0.000     0.000
[17596].clk[0] (.latch)                                          0.042     0.042
[17596].Q[0] (.latch) [clock-to-output]                          0.124     0.166
[17572].in[0] (.names)                                           2.437     2.604
[17572].out[0] (.names)                                          0.261     2.865
[17574].in[5] (.names)                                           0.270     3.135
[17574].out[0] (.names)                                          0.261     3.396
nrq8_2.in[3] (.names)                                            0.502     3.899
nrq8_2.out[0] (.names)                                           0.261     4.160
[4264].in[2] (.names)                                            0.805     4.965
[4264].out[0] (.names)                                           0.261     5.226
[2392].in[4] (.names)                                            4.578     9.804
[2392].out[0] (.names)                                           0.261    10.065
[19107].in[5] (.names)                                           1.044    11.109
[19107].out[0] (.names)                                          0.261    11.370
[18542].in[5] (.names)                                           0.501    11.871
[18542].out[0] (.names)                                          0.261    12.132
paddress_5_5_.D[0] (.latch)                                      0.000    12.132
data arrival time                                                         12.132

clock pclk (rise edge)                                           0.000     0.000
clock source latency                                             0.000     0.000
pclk.inpad[0] (.input)                                           0.000     0.000
paddress_5_5_.clk[0] (.latch)                                    0.042     0.042
clock uncertainty                                                0.000     0.042
cell setup time                                                 -0.066    -0.024
data required time                                                        -0.024
--------------------------------------------------------------------------------
data required time                                                        -0.024
data arrival time                                                        -12.132
--------------------------------------------------------------------------------
slack (VIOLATED)                                                         -12.155


#Path 58
Startpoint: [17596].Q[0] (.latch clocked by pclk)
Endpoint  : paddress_14_14_.D[0] (.latch clocked by pclk)
Path Type : setup

Point                                                             Incr      Path
--------------------------------------------------------------------------------
clock pclk (rise edge)                                           0.000     0.000
clock source latency                                             0.000     0.000
pclk.inpad[0] (.input)                                           0.000     0.000
[17596].clk[0] (.latch)                                          0.042     0.042
[17596].Q[0] (.latch) [clock-to-output]                          0.124     0.166
[17572].in[0] (.names)                                           2.437     2.604
[17572].out[0] (.names)                                          0.261     2.865
[17574].in[5] (.names)                                           0.270     3.135
[17574].out[0] (.names)                                          0.261     3.396
nrq8_2.in[3] (.names)                                            0.502     3.899
nrq8_2.out[0] (.names)                                           0.261     4.160
[4264].in[2] (.names)                                            0.805     4.965
[4264].out[0] (.names)                                           0.261     5.226
[2392].in[4] (.names)                                            4.578     9.804
[2392].out[0] (.names)                                           0.261    10.065
[18942].in[5] (.names)                                           1.348    11.414
[18942].out[0] (.names)                                          0.261    11.675
[17736].in[5] (.names)                                           0.100    11.775
[17736].out[0] (.names)                                          0.261    12.036
paddress_14_14_.D[0] (.latch)                                    0.000    12.036
data arrival time                                                         12.036

clock pclk (rise edge)                                           0.000     0.000
clock source latency                                             0.000     0.000
pclk.inpad[0] (.input)                                           0.000     0.000
paddress_14_14_.clk[0] (.latch)                                  0.042     0.042
clock uncertainty                                                0.000     0.042
cell setup time                                                 -0.066    -0.024
data required time                                                        -0.024
--------------------------------------------------------------------------------
data required time                                                        -0.024
data arrival time                                                        -12.036
--------------------------------------------------------------------------------
slack (VIOLATED)                                                         -12.059


#Path 59
Startpoint: [17596].Q[0] (.latch clocked by pclk)
Endpoint  : [16998].D[0] (.latch clocked by pclk)
Path Type : setup

Point                                                             Incr      Path
--------------------------------------------------------------------------------
clock pclk (rise edge)                                           0.000     0.000
clock source latency                                             0.000     0.000
pclk.inpad[0] (.input)                                           0.000     0.000
[17596].clk[0] (.latch)                                          0.042     0.042
[17596].Q[0] (.latch) [clock-to-output]                          0.124     0.166
[17572].in[0] (.names)                                           2.437     2.604
[17572].out[0] (.names)                                          0.261     2.865
[17574].in[5] (.names)                                           0.270     3.135
[17574].out[0] (.names)                                          0.261     3.396
nen17_4.in[4] (.names)                                           0.348     3.745
nen17_4.out[0] (.names)                                          0.261     4.006
[2352].in[5] (.names)                                            7.037    11.043
[2352].out[0] (.names)                                           0.261    11.304
[18832].in[4] (.names)                                           0.100    11.404
[18832].out[0] (.names)                                          0.261    11.665
[17008].in[5] (.names)                                           0.100    11.765
[17008].out[0] (.names)                                          0.261    12.026
[16998].D[0] (.latch)                                            0.000    12.026
data arrival time                                                         12.026

clock pclk (rise edge)                                           0.000     0.000
clock source latency                                             0.000     0.000
pclk.inpad[0] (.input)                                           0.000     0.000
[16998].clk[0] (.latch)                                          0.042     0.042
clock uncertainty                                                0.000     0.042
cell setup time                                                 -0.066    -0.024
data required time                                                        -0.024
--------------------------------------------------------------------------------
data required time                                                        -0.024
data arrival time                                                        -12.026
--------------------------------------------------------------------------------
slack (VIOLATED)                                                         -12.049


#Path 60
Startpoint: [18233].Q[0] (.latch clocked by pclk)
Endpoint  : ppeaka_3_3_.D[0] (.latch clocked by pclk)
Path Type : setup

Point                                                             Incr      Path
--------------------------------------------------------------------------------
clock pclk (rise edge)                                           0.000     0.000
clock source latency                                             0.000     0.000
pclk.inpad[0] (.input)                                           0.000     0.000
[18233].clk[0] (.latch)                                          0.042     0.042
[18233].Q[0] (.latch) [clock-to-output]                          0.124     0.166
[4478].in[4] (.names)                                            0.757     0.924
[4478].out[0] (.names)                                           0.261     1.185
n_n2344.in[5] (.names)                                           1.116     2.301
n_n2344.out[0] (.names)                                          0.261     2.562
[2656].in[3] (.names)                                            7.488    10.050
[2656].out[0] (.names)                                           0.261    10.311
[18655].in[1] (.names)                                           1.050    11.361
[18655].out[0] (.names)                                          0.261    11.622
[15134].in[4] (.names)                                           0.100    11.722
[15134].out[0] (.names)                                          0.261    11.983
ppeaka_3_3_.D[0] (.latch)                                        0.000    11.983
data arrival time                                                         11.983

clock pclk (rise edge)                                           0.000     0.000
clock source latency                                             0.000     0.000
pclk.inpad[0] (.input)                                           0.000     0.000
ppeaka_3_3_.clk[0] (.latch)                                      0.042     0.042
clock uncertainty                                                0.000     0.042
cell setup time                                                 -0.066    -0.024
data required time                                                        -0.024
--------------------------------------------------------------------------------
data required time                                                        -0.024
data arrival time                                                        -11.983
--------------------------------------------------------------------------------
slack (VIOLATED)                                                         -12.006


#Path 61
Startpoint: [17596].Q[0] (.latch clocked by pclk)
Endpoint  : paddress_13_13_.D[0] (.latch clocked by pclk)
Path Type : setup

Point                                                             Incr      Path
--------------------------------------------------------------------------------
clock pclk (rise edge)                                           0.000     0.000
clock source latency                                             0.000     0.000
pclk.inpad[0] (.input)                                           0.000     0.000
[17596].clk[0] (.latch)                                          0.042     0.042
[17596].Q[0] (.latch) [clock-to-output]                          0.124     0.166
[17572].in[0] (.names)                                           2.437     2.604
[17572].out[0] (.names)                                          0.261     2.865
[17574].in[5] (.names)                                           0.270     3.135
[17574].out[0] (.names)                                          0.261     3.396
nrq8_2.in[3] (.names)                                            0.502     3.899
nrq8_2.out[0] (.names)                                           0.261     4.160
[4264].in[2] (.names)                                            0.805     4.965
[4264].out[0] (.names)                                           0.261     5.226
[2392].in[4] (.names)                                            4.578     9.804
[2392].out[0] (.names)                                           0.261    10.065
[18886].in[5] (.names)                                           1.271    11.337
[18886].out[0] (.names)                                          0.261    11.598
[17567].in[5] (.names)                                           0.100    11.698
[17567].out[0] (.names)                                          0.261    11.959
paddress_13_13_.D[0] (.latch)                                    0.000    11.959
data arrival time                                                         11.959

clock pclk (rise edge)                                           0.000     0.000
clock source latency                                             0.000     0.000
pclk.inpad[0] (.input)                                           0.000     0.000
paddress_13_13_.clk[0] (.latch)                                  0.042     0.042
clock uncertainty                                                0.000     0.042
cell setup time                                                 -0.066    -0.024
data required time                                                        -0.024
--------------------------------------------------------------------------------
data required time                                                        -0.024
data arrival time                                                        -11.959
--------------------------------------------------------------------------------
slack (VIOLATED)                                                         -11.982


#Path 62
Startpoint: [17596].Q[0] (.latch clocked by pclk)
Endpoint  : paddress_10_10_.D[0] (.latch clocked by pclk)
Path Type : setup

Point                                                             Incr      Path
--------------------------------------------------------------------------------
clock pclk (rise edge)                                           0.000     0.000
clock source latency                                             0.000     0.000
pclk.inpad[0] (.input)                                           0.000     0.000
[17596].clk[0] (.latch)                                          0.042     0.042
[17596].Q[0] (.latch) [clock-to-output]                          0.124     0.166
[17572].in[0] (.names)                                           2.437     2.604
[17572].out[0] (.names)                                          0.261     2.865
[17574].in[5] (.names)                                           0.270     3.135
[17574].out[0] (.names)                                          0.261     3.396
nrq8_2.in[3] (.names)                                            0.502     3.899
nrq8_2.out[0] (.names)                                           0.261     4.160
[4264].in[2] (.names)                                            0.805     4.965
[4264].out[0] (.names)                                           0.261     5.226
[2392].in[4] (.names)                                            4.578     9.804
[2392].out[0] (.names)                                           0.261    10.065
[18871].in[5] (.names)                                           1.271    11.337
[18871].out[0] (.names)                                          0.261    11.598
[17476].in[5] (.names)                                           0.100    11.698
[17476].out[0] (.names)                                          0.261    11.959
paddress_10_10_.D[0] (.latch)                                    0.000    11.959
data arrival time                                                         11.959

clock pclk (rise edge)                                           0.000     0.000
clock source latency                                             0.000     0.000
pclk.inpad[0] (.input)                                           0.000     0.000
paddress_10_10_.clk[0] (.latch)                                  0.042     0.042
clock uncertainty                                                0.000     0.042
cell setup time                                                 -0.066    -0.024
data required time                                                        -0.024
--------------------------------------------------------------------------------
data required time                                                        -0.024
data arrival time                                                        -11.959
--------------------------------------------------------------------------------
slack (VIOLATED)                                                         -11.982


#Path 63
Startpoint: [17596].Q[0] (.latch clocked by pclk)
Endpoint  : pwr_0_0_.D[0] (.latch clocked by pclk)
Path Type : setup

Point                                                             Incr      Path
--------------------------------------------------------------------------------
clock pclk (rise edge)                                           0.000     0.000
clock source latency                                             0.000     0.000
pclk.inpad[0] (.input)                                           0.000     0.000
[17596].clk[0] (.latch)                                          0.042     0.042
[17596].Q[0] (.latch) [clock-to-output]                          0.124     0.166
[17572].in[0] (.names)                                           2.437     2.604
[17572].out[0] (.names)                                          0.261     2.865
[17574].in[5] (.names)                                           0.270     3.135
[17574].out[0] (.names)                                          0.261     3.396
nen17_4.in[4] (.names)                                           0.348     3.745
nen17_4.out[0] (.names)                                          0.261     4.006
[18962].in[1] (.names)                                           7.329    11.334
[18962].out[0] (.names)                                          0.261    11.595
[17840].in[0] (.names)                                           0.100    11.695
[17840].out[0] (.names)                                          0.261    11.956
pwr_0_0_.D[0] (.latch)                                           0.000    11.956
data arrival time                                                         11.956

clock pclk (rise edge)                                           0.000     0.000
clock source latency                                             0.000     0.000
pclk.inpad[0] (.input)                                           0.000     0.000
pwr_0_0_.clk[0] (.latch)                                         0.042     0.042
clock uncertainty                                                0.000     0.042
cell setup time                                                 -0.066    -0.024
data required time                                                        -0.024
--------------------------------------------------------------------------------
data required time                                                        -0.024
data arrival time                                                        -11.956
--------------------------------------------------------------------------------
slack (VIOLATED)                                                         -11.980


#Path 64
Startpoint: [18233].Q[0] (.latch clocked by pclk)
Endpoint  : ppeaka_5_5_.D[0] (.latch clocked by pclk)
Path Type : setup

Point                                                             Incr      Path
--------------------------------------------------------------------------------
clock pclk (rise edge)                                           0.000     0.000
clock source latency                                             0.000     0.000
pclk.inpad[0] (.input)                                           0.000     0.000
[18233].clk[0] (.latch)                                          0.042     0.042
[18233].Q[0] (.latch) [clock-to-output]                          0.124     0.166
[4478].in[4] (.names)                                            0.757     0.924
[4478].out[0] (.names)                                           0.261     1.185
n_n2344.in[5] (.names)                                           1.116     2.301
n_n2344.out[0] (.names)                                          0.261     2.562
[2452].in[3] (.names)                                            7.873    10.435
[2452].out[0] (.names)                                           0.261    10.696
[18760].in[0] (.names)                                           0.100    10.796
[18760].out[0] (.names)                                          0.261    11.057
[15839].in[4] (.names)                                           0.582    11.639
[15839].out[0] (.names)                                          0.261    11.900
ppeaka_5_5_.D[0] (.latch)                                        0.000    11.900
data arrival time                                                         11.900

clock pclk (rise edge)                                           0.000     0.000
clock source latency                                             0.000     0.000
pclk.inpad[0] (.input)                                           0.000     0.000
ppeaka_5_5_.clk[0] (.latch)                                      0.042     0.042
clock uncertainty                                                0.000     0.042
cell setup time                                                 -0.066    -0.024
data required time                                                        -0.024
--------------------------------------------------------------------------------
data required time                                                        -0.024
data arrival time                                                        -11.900
--------------------------------------------------------------------------------
slack (VIOLATED)                                                         -11.924


#Path 65
Startpoint: [18233].Q[0] (.latch clocked by pclk)
Endpoint  : ppeakb_8_8_.D[0] (.latch clocked by pclk)
Path Type : setup

Point                                                             Incr      Path
--------------------------------------------------------------------------------
clock pclk (rise edge)                                           0.000     0.000
clock source latency                                             0.000     0.000
pclk.inpad[0] (.input)                                           0.000     0.000
[18233].clk[0] (.latch)                                          0.042     0.042
[18233].Q[0] (.latch) [clock-to-output]                          0.124     0.166
[4478].in[4] (.names)                                            0.757     0.924
[4478].out[0] (.names)                                           0.261     1.185
n_n2344.in[5] (.names)                                           1.116     2.301
n_n2344.out[0] (.names)                                          0.261     2.562
[2787].in[3] (.names)                                            8.096    10.658
[2787].out[0] (.names)                                           0.261    10.919
[18567].in[4] (.names)                                           0.347    11.266
[18567].out[0] (.names)                                          0.261    11.527
[14729].in[4] (.names)                                           0.100    11.627
[14729].out[0] (.names)                                          0.261    11.888
ppeakb_8_8_.D[0] (.latch)                                        0.000    11.888
data arrival time                                                         11.888

clock pclk (rise edge)                                           0.000     0.000
clock source latency                                             0.000     0.000
pclk.inpad[0] (.input)                                           0.000     0.000
ppeakb_8_8_.clk[0] (.latch)                                      0.042     0.042
clock uncertainty                                                0.000     0.042
cell setup time                                                 -0.066    -0.024
data required time                                                        -0.024
--------------------------------------------------------------------------------
data required time                                                        -0.024
data arrival time                                                        -11.888
--------------------------------------------------------------------------------
slack (VIOLATED)                                                         -11.911


#Path 66
Startpoint: [17596].Q[0] (.latch clocked by pclk)
Endpoint  : paddress_1_1_.D[0] (.latch clocked by pclk)
Path Type : setup

Point                                                             Incr      Path
--------------------------------------------------------------------------------
clock pclk (rise edge)                                           0.000     0.000
clock source latency                                             0.000     0.000
pclk.inpad[0] (.input)                                           0.000     0.000
[17596].clk[0] (.latch)                                          0.042     0.042
[17596].Q[0] (.latch) [clock-to-output]                          0.124     0.166
[17572].in[0] (.names)                                           2.437     2.604
[17572].out[0] (.names)                                          0.261     2.865
[17574].in[5] (.names)                                           0.270     3.135
[17574].out[0] (.names)                                          0.261     3.396
nrq8_2.in[3] (.names)                                            0.502     3.899
nrq8_2.out[0] (.names)                                           0.261     4.160
[4264].in[2] (.names)                                            0.805     4.965
[4264].out[0] (.names)                                           0.261     5.226
[2392].in[4] (.names)                                            4.578     9.804
[2392].out[0] (.names)                                           0.261    10.065
[18334].in[2] (.names)                                           1.505    11.571
[18334].out[0] (.names)                                          0.261    11.832
paddress_1_1_.D[0] (.latch)                                      0.000    11.832
data arrival time                                                         11.832

clock pclk (rise edge)                                           0.000     0.000
clock source latency                                             0.000     0.000
pclk.inpad[0] (.input)                                           0.000     0.000
paddress_1_1_.clk[0] (.latch)                                    0.042     0.042
clock uncertainty                                                0.000     0.042
cell setup time                                                 -0.066    -0.024
data required time                                                        -0.024
--------------------------------------------------------------------------------
data required time                                                        -0.024
data arrival time                                                        -11.832
--------------------------------------------------------------------------------
slack (VIOLATED)                                                         -11.855


#Path 67
Startpoint: [18376].Q[0] (.latch clocked by pclk)
Endpoint  : prd_0_0_.D[0] (.latch clocked by pclk)
Path Type : setup

Point                                                             Incr      Path
--------------------------------------------------------------------------------
clock pclk (rise edge)                                           0.000     0.000
clock source latency                                             0.000     0.000
pclk.inpad[0] (.input)                                           0.000     0.000
[18376].clk[0] (.latch)                                          0.042     0.042
[18376].Q[0] (.latch) [clock-to-output]                          0.124     0.166
[18974].in[2] (.names)                                           7.687     7.853
[18974].out[0] (.names)                                          0.261     8.114
[18983].in[3] (.names)                                           0.424     8.538
[18983].out[0] (.names)                                          0.261     8.799
[18986].in[5] (.names)                                           1.046     9.845
[18986].out[0] (.names)                                          0.261    10.106
[18988].in[5] (.names)                                           0.657    10.764
[18988].out[0] (.names)                                          0.261    11.025
[18992].in[5] (.names)                                           0.100    11.125
[18992].out[0] (.names)                                          0.261    11.386
[17905].in[0] (.names)                                           0.100    11.486
[17905].out[0] (.names)                                          0.261    11.747
prd_0_0_.D[0] (.latch)                                           0.000    11.747
data arrival time                                                         11.747

clock pclk (rise edge)                                           0.000     0.000
clock source latency                                             0.000     0.000
pclk.inpad[0] (.input)                                           0.000     0.000
prd_0_0_.clk[0] (.latch)                                         0.042     0.042
clock uncertainty                                                0.000     0.042
cell setup time                                                 -0.066    -0.024
data required time                                                        -0.024
--------------------------------------------------------------------------------
data required time                                                        -0.024
data arrival time                                                        -11.747
--------------------------------------------------------------------------------
slack (VIOLATED)                                                         -11.770


#Path 68
Startpoint: [17596].Q[0] (.latch clocked by pclk)
Endpoint  : paddress_15_15_.D[0] (.latch clocked by pclk)
Path Type : setup

Point                                                             Incr      Path
--------------------------------------------------------------------------------
clock pclk (rise edge)                                           0.000     0.000
clock source latency                                             0.000     0.000
pclk.inpad[0] (.input)                                           0.000     0.000
[17596].clk[0] (.latch)                                          0.042     0.042
[17596].Q[0] (.latch) [clock-to-output]                          0.124     0.166
[17572].in[0] (.names)                                           2.437     2.604
[17572].out[0] (.names)                                          0.261     2.865
[17574].in[5] (.names)                                           0.270     3.135
[17574].out[0] (.names)                                          0.261     3.396
nrq8_2.in[3] (.names)                                            0.502     3.899
nrq8_2.out[0] (.names)                                           0.261     4.160
[4264].in[2] (.names)                                            0.805     4.965
[4264].out[0] (.names)                                           0.261     5.226
[2392].in[4] (.names)                                            4.578     9.804
[2392].out[0] (.names)                                           0.261    10.065
[18929].in[5] (.names)                                           1.045    11.110
[18929].out[0] (.names)                                          0.261    11.371
[17697].in[5] (.names)                                           0.100    11.471
[17697].out[0] (.names)                                          0.261    11.732
paddress_15_15_.D[0] (.latch)                                    0.000    11.732
data arrival time                                                         11.732

clock pclk (rise edge)                                           0.000     0.000
clock source latency                                             0.000     0.000
pclk.inpad[0] (.input)                                           0.000     0.000
paddress_15_15_.clk[0] (.latch)                                  0.042     0.042
clock uncertainty                                                0.000     0.042
cell setup time                                                 -0.066    -0.024
data required time                                                        -0.024
--------------------------------------------------------------------------------
data required time                                                        -0.024
data arrival time                                                        -11.732
--------------------------------------------------------------------------------
slack (VIOLATED)                                                         -11.756


#Path 69
Startpoint: [17596].Q[0] (.latch clocked by pclk)
Endpoint  : [10340].D[0] (.latch clocked by pclk)
Path Type : setup

Point                                                             Incr      Path
--------------------------------------------------------------------------------
clock pclk (rise edge)                                           0.000     0.000
clock source latency                                             0.000     0.000
pclk.inpad[0] (.input)                                           0.000     0.000
[17596].clk[0] (.latch)                                          0.042     0.042
[17596].Q[0] (.latch) [clock-to-output]                          0.124     0.166
[17572].in[0] (.names)                                           2.437     2.604
[17572].out[0] (.names)                                          0.261     2.865
[17574].in[5] (.names)                                           0.270     3.135
[17574].out[0] (.names)                                          0.261     3.396
nrq20_3.in[3] (.names)                                           0.100     3.496
nrq20_3.out[0] (.names)                                          0.261     3.757
[4265].in[1] (.names)                                            1.965     5.722
[4265].out[0] (.names)                                           0.261     5.983
n_n2483.in[1] (.names)                                           0.345     6.328
n_n2483.out[0] (.names)                                          0.261     6.589
[4442].in[0] (.names)                                            0.346     6.934
[4442].out[0] (.names)                                           0.261     7.195
[5173].in[3] (.names)                                            0.345     7.540
[5173].out[0] (.names)                                           0.261     7.801
[19520].in[4] (.names)                                           0.347     8.148
[19520].out[0] (.names)                                          0.261     8.409
[5162].in[4] (.names)                                            0.269     8.677
[5162].out[0] (.names)                                           0.261     8.938
[19490].in[4] (.names)                                           0.888     9.826
[19490].out[0] (.names)                                          0.261    10.087
[3481].in[4] (.names)                                            0.345    10.432
[3481].out[0] (.names)                                           0.261    10.693
[10349].in[4] (.names)                                           0.726    11.419
[10349].out[0] (.names)                                          0.261    11.680
[10340].D[0] (.latch)                                            0.000    11.680
data arrival time                                                         11.680

clock pclk (rise edge)                                           0.000     0.000
clock source latency                                             0.000     0.000
pclk.inpad[0] (.input)                                           0.000     0.000
[10340].clk[0] (.latch)                                          0.042     0.042
clock uncertainty                                                0.000     0.042
cell setup time                                                 -0.066    -0.024
data required time                                                        -0.024
--------------------------------------------------------------------------------
data required time                                                        -0.024
data arrival time                                                        -11.680
--------------------------------------------------------------------------------
slack (VIOLATED)                                                         -11.703


#Path 70
Startpoint: [17596].Q[0] (.latch clocked by pclk)
Endpoint  : paddress_11_11_.D[0] (.latch clocked by pclk)
Path Type : setup

Point                                                             Incr      Path
--------------------------------------------------------------------------------
clock pclk (rise edge)                                           0.000     0.000
clock source latency                                             0.000     0.000
pclk.inpad[0] (.input)                                           0.000     0.000
[17596].clk[0] (.latch)                                          0.042     0.042
[17596].Q[0] (.latch) [clock-to-output]                          0.124     0.166
[17572].in[0] (.names)                                           2.437     2.604
[17572].out[0] (.names)                                          0.261     2.865
[17574].in[5] (.names)                                           0.270     3.135
[17574].out[0] (.names)                                          0.261     3.396
nrq8_2.in[3] (.names)                                            0.502     3.899
nrq8_2.out[0] (.names)                                           0.261     4.160
[4264].in[2] (.names)                                            0.805     4.965
[4264].out[0] (.names)                                           0.261     5.226
[2392].in[4] (.names)                                            4.578     9.804
[2392].out[0] (.names)                                           0.261    10.065
[18857].in[5] (.names)                                           0.967    11.032
[18857].out[0] (.names)                                          0.261    11.293
[17411].in[5] (.names)                                           0.100    11.393
[17411].out[0] (.names)                                          0.261    11.654
paddress_11_11_.D[0] (.latch)                                    0.000    11.654
data arrival time                                                         11.654

clock pclk (rise edge)                                           0.000     0.000
clock source latency                                             0.000     0.000
pclk.inpad[0] (.input)                                           0.000     0.000
paddress_11_11_.clk[0] (.latch)                                  0.042     0.042
clock uncertainty                                                0.000     0.042
cell setup time                                                 -0.066    -0.024
data required time                                                        -0.024
--------------------------------------------------------------------------------
data required time                                                        -0.024
data arrival time                                                        -11.654
--------------------------------------------------------------------------------
slack (VIOLATED)                                                         -11.678


#Path 71
Startpoint: [17596].Q[0] (.latch clocked by pclk)
Endpoint  : [6215].D[0] (.latch clocked by pclk)
Path Type : setup

Point                                                             Incr      Path
--------------------------------------------------------------------------------
clock pclk (rise edge)                                           0.000     0.000
clock source latency                                             0.000     0.000
pclk.inpad[0] (.input)                                           0.000     0.000
[17596].clk[0] (.latch)                                          0.042     0.042
[17596].Q[0] (.latch) [clock-to-output]                          0.124     0.166
[17572].in[0] (.names)                                           2.437     2.604
[17572].out[0] (.names)                                          0.261     2.865
[17574].in[5] (.names)                                           0.270     3.135
[17574].out[0] (.names)                                          0.261     3.396
nrq20_3.in[3] (.names)                                           0.100     3.496
nrq20_3.out[0] (.names)                                          0.261     3.757
[4265].in[1] (.names)                                            1.965     5.722
[4265].out[0] (.names)                                           0.261     5.983
n_n2483.in[1] (.names)                                           0.345     6.328
n_n2483.out[0] (.names)                                          0.261     6.589
[4442].in[0] (.names)                                            0.346     6.934
[4442].out[0] (.names)                                           0.261     7.195
[5173].in[3] (.names)                                            0.345     7.540
[5173].out[0] (.names)                                           0.261     7.801
[19520].in[4] (.names)                                           0.347     8.148
[19520].out[0] (.names)                                          0.261     8.409
[5162].in[4] (.names)                                            0.269     8.677
[5162].out[0] (.names)                                           0.261     8.938
[19490].in[4] (.names)                                           0.888     9.826
[19490].out[0] (.names)                                          0.261    10.087
[19367].in[3] (.names)                                           0.345    10.432
[19367].out[0] (.names)                                          0.261    10.693
[6224].in[3] (.names)                                            0.655    11.348
[6224].out[0] (.names)                                           0.261    11.609
[6215].D[0] (.latch)                                             0.000    11.609
data arrival time                                                         11.609

clock pclk (rise edge)                                           0.000     0.000
clock source latency                                             0.000     0.000
pclk.inpad[0] (.input)                                           0.000     0.000
[6215].clk[0] (.latch)                                           0.042     0.042
clock uncertainty                                                0.000     0.042
cell setup time                                                 -0.066    -0.024
data required time                                                        -0.024
--------------------------------------------------------------------------------
data required time                                                        -0.024
data arrival time                                                        -11.609
--------------------------------------------------------------------------------
slack (VIOLATED)                                                         -11.632


#Path 72
Startpoint: [17596].Q[0] (.latch clocked by pclk)
Endpoint  : [8150].D[0] (.latch clocked by pclk)
Path Type : setup

Point                                                             Incr      Path
--------------------------------------------------------------------------------
clock pclk (rise edge)                                           0.000     0.000
clock source latency                                             0.000     0.000
pclk.inpad[0] (.input)                                           0.000     0.000
[17596].clk[0] (.latch)                                          0.042     0.042
[17596].Q[0] (.latch) [clock-to-output]                          0.124     0.166
[17572].in[0] (.names)                                           2.437     2.604
[17572].out[0] (.names)                                          0.261     2.865
[17574].in[5] (.names)                                           0.270     3.135
[17574].out[0] (.names)                                          0.261     3.396
nrq20_3.in[3] (.names)                                           0.100     3.496
nrq20_3.out[0] (.names)                                          0.261     3.757
[4265].in[1] (.names)                                            1.965     5.722
[4265].out[0] (.names)                                           0.261     5.983
n_n2483.in[1] (.names)                                           0.345     6.328
n_n2483.out[0] (.names)                                          0.261     6.589
[4442].in[0] (.names)                                            0.346     6.934
[4442].out[0] (.names)                                           0.261     7.195
[5173].in[3] (.names)                                            0.345     7.540
[5173].out[0] (.names)                                           0.261     7.801
[19520].in[4] (.names)                                           0.347     8.148
[19520].out[0] (.names)                                          0.261     8.409
[5162].in[4] (.names)                                            0.269     8.677
[5162].out[0] (.names)                                           0.261     8.938
[19490].in[4] (.names)                                           0.888     9.826
[19490].out[0] (.names)                                          0.261    10.087
[19474].in[3] (.names)                                           0.422    10.509
[19474].out[0] (.names)                                          0.261    10.770
[8159].in[3] (.names)                                            0.578    11.348
[8159].out[0] (.names)                                           0.261    11.609
[8150].D[0] (.latch)                                             0.000    11.609
data arrival time                                                         11.609

clock pclk (rise edge)                                           0.000     0.000
clock source latency                                             0.000     0.000
pclk.inpad[0] (.input)                                           0.000     0.000
[8150].clk[0] (.latch)                                           0.042     0.042
clock uncertainty                                                0.000     0.042
cell setup time                                                 -0.066    -0.024
data required time                                                        -0.024
--------------------------------------------------------------------------------
data required time                                                        -0.024
data arrival time                                                        -11.609
--------------------------------------------------------------------------------
slack (VIOLATED)                                                         -11.632


#Path 73
Startpoint: [17596].Q[0] (.latch clocked by pclk)
Endpoint  : paddress_12_12_.D[0] (.latch clocked by pclk)
Path Type : setup

Point                                                             Incr      Path
--------------------------------------------------------------------------------
clock pclk (rise edge)                                           0.000     0.000
clock source latency                                             0.000     0.000
pclk.inpad[0] (.input)                                           0.000     0.000
[17596].clk[0] (.latch)                                          0.042     0.042
[17596].Q[0] (.latch) [clock-to-output]                          0.124     0.166
[17572].in[0] (.names)                                           2.437     2.604
[17572].out[0] (.names)                                          0.261     2.865
[17574].in[5] (.names)                                           0.270     3.135
[17574].out[0] (.names)                                          0.261     3.396
nrq8_2.in[3] (.names)                                            0.502     3.899
nrq8_2.out[0] (.names)                                           0.261     4.160
[4264].in[2] (.names)                                            0.805     4.965
[4264].out[0] (.names)                                           0.261     5.226
[2392].in[4] (.names)                                            4.578     9.804
[2392].out[0] (.names)                                           0.261    10.065
[18916].in[5] (.names)                                           0.889    10.954
[18916].out[0] (.names)                                          0.261    11.215
[17632].in[5] (.names)                                           0.100    11.315
[17632].out[0] (.names)                                          0.261    11.576
paddress_12_12_.D[0] (.latch)                                    0.000    11.576
data arrival time                                                         11.576

clock pclk (rise edge)                                           0.000     0.000
clock source latency                                             0.000     0.000
pclk.inpad[0] (.input)                                           0.000     0.000
paddress_12_12_.clk[0] (.latch)                                  0.042     0.042
clock uncertainty                                                0.000     0.042
cell setup time                                                 -0.066    -0.024
data required time                                                        -0.024
--------------------------------------------------------------------------------
data required time                                                        -0.024
data arrival time                                                        -11.576
--------------------------------------------------------------------------------
slack (VIOLATED)                                                         -11.600


#Path 74
Startpoint: [17596].Q[0] (.latch clocked by pclk)
Endpoint  : [18194].D[0] (.latch clocked by pclk)
Path Type : setup

Point                                                             Incr      Path
--------------------------------------------------------------------------------
clock pclk (rise edge)                                           0.000     0.000
clock source latency                                             0.000     0.000
pclk.inpad[0] (.input)                                           0.000     0.000
[17596].clk[0] (.latch)                                          0.042     0.042
[17596].Q[0] (.latch) [clock-to-output]                          0.124     0.166
[17572].in[0] (.names)                                           2.437     2.604
[17572].out[0] (.names)                                          0.261     2.865
[17574].in[5] (.names)                                           0.270     3.135
[17574].out[0] (.names)                                          0.261     3.396
nen17_4.in[4] (.names)                                           0.348     3.745
nen17_4.out[0] (.names)                                          0.261     4.006
[2077].in[5] (.names)                                            6.559    10.564
[2077].out[0] (.names)                                           0.261    10.825
[19004].in[4] (.names)                                           0.100    10.925
[19004].out[0] (.names)                                          0.261    11.186
[18204].in[5] (.names)                                           0.100    11.286
[18204].out[0] (.names)                                          0.261    11.547
[18194].D[0] (.latch)                                            0.000    11.547
data arrival time                                                         11.547

clock pclk (rise edge)                                           0.000     0.000
clock source latency                                             0.000     0.000
pclk.inpad[0] (.input)                                           0.000     0.000
[18194].clk[0] (.latch)                                          0.042     0.042
clock uncertainty                                                0.000     0.042
cell setup time                                                 -0.066    -0.024
data required time                                                        -0.024
--------------------------------------------------------------------------------
data required time                                                        -0.024
data arrival time                                                        -11.547
--------------------------------------------------------------------------------
slack (VIOLATED)                                                         -11.571


#Path 75
Startpoint: [17596].Q[0] (.latch clocked by pclk)
Endpoint  : [5435].D[0] (.latch clocked by pclk)
Path Type : setup

Point                                                             Incr      Path
--------------------------------------------------------------------------------
clock pclk (rise edge)                                           0.000     0.000
clock source latency                                             0.000     0.000
pclk.inpad[0] (.input)                                           0.000     0.000
[17596].clk[0] (.latch)                                          0.042     0.042
[17596].Q[0] (.latch) [clock-to-output]                          0.124     0.166
[17572].in[0] (.names)                                           2.437     2.604
[17572].out[0] (.names)                                          0.261     2.865
[17574].in[5] (.names)                                           0.270     3.135
[17574].out[0] (.names)                                          0.261     3.396
nrq20_3.in[3] (.names)                                           0.100     3.496
nrq20_3.out[0] (.names)                                          0.261     3.757
[4265].in[1] (.names)                                            1.965     5.722
[4265].out[0] (.names)                                           0.261     5.983
n_n2483.in[1] (.names)                                           0.345     6.328
n_n2483.out[0] (.names)                                          0.261     6.589
[4442].in[0] (.names)                                            0.346     6.934
[4442].out[0] (.names)                                           0.261     7.195
[5173].in[3] (.names)                                            0.345     7.540
[5173].out[0] (.names)                                           0.261     7.801
[19520].in[4] (.names)                                           0.347     8.148
[19520].out[0] (.names)                                          0.261     8.409
[5162].in[4] (.names)                                            0.269     8.677
[5162].out[0] (.names)                                           0.261     8.938
[19490].in[4] (.names)                                           0.888     9.826
[19490].out[0] (.names)                                          0.261    10.087
[19367].in[3] (.names)                                           0.345    10.432
[19367].out[0] (.names)                                          0.261    10.693
[5444].in[3] (.names)                                            0.578    11.271
[5444].out[0] (.names)                                           0.261    11.532
[5435].D[0] (.latch)                                             0.000    11.532
data arrival time                                                         11.532

clock pclk (rise edge)                                           0.000     0.000
clock source latency                                             0.000     0.000
pclk.inpad[0] (.input)                                           0.000     0.000
[5435].clk[0] (.latch)                                           0.042     0.042
clock uncertainty                                                0.000     0.042
cell setup time                                                 -0.066    -0.024
data required time                                                        -0.024
--------------------------------------------------------------------------------
data required time                                                        -0.024
data arrival time                                                        -11.532
--------------------------------------------------------------------------------
slack (VIOLATED)                                                         -11.555


#Path 76
Startpoint: [17596].Q[0] (.latch clocked by pclk)
Endpoint  : [16070].D[0] (.latch clocked by pclk)
Path Type : setup

Point                                                             Incr      Path
--------------------------------------------------------------------------------
clock pclk (rise edge)                                           0.000     0.000
clock source latency                                             0.000     0.000
pclk.inpad[0] (.input)                                           0.000     0.000
[17596].clk[0] (.latch)                                          0.042     0.042
[17596].Q[0] (.latch) [clock-to-output]                          0.124     0.166
[17572].in[0] (.names)                                           2.437     2.604
[17572].out[0] (.names)                                          0.261     2.865
[17574].in[5] (.names)                                           0.270     3.135
[17574].out[0] (.names)                                          0.261     3.396
nrq20_3.in[3] (.names)                                           0.100     3.496
nrq20_3.out[0] (.names)                                          0.261     3.757
[4265].in[1] (.names)                                            1.965     5.722
[4265].out[0] (.names)                                           0.261     5.983
n_n2483.in[1] (.names)                                           0.345     6.328
n_n2483.out[0] (.names)                                          0.261     6.589
[4442].in[0] (.names)                                            0.346     6.934
[4442].out[0] (.names)                                           0.261     7.195
[5173].in[3] (.names)                                            0.345     7.540
[5173].out[0] (.names)                                           0.261     7.801
[19520].in[4] (.names)                                           0.347     8.148
[19520].out[0] (.names)                                          0.261     8.409
[5162].in[4] (.names)                                            0.269     8.677
[5162].out[0] (.names)                                           0.261     8.938
[19490].in[4] (.names)                                           0.888     9.826
[19490].out[0] (.names)                                          0.261    10.087
[19367].in[3] (.names)                                           0.345    10.432
[19367].out[0] (.names)                                          0.261    10.693
[16079].in[2] (.names)                                           0.578    11.271
[16079].out[0] (.names)                                          0.261    11.532
[16070].D[0] (.latch)                                            0.000    11.532
data arrival time                                                         11.532

clock pclk (rise edge)                                           0.000     0.000
clock source latency                                             0.000     0.000
pclk.inpad[0] (.input)                                           0.000     0.000
[16070].clk[0] (.latch)                                          0.042     0.042
clock uncertainty                                                0.000     0.042
cell setup time                                                 -0.066    -0.024
data required time                                                        -0.024
--------------------------------------------------------------------------------
data required time                                                        -0.024
data arrival time                                                        -11.532
--------------------------------------------------------------------------------
slack (VIOLATED)                                                         -11.555


#Path 77
Startpoint: [17596].Q[0] (.latch clocked by pclk)
Endpoint  : [13370].D[0] (.latch clocked by pclk)
Path Type : setup

Point                                                             Incr      Path
--------------------------------------------------------------------------------
clock pclk (rise edge)                                           0.000     0.000
clock source latency                                             0.000     0.000
pclk.inpad[0] (.input)                                           0.000     0.000
[17596].clk[0] (.latch)                                          0.042     0.042
[17596].Q[0] (.latch) [clock-to-output]                          0.124     0.166
[17572].in[0] (.names)                                           2.437     2.604
[17572].out[0] (.names)                                          0.261     2.865
[17574].in[5] (.names)                                           0.270     3.135
[17574].out[0] (.names)                                          0.261     3.396
nrq20_3.in[3] (.names)                                           0.100     3.496
nrq20_3.out[0] (.names)                                          0.261     3.757
[4265].in[1] (.names)                                            1.965     5.722
[4265].out[0] (.names)                                           0.261     5.983
n_n2483.in[1] (.names)                                           0.345     6.328
n_n2483.out[0] (.names)                                          0.261     6.589
[4442].in[0] (.names)                                            0.346     6.934
[4442].out[0] (.names)                                           0.261     7.195
[5173].in[3] (.names)                                            0.345     7.540
[5173].out[0] (.names)                                           0.261     7.801
[19520].in[4] (.names)                                           0.347     8.148
[19520].out[0] (.names)                                          0.261     8.409
[5162].in[4] (.names)                                            0.269     8.677
[5162].out[0] (.names)                                           0.261     8.938
[19490].in[4] (.names)                                           0.888     9.826
[19490].out[0] (.names)                                          0.261    10.087
[19367].in[3] (.names)                                           0.345    10.432
[19367].out[0] (.names)                                          0.261    10.693
[13379].in[2] (.names)                                           0.578    11.271
[13379].out[0] (.names)                                          0.261    11.532
[13370].D[0] (.latch)                                            0.000    11.532
data arrival time                                                         11.532

clock pclk (rise edge)                                           0.000     0.000
clock source latency                                             0.000     0.000
pclk.inpad[0] (.input)                                           0.000     0.000
[13370].clk[0] (.latch)                                          0.042     0.042
clock uncertainty                                                0.000     0.042
cell setup time                                                 -0.066    -0.024
data required time                                                        -0.024
--------------------------------------------------------------------------------
data required time                                                        -0.024
data arrival time                                                        -11.532
--------------------------------------------------------------------------------
slack (VIOLATED)                                                         -11.555


#Path 78
Startpoint: [17596].Q[0] (.latch clocked by pclk)
Endpoint  : [13070].D[0] (.latch clocked by pclk)
Path Type : setup

Point                                                             Incr      Path
--------------------------------------------------------------------------------
clock pclk (rise edge)                                           0.000     0.000
clock source latency                                             0.000     0.000
pclk.inpad[0] (.input)                                           0.000     0.000
[17596].clk[0] (.latch)                                          0.042     0.042
[17596].Q[0] (.latch) [clock-to-output]                          0.124     0.166
[17572].in[0] (.names)                                           2.437     2.604
[17572].out[0] (.names)                                          0.261     2.865
[17574].in[5] (.names)                                           0.270     3.135
[17574].out[0] (.names)                                          0.261     3.396
nrq20_3.in[3] (.names)                                           0.100     3.496
nrq20_3.out[0] (.names)                                          0.261     3.757
[4265].in[1] (.names)                                            1.965     5.722
[4265].out[0] (.names)                                           0.261     5.983
n_n2483.in[1] (.names)                                           0.345     6.328
n_n2483.out[0] (.names)                                          0.261     6.589
[4442].in[0] (.names)                                            0.346     6.934
[4442].out[0] (.names)                                           0.261     7.195
[5173].in[3] (.names)                                            0.345     7.540
[5173].out[0] (.names)                                           0.261     7.801
[19520].in[4] (.names)                                           0.347     8.148
[19520].out[0] (.names)                                          0.261     8.409
[5162].in[4] (.names)                                            0.269     8.677
[5162].out[0] (.names)                                           0.261     8.938
[19490].in[4] (.names)                                           0.888     9.826
[19490].out[0] (.names)                                          0.261    10.087
[19367].in[3] (.names)                                           0.345    10.432
[19367].out[0] (.names)                                          0.261    10.693
[13079].in[2] (.names)                                           0.578    11.271
[13079].out[0] (.names)                                          0.261    11.532
[13070].D[0] (.latch)                                            0.000    11.532
data arrival time                                                         11.532

clock pclk (rise edge)                                           0.000     0.000
clock source latency                                             0.000     0.000
pclk.inpad[0] (.input)                                           0.000     0.000
[13070].clk[0] (.latch)                                          0.042     0.042
clock uncertainty                                                0.000     0.042
cell setup time                                                 -0.066    -0.024
data required time                                                        -0.024
--------------------------------------------------------------------------------
data required time                                                        -0.024
data arrival time                                                        -11.532
--------------------------------------------------------------------------------
slack (VIOLATED)                                                         -11.555


#Path 79
Startpoint: [17596].Q[0] (.latch clocked by pclk)
Endpoint  : [11375].D[0] (.latch clocked by pclk)
Path Type : setup

Point                                                             Incr      Path
--------------------------------------------------------------------------------
clock pclk (rise edge)                                           0.000     0.000
clock source latency                                             0.000     0.000
pclk.inpad[0] (.input)                                           0.000     0.000
[17596].clk[0] (.latch)                                          0.042     0.042
[17596].Q[0] (.latch) [clock-to-output]                          0.124     0.166
[17572].in[0] (.names)                                           2.437     2.604
[17572].out[0] (.names)                                          0.261     2.865
[17574].in[5] (.names)                                           0.270     3.135
[17574].out[0] (.names)                                          0.261     3.396
nrq20_3.in[3] (.names)                                           0.100     3.496
nrq20_3.out[0] (.names)                                          0.261     3.757
[4265].in[1] (.names)                                            1.965     5.722
[4265].out[0] (.names)                                           0.261     5.983
n_n2483.in[1] (.names)                                           0.345     6.328
n_n2483.out[0] (.names)                                          0.261     6.589
[4442].in[0] (.names)                                            0.346     6.934
[4442].out[0] (.names)                                           0.261     7.195
[5173].in[3] (.names)                                            0.345     7.540
[5173].out[0] (.names)                                           0.261     7.801
[19520].in[4] (.names)                                           0.347     8.148
[19520].out[0] (.names)                                          0.261     8.409
[5162].in[4] (.names)                                            0.269     8.677
[5162].out[0] (.names)                                           0.261     8.938
[19490].in[4] (.names)                                           0.888     9.826
[19490].out[0] (.names)                                          0.261    10.087
[19367].in[3] (.names)                                           0.345    10.432
[19367].out[0] (.names)                                          0.261    10.693
[11384].in[2] (.names)                                           0.578    11.271
[11384].out[0] (.names)                                          0.261    11.532
[11375].D[0] (.latch)                                            0.000    11.532
data arrival time                                                         11.532

clock pclk (rise edge)                                           0.000     0.000
clock source latency                                             0.000     0.000
pclk.inpad[0] (.input)                                           0.000     0.000
[11375].clk[0] (.latch)                                          0.042     0.042
clock uncertainty                                                0.000     0.042
cell setup time                                                 -0.066    -0.024
data required time                                                        -0.024
--------------------------------------------------------------------------------
data required time                                                        -0.024
data arrival time                                                        -11.532
--------------------------------------------------------------------------------
slack (VIOLATED)                                                         -11.555


#Path 80
Startpoint: [17596].Q[0] (.latch clocked by pclk)
Endpoint  : [8735].D[0] (.latch clocked by pclk)
Path Type : setup

Point                                                             Incr      Path
--------------------------------------------------------------------------------
clock pclk (rise edge)                                           0.000     0.000
clock source latency                                             0.000     0.000
pclk.inpad[0] (.input)                                           0.000     0.000
[17596].clk[0] (.latch)                                          0.042     0.042
[17596].Q[0] (.latch) [clock-to-output]                          0.124     0.166
[17572].in[0] (.names)                                           2.437     2.604
[17572].out[0] (.names)                                          0.261     2.865
[17574].in[5] (.names)                                           0.270     3.135
[17574].out[0] (.names)                                          0.261     3.396
nrq20_3.in[3] (.names)                                           0.100     3.496
nrq20_3.out[0] (.names)                                          0.261     3.757
[4265].in[1] (.names)                                            1.965     5.722
[4265].out[0] (.names)                                           0.261     5.983
n_n2483.in[1] (.names)                                           0.345     6.328
n_n2483.out[0] (.names)                                          0.261     6.589
[4442].in[0] (.names)                                            0.346     6.934
[4442].out[0] (.names)                                           0.261     7.195
[5173].in[3] (.names)                                            0.345     7.540
[5173].out[0] (.names)                                           0.261     7.801
[19520].in[4] (.names)                                           0.347     8.148
[19520].out[0] (.names)                                          0.261     8.409
[5162].in[4] (.names)                                            0.269     8.677
[5162].out[0] (.names)                                           0.261     8.938
[19490].in[4] (.names)                                           0.888     9.826
[19490].out[0] (.names)                                          0.261    10.087
[19367].in[3] (.names)                                           0.345    10.432
[19367].out[0] (.names)                                          0.261    10.693
[8744].in[2] (.names)                                            0.578    11.271
[8744].out[0] (.names)                                           0.261    11.532
[8735].D[0] (.latch)                                             0.000    11.532
data arrival time                                                         11.532

clock pclk (rise edge)                                           0.000     0.000
clock source latency                                             0.000     0.000
pclk.inpad[0] (.input)                                           0.000     0.000
[8735].clk[0] (.latch)                                           0.042     0.042
clock uncertainty                                                0.000     0.042
cell setup time                                                 -0.066    -0.024
data required time                                                        -0.024
--------------------------------------------------------------------------------
data required time                                                        -0.024
data arrival time                                                        -11.532
--------------------------------------------------------------------------------
slack (VIOLATED)                                                         -11.555


#Path 81
Startpoint: [17596].Q[0] (.latch clocked by pclk)
Endpoint  : [14660].D[0] (.latch clocked by pclk)
Path Type : setup

Point                                                             Incr      Path
--------------------------------------------------------------------------------
clock pclk (rise edge)                                           0.000     0.000
clock source latency                                             0.000     0.000
pclk.inpad[0] (.input)                                           0.000     0.000
[17596].clk[0] (.latch)                                          0.042     0.042
[17596].Q[0] (.latch) [clock-to-output]                          0.124     0.166
[17572].in[0] (.names)                                           2.437     2.604
[17572].out[0] (.names)                                          0.261     2.865
[17574].in[5] (.names)                                           0.270     3.135
[17574].out[0] (.names)                                          0.261     3.396
nen24_7.in[4] (.names)                                           0.348     3.745
nen24_7.out[0] (.names)                                          0.261     4.006
[4943].in[2] (.names)                                            4.139     8.145
[4943].out[0] (.names)                                           0.261     8.406
n_n2446.in[2] (.names)                                           0.100     8.506
n_n2446.out[0] (.names)                                          0.261     8.767
[19232].in[0] (.names)                                           0.657     9.423
[19232].out[0] (.names)                                          0.261     9.684
[19091].in[5] (.names)                                           0.735    10.420
[19091].out[0] (.names)                                          0.261    10.681
[14669].in[3] (.names)                                           0.581    11.262
[14669].out[0] (.names)                                          0.261    11.523
[14660].D[0] (.latch)                                            0.000    11.523
data arrival time                                                         11.523

clock pclk (rise edge)                                           0.000     0.000
clock source latency                                             0.000     0.000
pclk.inpad[0] (.input)                                           0.000     0.000
[14660].clk[0] (.latch)                                          0.042     0.042
clock uncertainty                                                0.000     0.042
cell setup time                                                 -0.066    -0.024
data required time                                                        -0.024
--------------------------------------------------------------------------------
data required time                                                        -0.024
data arrival time                                                        -11.523
--------------------------------------------------------------------------------
slack (VIOLATED)                                                         -11.546


#Path 82
Startpoint: [17596].Q[0] (.latch clocked by pclk)
Endpoint  : [11510].D[0] (.latch clocked by pclk)
Path Type : setup

Point                                                             Incr      Path
--------------------------------------------------------------------------------
clock pclk (rise edge)                                           0.000     0.000
clock source latency                                             0.000     0.000
pclk.inpad[0] (.input)                                           0.000     0.000
[17596].clk[0] (.latch)                                          0.042     0.042
[17596].Q[0] (.latch) [clock-to-output]                          0.124     0.166
[17572].in[0] (.names)                                           2.437     2.604
[17572].out[0] (.names)                                          0.261     2.865
[17574].in[5] (.names)                                           0.270     3.135
[17574].out[0] (.names)                                          0.261     3.396
nen24_7.in[4] (.names)                                           0.348     3.745
nen24_7.out[0] (.names)                                          0.261     4.006
[4943].in[2] (.names)                                            4.139     8.145
[4943].out[0] (.names)                                           0.261     8.406
n_n2446.in[2] (.names)                                           0.100     8.506
n_n2446.out[0] (.names)                                          0.261     8.767
[19232].in[0] (.names)                                           0.657     9.423
[19232].out[0] (.names)                                          0.261     9.684
[19091].in[5] (.names)                                           0.735    10.420
[19091].out[0] (.names)                                          0.261    10.681
[11519].in[3] (.names)                                           0.581    11.262
[11519].out[0] (.names)                                          0.261    11.523
[11510].D[0] (.latch)                                            0.000    11.523
data arrival time                                                         11.523

clock pclk (rise edge)                                           0.000     0.000
clock source latency                                             0.000     0.000
pclk.inpad[0] (.input)                                           0.000     0.000
[11510].clk[0] (.latch)                                          0.042     0.042
clock uncertainty                                                0.000     0.042
cell setup time                                                 -0.066    -0.024
data required time                                                        -0.024
--------------------------------------------------------------------------------
data required time                                                        -0.024
data arrival time                                                        -11.523
--------------------------------------------------------------------------------
slack (VIOLATED)                                                         -11.546


#Path 83
Startpoint: [17596].Q[0] (.latch clocked by pclk)
Endpoint  : [11210].D[0] (.latch clocked by pclk)
Path Type : setup

Point                                                             Incr      Path
--------------------------------------------------------------------------------
clock pclk (rise edge)                                           0.000     0.000
clock source latency                                             0.000     0.000
pclk.inpad[0] (.input)                                           0.000     0.000
[17596].clk[0] (.latch)                                          0.042     0.042
[17596].Q[0] (.latch) [clock-to-output]                          0.124     0.166
[17572].in[0] (.names)                                           2.437     2.604
[17572].out[0] (.names)                                          0.261     2.865
[17574].in[5] (.names)                                           0.270     3.135
[17574].out[0] (.names)                                          0.261     3.396
nen24_7.in[4] (.names)                                           0.348     3.745
nen24_7.out[0] (.names)                                          0.261     4.006
[4943].in[2] (.names)                                            4.139     8.145
[4943].out[0] (.names)                                           0.261     8.406
n_n2446.in[2] (.names)                                           0.100     8.506
n_n2446.out[0] (.names)                                          0.261     8.767
[19232].in[0] (.names)                                           0.657     9.423
[19232].out[0] (.names)                                          0.261     9.684
[19091].in[5] (.names)                                           0.735    10.420
[19091].out[0] (.names)                                          0.261    10.681
[11219].in[4] (.names)                                           0.573    11.254
[11219].out[0] (.names)                                          0.261    11.515
[11210].D[0] (.latch)                                            0.000    11.515
data arrival time                                                         11.515

clock pclk (rise edge)                                           0.000     0.000
clock source latency                                             0.000     0.000
pclk.inpad[0] (.input)                                           0.000     0.000
[11210].clk[0] (.latch)                                          0.042     0.042
clock uncertainty                                                0.000     0.042
cell setup time                                                 -0.066    -0.024
data required time                                                        -0.024
--------------------------------------------------------------------------------
data required time                                                        -0.024
data arrival time                                                        -11.515
--------------------------------------------------------------------------------
slack (VIOLATED)                                                         -11.539


#Path 84
Startpoint: [17596].Q[0] (.latch clocked by pclk)
Endpoint  : [6080].D[0] (.latch clocked by pclk)
Path Type : setup

Point                                                             Incr      Path
--------------------------------------------------------------------------------
clock pclk (rise edge)                                           0.000     0.000
clock source latency                                             0.000     0.000
pclk.inpad[0] (.input)                                           0.000     0.000
[17596].clk[0] (.latch)                                          0.042     0.042
[17596].Q[0] (.latch) [clock-to-output]                          0.124     0.166
[17572].in[0] (.names)                                           2.437     2.604
[17572].out[0] (.names)                                          0.261     2.865
[17574].in[5] (.names)                                           0.270     3.135
[17574].out[0] (.names)                                          0.261     3.396
nrq20_3.in[3] (.names)                                           0.100     3.496
nrq20_3.out[0] (.names)                                          0.261     3.757
[4265].in[1] (.names)                                            1.965     5.722
[4265].out[0] (.names)                                           0.261     5.983
n_n2483.in[1] (.names)                                           0.345     6.328
n_n2483.out[0] (.names)                                          0.261     6.589
[4442].in[0] (.names)                                            0.346     6.934
[4442].out[0] (.names)                                           0.261     7.195
[5173].in[3] (.names)                                            0.345     7.540
[5173].out[0] (.names)                                           0.261     7.801
[19520].in[4] (.names)                                           0.347     8.148
[19520].out[0] (.names)                                          0.261     8.409
[5162].in[4] (.names)                                            0.269     8.677
[5162].out[0] (.names)                                           0.261     8.938
[19490].in[4] (.names)                                           0.888     9.826
[19490].out[0] (.names)                                          0.261    10.087
[19367].in[3] (.names)                                           0.345    10.432
[19367].out[0] (.names)                                          0.261    10.693
[6089].in[3] (.names)                                            0.501    11.194
[6089].out[0] (.names)                                           0.261    11.455
[6080].D[0] (.latch)                                             0.000    11.455
data arrival time                                                         11.455

clock pclk (rise edge)                                           0.000     0.000
clock source latency                                             0.000     0.000
pclk.inpad[0] (.input)                                           0.000     0.000
[6080].clk[0] (.latch)                                           0.042     0.042
clock uncertainty                                                0.000     0.042
cell setup time                                                 -0.066    -0.024
data required time                                                        -0.024
--------------------------------------------------------------------------------
data required time                                                        -0.024
data arrival time                                                        -11.455
--------------------------------------------------------------------------------
slack (VIOLATED)                                                         -11.478


#Path 85
Startpoint: [17596].Q[0] (.latch clocked by pclk)
Endpoint  : [5480].D[0] (.latch clocked by pclk)
Path Type : setup

Point                                                             Incr      Path
--------------------------------------------------------------------------------
clock pclk (rise edge)                                           0.000     0.000
clock source latency                                             0.000     0.000
pclk.inpad[0] (.input)                                           0.000     0.000
[17596].clk[0] (.latch)                                          0.042     0.042
[17596].Q[0] (.latch) [clock-to-output]                          0.124     0.166
[17572].in[0] (.names)                                           2.437     2.604
[17572].out[0] (.names)                                          0.261     2.865
[17574].in[5] (.names)                                           0.270     3.135
[17574].out[0] (.names)                                          0.261     3.396
nrq20_3.in[3] (.names)                                           0.100     3.496
nrq20_3.out[0] (.names)                                          0.261     3.757
[4265].in[1] (.names)                                            1.965     5.722
[4265].out[0] (.names)                                           0.261     5.983
n_n2483.in[1] (.names)                                           0.345     6.328
n_n2483.out[0] (.names)                                          0.261     6.589
[4442].in[0] (.names)                                            0.346     6.934
[4442].out[0] (.names)                                           0.261     7.195
[5173].in[3] (.names)                                            0.345     7.540
[5173].out[0] (.names)                                           0.261     7.801
[19520].in[4] (.names)                                           0.347     8.148
[19520].out[0] (.names)                                          0.261     8.409
[5162].in[4] (.names)                                            0.269     8.677
[5162].out[0] (.names)                                           0.261     8.938
[19490].in[4] (.names)                                           0.888     9.826
[19490].out[0] (.names)                                          0.261    10.087
[19367].in[3] (.names)                                           0.345    10.432
[19367].out[0] (.names)                                          0.261    10.693
[5489].in[3] (.names)                                            0.501    11.194
[5489].out[0] (.names)                                           0.261    11.455
[5480].D[0] (.latch)                                             0.000    11.455
data arrival time                                                         11.455

clock pclk (rise edge)                                           0.000     0.000
clock source latency                                             0.000     0.000
pclk.inpad[0] (.input)                                           0.000     0.000
[5480].clk[0] (.latch)                                           0.042     0.042
clock uncertainty                                                0.000     0.042
cell setup time                                                 -0.066    -0.024
data required time                                                        -0.024
--------------------------------------------------------------------------------
data required time                                                        -0.024
data arrival time                                                        -11.455
--------------------------------------------------------------------------------
slack (VIOLATED)                                                         -11.478


#Path 86
Startpoint: [17596].Q[0] (.latch clocked by pclk)
Endpoint  : [6725].D[0] (.latch clocked by pclk)
Path Type : setup

Point                                                             Incr      Path
--------------------------------------------------------------------------------
clock pclk (rise edge)                                           0.000     0.000
clock source latency                                             0.000     0.000
pclk.inpad[0] (.input)                                           0.000     0.000
[17596].clk[0] (.latch)                                          0.042     0.042
[17596].Q[0] (.latch) [clock-to-output]                          0.124     0.166
[17572].in[0] (.names)                                           2.437     2.604
[17572].out[0] (.names)                                          0.261     2.865
[17574].in[5] (.names)                                           0.270     3.135
[17574].out[0] (.names)                                          0.261     3.396
nrq20_3.in[3] (.names)                                           0.100     3.496
nrq20_3.out[0] (.names)                                          0.261     3.757
[4265].in[1] (.names)                                            1.965     5.722
[4265].out[0] (.names)                                           0.261     5.983
n_n2483.in[1] (.names)                                           0.345     6.328
n_n2483.out[0] (.names)                                          0.261     6.589
[4442].in[0] (.names)                                            0.346     6.934
[4442].out[0] (.names)                                           0.261     7.195
[5173].in[3] (.names)                                            0.345     7.540
[5173].out[0] (.names)                                           0.261     7.801
[19520].in[4] (.names)                                           0.347     8.148
[19520].out[0] (.names)                                          0.261     8.409
[5162].in[4] (.names)                                            0.269     8.677
[5162].out[0] (.names)                                           0.261     8.938
[19490].in[4] (.names)                                           0.888     9.826
[19490].out[0] (.names)                                          0.261    10.087
[19367].in[3] (.names)                                           0.345    10.432
[19367].out[0] (.names)                                          0.261    10.693
[6734].in[4] (.names)                                            0.501    11.194
[6734].out[0] (.names)                                           0.261    11.455
[6725].D[0] (.latch)                                             0.000    11.455
data arrival time                                                         11.455

clock pclk (rise edge)                                           0.000     0.000
clock source latency                                             0.000     0.000
pclk.inpad[0] (.input)                                           0.000     0.000
[6725].clk[0] (.latch)                                           0.042     0.042
clock uncertainty                                                0.000     0.042
cell setup time                                                 -0.066    -0.024
data required time                                                        -0.024
--------------------------------------------------------------------------------
data required time                                                        -0.024
data arrival time                                                        -11.455
--------------------------------------------------------------------------------
slack (VIOLATED)                                                         -11.478


#Path 87
Startpoint: [17596].Q[0] (.latch clocked by pclk)
Endpoint  : [10055].D[0] (.latch clocked by pclk)
Path Type : setup

Point                                                             Incr      Path
--------------------------------------------------------------------------------
clock pclk (rise edge)                                           0.000     0.000
clock source latency                                             0.000     0.000
pclk.inpad[0] (.input)                                           0.000     0.000
[17596].clk[0] (.latch)                                          0.042     0.042
[17596].Q[0] (.latch) [clock-to-output]                          0.124     0.166
[17572].in[0] (.names)                                           2.437     2.604
[17572].out[0] (.names)                                          0.261     2.865
[17574].in[5] (.names)                                           0.270     3.135
[17574].out[0] (.names)                                          0.261     3.396
nrq20_3.in[3] (.names)                                           0.100     3.496
nrq20_3.out[0] (.names)                                          0.261     3.757
[4265].in[1] (.names)                                            1.965     5.722
[4265].out[0] (.names)                                           0.261     5.983
n_n2483.in[1] (.names)                                           0.345     6.328
n_n2483.out[0] (.names)                                          0.261     6.589
[4442].in[0] (.names)                                            0.346     6.934
[4442].out[0] (.names)                                           0.261     7.195
[5173].in[3] (.names)                                            0.345     7.540
[5173].out[0] (.names)                                           0.261     7.801
[19520].in[4] (.names)                                           0.347     8.148
[19520].out[0] (.names)                                          0.261     8.409
[5162].in[4] (.names)                                            0.269     8.677
[5162].out[0] (.names)                                           0.261     8.938
[19490].in[4] (.names)                                           0.888     9.826
[19490].out[0] (.names)                                          0.261    10.087
[19367].in[3] (.names)                                           0.345    10.432
[19367].out[0] (.names)                                          0.261    10.693
[10064].in[4] (.names)                                           0.501    11.194
[10064].out[0] (.names)                                          0.261    11.455
[10055].D[0] (.latch)                                            0.000    11.455
data arrival time                                                         11.455

clock pclk (rise edge)                                           0.000     0.000
clock source latency                                             0.000     0.000
pclk.inpad[0] (.input)                                           0.000     0.000
[10055].clk[0] (.latch)                                          0.042     0.042
clock uncertainty                                                0.000     0.042
cell setup time                                                 -0.066    -0.024
data required time                                                        -0.024
--------------------------------------------------------------------------------
data required time                                                        -0.024
data arrival time                                                        -11.455
--------------------------------------------------------------------------------
slack (VIOLATED)                                                         -11.478


#Path 88
Startpoint: [17596].Q[0] (.latch clocked by pclk)
Endpoint  : [7400].D[0] (.latch clocked by pclk)
Path Type : setup

Point                                                             Incr      Path
--------------------------------------------------------------------------------
clock pclk (rise edge)                                           0.000     0.000
clock source latency                                             0.000     0.000
pclk.inpad[0] (.input)                                           0.000     0.000
[17596].clk[0] (.latch)                                          0.042     0.042
[17596].Q[0] (.latch) [clock-to-output]                          0.124     0.166
[17572].in[0] (.names)                                           2.437     2.604
[17572].out[0] (.names)                                          0.261     2.865
[17574].in[5] (.names)                                           0.270     3.135
[17574].out[0] (.names)                                          0.261     3.396
nrq20_3.in[3] (.names)                                           0.100     3.496
nrq20_3.out[0] (.names)                                          0.261     3.757
[4265].in[1] (.names)                                            1.965     5.722
[4265].out[0] (.names)                                           0.261     5.983
n_n2483.in[1] (.names)                                           0.345     6.328
n_n2483.out[0] (.names)                                          0.261     6.589
[4442].in[0] (.names)                                            0.346     6.934
[4442].out[0] (.names)                                           0.261     7.195
[5173].in[3] (.names)                                            0.345     7.540
[5173].out[0] (.names)                                           0.261     7.801
[19520].in[4] (.names)                                           0.347     8.148
[19520].out[0] (.names)                                          0.261     8.409
[5162].in[4] (.names)                                            0.269     8.677
[5162].out[0] (.names)                                           0.261     8.938
[19490].in[4] (.names)                                           0.888     9.826
[19490].out[0] (.names)                                          0.261    10.087
[19367].in[3] (.names)                                           0.345    10.432
[19367].out[0] (.names)                                          0.261    10.693
[7409].in[4] (.names)                                            0.501    11.194
[7409].out[0] (.names)                                           0.261    11.455
[7400].D[0] (.latch)                                             0.000    11.455
data arrival time                                                         11.455

clock pclk (rise edge)                                           0.000     0.000
clock source latency                                             0.000     0.000
pclk.inpad[0] (.input)                                           0.000     0.000
[7400].clk[0] (.latch)                                           0.042     0.042
clock uncertainty                                                0.000     0.042
cell setup time                                                 -0.066    -0.024
data required time                                                        -0.024
--------------------------------------------------------------------------------
data required time                                                        -0.024
data arrival time                                                        -11.455
--------------------------------------------------------------------------------
slack (VIOLATED)                                                         -11.478


#Path 89
Startpoint: [17596].Q[0] (.latch clocked by pclk)
Endpoint  : [6755].D[0] (.latch clocked by pclk)
Path Type : setup

Point                                                             Incr      Path
--------------------------------------------------------------------------------
clock pclk (rise edge)                                           0.000     0.000
clock source latency                                             0.000     0.000
pclk.inpad[0] (.input)                                           0.000     0.000
[17596].clk[0] (.latch)                                          0.042     0.042
[17596].Q[0] (.latch) [clock-to-output]                          0.124     0.166
[17572].in[0] (.names)                                           2.437     2.604
[17572].out[0] (.names)                                          0.261     2.865
[17574].in[5] (.names)                                           0.270     3.135
[17574].out[0] (.names)                                          0.261     3.396
nrq20_3.in[3] (.names)                                           0.100     3.496
nrq20_3.out[0] (.names)                                          0.261     3.757
[4265].in[1] (.names)                                            1.965     5.722
[4265].out[0] (.names)                                           0.261     5.983
n_n2483.in[1] (.names)                                           0.345     6.328
n_n2483.out[0] (.names)                                          0.261     6.589
[4442].in[0] (.names)                                            0.346     6.934
[4442].out[0] (.names)                                           0.261     7.195
[5173].in[3] (.names)                                            0.345     7.540
[5173].out[0] (.names)                                           0.261     7.801
[19520].in[4] (.names)                                           0.347     8.148
[19520].out[0] (.names)                                          0.261     8.409
[5162].in[4] (.names)                                            0.269     8.677
[5162].out[0] (.names)                                           0.261     8.938
[19490].in[4] (.names)                                           0.888     9.826
[19490].out[0] (.names)                                          0.261    10.087
[19474].in[3] (.names)                                           0.422    10.509
[19474].out[0] (.names)                                          0.261    10.770
[6764].in[3] (.names)                                            0.346    11.116
[6764].out[0] (.names)                                           0.261    11.377
[6755].D[0] (.latch)                                             0.000    11.377
data arrival time                                                         11.377

clock pclk (rise edge)                                           0.000     0.000
clock source latency                                             0.000     0.000
pclk.inpad[0] (.input)                                           0.000     0.000
[6755].clk[0] (.latch)                                           0.042     0.042
clock uncertainty                                                0.000     0.042
cell setup time                                                 -0.066    -0.024
data required time                                                        -0.024
--------------------------------------------------------------------------------
data required time                                                        -0.024
data arrival time                                                        -11.377
--------------------------------------------------------------------------------
slack (VIOLATED)                                                         -11.400


#Path 90
Startpoint: [17596].Q[0] (.latch clocked by pclk)
Endpoint  : [7355].D[0] (.latch clocked by pclk)
Path Type : setup

Point                                                             Incr      Path
--------------------------------------------------------------------------------
clock pclk (rise edge)                                           0.000     0.000
clock source latency                                             0.000     0.000
pclk.inpad[0] (.input)                                           0.000     0.000
[17596].clk[0] (.latch)                                          0.042     0.042
[17596].Q[0] (.latch) [clock-to-output]                          0.124     0.166
[17572].in[0] (.names)                                           2.437     2.604
[17572].out[0] (.names)                                          0.261     2.865
[17574].in[5] (.names)                                           0.270     3.135
[17574].out[0] (.names)                                          0.261     3.396
nrq20_3.in[3] (.names)                                           0.100     3.496
nrq20_3.out[0] (.names)                                          0.261     3.757
[4265].in[1] (.names)                                            1.965     5.722
[4265].out[0] (.names)                                           0.261     5.983
n_n2483.in[1] (.names)                                           0.345     6.328
n_n2483.out[0] (.names)                                          0.261     6.589
[4442].in[0] (.names)                                            0.346     6.934
[4442].out[0] (.names)                                           0.261     7.195
[5173].in[3] (.names)                                            0.345     7.540
[5173].out[0] (.names)                                           0.261     7.801
[19520].in[4] (.names)                                           0.347     8.148
[19520].out[0] (.names)                                          0.261     8.409
[5162].in[4] (.names)                                            0.269     8.677
[5162].out[0] (.names)                                           0.261     8.938
[19490].in[4] (.names)                                           0.888     9.826
[19490].out[0] (.names)                                          0.261    10.087
[19474].in[3] (.names)                                           0.422    10.509
[19474].out[0] (.names)                                          0.261    10.770
[7364].in[3] (.names)                                            0.270    11.040
[7364].out[0] (.names)                                           0.261    11.301
[7355].D[0] (.latch)                                             0.000    11.301
data arrival time                                                         11.301

clock pclk (rise edge)                                           0.000     0.000
clock source latency                                             0.000     0.000
pclk.inpad[0] (.input)                                           0.000     0.000
[7355].clk[0] (.latch)                                           0.042     0.042
clock uncertainty                                                0.000     0.042
cell setup time                                                 -0.066    -0.024
data required time                                                        -0.024
--------------------------------------------------------------------------------
data required time                                                        -0.024
data arrival time                                                        -11.301
--------------------------------------------------------------------------------
slack (VIOLATED)                                                         -11.324


#Path 91
Startpoint: [17596].Q[0] (.latch clocked by pclk)
Endpoint  : [9845].D[0] (.latch clocked by pclk)
Path Type : setup

Point                                                             Incr      Path
--------------------------------------------------------------------------------
clock pclk (rise edge)                                           0.000     0.000
clock source latency                                             0.000     0.000
pclk.inpad[0] (.input)                                           0.000     0.000
[17596].clk[0] (.latch)                                          0.042     0.042
[17596].Q[0] (.latch) [clock-to-output]                          0.124     0.166
[17572].in[0] (.names)                                           2.437     2.604
[17572].out[0] (.names)                                          0.261     2.865
[17574].in[5] (.names)                                           0.270     3.135
[17574].out[0] (.names)                                          0.261     3.396
nen24_7.in[4] (.names)                                           0.348     3.745
nen24_7.out[0] (.names)                                          0.261     4.006
[4943].in[2] (.names)                                            4.139     8.145
[4943].out[0] (.names)                                           0.261     8.406
n_n2446.in[2] (.names)                                           0.100     8.506
n_n2446.out[0] (.names)                                          0.261     8.767
[19232].in[0] (.names)                                           0.657     9.423
[19232].out[0] (.names)                                          0.261     9.684
[19091].in[5] (.names)                                           0.735    10.420
[19091].out[0] (.names)                                          0.261    10.681
[9854].in[3] (.names)                                            0.347    11.028
[9854].out[0] (.names)                                           0.261    11.289
[9845].D[0] (.latch)                                             0.000    11.289
data arrival time                                                         11.289

clock pclk (rise edge)                                           0.000     0.000
clock source latency                                             0.000     0.000
pclk.inpad[0] (.input)                                           0.000     0.000
[9845].clk[0] (.latch)                                           0.042     0.042
clock uncertainty                                                0.000     0.042
cell setup time                                                 -0.066    -0.024
data required time                                                        -0.024
--------------------------------------------------------------------------------
data required time                                                        -0.024
data arrival time                                                        -11.289
--------------------------------------------------------------------------------
slack (VIOLATED)                                                         -11.313


#Path 92
Startpoint: [17596].Q[0] (.latch clocked by pclk)
Endpoint  : [12395].D[0] (.latch clocked by pclk)
Path Type : setup

Point                                                             Incr      Path
--------------------------------------------------------------------------------
clock pclk (rise edge)                                           0.000     0.000
clock source latency                                             0.000     0.000
pclk.inpad[0] (.input)                                           0.000     0.000
[17596].clk[0] (.latch)                                          0.042     0.042
[17596].Q[0] (.latch) [clock-to-output]                          0.124     0.166
[17572].in[0] (.names)                                           2.437     2.604
[17572].out[0] (.names)                                          0.261     2.865
[17574].in[5] (.names)                                           0.270     3.135
[17574].out[0] (.names)                                          0.261     3.396
nen24_7.in[4] (.names)                                           0.348     3.745
nen24_7.out[0] (.names)                                          0.261     4.006
[4943].in[2] (.names)                                            4.139     8.145
[4943].out[0] (.names)                                           0.261     8.406
n_n2446.in[2] (.names)                                           0.100     8.506
n_n2446.out[0] (.names)                                          0.261     8.767
[19232].in[0] (.names)                                           0.657     9.423
[19232].out[0] (.names)                                          0.261     9.684
[19091].in[5] (.names)                                           0.735    10.420
[19091].out[0] (.names)                                          0.261    10.681
[12404].in[4] (.names)                                           0.347    11.027
[12404].out[0] (.names)                                          0.261    11.288
[12395].D[0] (.latch)                                            0.000    11.288
data arrival time                                                         11.288

clock pclk (rise edge)                                           0.000     0.000
clock source latency                                             0.000     0.000
pclk.inpad[0] (.input)                                           0.000     0.000
[12395].clk[0] (.latch)                                          0.042     0.042
clock uncertainty                                                0.000     0.042
cell setup time                                                 -0.066    -0.024
data required time                                                        -0.024
--------------------------------------------------------------------------------
data required time                                                        -0.024
data arrival time                                                        -11.288
--------------------------------------------------------------------------------
slack (VIOLATED)                                                         -11.312


#Path 93
Startpoint: [17596].Q[0] (.latch clocked by pclk)
Endpoint  : ppeaka_13_13_.D[0] (.latch clocked by pclk)
Path Type : setup

Point                                                             Incr      Path
--------------------------------------------------------------------------------
clock pclk (rise edge)                                           0.000     0.000
clock source latency                                             0.000     0.000
pclk.inpad[0] (.input)                                           0.000     0.000
[17596].clk[0] (.latch)                                          0.042     0.042
[17596].Q[0] (.latch) [clock-to-output]                          0.124     0.166
[17572].in[0] (.names)                                           2.437     2.604
[17572].out[0] (.names)                                          0.261     2.865
[17574].in[5] (.names)                                           0.270     3.135
[17574].out[0] (.names)                                          0.261     3.396
[5533].in[3] (.names)                                            0.348     3.745
[5533].out[0] (.names)                                           0.261     4.006
[4392].in[5] (.names)                                            1.810     5.815
[4392].out[0] (.names)                                           0.261     6.076
[18575].in[3] (.names)                                           4.581    10.657
[18575].out[0] (.names)                                          0.261    10.918
[14744].in[0] (.names)                                           0.100    11.018
[14744].out[0] (.names)                                          0.261    11.279
ppeaka_13_13_.D[0] (.latch)                                      0.000    11.279
data arrival time                                                         11.279

clock pclk (rise edge)                                           0.000     0.000
clock source latency                                             0.000     0.000
pclk.inpad[0] (.input)                                           0.000     0.000
ppeaka_13_13_.clk[0] (.latch)                                    0.042     0.042
clock uncertainty                                                0.000     0.042
cell setup time                                                 -0.066    -0.024
data required time                                                        -0.024
--------------------------------------------------------------------------------
data required time                                                        -0.024
data arrival time                                                        -11.279
--------------------------------------------------------------------------------
slack (VIOLATED)                                                         -11.303


#Path 94
Startpoint: [18233].Q[0] (.latch clocked by pclk)
Endpoint  : [18636].D[0] (.latch clocked by pclk)
Path Type : setup

Point                                                             Incr      Path
--------------------------------------------------------------------------------
clock pclk (rise edge)                                           0.000     0.000
clock source latency                                             0.000     0.000
pclk.inpad[0] (.input)                                           0.000     0.000
[18233].clk[0] (.latch)                                          0.042     0.042
[18233].Q[0] (.latch) [clock-to-output]                          0.124     0.166
[4478].in[4] (.names)                                            0.757     0.924
[4478].out[0] (.names)                                           0.261     1.185
n_n2344.in[5] (.names)                                           1.116     2.301
n_n2344.out[0] (.names)                                          0.261     2.562
[19136].in[4] (.names)                                           7.716    10.278
[19136].out[0] (.names)                                          0.261    10.539
[1915].in[3] (.names)                                            0.100    10.639
[1915].out[0] (.names)                                           0.261    10.900
[18644].in[0] (.names)                                           0.100    11.000
[18644].out[0] (.names)                                          0.261    11.261
[18636].D[0] (.latch)                                            0.000    11.261
data arrival time                                                         11.261

clock pclk (rise edge)                                           0.000     0.000
clock source latency                                             0.000     0.000
pclk.inpad[0] (.input)                                           0.000     0.000
[18636].clk[0] (.latch)                                          0.042     0.042
clock uncertainty                                                0.000     0.042
cell setup time                                                 -0.066    -0.024
data required time                                                        -0.024
--------------------------------------------------------------------------------
data required time                                                        -0.024
data arrival time                                                        -11.261
--------------------------------------------------------------------------------
slack (VIOLATED)                                                         -11.285


#Path 95
Startpoint: [17596].Q[0] (.latch clocked by pclk)
Endpoint  : [17492].D[0] (.latch clocked by pclk)
Path Type : setup

Point                                                             Incr      Path
--------------------------------------------------------------------------------
clock pclk (rise edge)                                           0.000     0.000
clock source latency                                             0.000     0.000
pclk.inpad[0] (.input)                                           0.000     0.000
[17596].clk[0] (.latch)                                          0.042     0.042
[17596].Q[0] (.latch) [clock-to-output]                          0.124     0.166
[17572].in[0] (.names)                                           2.437     2.604
[17572].out[0] (.names)                                          0.261     2.865
[17574].in[5] (.names)                                           0.270     3.135
[17574].out[0] (.names)                                          0.261     3.396
nen17_4.in[4] (.names)                                           0.348     3.745
nen17_4.out[0] (.names)                                          0.261     4.006
[2281].in[5] (.names)                                            6.252    10.258
[2281].out[0] (.names)                                           0.261    10.519
[18876].in[4] (.names)                                           0.100    10.619
[18876].out[0] (.names)                                          0.261    10.880
[17502].in[5] (.names)                                           0.100    10.980
[17502].out[0] (.names)                                          0.261    11.241
[17492].D[0] (.latch)                                            0.000    11.241
data arrival time                                                         11.241

clock pclk (rise edge)                                           0.000     0.000
clock source latency                                             0.000     0.000
pclk.inpad[0] (.input)                                           0.000     0.000
[17492].clk[0] (.latch)                                          0.042     0.042
clock uncertainty                                                0.000     0.042
cell setup time                                                 -0.066    -0.024
data required time                                                        -0.024
--------------------------------------------------------------------------------
data required time                                                        -0.024
data arrival time                                                        -11.241
--------------------------------------------------------------------------------
slack (VIOLATED)                                                         -11.265


#Path 96
Startpoint: [17596].Q[0] (.latch clocked by pclk)
Endpoint  : [15140].D[0] (.latch clocked by pclk)
Path Type : setup

Point                                                             Incr      Path
--------------------------------------------------------------------------------
clock pclk (rise edge)                                           0.000     0.000
clock source latency                                             0.000     0.000
pclk.inpad[0] (.input)                                           0.000     0.000
[17596].clk[0] (.latch)                                          0.042     0.042
[17596].Q[0] (.latch) [clock-to-output]                          0.124     0.166
[17572].in[0] (.names)                                           2.437     2.604
[17572].out[0] (.names)                                          0.261     2.865
[17574].in[5] (.names)                                           0.270     3.135
[17574].out[0] (.names)                                          0.261     3.396
[5533].in[3] (.names)                                            0.348     3.745
[5533].out[0] (.names)                                           0.261     4.006
[4515].in[5] (.names)                                            0.972     4.977
[4515].out[0] (.names)                                           0.261     5.238
[15149].in[1] (.names)                                           5.732    10.970
[15149].out[0] (.names)                                          0.261    11.231
[15140].D[0] (.latch)                                            0.000    11.231
data arrival time                                                         11.231

clock pclk (rise edge)                                           0.000     0.000
clock source latency                                             0.000     0.000
pclk.inpad[0] (.input)                                           0.000     0.000
[15140].clk[0] (.latch)                                          0.042     0.042
clock uncertainty                                                0.000     0.042
cell setup time                                                 -0.066    -0.024
data required time                                                        -0.024
--------------------------------------------------------------------------------
data required time                                                        -0.024
data arrival time                                                        -11.231
--------------------------------------------------------------------------------
slack (VIOLATED)                                                         -11.255


#Path 97
Startpoint: [17596].Q[0] (.latch clocked by pclk)
Endpoint  : [16100].D[0] (.latch clocked by pclk)
Path Type : setup

Point                                                             Incr      Path
--------------------------------------------------------------------------------
clock pclk (rise edge)                                           0.000     0.000
clock source latency                                             0.000     0.000
pclk.inpad[0] (.input)                                           0.000     0.000
[17596].clk[0] (.latch)                                          0.042     0.042
[17596].Q[0] (.latch) [clock-to-output]                          0.124     0.166
[17572].in[0] (.names)                                           2.437     2.604
[17572].out[0] (.names)                                          0.261     2.865
[17574].in[5] (.names)                                           0.270     3.135
[17574].out[0] (.names)                                          0.261     3.396
nen24_7.in[4] (.names)                                           0.348     3.745
nen24_7.out[0] (.names)                                          0.261     4.006
[4943].in[2] (.names)                                            4.139     8.145
[4943].out[0] (.names)                                           0.261     8.406
n_n2446.in[2] (.names)                                           0.100     8.506
n_n2446.out[0] (.names)                                          0.261     8.767
[19232].in[0] (.names)                                           0.657     9.423
[19232].out[0] (.names)                                          0.261     9.684
[16109].in[4] (.names)                                           1.275    10.959
[16109].out[0] (.names)                                          0.261    11.220
[16100].D[0] (.latch)                                            0.000    11.220
data arrival time                                                         11.220

clock pclk (rise edge)                                           0.000     0.000
clock source latency                                             0.000     0.000
pclk.inpad[0] (.input)                                           0.000     0.000
[16100].clk[0] (.latch)                                          0.042     0.042
clock uncertainty                                                0.000     0.042
cell setup time                                                 -0.066    -0.024
data required time                                                        -0.024
--------------------------------------------------------------------------------
data required time                                                        -0.024
data arrival time                                                        -11.220
--------------------------------------------------------------------------------
slack (VIOLATED)                                                         -11.244


#Path 98
Startpoint: [17596].Q[0] (.latch clocked by pclk)
Endpoint  : [13115].D[0] (.latch clocked by pclk)
Path Type : setup

Point                                                             Incr      Path
--------------------------------------------------------------------------------
clock pclk (rise edge)                                           0.000     0.000
clock source latency                                             0.000     0.000
pclk.inpad[0] (.input)                                           0.000     0.000
[17596].clk[0] (.latch)                                          0.042     0.042
[17596].Q[0] (.latch) [clock-to-output]                          0.124     0.166
[17572].in[0] (.names)                                           2.437     2.604
[17572].out[0] (.names)                                          0.261     2.865
[17574].in[5] (.names)                                           0.270     3.135
[17574].out[0] (.names)                                          0.261     3.396
nen24_7.in[4] (.names)                                           0.348     3.745
nen24_7.out[0] (.names)                                          0.261     4.006
[4943].in[2] (.names)                                            4.139     8.145
[4943].out[0] (.names)                                           0.261     8.406
n_n2446.in[2] (.names)                                           0.100     8.506
n_n2446.out[0] (.names)                                          0.261     8.767
[19232].in[0] (.names)                                           0.657     9.423
[19232].out[0] (.names)                                          0.261     9.684
[13124].in[4] (.names)                                           1.275    10.959
[13124].out[0] (.names)                                          0.261    11.220
[13115].D[0] (.latch)                                            0.000    11.220
data arrival time                                                         11.220

clock pclk (rise edge)                                           0.000     0.000
clock source latency                                             0.000     0.000
pclk.inpad[0] (.input)                                           0.000     0.000
[13115].clk[0] (.latch)                                          0.042     0.042
clock uncertainty                                                0.000     0.042
cell setup time                                                 -0.066    -0.024
data required time                                                        -0.024
--------------------------------------------------------------------------------
data required time                                                        -0.024
data arrival time                                                        -11.220
--------------------------------------------------------------------------------
slack (VIOLATED)                                                         -11.244


#Path 99
Startpoint: [17596].Q[0] (.latch clocked by pclk)
Endpoint  : [10130].D[0] (.latch clocked by pclk)
Path Type : setup

Point                                                             Incr      Path
--------------------------------------------------------------------------------
clock pclk (rise edge)                                           0.000     0.000
clock source latency                                             0.000     0.000
pclk.inpad[0] (.input)                                           0.000     0.000
[17596].clk[0] (.latch)                                          0.042     0.042
[17596].Q[0] (.latch) [clock-to-output]                          0.124     0.166
[17572].in[0] (.names)                                           2.437     2.604
[17572].out[0] (.names)                                          0.261     2.865
[17574].in[5] (.names)                                           0.270     3.135
[17574].out[0] (.names)                                          0.261     3.396
nen24_7.in[4] (.names)                                           0.348     3.745
nen24_7.out[0] (.names)                                          0.261     4.006
[4943].in[2] (.names)                                            4.139     8.145
[4943].out[0] (.names)                                           0.261     8.406
n_n2446.in[2] (.names)                                           0.100     8.506
n_n2446.out[0] (.names)                                          0.261     8.767
[19232].in[0] (.names)                                           0.657     9.423
[19232].out[0] (.names)                                          0.261     9.684
[10139].in[4] (.names)                                           1.275    10.959
[10139].out[0] (.names)                                          0.261    11.220
[10130].D[0] (.latch)                                            0.000    11.220
data arrival time                                                         11.220

clock pclk (rise edge)                                           0.000     0.000
clock source latency                                             0.000     0.000
pclk.inpad[0] (.input)                                           0.000     0.000
[10130].clk[0] (.latch)                                          0.042     0.042
clock uncertainty                                                0.000     0.042
cell setup time                                                 -0.066    -0.024
data required time                                                        -0.024
--------------------------------------------------------------------------------
data required time                                                        -0.024
data arrival time                                                        -11.220
--------------------------------------------------------------------------------
slack (VIOLATED)                                                         -11.244


#Path 100
Startpoint: [17596].Q[0] (.latch clocked by pclk)
Endpoint  : [10415].D[0] (.latch clocked by pclk)
Path Type : setup

Point                                                             Incr      Path
--------------------------------------------------------------------------------
clock pclk (rise edge)                                           0.000     0.000
clock source latency                                             0.000     0.000
pclk.inpad[0] (.input)                                           0.000     0.000
[17596].clk[0] (.latch)                                          0.042     0.042
[17596].Q[0] (.latch) [clock-to-output]                          0.124     0.166
[17572].in[0] (.names)                                           2.437     2.604
[17572].out[0] (.names)                                          0.261     2.865
[17574].in[5] (.names)                                           0.270     3.135
[17574].out[0] (.names)                                          0.261     3.396
nen24_7.in[4] (.names)                                           0.348     3.745
nen24_7.out[0] (.names)                                          0.261     4.006
[4943].in[2] (.names)                                            4.139     8.145
[4943].out[0] (.names)                                           0.261     8.406
n_n2446.in[2] (.names)                                           0.100     8.506
n_n2446.out[0] (.names)                                          0.261     8.767
[19232].in[0] (.names)                                           0.657     9.423
[19232].out[0] (.names)                                          0.261     9.684
[19091].in[5] (.names)                                           0.735    10.420
[19091].out[0] (.names)                                          0.261    10.681
[10424].in[3] (.names)                                           0.269    10.949
[10424].out[0] (.names)                                          0.261    11.210
[10415].D[0] (.latch)                                            0.000    11.210
data arrival time                                                         11.210

clock pclk (rise edge)                                           0.000     0.000
clock source latency                                             0.000     0.000
pclk.inpad[0] (.input)                                           0.000     0.000
[10415].clk[0] (.latch)                                          0.042     0.042
clock uncertainty                                                0.000     0.042
cell setup time                                                 -0.066    -0.024
data required time                                                        -0.024
--------------------------------------------------------------------------------
data required time                                                        -0.024
data arrival time                                                        -11.210
--------------------------------------------------------------------------------
slack (VIOLATED)                                                         -11.234


#End of timing report
