#Timing report of worst 100 path(s)
# Unit scale: 1e-09 seconds
# Output precision: 3

#Path 1
Startpoint: [17596].Q[0] (.latch clocked by pclk)
Endpoint  : paddress_4_4_.D[0] (.latch clocked by pclk)
Path Type : setup

Point                                                             Incr      Path
--------------------------------------------------------------------------------
clock pclk (rise edge)                                           0.000     0.000
clock source latency                                             0.000     0.000
pclk.inpad[0] (.input)                                           0.000     0.000
[17596].clk[0] (.latch)                                          0.042     0.042
[17596].Q[0] (.latch) [clock-to-output]                          0.124     0.166
[17572].in[0] (.names)                                           3.059     3.226
[17572].out[0] (.names)                                          0.261     3.487
[17574].in[5] (.names)                                           0.348     3.835
[17574].out[0] (.names)                                          0.261     4.096
nrq18_3.in[3] (.names)                                           0.347     4.443
nrq18_3.out[0] (.names)                                          0.261     4.704
[4264].in[3] (.names)                                            3.026     7.730
[4264].out[0] (.names)                                           0.261     7.991
[4361].in[2] (.names)                                            0.426     8.417
[4361].out[0] (.names)                                           0.261     8.678
[19086].in[2] (.names)                                           9.925    18.604
[19086].out[0] (.names)                                          0.261    18.865
[18529].in[4] (.names)                                           0.814    19.679
[18529].out[0] (.names)                                          0.261    19.940
paddress_4_4_.D[0] (.latch)                                      0.000    19.940
data arrival time                                                         19.940

clock pclk (rise edge)                                           0.000     0.000
clock source latency                                             0.000     0.000
pclk.inpad[0] (.input)                                           0.000     0.000
paddress_4_4_.clk[0] (.latch)                                    0.042     0.042
clock uncertainty                                                0.000     0.042
cell setup time                                                 -0.066    -0.024
data required time                                                        -0.024
--------------------------------------------------------------------------------
data required time                                                        -0.024
data arrival time                                                        -19.940
--------------------------------------------------------------------------------
slack (VIOLATED)                                                         -19.964


#Path 2
Startpoint: [17596].Q[0] (.latch clocked by pclk)
Endpoint  : [17063].D[0] (.latch clocked by pclk)
Path Type : setup

Point                                                             Incr      Path
--------------------------------------------------------------------------------
clock pclk (rise edge)                                           0.000     0.000
clock source latency                                             0.000     0.000
pclk.inpad[0] (.input)                                           0.000     0.000
[17596].clk[0] (.latch)                                          0.042     0.042
[17596].Q[0] (.latch) [clock-to-output]                          0.124     0.166
[17566].in[0] (.names)                                           3.059     3.226
[17566].out[0] (.names)                                          0.261     3.487
[17580].in[4] (.names)                                           0.100     3.587
[17580].out[0] (.names)                                          0.261     3.848
nen17_4.in[5] (.names)                                           0.580     4.428
nen17_4.out[0] (.names)                                          0.261     4.689
[2345].in[5] (.names)                                            7.070    11.759
[2345].out[0] (.names)                                           0.261    12.020
[18833].in[4] (.names)                                           0.100    12.120
[18833].out[0] (.names)                                          0.261    12.381
[17073].in[5] (.names)                                           0.100    12.481
[17073].out[0] (.names)                                          0.261    12.742
[17063].D[0] (.latch)                                            0.000    12.742
data arrival time                                                         12.742

clock pclk (rise edge)                                           0.000     0.000
clock source latency                                             0.000     0.000
pclk.inpad[0] (.input)                                           0.000     0.000
[17063].clk[0] (.latch)                                          0.042     0.042
clock uncertainty                                                0.000     0.042
cell setup time                                                 -0.066    -0.024
data required time                                                        -0.024
--------------------------------------------------------------------------------
data required time                                                        -0.024
data arrival time                                                        -12.742
--------------------------------------------------------------------------------
slack (VIOLATED)                                                         -12.765


#Path 3
Startpoint: [17674].Q[0] (.latch clocked by pclk)
Endpoint  : [6215].D[0] (.latch clocked by pclk)
Path Type : setup

Point                                                             Incr      Path
--------------------------------------------------------------------------------
clock pclk (rise edge)                                           0.000     0.000
clock source latency                                             0.000     0.000
pclk.inpad[0] (.input)                                           0.000     0.000
[17674].clk[0] (.latch)                                          0.042     0.042
[17674].Q[0] (.latch) [clock-to-output]                          0.124     0.166
[5511].in[2] (.names)                                            0.745     0.911
[5511].out[0] (.names)                                           0.261     1.172
[17711].in[1] (.names)                                           0.501     1.673
[17711].out[0] (.names)                                          0.261     1.934
[17832].in[5] (.names)                                           7.499     9.433
[17832].out[0] (.names)                                          0.261     9.694
n_n2473.in[4] (.names)                                           0.581    10.275
n_n2473.out[0] (.names)                                          0.261    10.536
[4410].in[0] (.names)                                            0.504    11.040
[4410].out[0] (.names)                                           0.261    11.301
[19367].in[5] (.names)                                           0.100    11.401
[19367].out[0] (.names)                                          0.261    11.662
[6224].in[3] (.names)                                            0.736    12.398
[6224].out[0] (.names)                                           0.261    12.659
[6215].D[0] (.latch)                                             0.000    12.659
data arrival time                                                         12.659

clock pclk (rise edge)                                           0.000     0.000
clock source latency                                             0.000     0.000
pclk.inpad[0] (.input)                                           0.000     0.000
[6215].clk[0] (.latch)                                           0.042     0.042
clock uncertainty                                                0.000     0.042
cell setup time                                                 -0.066    -0.024
data required time                                                        -0.024
--------------------------------------------------------------------------------
data required time                                                        -0.024
data arrival time                                                        -12.659
--------------------------------------------------------------------------------
slack (VIOLATED)                                                         -12.683


#Path 4
Startpoint: [17596].Q[0] (.latch clocked by pclk)
Endpoint  : paddress_10_10_.D[0] (.latch clocked by pclk)
Path Type : setup

Point                                                             Incr      Path
--------------------------------------------------------------------------------
clock pclk (rise edge)                                           0.000     0.000
clock source latency                                             0.000     0.000
pclk.inpad[0] (.input)                                           0.000     0.000
[17596].clk[0] (.latch)                                          0.042     0.042
[17596].Q[0] (.latch) [clock-to-output]                          0.124     0.166
[17572].in[0] (.names)                                           3.059     3.226
[17572].out[0] (.names)                                          0.261     3.487
[17574].in[5] (.names)                                           0.348     3.835
[17574].out[0] (.names)                                          0.261     4.096
nrq18_3.in[3] (.names)                                           0.347     4.443
nrq18_3.out[0] (.names)                                          0.261     4.704
[4264].in[3] (.names)                                            3.026     7.730
[4264].out[0] (.names)                                           0.261     7.991
[4361].in[2] (.names)                                            0.426     8.417
[4361].out[0] (.names)                                           0.261     8.678
[18870].in[2] (.names)                                           3.358    12.036
[18870].out[0] (.names)                                          0.261    12.297
[17476].in[4] (.names)                                           0.100    12.397
[17476].out[0] (.names)                                          0.261    12.658
paddress_10_10_.D[0] (.latch)                                    0.000    12.658
data arrival time                                                         12.658

clock pclk (rise edge)                                           0.000     0.000
clock source latency                                             0.000     0.000
pclk.inpad[0] (.input)                                           0.000     0.000
paddress_10_10_.clk[0] (.latch)                                  0.042     0.042
clock uncertainty                                                0.000     0.042
cell setup time                                                 -0.066    -0.024
data required time                                                        -0.024
--------------------------------------------------------------------------------
data required time                                                        -0.024
data arrival time                                                        -12.658
--------------------------------------------------------------------------------
slack (VIOLATED)                                                         -12.682


#Path 5
Startpoint: [17674].Q[0] (.latch clocked by pclk)
Endpoint  : [13070].D[0] (.latch clocked by pclk)
Path Type : setup

Point                                                             Incr      Path
--------------------------------------------------------------------------------
clock pclk (rise edge)                                           0.000     0.000
clock source latency                                             0.000     0.000
pclk.inpad[0] (.input)                                           0.000     0.000
[17674].clk[0] (.latch)                                          0.042     0.042
[17674].Q[0] (.latch) [clock-to-output]                          0.124     0.166
[5511].in[2] (.names)                                            0.745     0.911
[5511].out[0] (.names)                                           0.261     1.172
[17711].in[1] (.names)                                           0.501     1.673
[17711].out[0] (.names)                                          0.261     1.934
[17832].in[5] (.names)                                           7.499     9.433
[17832].out[0] (.names)                                          0.261     9.694
n_n2473.in[4] (.names)                                           0.581    10.275
n_n2473.out[0] (.names)                                          0.261    10.536
[4410].in[0] (.names)                                            0.504    11.040
[4410].out[0] (.names)                                           0.261    11.301
[19367].in[5] (.names)                                           0.100    11.401
[19367].out[0] (.names)                                          0.261    11.662
[13079].in[2] (.names)                                           0.579    12.241
[13079].out[0] (.names)                                          0.261    12.502
[13070].D[0] (.latch)                                            0.000    12.502
data arrival time                                                         12.502

clock pclk (rise edge)                                           0.000     0.000
clock source latency                                             0.000     0.000
pclk.inpad[0] (.input)                                           0.000     0.000
[13070].clk[0] (.latch)                                          0.042     0.042
clock uncertainty                                                0.000     0.042
cell setup time                                                 -0.066    -0.024
data required time                                                        -0.024
--------------------------------------------------------------------------------
data required time                                                        -0.024
data arrival time                                                        -12.502
--------------------------------------------------------------------------------
slack (VIOLATED)                                                         -12.525


#Path 6
Startpoint: [17674].Q[0] (.latch clocked by pclk)
Endpoint  : [5435].D[0] (.latch clocked by pclk)
Path Type : setup

Point                                                             Incr      Path
--------------------------------------------------------------------------------
clock pclk (rise edge)                                           0.000     0.000
clock source latency                                             0.000     0.000
pclk.inpad[0] (.input)                                           0.000     0.000
[17674].clk[0] (.latch)                                          0.042     0.042
[17674].Q[0] (.latch) [clock-to-output]                          0.124     0.166
[5511].in[2] (.names)                                            0.745     0.911
[5511].out[0] (.names)                                           0.261     1.172
[17711].in[1] (.names)                                           0.501     1.673
[17711].out[0] (.names)                                          0.261     1.934
[17832].in[5] (.names)                                           7.499     9.433
[17832].out[0] (.names)                                          0.261     9.694
n_n2473.in[4] (.names)                                           0.581    10.275
n_n2473.out[0] (.names)                                          0.261    10.536
[4410].in[0] (.names)                                            0.504    11.040
[4410].out[0] (.names)                                           0.261    11.301
[19367].in[5] (.names)                                           0.100    11.401
[19367].out[0] (.names)                                          0.261    11.662
[5444].in[3] (.names)                                            0.579    12.241
[5444].out[0] (.names)                                           0.261    12.502
[5435].D[0] (.latch)                                             0.000    12.502
data arrival time                                                         12.502

clock pclk (rise edge)                                           0.000     0.000
clock source latency                                             0.000     0.000
pclk.inpad[0] (.input)                                           0.000     0.000
[5435].clk[0] (.latch)                                           0.042     0.042
clock uncertainty                                                0.000     0.042
cell setup time                                                 -0.066    -0.024
data required time                                                        -0.024
--------------------------------------------------------------------------------
data required time                                                        -0.024
data arrival time                                                        -12.502
--------------------------------------------------------------------------------
slack (VIOLATED)                                                         -12.525


#Path 7
Startpoint: [17674].Q[0] (.latch clocked by pclk)
Endpoint  : [11375].D[0] (.latch clocked by pclk)
Path Type : setup

Point                                                             Incr      Path
--------------------------------------------------------------------------------
clock pclk (rise edge)                                           0.000     0.000
clock source latency                                             0.000     0.000
pclk.inpad[0] (.input)                                           0.000     0.000
[17674].clk[0] (.latch)                                          0.042     0.042
[17674].Q[0] (.latch) [clock-to-output]                          0.124     0.166
[5511].in[2] (.names)                                            0.745     0.911
[5511].out[0] (.names)                                           0.261     1.172
[17711].in[1] (.names)                                           0.501     1.673
[17711].out[0] (.names)                                          0.261     1.934
[17832].in[5] (.names)                                           7.499     9.433
[17832].out[0] (.names)                                          0.261     9.694
n_n2473.in[4] (.names)                                           0.581    10.275
n_n2473.out[0] (.names)                                          0.261    10.536
[4410].in[0] (.names)                                            0.504    11.040
[4410].out[0] (.names)                                           0.261    11.301
[19367].in[5] (.names)                                           0.100    11.401
[19367].out[0] (.names)                                          0.261    11.662
[11384].in[2] (.names)                                           0.579    12.241
[11384].out[0] (.names)                                          0.261    12.502
[11375].D[0] (.latch)                                            0.000    12.502
data arrival time                                                         12.502

clock pclk (rise edge)                                           0.000     0.000
clock source latency                                             0.000     0.000
pclk.inpad[0] (.input)                                           0.000     0.000
[11375].clk[0] (.latch)                                          0.042     0.042
clock uncertainty                                                0.000     0.042
cell setup time                                                 -0.066    -0.024
data required time                                                        -0.024
--------------------------------------------------------------------------------
data required time                                                        -0.024
data arrival time                                                        -12.502
--------------------------------------------------------------------------------
slack (VIOLATED)                                                         -12.525


#Path 8
Startpoint: [17674].Q[0] (.latch clocked by pclk)
Endpoint  : [8735].D[0] (.latch clocked by pclk)
Path Type : setup

Point                                                             Incr      Path
--------------------------------------------------------------------------------
clock pclk (rise edge)                                           0.000     0.000
clock source latency                                             0.000     0.000
pclk.inpad[0] (.input)                                           0.000     0.000
[17674].clk[0] (.latch)                                          0.042     0.042
[17674].Q[0] (.latch) [clock-to-output]                          0.124     0.166
[5511].in[2] (.names)                                            0.745     0.911
[5511].out[0] (.names)                                           0.261     1.172
[17711].in[1] (.names)                                           0.501     1.673
[17711].out[0] (.names)                                          0.261     1.934
[17832].in[5] (.names)                                           7.499     9.433
[17832].out[0] (.names)                                          0.261     9.694
n_n2473.in[4] (.names)                                           0.581    10.275
n_n2473.out[0] (.names)                                          0.261    10.536
[4410].in[0] (.names)                                            0.504    11.040
[4410].out[0] (.names)                                           0.261    11.301
[19367].in[5] (.names)                                           0.100    11.401
[19367].out[0] (.names)                                          0.261    11.662
[8744].in[2] (.names)                                            0.579    12.241
[8744].out[0] (.names)                                           0.261    12.502
[8735].D[0] (.latch)                                             0.000    12.502
data arrival time                                                         12.502

clock pclk (rise edge)                                           0.000     0.000
clock source latency                                             0.000     0.000
pclk.inpad[0] (.input)                                           0.000     0.000
[8735].clk[0] (.latch)                                           0.042     0.042
clock uncertainty                                                0.000     0.042
cell setup time                                                 -0.066    -0.024
data required time                                                        -0.024
--------------------------------------------------------------------------------
data required time                                                        -0.024
data arrival time                                                        -12.502
--------------------------------------------------------------------------------
slack (VIOLATED)                                                         -12.525


#Path 9
Startpoint: [17674].Q[0] (.latch clocked by pclk)
Endpoint  : [16070].D[0] (.latch clocked by pclk)
Path Type : setup

Point                                                             Incr      Path
--------------------------------------------------------------------------------
clock pclk (rise edge)                                           0.000     0.000
clock source latency                                             0.000     0.000
pclk.inpad[0] (.input)                                           0.000     0.000
[17674].clk[0] (.latch)                                          0.042     0.042
[17674].Q[0] (.latch) [clock-to-output]                          0.124     0.166
[5511].in[2] (.names)                                            0.745     0.911
[5511].out[0] (.names)                                           0.261     1.172
[17711].in[1] (.names)                                           0.501     1.673
[17711].out[0] (.names)                                          0.261     1.934
[17832].in[5] (.names)                                           7.499     9.433
[17832].out[0] (.names)                                          0.261     9.694
n_n2473.in[4] (.names)                                           0.581    10.275
n_n2473.out[0] (.names)                                          0.261    10.536
[4410].in[0] (.names)                                            0.504    11.040
[4410].out[0] (.names)                                           0.261    11.301
[19367].in[5] (.names)                                           0.100    11.401
[19367].out[0] (.names)                                          0.261    11.662
[16079].in[2] (.names)                                           0.579    12.241
[16079].out[0] (.names)                                          0.261    12.502
[16070].D[0] (.latch)                                            0.000    12.502
data arrival time                                                         12.502

clock pclk (rise edge)                                           0.000     0.000
clock source latency                                             0.000     0.000
pclk.inpad[0] (.input)                                           0.000     0.000
[16070].clk[0] (.latch)                                          0.042     0.042
clock uncertainty                                                0.000     0.042
cell setup time                                                 -0.066    -0.024
data required time                                                        -0.024
--------------------------------------------------------------------------------
data required time                                                        -0.024
data arrival time                                                        -12.502
--------------------------------------------------------------------------------
slack (VIOLATED)                                                         -12.525


#Path 10
Startpoint: [17674].Q[0] (.latch clocked by pclk)
Endpoint  : [13370].D[0] (.latch clocked by pclk)
Path Type : setup

Point                                                             Incr      Path
--------------------------------------------------------------------------------
clock pclk (rise edge)                                           0.000     0.000
clock source latency                                             0.000     0.000
pclk.inpad[0] (.input)                                           0.000     0.000
[17674].clk[0] (.latch)                                          0.042     0.042
[17674].Q[0] (.latch) [clock-to-output]                          0.124     0.166
[5511].in[2] (.names)                                            0.745     0.911
[5511].out[0] (.names)                                           0.261     1.172
[17711].in[1] (.names)                                           0.501     1.673
[17711].out[0] (.names)                                          0.261     1.934
[17832].in[5] (.names)                                           7.499     9.433
[17832].out[0] (.names)                                          0.261     9.694
n_n2473.in[4] (.names)                                           0.581    10.275
n_n2473.out[0] (.names)                                          0.261    10.536
[4410].in[0] (.names)                                            0.504    11.040
[4410].out[0] (.names)                                           0.261    11.301
[19367].in[5] (.names)                                           0.100    11.401
[19367].out[0] (.names)                                          0.261    11.662
[13379].in[2] (.names)                                           0.579    12.241
[13379].out[0] (.names)                                          0.261    12.502
[13370].D[0] (.latch)                                            0.000    12.502
data arrival time                                                         12.502

clock pclk (rise edge)                                           0.000     0.000
clock source latency                                             0.000     0.000
pclk.inpad[0] (.input)                                           0.000     0.000
[13370].clk[0] (.latch)                                          0.042     0.042
clock uncertainty                                                0.000     0.042
cell setup time                                                 -0.066    -0.024
data required time                                                        -0.024
--------------------------------------------------------------------------------
data required time                                                        -0.024
data arrival time                                                        -12.502
--------------------------------------------------------------------------------
slack (VIOLATED)                                                         -12.525


#Path 11
Startpoint: [17674].Q[0] (.latch clocked by pclk)
Endpoint  : [7400].D[0] (.latch clocked by pclk)
Path Type : setup

Point                                                             Incr      Path
--------------------------------------------------------------------------------
clock pclk (rise edge)                                           0.000     0.000
clock source latency                                             0.000     0.000
pclk.inpad[0] (.input)                                           0.000     0.000
[17674].clk[0] (.latch)                                          0.042     0.042
[17674].Q[0] (.latch) [clock-to-output]                          0.124     0.166
[5511].in[2] (.names)                                            0.745     0.911
[5511].out[0] (.names)                                           0.261     1.172
[17711].in[1] (.names)                                           0.501     1.673
[17711].out[0] (.names)                                          0.261     1.934
[17832].in[5] (.names)                                           7.499     9.433
[17832].out[0] (.names)                                          0.261     9.694
n_n2473.in[4] (.names)                                           0.581    10.275
n_n2473.out[0] (.names)                                          0.261    10.536
[4410].in[0] (.names)                                            0.504    11.040
[4410].out[0] (.names)                                           0.261    11.301
[19367].in[5] (.names)                                           0.100    11.401
[19367].out[0] (.names)                                          0.261    11.662
[7409].in[4] (.names)                                            0.502    12.164
[7409].out[0] (.names)                                           0.261    12.425
[7400].D[0] (.latch)                                             0.000    12.425
data arrival time                                                         12.425

clock pclk (rise edge)                                           0.000     0.000
clock source latency                                             0.000     0.000
pclk.inpad[0] (.input)                                           0.000     0.000
[7400].clk[0] (.latch)                                           0.042     0.042
clock uncertainty                                                0.000     0.042
cell setup time                                                 -0.066    -0.024
data required time                                                        -0.024
--------------------------------------------------------------------------------
data required time                                                        -0.024
data arrival time                                                        -12.425
--------------------------------------------------------------------------------
slack (VIOLATED)                                                         -12.448


#Path 12
Startpoint: [17674].Q[0] (.latch clocked by pclk)
Endpoint  : [10055].D[0] (.latch clocked by pclk)
Path Type : setup

Point                                                             Incr      Path
--------------------------------------------------------------------------------
clock pclk (rise edge)                                           0.000     0.000
clock source latency                                             0.000     0.000
pclk.inpad[0] (.input)                                           0.000     0.000
[17674].clk[0] (.latch)                                          0.042     0.042
[17674].Q[0] (.latch) [clock-to-output]                          0.124     0.166
[5511].in[2] (.names)                                            0.745     0.911
[5511].out[0] (.names)                                           0.261     1.172
[17711].in[1] (.names)                                           0.501     1.673
[17711].out[0] (.names)                                          0.261     1.934
[17832].in[5] (.names)                                           7.499     9.433
[17832].out[0] (.names)                                          0.261     9.694
n_n2473.in[4] (.names)                                           0.581    10.275
n_n2473.out[0] (.names)                                          0.261    10.536
[4410].in[0] (.names)                                            0.504    11.040
[4410].out[0] (.names)                                           0.261    11.301
[19367].in[5] (.names)                                           0.100    11.401
[19367].out[0] (.names)                                          0.261    11.662
[10064].in[4] (.names)                                           0.502    12.164
[10064].out[0] (.names)                                          0.261    12.425
[10055].D[0] (.latch)                                            0.000    12.425
data arrival time                                                         12.425

clock pclk (rise edge)                                           0.000     0.000
clock source latency                                             0.000     0.000
pclk.inpad[0] (.input)                                           0.000     0.000
[10055].clk[0] (.latch)                                          0.042     0.042
clock uncertainty                                                0.000     0.042
cell setup time                                                 -0.066    -0.024
data required time                                                        -0.024
--------------------------------------------------------------------------------
data required time                                                        -0.024
data arrival time                                                        -12.425
--------------------------------------------------------------------------------
slack (VIOLATED)                                                         -12.448


#Path 13
Startpoint: [17674].Q[0] (.latch clocked by pclk)
Endpoint  : [6725].D[0] (.latch clocked by pclk)
Path Type : setup

Point                                                             Incr      Path
--------------------------------------------------------------------------------
clock pclk (rise edge)                                           0.000     0.000
clock source latency                                             0.000     0.000
pclk.inpad[0] (.input)                                           0.000     0.000
[17674].clk[0] (.latch)                                          0.042     0.042
[17674].Q[0] (.latch) [clock-to-output]                          0.124     0.166
[5511].in[2] (.names)                                            0.745     0.911
[5511].out[0] (.names)                                           0.261     1.172
[17711].in[1] (.names)                                           0.501     1.673
[17711].out[0] (.names)                                          0.261     1.934
[17832].in[5] (.names)                                           7.499     9.433
[17832].out[0] (.names)                                          0.261     9.694
n_n2473.in[4] (.names)                                           0.581    10.275
n_n2473.out[0] (.names)                                          0.261    10.536
[4410].in[0] (.names)                                            0.504    11.040
[4410].out[0] (.names)                                           0.261    11.301
[19367].in[5] (.names)                                           0.100    11.401
[19367].out[0] (.names)                                          0.261    11.662
[6734].in[4] (.names)                                            0.502    12.164
[6734].out[0] (.names)                                           0.261    12.425
[6725].D[0] (.latch)                                             0.000    12.425
data arrival time                                                         12.425

clock pclk (rise edge)                                           0.000     0.000
clock source latency                                             0.000     0.000
pclk.inpad[0] (.input)                                           0.000     0.000
[6725].clk[0] (.latch)                                           0.042     0.042
clock uncertainty                                                0.000     0.042
cell setup time                                                 -0.066    -0.024
data required time                                                        -0.024
--------------------------------------------------------------------------------
data required time                                                        -0.024
data arrival time                                                        -12.425
--------------------------------------------------------------------------------
slack (VIOLATED)                                                         -12.448


#Path 14
Startpoint: [17674].Q[0] (.latch clocked by pclk)
Endpoint  : [6080].D[0] (.latch clocked by pclk)
Path Type : setup

Point                                                             Incr      Path
--------------------------------------------------------------------------------
clock pclk (rise edge)                                           0.000     0.000
clock source latency                                             0.000     0.000
pclk.inpad[0] (.input)                                           0.000     0.000
[17674].clk[0] (.latch)                                          0.042     0.042
[17674].Q[0] (.latch) [clock-to-output]                          0.124     0.166
[5511].in[2] (.names)                                            0.745     0.911
[5511].out[0] (.names)                                           0.261     1.172
[17711].in[1] (.names)                                           0.501     1.673
[17711].out[0] (.names)                                          0.261     1.934
[17832].in[5] (.names)                                           7.499     9.433
[17832].out[0] (.names)                                          0.261     9.694
n_n2473.in[4] (.names)                                           0.581    10.275
n_n2473.out[0] (.names)                                          0.261    10.536
[4410].in[0] (.names)                                            0.504    11.040
[4410].out[0] (.names)                                           0.261    11.301
[19367].in[5] (.names)                                           0.100    11.401
[19367].out[0] (.names)                                          0.261    11.662
[6089].in[3] (.names)                                            0.502    12.164
[6089].out[0] (.names)                                           0.261    12.425
[6080].D[0] (.latch)                                             0.000    12.425
data arrival time                                                         12.425

clock pclk (rise edge)                                           0.000     0.000
clock source latency                                             0.000     0.000
pclk.inpad[0] (.input)                                           0.000     0.000
[6080].clk[0] (.latch)                                           0.042     0.042
clock uncertainty                                                0.000     0.042
cell setup time                                                 -0.066    -0.024
data required time                                                        -0.024
--------------------------------------------------------------------------------
data required time                                                        -0.024
data arrival time                                                        -12.425
--------------------------------------------------------------------------------
slack (VIOLATED)                                                         -12.448


#Path 15
Startpoint: [17674].Q[0] (.latch clocked by pclk)
Endpoint  : [5480].D[0] (.latch clocked by pclk)
Path Type : setup

Point                                                             Incr      Path
--------------------------------------------------------------------------------
clock pclk (rise edge)                                           0.000     0.000
clock source latency                                             0.000     0.000
pclk.inpad[0] (.input)                                           0.000     0.000
[17674].clk[0] (.latch)                                          0.042     0.042
[17674].Q[0] (.latch) [clock-to-output]                          0.124     0.166
[5511].in[2] (.names)                                            0.745     0.911
[5511].out[0] (.names)                                           0.261     1.172
[17711].in[1] (.names)                                           0.501     1.673
[17711].out[0] (.names)                                          0.261     1.934
[17832].in[5] (.names)                                           7.499     9.433
[17832].out[0] (.names)                                          0.261     9.694
n_n2473.in[4] (.names)                                           0.581    10.275
n_n2473.out[0] (.names)                                          0.261    10.536
[4410].in[0] (.names)                                            0.504    11.040
[4410].out[0] (.names)                                           0.261    11.301
[19367].in[5] (.names)                                           0.100    11.401
[19367].out[0] (.names)                                          0.261    11.662
[5489].in[3] (.names)                                            0.502    12.164
[5489].out[0] (.names)                                           0.261    12.425
[5480].D[0] (.latch)                                             0.000    12.425
data arrival time                                                         12.425

clock pclk (rise edge)                                           0.000     0.000
clock source latency                                             0.000     0.000
pclk.inpad[0] (.input)                                           0.000     0.000
[5480].clk[0] (.latch)                                           0.042     0.042
clock uncertainty                                                0.000     0.042
cell setup time                                                 -0.066    -0.024
data required time                                                        -0.024
--------------------------------------------------------------------------------
data required time                                                        -0.024
data arrival time                                                        -12.425
--------------------------------------------------------------------------------
slack (VIOLATED)                                                         -12.448


#Path 16
Startpoint: [17596].Q[0] (.latch clocked by pclk)
Endpoint  : paddress_1_1_.D[0] (.latch clocked by pclk)
Path Type : setup

Point                                                             Incr      Path
--------------------------------------------------------------------------------
clock pclk (rise edge)                                           0.000     0.000
clock source latency                                             0.000     0.000
pclk.inpad[0] (.input)                                           0.000     0.000
[17596].clk[0] (.latch)                                          0.042     0.042
[17596].Q[0] (.latch) [clock-to-output]                          0.124     0.166
[17572].in[0] (.names)                                           3.059     3.226
[17572].out[0] (.names)                                          0.261     3.487
[17574].in[5] (.names)                                           0.348     3.835
[17574].out[0] (.names)                                          0.261     4.096
nrq18_3.in[3] (.names)                                           0.347     4.443
nrq18_3.out[0] (.names)                                          0.261     4.704
[4264].in[3] (.names)                                            3.026     7.730
[4264].out[0] (.names)                                           0.261     7.991
[2394].in[3] (.names)                                            0.731     8.722
[2394].out[0] (.names)                                           0.261     8.983
[2044].in[5] (.names)                                            1.432    10.416
[2044].out[0] (.names)                                           0.261    10.677
[19038].in[0] (.names)                                           0.269    10.945
[19038].out[0] (.names)                                          0.261    11.206
[18334].in[5] (.names)                                           0.424    11.630
[18334].out[0] (.names)                                          0.261    11.891
paddress_1_1_.D[0] (.latch)                                      0.000    11.891
data arrival time                                                         11.891

clock pclk (rise edge)                                           0.000     0.000
clock source latency                                             0.000     0.000
pclk.inpad[0] (.input)                                           0.000     0.000
paddress_1_1_.clk[0] (.latch)                                    0.042     0.042
clock uncertainty                                                0.000     0.042
cell setup time                                                 -0.066    -0.024
data required time                                                        -0.024
--------------------------------------------------------------------------------
data required time                                                        -0.024
data arrival time                                                        -11.891
--------------------------------------------------------------------------------
slack (VIOLATED)                                                         -11.914


#Path 17
Startpoint: [17596].Q[0] (.latch clocked by pclk)
Endpoint  : paddress_9_9_.D[0] (.latch clocked by pclk)
Path Type : setup

Point                                                             Incr      Path
--------------------------------------------------------------------------------
clock pclk (rise edge)                                           0.000     0.000
clock source latency                                             0.000     0.000
pclk.inpad[0] (.input)                                           0.000     0.000
[17596].clk[0] (.latch)                                          0.042     0.042
[17596].Q[0] (.latch) [clock-to-output]                          0.124     0.166
[17572].in[0] (.names)                                           3.059     3.226
[17572].out[0] (.names)                                          0.261     3.487
[17574].in[5] (.names)                                           0.348     3.835
[17574].out[0] (.names)                                          0.261     4.096
nrq18_3.in[3] (.names)                                           0.347     4.443
nrq18_3.out[0] (.names)                                          0.261     4.704
[4264].in[3] (.names)                                            3.026     7.730
[4264].out[0] (.names)                                           0.261     7.991
[2394].in[3] (.names)                                            0.731     8.722
[2394].out[0] (.names)                                           0.261     8.983
[2370].in[5] (.names)                                            1.432    10.416
[2370].out[0] (.names)                                           0.261    10.677
[16956].in[0] (.names)                                           0.810    11.486
[16956].out[0] (.names)                                          0.261    11.747
paddress_9_9_.D[0] (.latch)                                      0.000    11.747
data arrival time                                                         11.747

clock pclk (rise edge)                                           0.000     0.000
clock source latency                                             0.000     0.000
pclk.inpad[0] (.input)                                           0.000     0.000
paddress_9_9_.clk[0] (.latch)                                    0.042     0.042
clock uncertainty                                                0.000     0.042
cell setup time                                                 -0.066    -0.024
data required time                                                        -0.024
--------------------------------------------------------------------------------
data required time                                                        -0.024
data arrival time                                                        -11.747
--------------------------------------------------------------------------------
slack (VIOLATED)                                                         -11.771


#Path 18
Startpoint: [17596].Q[0] (.latch clocked by pclk)
Endpoint  : paddress_0_0_.D[0] (.latch clocked by pclk)
Path Type : setup

Point                                                             Incr      Path
--------------------------------------------------------------------------------
clock pclk (rise edge)                                           0.000     0.000
clock source latency                                             0.000     0.000
pclk.inpad[0] (.input)                                           0.000     0.000
[17596].clk[0] (.latch)                                          0.042     0.042
[17596].Q[0] (.latch) [clock-to-output]                          0.124     0.166
[17572].in[0] (.names)                                           3.059     3.226
[17572].out[0] (.names)                                          0.261     3.487
[17574].in[5] (.names)                                           0.348     3.835
[17574].out[0] (.names)                                          0.261     4.096
nrq18_3.in[3] (.names)                                           0.347     4.443
nrq18_3.out[0] (.names)                                          0.261     4.704
[4264].in[3] (.names)                                            3.026     7.730
[4264].out[0] (.names)                                           0.261     7.991
[2394].in[3] (.names)                                            0.731     8.722
[2394].out[0] (.names)                                           0.261     8.983
[2067].in[5] (.names)                                            1.432    10.416
[2067].out[0] (.names)                                           0.261    10.677
[19019].in[0] (.names)                                           0.424    11.100
[19019].out[0] (.names)                                          0.261    11.361
[18269].in[5] (.names)                                           0.100    11.461
[18269].out[0] (.names)                                          0.261    11.722
paddress_0_0_.D[0] (.latch)                                      0.000    11.722
data arrival time                                                         11.722

clock pclk (rise edge)                                           0.000     0.000
clock source latency                                             0.000     0.000
pclk.inpad[0] (.input)                                           0.000     0.000
paddress_0_0_.clk[0] (.latch)                                    0.042     0.042
clock uncertainty                                                0.000     0.042
cell setup time                                                 -0.066    -0.024
data required time                                                        -0.024
--------------------------------------------------------------------------------
data required time                                                        -0.024
data arrival time                                                        -11.722
--------------------------------------------------------------------------------
slack (VIOLATED)                                                         -11.746


#Path 19
Startpoint: [17674].Q[0] (.latch clocked by pclk)
Endpoint  : [15725].D[0] (.latch clocked by pclk)
Path Type : setup

Point                                                             Incr      Path
--------------------------------------------------------------------------------
clock pclk (rise edge)                                           0.000     0.000
clock source latency                                             0.000     0.000
pclk.inpad[0] (.input)                                           0.000     0.000
[17674].clk[0] (.latch)                                          0.042     0.042
[17674].Q[0] (.latch) [clock-to-output]                          0.124     0.166
[5511].in[2] (.names)                                            0.745     0.911
[5511].out[0] (.names)                                           0.261     1.172
[17711].in[1] (.names)                                           0.501     1.673
[17711].out[0] (.names)                                          0.261     1.934
[17832].in[5] (.names)                                           7.499     9.433
[17832].out[0] (.names)                                          0.261     9.694
n_n2473.in[4] (.names)                                           0.581    10.275
n_n2473.out[0] (.names)                                          0.261    10.536
[15734].in[1] (.names)                                           0.809    11.345
[15734].out[0] (.names)                                          0.261    11.606
[15725].D[0] (.latch)                                            0.000    11.606
data arrival time                                                         11.606

clock pclk (rise edge)                                           0.000     0.000
clock source latency                                             0.000     0.000
pclk.inpad[0] (.input)                                           0.000     0.000
[15725].clk[0] (.latch)                                          0.042     0.042
clock uncertainty                                                0.000     0.042
cell setup time                                                 -0.066    -0.024
data required time                                                        -0.024
--------------------------------------------------------------------------------
data required time                                                        -0.024
data arrival time                                                        -11.606
--------------------------------------------------------------------------------
slack (VIOLATED)                                                         -11.629


#Path 20
Startpoint: [17674].Q[0] (.latch clocked by pclk)
Endpoint  : [15320].D[0] (.latch clocked by pclk)
Path Type : setup

Point                                                             Incr      Path
--------------------------------------------------------------------------------
clock pclk (rise edge)                                           0.000     0.000
clock source latency                                             0.000     0.000
pclk.inpad[0] (.input)                                           0.000     0.000
[17674].clk[0] (.latch)                                          0.042     0.042
[17674].Q[0] (.latch) [clock-to-output]                          0.124     0.166
[5511].in[2] (.names)                                            0.745     0.911
[5511].out[0] (.names)                                           0.261     1.172
[17711].in[1] (.names)                                           0.501     1.673
[17711].out[0] (.names)                                          0.261     1.934
[17832].in[5] (.names)                                           7.499     9.433
[17832].out[0] (.names)                                          0.261     9.694
n_n2473.in[4] (.names)                                           0.581    10.275
n_n2473.out[0] (.names)                                          0.261    10.536
[15329].in[1] (.names)                                           0.809    11.345
[15329].out[0] (.names)                                          0.261    11.606
[15320].D[0] (.latch)                                            0.000    11.606
data arrival time                                                         11.606

clock pclk (rise edge)                                           0.000     0.000
clock source latency                                             0.000     0.000
pclk.inpad[0] (.input)                                           0.000     0.000
[15320].clk[0] (.latch)                                          0.042     0.042
clock uncertainty                                                0.000     0.042
cell setup time                                                 -0.066    -0.024
data required time                                                        -0.024
--------------------------------------------------------------------------------
data required time                                                        -0.024
data arrival time                                                        -11.606
--------------------------------------------------------------------------------
slack (VIOLATED)                                                         -11.629


#Path 21
Startpoint: [17674].Q[0] (.latch clocked by pclk)
Endpoint  : [13730].D[0] (.latch clocked by pclk)
Path Type : setup

Point                                                             Incr      Path
--------------------------------------------------------------------------------
clock pclk (rise edge)                                           0.000     0.000
clock source latency                                             0.000     0.000
pclk.inpad[0] (.input)                                           0.000     0.000
[17674].clk[0] (.latch)                                          0.042     0.042
[17674].Q[0] (.latch) [clock-to-output]                          0.124     0.166
[5511].in[2] (.names)                                            0.745     0.911
[5511].out[0] (.names)                                           0.261     1.172
[17711].in[1] (.names)                                           0.501     1.673
[17711].out[0] (.names)                                          0.261     1.934
[17832].in[5] (.names)                                           7.499     9.433
[17832].out[0] (.names)                                          0.261     9.694
n_n2473.in[4] (.names)                                           0.581    10.275
n_n2473.out[0] (.names)                                          0.261    10.536
[13739].in[1] (.names)                                           0.809    11.345
[13739].out[0] (.names)                                          0.261    11.606
[13730].D[0] (.latch)                                            0.000    11.606
data arrival time                                                         11.606

clock pclk (rise edge)                                           0.000     0.000
clock source latency                                             0.000     0.000
pclk.inpad[0] (.input)                                           0.000     0.000
[13730].clk[0] (.latch)                                          0.042     0.042
clock uncertainty                                                0.000     0.042
cell setup time                                                 -0.066    -0.024
data required time                                                        -0.024
--------------------------------------------------------------------------------
data required time                                                        -0.024
data arrival time                                                        -11.606
--------------------------------------------------------------------------------
slack (VIOLATED)                                                         -11.629


#Path 22
Startpoint: [17674].Q[0] (.latch clocked by pclk)
Endpoint  : [12365].D[0] (.latch clocked by pclk)
Path Type : setup

Point                                                             Incr      Path
--------------------------------------------------------------------------------
clock pclk (rise edge)                                           0.000     0.000
clock source latency                                             0.000     0.000
pclk.inpad[0] (.input)                                           0.000     0.000
[17674].clk[0] (.latch)                                          0.042     0.042
[17674].Q[0] (.latch) [clock-to-output]                          0.124     0.166
[5511].in[2] (.names)                                            0.745     0.911
[5511].out[0] (.names)                                           0.261     1.172
[17711].in[1] (.names)                                           0.501     1.673
[17711].out[0] (.names)                                          0.261     1.934
[17832].in[5] (.names)                                           7.499     9.433
[17832].out[0] (.names)                                          0.261     9.694
n_n2473.in[4] (.names)                                           0.581    10.275
n_n2473.out[0] (.names)                                          0.261    10.536
[12374].in[1] (.names)                                           0.809    11.345
[12374].out[0] (.names)                                          0.261    11.606
[12365].D[0] (.latch)                                            0.000    11.606
data arrival time                                                         11.606

clock pclk (rise edge)                                           0.000     0.000
clock source latency                                             0.000     0.000
pclk.inpad[0] (.input)                                           0.000     0.000
[12365].clk[0] (.latch)                                          0.042     0.042
clock uncertainty                                                0.000     0.042
cell setup time                                                 -0.066    -0.024
data required time                                                        -0.024
--------------------------------------------------------------------------------
data required time                                                        -0.024
data arrival time                                                        -11.606
--------------------------------------------------------------------------------
slack (VIOLATED)                                                         -11.629


#Path 23
Startpoint: [17674].Q[0] (.latch clocked by pclk)
Endpoint  : [9395].D[0] (.latch clocked by pclk)
Path Type : setup

Point                                                             Incr      Path
--------------------------------------------------------------------------------
clock pclk (rise edge)                                           0.000     0.000
clock source latency                                             0.000     0.000
pclk.inpad[0] (.input)                                           0.000     0.000
[17674].clk[0] (.latch)                                          0.042     0.042
[17674].Q[0] (.latch) [clock-to-output]                          0.124     0.166
[5511].in[2] (.names)                                            0.745     0.911
[5511].out[0] (.names)                                           0.261     1.172
[17711].in[1] (.names)                                           0.501     1.673
[17711].out[0] (.names)                                          0.261     1.934
[17832].in[5] (.names)                                           7.499     9.433
[17832].out[0] (.names)                                          0.261     9.694
n_n2473.in[4] (.names)                                           0.581    10.275
n_n2473.out[0] (.names)                                          0.261    10.536
[9404].in[1] (.names)                                            0.809    11.345
[9404].out[0] (.names)                                           0.261    11.606
[9395].D[0] (.latch)                                             0.000    11.606
data arrival time                                                         11.606

clock pclk (rise edge)                                           0.000     0.000
clock source latency                                             0.000     0.000
pclk.inpad[0] (.input)                                           0.000     0.000
[9395].clk[0] (.latch)                                           0.042     0.042
clock uncertainty                                                0.000     0.042
cell setup time                                                 -0.066    -0.024
data required time                                                        -0.024
--------------------------------------------------------------------------------
data required time                                                        -0.024
data arrival time                                                        -11.606
--------------------------------------------------------------------------------
slack (VIOLATED)                                                         -11.629


#Path 24
Startpoint: [17674].Q[0] (.latch clocked by pclk)
Endpoint  : [11180].D[0] (.latch clocked by pclk)
Path Type : setup

Point                                                             Incr      Path
--------------------------------------------------------------------------------
clock pclk (rise edge)                                           0.000     0.000
clock source latency                                             0.000     0.000
pclk.inpad[0] (.input)                                           0.000     0.000
[17674].clk[0] (.latch)                                          0.042     0.042
[17674].Q[0] (.latch) [clock-to-output]                          0.124     0.166
[5511].in[2] (.names)                                            0.745     0.911
[5511].out[0] (.names)                                           0.261     1.172
[17711].in[1] (.names)                                           0.501     1.673
[17711].out[0] (.names)                                          0.261     1.934
[17832].in[5] (.names)                                           7.499     9.433
[17832].out[0] (.names)                                          0.261     9.694
n_n2473.in[4] (.names)                                           0.581    10.275
n_n2473.out[0] (.names)                                          0.261    10.536
[11189].in[1] (.names)                                           0.809    11.345
[11189].out[0] (.names)                                          0.261    11.606
[11180].D[0] (.latch)                                            0.000    11.606
data arrival time                                                         11.606

clock pclk (rise edge)                                           0.000     0.000
clock source latency                                             0.000     0.000
pclk.inpad[0] (.input)                                           0.000     0.000
[11180].clk[0] (.latch)                                          0.042     0.042
clock uncertainty                                                0.000     0.042
cell setup time                                                 -0.066    -0.024
data required time                                                        -0.024
--------------------------------------------------------------------------------
data required time                                                        -0.024
data arrival time                                                        -11.606
--------------------------------------------------------------------------------
slack (VIOLATED)                                                         -11.629


#Path 25
Startpoint: [17674].Q[0] (.latch clocked by pclk)
Endpoint  : [10580].D[0] (.latch clocked by pclk)
Path Type : setup

Point                                                             Incr      Path
--------------------------------------------------------------------------------
clock pclk (rise edge)                                           0.000     0.000
clock source latency                                             0.000     0.000
pclk.inpad[0] (.input)                                           0.000     0.000
[17674].clk[0] (.latch)                                          0.042     0.042
[17674].Q[0] (.latch) [clock-to-output]                          0.124     0.166
[5511].in[2] (.names)                                            0.745     0.911
[5511].out[0] (.names)                                           0.261     1.172
[17711].in[1] (.names)                                           0.501     1.673
[17711].out[0] (.names)                                          0.261     1.934
[17832].in[5] (.names)                                           7.499     9.433
[17832].out[0] (.names)                                          0.261     9.694
n_n2473.in[4] (.names)                                           0.581    10.275
n_n2473.out[0] (.names)                                          0.261    10.536
[10589].in[1] (.names)                                           0.809    11.345
[10589].out[0] (.names)                                          0.261    11.606
[10580].D[0] (.latch)                                            0.000    11.606
data arrival time                                                         11.606

clock pclk (rise edge)                                           0.000     0.000
clock source latency                                             0.000     0.000
pclk.inpad[0] (.input)                                           0.000     0.000
[10580].clk[0] (.latch)                                          0.042     0.042
clock uncertainty                                                0.000     0.042
cell setup time                                                 -0.066    -0.024
data required time                                                        -0.024
--------------------------------------------------------------------------------
data required time                                                        -0.024
data arrival time                                                        -11.606
--------------------------------------------------------------------------------
slack (VIOLATED)                                                         -11.629


#Path 26
Startpoint: [17674].Q[0] (.latch clocked by pclk)
Endpoint  : [8765].D[0] (.latch clocked by pclk)
Path Type : setup

Point                                                             Incr      Path
--------------------------------------------------------------------------------
clock pclk (rise edge)                                           0.000     0.000
clock source latency                                             0.000     0.000
pclk.inpad[0] (.input)                                           0.000     0.000
[17674].clk[0] (.latch)                                          0.042     0.042
[17674].Q[0] (.latch) [clock-to-output]                          0.124     0.166
[5511].in[2] (.names)                                            0.745     0.911
[5511].out[0] (.names)                                           0.261     1.172
[17711].in[1] (.names)                                           0.501     1.673
[17711].out[0] (.names)                                          0.261     1.934
[17832].in[5] (.names)                                           7.499     9.433
[17832].out[0] (.names)                                          0.261     9.694
n_n2473.in[4] (.names)                                           0.581    10.275
n_n2473.out[0] (.names)                                          0.261    10.536
[8774].in[1] (.names)                                            0.809    11.345
[8774].out[0] (.names)                                           0.261    11.606
[8765].D[0] (.latch)                                             0.000    11.606
data arrival time                                                         11.606

clock pclk (rise edge)                                           0.000     0.000
clock source latency                                             0.000     0.000
pclk.inpad[0] (.input)                                           0.000     0.000
[8765].clk[0] (.latch)                                           0.042     0.042
clock uncertainty                                                0.000     0.042
cell setup time                                                 -0.066    -0.024
data required time                                                        -0.024
--------------------------------------------------------------------------------
data required time                                                        -0.024
data arrival time                                                        -11.606
--------------------------------------------------------------------------------
slack (VIOLATED)                                                         -11.629


#Path 27
Startpoint: [17674].Q[0] (.latch clocked by pclk)
Endpoint  : [4730].D[0] (.latch clocked by pclk)
Path Type : setup

Point                                                             Incr      Path
--------------------------------------------------------------------------------
clock pclk (rise edge)                                           0.000     0.000
clock source latency                                             0.000     0.000
pclk.inpad[0] (.input)                                           0.000     0.000
[17674].clk[0] (.latch)                                          0.042     0.042
[17674].Q[0] (.latch) [clock-to-output]                          0.124     0.166
[5511].in[2] (.names)                                            0.745     0.911
[5511].out[0] (.names)                                           0.261     1.172
[17711].in[1] (.names)                                           0.501     1.673
[17711].out[0] (.names)                                          0.261     1.934
[17832].in[5] (.names)                                           7.499     9.433
[17832].out[0] (.names)                                          0.261     9.694
n_n2473.in[4] (.names)                                           0.581    10.275
n_n2473.out[0] (.names)                                          0.261    10.536
[4739].in[1] (.names)                                            0.809    11.345
[4739].out[0] (.names)                                           0.261    11.606
[4730].D[0] (.latch)                                             0.000    11.606
data arrival time                                                         11.606

clock pclk (rise edge)                                           0.000     0.000
clock source latency                                             0.000     0.000
pclk.inpad[0] (.input)                                           0.000     0.000
[4730].clk[0] (.latch)                                           0.042     0.042
clock uncertainty                                                0.000     0.042
cell setup time                                                 -0.066    -0.024
data required time                                                        -0.024
--------------------------------------------------------------------------------
data required time                                                        -0.024
data arrival time                                                        -11.606
--------------------------------------------------------------------------------
slack (VIOLATED)                                                         -11.629


#Path 28
Startpoint: [17596].Q[0] (.latch clocked by pclk)
Endpoint  : paddress_3_3_.D[0] (.latch clocked by pclk)
Path Type : setup

Point                                                             Incr      Path
--------------------------------------------------------------------------------
clock pclk (rise edge)                                           0.000     0.000
clock source latency                                             0.000     0.000
pclk.inpad[0] (.input)                                           0.000     0.000
[17596].clk[0] (.latch)                                          0.042     0.042
[17596].Q[0] (.latch) [clock-to-output]                          0.124     0.166
[17572].in[0] (.names)                                           3.059     3.226
[17572].out[0] (.names)                                          0.261     3.487
[17574].in[5] (.names)                                           0.348     3.835
[17574].out[0] (.names)                                          0.261     4.096
nrq18_3.in[3] (.names)                                           0.347     4.443
nrq18_3.out[0] (.names)                                          0.261     4.704
[4264].in[3] (.names)                                            3.026     7.730
[4264].out[0] (.names)                                           0.261     7.991
[2394].in[3] (.names)                                            0.731     8.722
[2394].out[0] (.names)                                           0.261     8.983
[2007].in[5] (.names)                                            1.432    10.416
[2007].out[0] (.names)                                           0.261    10.677
[18464].in[0] (.names)                                           0.648    11.324
[18464].out[0] (.names)                                          0.261    11.585
paddress_3_3_.D[0] (.latch)                                      0.000    11.585
data arrival time                                                         11.585

clock pclk (rise edge)                                           0.000     0.000
clock source latency                                             0.000     0.000
pclk.inpad[0] (.input)                                           0.000     0.000
paddress_3_3_.clk[0] (.latch)                                    0.042     0.042
clock uncertainty                                                0.000     0.042
cell setup time                                                 -0.066    -0.024
data required time                                                        -0.024
--------------------------------------------------------------------------------
data required time                                                        -0.024
data arrival time                                                        -11.585
--------------------------------------------------------------------------------
slack (VIOLATED)                                                         -11.609


#Path 29
Startpoint: [17596].Q[0] (.latch clocked by pclk)
Endpoint  : [7655].D[0] (.latch clocked by pclk)
Path Type : setup

Point                                                             Incr      Path
--------------------------------------------------------------------------------
clock pclk (rise edge)                                           0.000     0.000
clock source latency                                             0.000     0.000
pclk.inpad[0] (.input)                                           0.000     0.000
[17596].clk[0] (.latch)                                          0.042     0.042
[17596].Q[0] (.latch) [clock-to-output]                          0.124     0.166
[17572].in[0] (.names)                                           3.059     3.226
[17572].out[0] (.names)                                          0.261     3.487
[17574].in[5] (.names)                                           0.348     3.835
[17574].out[0] (.names)                                          0.261     4.096
nen12_2.in[4] (.names)                                           0.801     4.897
nen12_2.out[0] (.names)                                          0.261     5.158
[17865].in[3] (.names)                                           0.657     5.814
[17865].out[0] (.names)                                          0.261     6.075
n_n2444.in[3] (.names)                                           1.971     8.046
n_n2444.out[0] (.names)                                          0.261     8.307
[7664].in[3] (.names)                                            2.972    11.279
[7664].out[0] (.names)                                           0.261    11.540
[7655].D[0] (.latch)                                             0.000    11.540
data arrival time                                                         11.540

clock pclk (rise edge)                                           0.000     0.000
clock source latency                                             0.000     0.000
pclk.inpad[0] (.input)                                           0.000     0.000
[7655].clk[0] (.latch)                                           0.042     0.042
clock uncertainty                                                0.000     0.042
cell setup time                                                 -0.066    -0.024
data required time                                                        -0.024
--------------------------------------------------------------------------------
data required time                                                        -0.024
data arrival time                                                        -11.540
--------------------------------------------------------------------------------
slack (VIOLATED)                                                         -11.564


#Path 30
Startpoint: [17596].Q[0] (.latch clocked by pclk)
Endpoint  : [10115].D[0] (.latch clocked by pclk)
Path Type : setup

Point                                                             Incr      Path
--------------------------------------------------------------------------------
clock pclk (rise edge)                                           0.000     0.000
clock source latency                                             0.000     0.000
pclk.inpad[0] (.input)                                           0.000     0.000
[17596].clk[0] (.latch)                                          0.042     0.042
[17596].Q[0] (.latch) [clock-to-output]                          0.124     0.166
[17572].in[0] (.names)                                           3.059     3.226
[17572].out[0] (.names)                                          0.261     3.487
[17574].in[5] (.names)                                           0.348     3.835
[17574].out[0] (.names)                                          0.261     4.096
nen12_2.in[4] (.names)                                           0.801     4.897
nen12_2.out[0] (.names)                                          0.261     5.158
[17865].in[3] (.names)                                           0.657     5.814
[17865].out[0] (.names)                                          0.261     6.075
n_n2444.in[3] (.names)                                           1.971     8.046
n_n2444.out[0] (.names)                                          0.261     8.307
[10124].in[3] (.names)                                           2.896    11.203
[10124].out[0] (.names)                                          0.261    11.464
[10115].D[0] (.latch)                                            0.000    11.464
data arrival time                                                         11.464

clock pclk (rise edge)                                           0.000     0.000
clock source latency                                             0.000     0.000
pclk.inpad[0] (.input)                                           0.000     0.000
[10115].clk[0] (.latch)                                          0.042     0.042
clock uncertainty                                                0.000     0.042
cell setup time                                                 -0.066    -0.024
data required time                                                        -0.024
--------------------------------------------------------------------------------
data required time                                                        -0.024
data arrival time                                                        -11.464
--------------------------------------------------------------------------------
slack (VIOLATED)                                                         -11.488


#Path 31
Startpoint: [17596].Q[0] (.latch clocked by pclk)
Endpoint  : ppeaka_5_5_.D[0] (.latch clocked by pclk)
Path Type : setup

Point                                                             Incr      Path
--------------------------------------------------------------------------------
clock pclk (rise edge)                                           0.000     0.000
clock source latency                                             0.000     0.000
pclk.inpad[0] (.input)                                           0.000     0.000
[17596].clk[0] (.latch)                                          0.042     0.042
[17596].Q[0] (.latch) [clock-to-output]                          0.124     0.166
[17572].in[0] (.names)                                           3.059     3.226
[17572].out[0] (.names)                                          0.261     3.487
[17574].in[5] (.names)                                           0.348     3.835
[17574].out[0] (.names)                                          0.261     4.096
[5533].in[3] (.names)                                            0.347     4.443
[5533].out[0] (.names)                                           0.261     4.704
[2464].in[5] (.names)                                            1.717     6.421
[2464].out[0] (.names)                                           0.261     6.682
[18760].in[3] (.names)                                           3.736    10.418
[18760].out[0] (.names)                                          0.261    10.679
[15839].in[4] (.names)                                           0.504    11.183
[15839].out[0] (.names)                                          0.261    11.444
ppeaka_5_5_.D[0] (.latch)                                        0.000    11.444
data arrival time                                                         11.444

clock pclk (rise edge)                                           0.000     0.000
clock source latency                                             0.000     0.000
pclk.inpad[0] (.input)                                           0.000     0.000
ppeaka_5_5_.clk[0] (.latch)                                      0.042     0.042
clock uncertainty                                                0.000     0.042
cell setup time                                                 -0.066    -0.024
data required time                                                        -0.024
--------------------------------------------------------------------------------
data required time                                                        -0.024
data arrival time                                                        -11.444
--------------------------------------------------------------------------------
slack (VIOLATED)                                                         -11.468


#Path 32
Startpoint: [17596].Q[0] (.latch clocked by pclk)
Endpoint  : paddress_7_7_.D[0] (.latch clocked by pclk)
Path Type : setup

Point                                                             Incr      Path
--------------------------------------------------------------------------------
clock pclk (rise edge)                                           0.000     0.000
clock source latency                                             0.000     0.000
pclk.inpad[0] (.input)                                           0.000     0.000
[17596].clk[0] (.latch)                                          0.042     0.042
[17596].Q[0] (.latch) [clock-to-output]                          0.124     0.166
[17572].in[0] (.names)                                           3.059     3.226
[17572].out[0] (.names)                                          0.261     3.487
[17574].in[5] (.names)                                           0.348     3.835
[17574].out[0] (.names)                                          0.261     4.096
nrq18_3.in[3] (.names)                                           0.347     4.443
nrq18_3.out[0] (.names)                                          0.261     4.704
[4264].in[3] (.names)                                            3.026     7.730
[4264].out[0] (.names)                                           0.261     7.991
[2394].in[3] (.names)                                            0.731     8.722
[2394].out[0] (.names)                                           0.261     8.983
[1930].in[5] (.names)                                            1.432    10.416
[1930].out[0] (.names)                                           0.261    10.677
[18633].in[0] (.names)                                           0.498    11.175
[18633].out[0] (.names)                                          0.261    11.436
paddress_7_7_.D[0] (.latch)                                      0.000    11.436
data arrival time                                                         11.436

clock pclk (rise edge)                                           0.000     0.000
clock source latency                                             0.000     0.000
pclk.inpad[0] (.input)                                           0.000     0.000
paddress_7_7_.clk[0] (.latch)                                    0.042     0.042
clock uncertainty                                                0.000     0.042
cell setup time                                                 -0.066    -0.024
data required time                                                        -0.024
--------------------------------------------------------------------------------
data required time                                                        -0.024
data arrival time                                                        -11.436
--------------------------------------------------------------------------------
slack (VIOLATED)                                                         -11.459


#Path 33
Startpoint: [17596].Q[0] (.latch clocked by pclk)
Endpoint  : [12650].D[0] (.latch clocked by pclk)
Path Type : setup

Point                                                             Incr      Path
--------------------------------------------------------------------------------
clock pclk (rise edge)                                           0.000     0.000
clock source latency                                             0.000     0.000
pclk.inpad[0] (.input)                                           0.000     0.000
[17596].clk[0] (.latch)                                          0.042     0.042
[17596].Q[0] (.latch) [clock-to-output]                          0.124     0.166
[17572].in[0] (.names)                                           3.059     3.226
[17572].out[0] (.names)                                          0.261     3.487
[17574].in[5] (.names)                                           0.348     3.835
[17574].out[0] (.names)                                          0.261     4.096
nen25_2.in[4] (.names)                                           0.100     4.196
nen25_2.out[0] (.names)                                          0.261     4.457
[17954].in[2] (.names)                                           2.830     7.287
[17954].out[0] (.names)                                          0.261     7.548
n_n2447.in[4] (.names)                                           0.270     7.818
n_n2447.out[0] (.names)                                          0.261     8.079
[19227].in[0] (.names)                                           0.347     8.426
[19227].out[0] (.names)                                          0.261     8.687
[19232].in[2] (.names)                                           0.100     8.787
[19232].out[0] (.names)                                          0.261     9.048
[19215].in[2] (.names)                                           0.426     9.474
[19215].out[0] (.names)                                          0.261     9.735
[19068].in[5] (.names)                                           0.100     9.835
[19068].out[0] (.names)                                          0.261    10.096
[12659].in[3] (.names)                                           1.046    11.142
[12659].out[0] (.names)                                          0.261    11.403
[12650].D[0] (.latch)                                            0.000    11.403
data arrival time                                                         11.403

clock pclk (rise edge)                                           0.000     0.000
clock source latency                                             0.000     0.000
pclk.inpad[0] (.input)                                           0.000     0.000
[12650].clk[0] (.latch)                                          0.042     0.042
clock uncertainty                                                0.000     0.042
cell setup time                                                 -0.066    -0.024
data required time                                                        -0.024
--------------------------------------------------------------------------------
data required time                                                        -0.024
data arrival time                                                        -11.403
--------------------------------------------------------------------------------
slack (VIOLATED)                                                         -11.427


#Path 34
Startpoint: [17596].Q[0] (.latch clocked by pclk)
Endpoint  : paddress_11_11_.D[0] (.latch clocked by pclk)
Path Type : setup

Point                                                             Incr      Path
--------------------------------------------------------------------------------
clock pclk (rise edge)                                           0.000     0.000
clock source latency                                             0.000     0.000
pclk.inpad[0] (.input)                                           0.000     0.000
[17596].clk[0] (.latch)                                          0.042     0.042
[17596].Q[0] (.latch) [clock-to-output]                          0.124     0.166
[17572].in[0] (.names)                                           3.059     3.226
[17572].out[0] (.names)                                          0.261     3.487
[17574].in[5] (.names)                                           0.348     3.835
[17574].out[0] (.names)                                          0.261     4.096
nrq18_3.in[3] (.names)                                           0.347     4.443
nrq18_3.out[0] (.names)                                          0.261     4.704
[4264].in[3] (.names)                                            3.026     7.730
[4264].out[0] (.names)                                           0.261     7.991
[2394].in[3] (.names)                                            0.731     8.722
[2394].out[0] (.names)                                           0.261     8.983
[2315].in[5] (.names)                                            1.432    10.416
[2315].out[0] (.names)                                           0.261    10.677
[17411].in[0] (.names)                                           0.426    11.103
[17411].out[0] (.names)                                          0.261    11.364
paddress_11_11_.D[0] (.latch)                                    0.000    11.364
data arrival time                                                         11.364

clock pclk (rise edge)                                           0.000     0.000
clock source latency                                             0.000     0.000
pclk.inpad[0] (.input)                                           0.000     0.000
paddress_11_11_.clk[0] (.latch)                                  0.042     0.042
clock uncertainty                                                0.000     0.042
cell setup time                                                 -0.066    -0.024
data required time                                                        -0.024
--------------------------------------------------------------------------------
data required time                                                        -0.024
data arrival time                                                        -11.364
--------------------------------------------------------------------------------
slack (VIOLATED)                                                         -11.387


#Path 35
Startpoint: [17596].Q[0] (.latch clocked by pclk)
Endpoint  : paddress_6_6_.D[0] (.latch clocked by pclk)
Path Type : setup

Point                                                             Incr      Path
--------------------------------------------------------------------------------
clock pclk (rise edge)                                           0.000     0.000
clock source latency                                             0.000     0.000
pclk.inpad[0] (.input)                                           0.000     0.000
[17596].clk[0] (.latch)                                          0.042     0.042
[17596].Q[0] (.latch) [clock-to-output]                          0.124     0.166
[17572].in[0] (.names)                                           3.059     3.226
[17572].out[0] (.names)                                          0.261     3.487
[17574].in[5] (.names)                                           0.348     3.835
[17574].out[0] (.names)                                          0.261     4.096
nrq18_3.in[3] (.names)                                           0.347     4.443
nrq18_3.out[0] (.names)                                          0.261     4.704
[4264].in[3] (.names)                                            3.026     7.730
[4264].out[0] (.names)                                           0.261     7.991
[2394].in[3] (.names)                                            0.731     8.722
[2394].out[0] (.names)                                           0.261     8.983
[1956].in[5] (.names)                                            1.432    10.416
[1956].out[0] (.names)                                           0.261    10.677
[18568].in[0] (.names)                                           0.423    11.099
[18568].out[0] (.names)                                          0.261    11.360
paddress_6_6_.D[0] (.latch)                                      0.000    11.360
data arrival time                                                         11.360

clock pclk (rise edge)                                           0.000     0.000
clock source latency                                             0.000     0.000
pclk.inpad[0] (.input)                                           0.000     0.000
paddress_6_6_.clk[0] (.latch)                                    0.042     0.042
clock uncertainty                                                0.000     0.042
cell setup time                                                 -0.066    -0.024
data required time                                                        -0.024
--------------------------------------------------------------------------------
data required time                                                        -0.024
data arrival time                                                        -11.360
--------------------------------------------------------------------------------
slack (VIOLATED)                                                         -11.384


#Path 36
Startpoint: [17843].Q[0] (.latch clocked by pclk)
Endpoint  : [4970].D[0] (.latch clocked by pclk)
Path Type : setup

Point                                                             Incr      Path
--------------------------------------------------------------------------------
clock pclk (rise edge)                                           0.000     0.000
clock source latency                                             0.000     0.000
pclk.inpad[0] (.input)                                           0.000     0.000
[17843].clk[0] (.latch)                                          0.042     0.042
[17843].Q[0] (.latch) [clock-to-output]                          0.124     0.166
[4808].in[4] (.names)                                           10.564    10.730
[4808].out[0] (.names)                                           0.261    10.991
[4979].in[4] (.names)                                            0.100    11.091
[4979].out[0] (.names)                                           0.261    11.352
[4970].D[0] (.latch)                                             0.000    11.352
data arrival time                                                         11.352

clock pclk (rise edge)                                           0.000     0.000
clock source latency                                             0.000     0.000
pclk.inpad[0] (.input)                                           0.000     0.000
[4970].clk[0] (.latch)                                           0.042     0.042
clock uncertainty                                                0.000     0.042
cell setup time                                                 -0.066    -0.024
data required time                                                        -0.024
--------------------------------------------------------------------------------
data required time                                                        -0.024
data arrival time                                                        -11.352
--------------------------------------------------------------------------------
slack (VIOLATED)                                                         -11.376


#Path 37
Startpoint: [17596].Q[0] (.latch clocked by pclk)
Endpoint  : paddress_8_8_.D[0] (.latch clocked by pclk)
Path Type : setup

Point                                                             Incr      Path
--------------------------------------------------------------------------------
clock pclk (rise edge)                                           0.000     0.000
clock source latency                                             0.000     0.000
pclk.inpad[0] (.input)                                           0.000     0.000
[17596].clk[0] (.latch)                                          0.042     0.042
[17596].Q[0] (.latch) [clock-to-output]                          0.124     0.166
[17572].in[0] (.names)                                           3.059     3.226
[17572].out[0] (.names)                                          0.261     3.487
[17574].in[5] (.names)                                           0.348     3.835
[17574].out[0] (.names)                                          0.261     4.096
nrq18_3.in[3] (.names)                                           0.347     4.443
nrq18_3.out[0] (.names)                                          0.261     4.704
[4264].in[3] (.names)                                            3.026     7.730
[4264].out[0] (.names)                                           0.261     7.991
[4303].in[4] (.names)                                            0.802     8.793
[4303].out[0] (.names)                                           0.261     9.054
[2390].in[4] (.names)                                            1.038    10.092
[2390].out[0] (.names)                                           0.261    10.353
[16904].in[0] (.names)                                           0.735    11.088
[16904].out[0] (.names)                                          0.261    11.349
paddress_8_8_.D[0] (.latch)                                      0.000    11.349
data arrival time                                                         11.349

clock pclk (rise edge)                                           0.000     0.000
clock source latency                                             0.000     0.000
pclk.inpad[0] (.input)                                           0.000     0.000
paddress_8_8_.clk[0] (.latch)                                    0.042     0.042
clock uncertainty                                                0.000     0.042
cell setup time                                                 -0.066    -0.024
data required time                                                        -0.024
--------------------------------------------------------------------------------
data required time                                                        -0.024
data arrival time                                                        -11.349
--------------------------------------------------------------------------------
slack (VIOLATED)                                                         -11.372


#Path 38
Startpoint: [17843].Q[0] (.latch clocked by pclk)
Endpoint  : [11525].D[0] (.latch clocked by pclk)
Path Type : setup

Point                                                             Incr      Path
--------------------------------------------------------------------------------
clock pclk (rise edge)                                           0.000     0.000
clock source latency                                             0.000     0.000
pclk.inpad[0] (.input)                                           0.000     0.000
[17843].clk[0] (.latch)                                          0.042     0.042
[17843].Q[0] (.latch) [clock-to-output]                          0.124     0.166
[3335].in[4] (.names)                                           10.557    10.723
[3335].out[0] (.names)                                           0.261    10.984
[11534].in[4] (.names)                                           0.100    11.084
[11534].out[0] (.names)                                          0.261    11.345
[11525].D[0] (.latch)                                            0.000    11.345
data arrival time                                                         11.345

clock pclk (rise edge)                                           0.000     0.000
clock source latency                                             0.000     0.000
pclk.inpad[0] (.input)                                           0.000     0.000
[11525].clk[0] (.latch)                                          0.042     0.042
clock uncertainty                                                0.000     0.042
cell setup time                                                 -0.066    -0.024
data required time                                                        -0.024
--------------------------------------------------------------------------------
data required time                                                        -0.024
data arrival time                                                        -11.345
--------------------------------------------------------------------------------
slack (VIOLATED)                                                         -11.369


#Path 39
Startpoint: [17596].Q[0] (.latch clocked by pclk)
Endpoint  : [6365].D[0] (.latch clocked by pclk)
Path Type : setup

Point                                                             Incr      Path
--------------------------------------------------------------------------------
clock pclk (rise edge)                                           0.000     0.000
clock source latency                                             0.000     0.000
pclk.inpad[0] (.input)                                           0.000     0.000
[17596].clk[0] (.latch)                                          0.042     0.042
[17596].Q[0] (.latch) [clock-to-output]                          0.124     0.166
[17572].in[0] (.names)                                           3.059     3.226
[17572].out[0] (.names)                                          0.261     3.487
[17574].in[5] (.names)                                           0.348     3.835
[17574].out[0] (.names)                                          0.261     4.096
nen25_2.in[4] (.names)                                           0.100     4.196
nen25_2.out[0] (.names)                                          0.261     4.457
[17954].in[2] (.names)                                           2.830     7.287
[17954].out[0] (.names)                                          0.261     7.548
n_n2447.in[4] (.names)                                           0.270     7.818
n_n2447.out[0] (.names)                                          0.261     8.079
[19227].in[0] (.names)                                           0.347     8.426
[19227].out[0] (.names)                                          0.261     8.687
[19232].in[2] (.names)                                           0.100     8.787
[19232].out[0] (.names)                                          0.261     9.048
[19215].in[2] (.names)                                           0.426     9.474
[19215].out[0] (.names)                                          0.261     9.735
[4388].in[3] (.names)                                            0.100     9.835
[4388].out[0] (.names)                                           0.261    10.096
[6374].in[4] (.names)                                            0.967    11.063
[6374].out[0] (.names)                                           0.261    11.324
[6365].D[0] (.latch)                                             0.000    11.324
data arrival time                                                         11.324

clock pclk (rise edge)                                           0.000     0.000
clock source latency                                             0.000     0.000
pclk.inpad[0] (.input)                                           0.000     0.000
[6365].clk[0] (.latch)                                           0.042     0.042
clock uncertainty                                                0.000     0.042
cell setup time                                                 -0.066    -0.024
data required time                                                        -0.024
--------------------------------------------------------------------------------
data required time                                                        -0.024
data arrival time                                                        -11.324
--------------------------------------------------------------------------------
slack (VIOLATED)                                                         -11.347


#Path 40
Startpoint: [17674].Q[0] (.latch clocked by pclk)
Endpoint  : [6755].D[0] (.latch clocked by pclk)
Path Type : setup

Point                                                             Incr      Path
--------------------------------------------------------------------------------
clock pclk (rise edge)                                           0.000     0.000
clock source latency                                             0.000     0.000
pclk.inpad[0] (.input)                                           0.000     0.000
[17674].clk[0] (.latch)                                          0.042     0.042
[17674].Q[0] (.latch) [clock-to-output]                          0.124     0.166
[5511].in[2] (.names)                                            0.745     0.911
[5511].out[0] (.names)                                           0.261     1.172
[17711].in[1] (.names)                                           0.501     1.673
[17711].out[0] (.names)                                          0.261     1.934
[17832].in[5] (.names)                                           7.499     9.433
[17832].out[0] (.names)                                          0.261     9.694
n_n2473.in[4] (.names)                                           0.581    10.275
n_n2473.out[0] (.names)                                          0.261    10.536
[6764].in[1] (.names)                                            0.504    11.040
[6764].out[0] (.names)                                           0.261    11.301
[6755].D[0] (.latch)                                             0.000    11.301
data arrival time                                                         11.301

clock pclk (rise edge)                                           0.000     0.000
clock source latency                                             0.000     0.000
pclk.inpad[0] (.input)                                           0.000     0.000
[6755].clk[0] (.latch)                                           0.042     0.042
clock uncertainty                                                0.000     0.042
cell setup time                                                 -0.066    -0.024
data required time                                                        -0.024
--------------------------------------------------------------------------------
data required time                                                        -0.024
data arrival time                                                        -11.301
--------------------------------------------------------------------------------
slack (VIOLATED)                                                         -11.325


#Path 41
Startpoint: [17674].Q[0] (.latch clocked by pclk)
Endpoint  : [7355].D[0] (.latch clocked by pclk)
Path Type : setup

Point                                                             Incr      Path
--------------------------------------------------------------------------------
clock pclk (rise edge)                                           0.000     0.000
clock source latency                                             0.000     0.000
pclk.inpad[0] (.input)                                           0.000     0.000
[17674].clk[0] (.latch)                                          0.042     0.042
[17674].Q[0] (.latch) [clock-to-output]                          0.124     0.166
[5511].in[2] (.names)                                            0.745     0.911
[5511].out[0] (.names)                                           0.261     1.172
[17711].in[1] (.names)                                           0.501     1.673
[17711].out[0] (.names)                                          0.261     1.934
[17832].in[5] (.names)                                           7.499     9.433
[17832].out[0] (.names)                                          0.261     9.694
n_n2473.in[4] (.names)                                           0.581    10.275
n_n2473.out[0] (.names)                                          0.261    10.536
[7364].in[1] (.names)                                            0.501    11.036
[7364].out[0] (.names)                                           0.261    11.297
[7355].D[0] (.latch)                                             0.000    11.297
data arrival time                                                         11.297

clock pclk (rise edge)                                           0.000     0.000
clock source latency                                             0.000     0.000
pclk.inpad[0] (.input)                                           0.000     0.000
[7355].clk[0] (.latch)                                           0.042     0.042
clock uncertainty                                                0.000     0.042
cell setup time                                                 -0.066    -0.024
data required time                                                        -0.024
--------------------------------------------------------------------------------
data required time                                                        -0.024
data arrival time                                                        -11.297
--------------------------------------------------------------------------------
slack (VIOLATED)                                                         -11.321


#Path 42
Startpoint: [17596].Q[0] (.latch clocked by pclk)
Endpoint  : [9920].D[0] (.latch clocked by pclk)
Path Type : setup

Point                                                             Incr      Path
--------------------------------------------------------------------------------
clock pclk (rise edge)                                           0.000     0.000
clock source latency                                             0.000     0.000
pclk.inpad[0] (.input)                                           0.000     0.000
[17596].clk[0] (.latch)                                          0.042     0.042
[17596].Q[0] (.latch) [clock-to-output]                          0.124     0.166
[17572].in[0] (.names)                                           3.059     3.226
[17572].out[0] (.names)                                          0.261     3.487
[17574].in[5] (.names)                                           0.348     3.835
[17574].out[0] (.names)                                          0.261     4.096
nen25_2.in[4] (.names)                                           0.100     4.196
nen25_2.out[0] (.names)                                          0.261     4.457
[3535].in[3] (.names)                                            6.200    10.657
[3535].out[0] (.names)                                           0.261    10.918
[9929].in[5] (.names)                                            0.100    11.018
[9929].out[0] (.names)                                           0.261    11.279
[9920].D[0] (.latch)                                             0.000    11.279
data arrival time                                                         11.279

clock pclk (rise edge)                                           0.000     0.000
clock source latency                                             0.000     0.000
pclk.inpad[0] (.input)                                           0.000     0.000
[9920].clk[0] (.latch)                                           0.042     0.042
clock uncertainty                                                0.000     0.042
cell setup time                                                 -0.066    -0.024
data required time                                                        -0.024
--------------------------------------------------------------------------------
data required time                                                        -0.024
data arrival time                                                        -11.279
--------------------------------------------------------------------------------
slack (VIOLATED)                                                         -11.303


#Path 43
Startpoint: [17596].Q[0] (.latch clocked by pclk)
Endpoint  : paddress_15_15_.D[0] (.latch clocked by pclk)
Path Type : setup

Point                                                             Incr      Path
--------------------------------------------------------------------------------
clock pclk (rise edge)                                           0.000     0.000
clock source latency                                             0.000     0.000
pclk.inpad[0] (.input)                                           0.000     0.000
[17596].clk[0] (.latch)                                          0.042     0.042
[17596].Q[0] (.latch) [clock-to-output]                          0.124     0.166
[17572].in[0] (.names)                                           3.059     3.226
[17572].out[0] (.names)                                          0.261     3.487
[17574].in[5] (.names)                                           0.348     3.835
[17574].out[0] (.names)                                          0.261     4.096
nrq18_3.in[3] (.names)                                           0.347     4.443
nrq18_3.out[0] (.names)                                          0.261     4.704
[4264].in[3] (.names)                                            3.026     7.730
[4264].out[0] (.names)                                           0.261     7.991
[4303].in[4] (.names)                                            0.802     8.793
[4303].out[0] (.names)                                           0.261     9.054
[2222].in[4] (.names)                                            1.038    10.092
[2222].out[0] (.names)                                           0.261    10.353
[17697].in[0] (.names)                                           0.650    11.004
[17697].out[0] (.names)                                          0.261    11.265
paddress_15_15_.D[0] (.latch)                                    0.000    11.265
data arrival time                                                         11.265

clock pclk (rise edge)                                           0.000     0.000
clock source latency                                             0.000     0.000
pclk.inpad[0] (.input)                                           0.000     0.000
paddress_15_15_.clk[0] (.latch)                                  0.042     0.042
clock uncertainty                                                0.000     0.042
cell setup time                                                 -0.066    -0.024
data required time                                                        -0.024
--------------------------------------------------------------------------------
data required time                                                        -0.024
data arrival time                                                        -11.265
--------------------------------------------------------------------------------
slack (VIOLATED)                                                         -11.288


#Path 44
Startpoint: [17596].Q[0] (.latch clocked by pclk)
Endpoint  : paddress_12_12_.D[0] (.latch clocked by pclk)
Path Type : setup

Point                                                             Incr      Path
--------------------------------------------------------------------------------
clock pclk (rise edge)                                           0.000     0.000
clock source latency                                             0.000     0.000
pclk.inpad[0] (.input)                                           0.000     0.000
[17596].clk[0] (.latch)                                          0.042     0.042
[17596].Q[0] (.latch) [clock-to-output]                          0.124     0.166
[17572].in[0] (.names)                                           3.059     3.226
[17572].out[0] (.names)                                          0.261     3.487
[17574].in[5] (.names)                                           0.348     3.835
[17574].out[0] (.names)                                          0.261     4.096
nrq18_3.in[3] (.names)                                           0.347     4.443
nrq18_3.out[0] (.names)                                          0.261     4.704
[4264].in[3] (.names)                                            3.026     7.730
[4264].out[0] (.names)                                           0.261     7.991
[4303].in[4] (.names)                                            0.802     8.793
[4303].out[0] (.names)                                           0.261     9.054
[2243].in[4] (.names)                                            1.575    10.629
[2243].out[0] (.names)                                           0.261    10.890
[17632].in[0] (.names)                                           0.100    10.990
[17632].out[0] (.names)                                          0.261    11.251
paddress_12_12_.D[0] (.latch)                                    0.000    11.251
data arrival time                                                         11.251

clock pclk (rise edge)                                           0.000     0.000
clock source latency                                             0.000     0.000
pclk.inpad[0] (.input)                                           0.000     0.000
paddress_12_12_.clk[0] (.latch)                                  0.042     0.042
clock uncertainty                                                0.000     0.042
cell setup time                                                 -0.066    -0.024
data required time                                                        -0.024
--------------------------------------------------------------------------------
data required time                                                        -0.024
data arrival time                                                        -11.251
--------------------------------------------------------------------------------
slack (VIOLATED)                                                         -11.275


#Path 45
Startpoint: [17596].Q[0] (.latch clocked by pclk)
Endpoint  : [8210].D[0] (.latch clocked by pclk)
Path Type : setup

Point                                                             Incr      Path
--------------------------------------------------------------------------------
clock pclk (rise edge)                                           0.000     0.000
clock source latency                                             0.000     0.000
pclk.inpad[0] (.input)                                           0.000     0.000
[17596].clk[0] (.latch)                                          0.042     0.042
[17596].Q[0] (.latch) [clock-to-output]                          0.124     0.166
[17572].in[0] (.names)                                           3.059     3.226
[17572].out[0] (.names)                                          0.261     3.487
[17574].in[5] (.names)                                           0.348     3.835
[17574].out[0] (.names)                                          0.261     4.096
nen25_2.in[4] (.names)                                           0.100     4.196
nen25_2.out[0] (.names)                                          0.261     4.457
[17954].in[2] (.names)                                           2.830     7.287
[17954].out[0] (.names)                                          0.261     7.548
n_n2447.in[4] (.names)                                           0.270     7.818
n_n2447.out[0] (.names)                                          0.261     8.079
[19227].in[0] (.names)                                           0.347     8.426
[19227].out[0] (.names)                                          0.261     8.687
[19232].in[2] (.names)                                           0.100     8.787
[19232].out[0] (.names)                                          0.261     9.048
[19215].in[2] (.names)                                           0.426     9.474
[19215].out[0] (.names)                                          0.261     9.735
[4388].in[3] (.names)                                            0.100     9.835
[4388].out[0] (.names)                                           0.261    10.096
[8219].in[4] (.names)                                            0.816    10.912
[8219].out[0] (.names)                                           0.261    11.173
[8210].D[0] (.latch)                                             0.000    11.173
data arrival time                                                         11.173

clock pclk (rise edge)                                           0.000     0.000
clock source latency                                             0.000     0.000
pclk.inpad[0] (.input)                                           0.000     0.000
[8210].clk[0] (.latch)                                           0.042     0.042
clock uncertainty                                                0.000     0.042
cell setup time                                                 -0.066    -0.024
data required time                                                        -0.024
--------------------------------------------------------------------------------
data required time                                                        -0.024
data arrival time                                                        -11.173
--------------------------------------------------------------------------------
slack (VIOLATED)                                                         -11.197


#Path 46
Startpoint: [17596].Q[0] (.latch clocked by pclk)
Endpoint  : paddress_13_13_.D[0] (.latch clocked by pclk)
Path Type : setup

Point                                                             Incr      Path
--------------------------------------------------------------------------------
clock pclk (rise edge)                                           0.000     0.000
clock source latency                                             0.000     0.000
pclk.inpad[0] (.input)                                           0.000     0.000
[17596].clk[0] (.latch)                                          0.042     0.042
[17596].Q[0] (.latch) [clock-to-output]                          0.124     0.166
[17572].in[0] (.names)                                           3.059     3.226
[17572].out[0] (.names)                                          0.261     3.487
[17574].in[5] (.names)                                           0.348     3.835
[17574].out[0] (.names)                                          0.261     4.096
nrq18_3.in[3] (.names)                                           0.347     4.443
nrq18_3.out[0] (.names)                                          0.261     4.704
[4264].in[3] (.names)                                            3.026     7.730
[4264].out[0] (.names)                                           0.261     7.991
[4303].in[4] (.names)                                            0.802     8.793
[4303].out[0] (.names)                                           0.261     9.054
[2272].in[4] (.names)                                            1.497    10.551
[2272].out[0] (.names)                                           0.261    10.812
[17567].in[0] (.names)                                           0.100    10.912
[17567].out[0] (.names)                                          0.261    11.173
paddress_13_13_.D[0] (.latch)                                    0.000    11.173
data arrival time                                                         11.173

clock pclk (rise edge)                                           0.000     0.000
clock source latency                                             0.000     0.000
pclk.inpad[0] (.input)                                           0.000     0.000
paddress_13_13_.clk[0] (.latch)                                  0.042     0.042
clock uncertainty                                                0.000     0.042
cell setup time                                                 -0.066    -0.024
data required time                                                        -0.024
--------------------------------------------------------------------------------
data required time                                                        -0.024
data arrival time                                                        -11.173
--------------------------------------------------------------------------------
slack (VIOLATED)                                                         -11.197


#Path 47
Startpoint: [17596].Q[0] (.latch clocked by pclk)
Endpoint  : paddress_2_2_.D[0] (.latch clocked by pclk)
Path Type : setup

Point                                                             Incr      Path
--------------------------------------------------------------------------------
clock pclk (rise edge)                                           0.000     0.000
clock source latency                                             0.000     0.000
pclk.inpad[0] (.input)                                           0.000     0.000
[17596].clk[0] (.latch)                                          0.042     0.042
[17596].Q[0] (.latch) [clock-to-output]                          0.124     0.166
[17572].in[0] (.names)                                           3.059     3.226
[17572].out[0] (.names)                                          0.261     3.487
[17574].in[5] (.names)                                           0.348     3.835
[17574].out[0] (.names)                                          0.261     4.096
nrq18_3.in[3] (.names)                                           0.347     4.443
nrq18_3.out[0] (.names)                                          0.261     4.704
[4264].in[3] (.names)                                            3.026     7.730
[4264].out[0] (.names)                                           0.261     7.991
[4303].in[4] (.names)                                            0.802     8.793
[4303].out[0] (.names)                                           0.261     9.054
[19047].in[4] (.names)                                           0.959    10.014
[19047].out[0] (.names)                                          0.261    10.275
[18412].in[4] (.names)                                           0.582    10.857
[18412].out[0] (.names)                                          0.261    11.118
paddress_2_2_.D[0] (.latch)                                      0.000    11.118
data arrival time                                                         11.118

clock pclk (rise edge)                                           0.000     0.000
clock source latency                                             0.000     0.000
pclk.inpad[0] (.input)                                           0.000     0.000
paddress_2_2_.clk[0] (.latch)                                    0.042     0.042
clock uncertainty                                                0.000     0.042
cell setup time                                                 -0.066    -0.024
data required time                                                        -0.024
--------------------------------------------------------------------------------
data required time                                                        -0.024
data arrival time                                                        -11.118
--------------------------------------------------------------------------------
slack (VIOLATED)                                                         -11.141


#Path 48
Startpoint: [17596].Q[0] (.latch clocked by pclk)
Endpoint  : [10985].D[0] (.latch clocked by pclk)
Path Type : setup

Point                                                             Incr      Path
--------------------------------------------------------------------------------
clock pclk (rise edge)                                           0.000     0.000
clock source latency                                             0.000     0.000
pclk.inpad[0] (.input)                                           0.000     0.000
[17596].clk[0] (.latch)                                          0.042     0.042
[17596].Q[0] (.latch) [clock-to-output]                          0.124     0.166
[17572].in[0] (.names)                                           3.059     3.226
[17572].out[0] (.names)                                          0.261     3.487
[17574].in[5] (.names)                                           0.348     3.835
[17574].out[0] (.names)                                          0.261     4.096
nen25_2.in[4] (.names)                                           0.100     4.196
nen25_2.out[0] (.names)                                          0.261     4.457
[17954].in[2] (.names)                                           2.830     7.287
[17954].out[0] (.names)                                          0.261     7.548
n_n2447.in[4] (.names)                                           0.270     7.818
n_n2447.out[0] (.names)                                          0.261     8.079
[19227].in[0] (.names)                                           0.347     8.426
[19227].out[0] (.names)                                          0.261     8.687
[19232].in[2] (.names)                                           0.100     8.787
[19232].out[0] (.names)                                          0.261     9.048
[19215].in[2] (.names)                                           0.426     9.474
[19215].out[0] (.names)                                          0.261     9.735
[19068].in[5] (.names)                                           0.100     9.835
[19068].out[0] (.names)                                          0.261    10.096
[10994].in[3] (.names)                                           0.729    10.825
[10994].out[0] (.names)                                          0.261    11.086
[10985].D[0] (.latch)                                            0.000    11.086
data arrival time                                                         11.086

clock pclk (rise edge)                                           0.000     0.000
clock source latency                                             0.000     0.000
pclk.inpad[0] (.input)                                           0.000     0.000
[10985].clk[0] (.latch)                                          0.042     0.042
clock uncertainty                                                0.000     0.042
cell setup time                                                 -0.066    -0.024
data required time                                                        -0.024
--------------------------------------------------------------------------------
data required time                                                        -0.024
data arrival time                                                        -11.086
--------------------------------------------------------------------------------
slack (VIOLATED)                                                         -11.110


#Path 49
Startpoint: [17596].Q[0] (.latch clocked by pclk)
Endpoint  : [15410].D[0] (.latch clocked by pclk)
Path Type : setup

Point                                                             Incr      Path
--------------------------------------------------------------------------------
clock pclk (rise edge)                                           0.000     0.000
clock source latency                                             0.000     0.000
pclk.inpad[0] (.input)                                           0.000     0.000
[17596].clk[0] (.latch)                                          0.042     0.042
[17596].Q[0] (.latch) [clock-to-output]                          0.124     0.166
[17572].in[0] (.names)                                           3.059     3.226
[17572].out[0] (.names)                                          0.261     3.487
[17574].in[5] (.names)                                           0.348     3.835
[17574].out[0] (.names)                                          0.261     4.096
nen25_2.in[4] (.names)                                           0.100     4.196
nen25_2.out[0] (.names)                                          0.261     4.457
[17954].in[2] (.names)                                           2.830     7.287
[17954].out[0] (.names)                                          0.261     7.548
n_n2447.in[4] (.names)                                           0.270     7.818
n_n2447.out[0] (.names)                                          0.261     8.079
[19227].in[0] (.names)                                           0.347     8.426
[19227].out[0] (.names)                                          0.261     8.687
[19232].in[2] (.names)                                           0.100     8.787
[19232].out[0] (.names)                                          0.261     9.048
[19215].in[2] (.names)                                           0.426     9.474
[19215].out[0] (.names)                                          0.261     9.735
[19068].in[5] (.names)                                           0.100     9.835
[19068].out[0] (.names)                                          0.261    10.096
[15419].in[4] (.names)                                           0.729    10.825
[15419].out[0] (.names)                                          0.261    11.086
[15410].D[0] (.latch)                                            0.000    11.086
data arrival time                                                         11.086

clock pclk (rise edge)                                           0.000     0.000
clock source latency                                             0.000     0.000
pclk.inpad[0] (.input)                                           0.000     0.000
[15410].clk[0] (.latch)                                          0.042     0.042
clock uncertainty                                                0.000     0.042
cell setup time                                                 -0.066    -0.024
data required time                                                        -0.024
--------------------------------------------------------------------------------
data required time                                                        -0.024
data arrival time                                                        -11.086
--------------------------------------------------------------------------------
slack (VIOLATED)                                                         -11.110


#Path 50
Startpoint: [17596].Q[0] (.latch clocked by pclk)
Endpoint  : [11675].D[0] (.latch clocked by pclk)
Path Type : setup

Point                                                             Incr      Path
--------------------------------------------------------------------------------
clock pclk (rise edge)                                           0.000     0.000
clock source latency                                             0.000     0.000
pclk.inpad[0] (.input)                                           0.000     0.000
[17596].clk[0] (.latch)                                          0.042     0.042
[17596].Q[0] (.latch) [clock-to-output]                          0.124     0.166
[17572].in[0] (.names)                                           3.059     3.226
[17572].out[0] (.names)                                          0.261     3.487
[17574].in[5] (.names)                                           0.348     3.835
[17574].out[0] (.names)                                          0.261     4.096
nen25_2.in[4] (.names)                                           0.100     4.196
nen25_2.out[0] (.names)                                          0.261     4.457
[17954].in[2] (.names)                                           2.830     7.287
[17954].out[0] (.names)                                          0.261     7.548
n_n2447.in[4] (.names)                                           0.270     7.818
n_n2447.out[0] (.names)                                          0.261     8.079
[19227].in[0] (.names)                                           0.347     8.426
[19227].out[0] (.names)                                          0.261     8.687
[19232].in[2] (.names)                                           0.100     8.787
[19232].out[0] (.names)                                          0.261     9.048
[19215].in[2] (.names)                                           0.426     9.474
[19215].out[0] (.names)                                          0.261     9.735
[19068].in[5] (.names)                                           0.100     9.835
[19068].out[0] (.names)                                          0.261    10.096
[11684].in[4] (.names)                                           0.727    10.824
[11684].out[0] (.names)                                          0.261    11.085
[11675].D[0] (.latch)                                            0.000    11.085
data arrival time                                                         11.085

clock pclk (rise edge)                                           0.000     0.000
clock source latency                                             0.000     0.000
pclk.inpad[0] (.input)                                           0.000     0.000
[11675].clk[0] (.latch)                                          0.042     0.042
clock uncertainty                                                0.000     0.042
cell setup time                                                 -0.066    -0.024
data required time                                                        -0.024
--------------------------------------------------------------------------------
data required time                                                        -0.024
data arrival time                                                        -11.085
--------------------------------------------------------------------------------
slack (VIOLATED)                                                         -11.108


#Path 51
Startpoint: [17596].Q[0] (.latch clocked by pclk)
Endpoint  : paddress_5_5_.D[0] (.latch clocked by pclk)
Path Type : setup

Point                                                             Incr      Path
--------------------------------------------------------------------------------
clock pclk (rise edge)                                           0.000     0.000
clock source latency                                             0.000     0.000
pclk.inpad[0] (.input)                                           0.000     0.000
[17596].clk[0] (.latch)                                          0.042     0.042
[17596].Q[0] (.latch) [clock-to-output]                          0.124     0.166
[17572].in[0] (.names)                                           3.059     3.226
[17572].out[0] (.names)                                          0.261     3.487
[17574].in[5] (.names)                                           0.348     3.835
[17574].out[0] (.names)                                          0.261     4.096
nrq18_3.in[3] (.names)                                           0.347     4.443
nrq18_3.out[0] (.names)                                          0.261     4.704
[4264].in[3] (.names)                                            3.026     7.730
[4264].out[0] (.names)                                           0.261     7.991
[4303].in[4] (.names)                                            0.802     8.793
[4303].out[0] (.names)                                           0.261     9.054
[1973].in[4] (.names)                                            1.343    10.397
[1973].out[0] (.names)                                           0.261    10.658
[18542].in[0] (.names)                                           0.100    10.758
[18542].out[0] (.names)                                          0.261    11.019
paddress_5_5_.D[0] (.latch)                                      0.000    11.019
data arrival time                                                         11.019

clock pclk (rise edge)                                           0.000     0.000
clock source latency                                             0.000     0.000
pclk.inpad[0] (.input)                                           0.000     0.000
paddress_5_5_.clk[0] (.latch)                                    0.042     0.042
clock uncertainty                                                0.000     0.042
cell setup time                                                 -0.066    -0.024
data required time                                                        -0.024
--------------------------------------------------------------------------------
data required time                                                        -0.024
data arrival time                                                        -11.019
--------------------------------------------------------------------------------
slack (VIOLATED)                                                         -11.043


#Path 52
Startpoint: [17596].Q[0] (.latch clocked by pclk)
Endpoint  : [9890].D[0] (.latch clocked by pclk)
Path Type : setup

Point                                                             Incr      Path
--------------------------------------------------------------------------------
clock pclk (rise edge)                                           0.000     0.000
clock source latency                                             0.000     0.000
pclk.inpad[0] (.input)                                           0.000     0.000
[17596].clk[0] (.latch)                                          0.042     0.042
[17596].Q[0] (.latch) [clock-to-output]                          0.124     0.166
[17572].in[0] (.names)                                           3.059     3.226
[17572].out[0] (.names)                                          0.261     3.487
[17574].in[5] (.names)                                           0.348     3.835
[17574].out[0] (.names)                                          0.261     4.096
nen25_2.in[4] (.names)                                           0.100     4.196
nen25_2.out[0] (.names)                                          0.261     4.457
[17954].in[2] (.names)                                           2.830     7.287
[17954].out[0] (.names)                                          0.261     7.548
n_n2447.in[4] (.names)                                           0.270     7.818
n_n2447.out[0] (.names)                                          0.261     8.079
[19227].in[0] (.names)                                           0.347     8.426
[19227].out[0] (.names)                                          0.261     8.687
[19232].in[2] (.names)                                           0.100     8.787
[19232].out[0] (.names)                                          0.261     9.048
[19215].in[2] (.names)                                           0.426     9.474
[19215].out[0] (.names)                                          0.261     9.735
[4388].in[3] (.names)                                            0.100     9.835
[4388].out[0] (.names)                                           0.261    10.096
[9899].in[4] (.names)                                            0.660    10.756
[9899].out[0] (.names)                                           0.261    11.017
[9890].D[0] (.latch)                                             0.000    11.017
data arrival time                                                         11.017

clock pclk (rise edge)                                           0.000     0.000
clock source latency                                             0.000     0.000
pclk.inpad[0] (.input)                                           0.000     0.000
[9890].clk[0] (.latch)                                           0.042     0.042
clock uncertainty                                                0.000     0.042
cell setup time                                                 -0.066    -0.024
data required time                                                        -0.024
--------------------------------------------------------------------------------
data required time                                                        -0.024
data arrival time                                                        -11.017
--------------------------------------------------------------------------------
slack (VIOLATED)                                                         -11.041


#Path 53
Startpoint: [17596].Q[0] (.latch clocked by pclk)
Endpoint  : [10700].D[0] (.latch clocked by pclk)
Path Type : setup

Point                                                             Incr      Path
--------------------------------------------------------------------------------
clock pclk (rise edge)                                           0.000     0.000
clock source latency                                             0.000     0.000
pclk.inpad[0] (.input)                                           0.000     0.000
[17596].clk[0] (.latch)                                          0.042     0.042
[17596].Q[0] (.latch) [clock-to-output]                          0.124     0.166
[17572].in[0] (.names)                                           3.059     3.226
[17572].out[0] (.names)                                          0.261     3.487
[17574].in[5] (.names)                                           0.348     3.835
[17574].out[0] (.names)                                          0.261     4.096
nen25_2.in[4] (.names)                                           0.100     4.196
nen25_2.out[0] (.names)                                          0.261     4.457
[17954].in[2] (.names)                                           2.830     7.287
[17954].out[0] (.names)                                          0.261     7.548
n_n2447.in[4] (.names)                                           0.270     7.818
n_n2447.out[0] (.names)                                          0.261     8.079
[19227].in[0] (.names)                                           0.347     8.426
[19227].out[0] (.names)                                          0.261     8.687
[19232].in[2] (.names)                                           0.100     8.787
[19232].out[0] (.names)                                          0.261     9.048
[19215].in[2] (.names)                                           0.426     9.474
[19215].out[0] (.names)                                          0.261     9.735
[10709].in[4] (.names)                                           1.019    10.754
[10709].out[0] (.names)                                          0.261    11.015
[10700].D[0] (.latch)                                            0.000    11.015
data arrival time                                                         11.015

clock pclk (rise edge)                                           0.000     0.000
clock source latency                                             0.000     0.000
pclk.inpad[0] (.input)                                           0.000     0.000
[10700].clk[0] (.latch)                                          0.042     0.042
clock uncertainty                                                0.000     0.042
cell setup time                                                 -0.066    -0.024
data required time                                                        -0.024
--------------------------------------------------------------------------------
data required time                                                        -0.024
data arrival time                                                        -11.015
--------------------------------------------------------------------------------
slack (VIOLATED)                                                         -11.039


#Path 54
Startpoint: [17596].Q[0] (.latch clocked by pclk)
Endpoint  : [13880].D[0] (.latch clocked by pclk)
Path Type : setup

Point                                                             Incr      Path
--------------------------------------------------------------------------------
clock pclk (rise edge)                                           0.000     0.000
clock source latency                                             0.000     0.000
pclk.inpad[0] (.input)                                           0.000     0.000
[17596].clk[0] (.latch)                                          0.042     0.042
[17596].Q[0] (.latch) [clock-to-output]                          0.124     0.166
[17572].in[0] (.names)                                           3.059     3.226
[17572].out[0] (.names)                                          0.261     3.487
[17574].in[5] (.names)                                           0.348     3.835
[17574].out[0] (.names)                                          0.261     4.096
nen25_2.in[4] (.names)                                           0.100     4.196
nen25_2.out[0] (.names)                                          0.261     4.457
[17954].in[2] (.names)                                           2.830     7.287
[17954].out[0] (.names)                                          0.261     7.548
n_n2447.in[4] (.names)                                           0.270     7.818
n_n2447.out[0] (.names)                                          0.261     8.079
[19227].in[0] (.names)                                           0.347     8.426
[19227].out[0] (.names)                                          0.261     8.687
[19232].in[2] (.names)                                           0.100     8.787
[19232].out[0] (.names)                                          0.261     9.048
[19215].in[2] (.names)                                           0.426     9.474
[19215].out[0] (.names)                                          0.261     9.735
[4388].in[3] (.names)                                            0.100     9.835
[4388].out[0] (.names)                                           0.261    10.096
[13889].in[4] (.names)                                           0.657    10.754
[13889].out[0] (.names)                                          0.261    11.015
[13880].D[0] (.latch)                                            0.000    11.015
data arrival time                                                         11.015

clock pclk (rise edge)                                           0.000     0.000
clock source latency                                             0.000     0.000
pclk.inpad[0] (.input)                                           0.000     0.000
[13880].clk[0] (.latch)                                          0.042     0.042
clock uncertainty                                                0.000     0.042
cell setup time                                                 -0.066    -0.024
data required time                                                        -0.024
--------------------------------------------------------------------------------
data required time                                                        -0.024
data arrival time                                                        -11.015
--------------------------------------------------------------------------------
slack (VIOLATED)                                                         -11.038


#Path 55
Startpoint: [17596].Q[0] (.latch clocked by pclk)
Endpoint  : [10355].D[0] (.latch clocked by pclk)
Path Type : setup

Point                                                             Incr      Path
--------------------------------------------------------------------------------
clock pclk (rise edge)                                           0.000     0.000
clock source latency                                             0.000     0.000
pclk.inpad[0] (.input)                                           0.000     0.000
[17596].clk[0] (.latch)                                          0.042     0.042
[17596].Q[0] (.latch) [clock-to-output]                          0.124     0.166
[17572].in[0] (.names)                                           3.059     3.226
[17572].out[0] (.names)                                          0.261     3.487
[17574].in[5] (.names)                                           0.348     3.835
[17574].out[0] (.names)                                          0.261     4.096
nen25_2.in[4] (.names)                                           0.100     4.196
nen25_2.out[0] (.names)                                          0.261     4.457
[17954].in[2] (.names)                                           2.830     7.287
[17954].out[0] (.names)                                          0.261     7.548
n_n2447.in[4] (.names)                                           0.270     7.818
n_n2447.out[0] (.names)                                          0.261     8.079
[19227].in[0] (.names)                                           0.347     8.426
[19227].out[0] (.names)                                          0.261     8.687
[19232].in[2] (.names)                                           0.100     8.787
[19232].out[0] (.names)                                          0.261     9.048
[19215].in[2] (.names)                                           0.426     9.474
[19215].out[0] (.names)                                          0.261     9.735
[4388].in[3] (.names)                                            0.100     9.835
[4388].out[0] (.names)                                           0.261    10.096
[10364].in[4] (.names)                                           0.657    10.754
[10364].out[0] (.names)                                          0.261    11.015
[10355].D[0] (.latch)                                            0.000    11.015
data arrival time                                                         11.015

clock pclk (rise edge)                                           0.000     0.000
clock source latency                                             0.000     0.000
pclk.inpad[0] (.input)                                           0.000     0.000
[10355].clk[0] (.latch)                                          0.042     0.042
clock uncertainty                                                0.000     0.042
cell setup time                                                 -0.066    -0.024
data required time                                                        -0.024
--------------------------------------------------------------------------------
data required time                                                        -0.024
data arrival time                                                        -11.015
--------------------------------------------------------------------------------
slack (VIOLATED)                                                         -11.038


#Path 56
Startpoint: [17596].Q[0] (.latch clocked by pclk)
Endpoint  : [9800].D[0] (.latch clocked by pclk)
Path Type : setup

Point                                                             Incr      Path
--------------------------------------------------------------------------------
clock pclk (rise edge)                                           0.000     0.000
clock source latency                                             0.000     0.000
pclk.inpad[0] (.input)                                           0.000     0.000
[17596].clk[0] (.latch)                                          0.042     0.042
[17596].Q[0] (.latch) [clock-to-output]                          0.124     0.166
[17572].in[0] (.names)                                           3.059     3.226
[17572].out[0] (.names)                                          0.261     3.487
[17574].in[5] (.names)                                           0.348     3.835
[17574].out[0] (.names)                                          0.261     4.096
nen25_2.in[4] (.names)                                           0.100     4.196
nen25_2.out[0] (.names)                                          0.261     4.457
[17954].in[2] (.names)                                           2.830     7.287
[17954].out[0] (.names)                                          0.261     7.548
n_n2447.in[4] (.names)                                           0.270     7.818
n_n2447.out[0] (.names)                                          0.261     8.079
[19227].in[0] (.names)                                           0.347     8.426
[19227].out[0] (.names)                                          0.261     8.687
[19232].in[2] (.names)                                           0.100     8.787
[19232].out[0] (.names)                                          0.261     9.048
[19215].in[2] (.names)                                           0.426     9.474
[19215].out[0] (.names)                                          0.261     9.735
[9809].in[4] (.names)                                            1.017    10.752
[9809].out[0] (.names)                                           0.261    11.013
[9800].D[0] (.latch)                                             0.000    11.013
data arrival time                                                         11.013

clock pclk (rise edge)                                           0.000     0.000
clock source latency                                             0.000     0.000
pclk.inpad[0] (.input)                                           0.000     0.000
[9800].clk[0] (.latch)                                           0.042     0.042
clock uncertainty                                                0.000     0.042
cell setup time                                                 -0.066    -0.024
data required time                                                        -0.024
--------------------------------------------------------------------------------
data required time                                                        -0.024
data arrival time                                                        -11.013
--------------------------------------------------------------------------------
slack (VIOLATED)                                                         -11.037


#Path 57
Startpoint: [17596].Q[0] (.latch clocked by pclk)
Endpoint  : [14270].D[0] (.latch clocked by pclk)
Path Type : setup

Point                                                             Incr      Path
--------------------------------------------------------------------------------
clock pclk (rise edge)                                           0.000     0.000
clock source latency                                             0.000     0.000
pclk.inpad[0] (.input)                                           0.000     0.000
[17596].clk[0] (.latch)                                          0.042     0.042
[17596].Q[0] (.latch) [clock-to-output]                          0.124     0.166
[17572].in[0] (.names)                                           3.059     3.226
[17572].out[0] (.names)                                          0.261     3.487
[17574].in[5] (.names)                                           0.348     3.835
[17574].out[0] (.names)                                          0.261     4.096
nen25_2.in[4] (.names)                                           0.100     4.196
nen25_2.out[0] (.names)                                          0.261     4.457
[17954].in[2] (.names)                                           2.830     7.287
[17954].out[0] (.names)                                          0.261     7.548
n_n2447.in[4] (.names)                                           0.270     7.818
n_n2447.out[0] (.names)                                          0.261     8.079
[19227].in[0] (.names)                                           0.347     8.426
[19227].out[0] (.names)                                          0.261     8.687
[19232].in[2] (.names)                                           0.100     8.787
[19232].out[0] (.names)                                          0.261     9.048
[19215].in[2] (.names)                                           0.426     9.474
[19215].out[0] (.names)                                          0.261     9.735
[19068].in[5] (.names)                                           0.100     9.835
[19068].out[0] (.names)                                          0.261    10.096
[14279].in[3] (.names)                                           0.653    10.749
[14279].out[0] (.names)                                          0.261    11.010
[14270].D[0] (.latch)                                            0.000    11.010
data arrival time                                                         11.010

clock pclk (rise edge)                                           0.000     0.000
clock source latency                                             0.000     0.000
pclk.inpad[0] (.input)                                           0.000     0.000
[14270].clk[0] (.latch)                                          0.042     0.042
clock uncertainty                                                0.000     0.042
cell setup time                                                 -0.066    -0.024
data required time                                                        -0.024
--------------------------------------------------------------------------------
data required time                                                        -0.024
data arrival time                                                        -11.010
--------------------------------------------------------------------------------
slack (VIOLATED)                                                         -11.034


#Path 58
Startpoint: [17596].Q[0] (.latch clocked by pclk)
Endpoint  : [11210].D[0] (.latch clocked by pclk)
Path Type : setup

Point                                                             Incr      Path
--------------------------------------------------------------------------------
clock pclk (rise edge)                                           0.000     0.000
clock source latency                                             0.000     0.000
pclk.inpad[0] (.input)                                           0.000     0.000
[17596].clk[0] (.latch)                                          0.042     0.042
[17596].Q[0] (.latch) [clock-to-output]                          0.124     0.166
[17572].in[0] (.names)                                           3.059     3.226
[17572].out[0] (.names)                                          0.261     3.487
[17574].in[5] (.names)                                           0.348     3.835
[17574].out[0] (.names)                                          0.261     4.096
nen25_2.in[4] (.names)                                           0.100     4.196
nen25_2.out[0] (.names)                                          0.261     4.457
[17954].in[2] (.names)                                           2.830     7.287
[17954].out[0] (.names)                                          0.261     7.548
n_n2447.in[4] (.names)                                           0.270     7.818
n_n2447.out[0] (.names)                                          0.261     8.079
[19227].in[0] (.names)                                           0.347     8.426
[19227].out[0] (.names)                                          0.261     8.687
[19232].in[2] (.names)                                           0.100     8.787
[19232].out[0] (.names)                                          0.261     9.048
[19091].in[5] (.names)                                           0.735     9.782
[19091].out[0] (.names)                                          0.261    10.043
[11219].in[4] (.names)                                           0.651    10.695
[11219].out[0] (.names)                                          0.261    10.956
[11210].D[0] (.latch)                                            0.000    10.956
data arrival time                                                         10.956

clock pclk (rise edge)                                           0.000     0.000
clock source latency                                             0.000     0.000
pclk.inpad[0] (.input)                                           0.000     0.000
[11210].clk[0] (.latch)                                          0.042     0.042
clock uncertainty                                                0.000     0.042
cell setup time                                                 -0.066    -0.024
data required time                                                        -0.024
--------------------------------------------------------------------------------
data required time                                                        -0.024
data arrival time                                                        -10.956
--------------------------------------------------------------------------------
slack (VIOLATED)                                                         -10.979


#Path 59
Startpoint: [17596].Q[0] (.latch clocked by pclk)
Endpoint  : [14240].D[0] (.latch clocked by pclk)
Path Type : setup

Point                                                             Incr      Path
--------------------------------------------------------------------------------
clock pclk (rise edge)                                           0.000     0.000
clock source latency                                             0.000     0.000
pclk.inpad[0] (.input)                                           0.000     0.000
[17596].clk[0] (.latch)                                          0.042     0.042
[17596].Q[0] (.latch) [clock-to-output]                          0.124     0.166
[17572].in[0] (.names)                                           3.059     3.226
[17572].out[0] (.names)                                          0.261     3.487
[17574].in[5] (.names)                                           0.348     3.835
[17574].out[0] (.names)                                          0.261     4.096
nen25_2.in[4] (.names)                                           0.100     4.196
nen25_2.out[0] (.names)                                          0.261     4.457
[17954].in[2] (.names)                                           2.830     7.287
[17954].out[0] (.names)                                          0.261     7.548
n_n2447.in[4] (.names)                                           0.270     7.818
n_n2447.out[0] (.names)                                          0.261     8.079
[19227].in[0] (.names)                                           0.347     8.426
[19227].out[0] (.names)                                          0.261     8.687
[19232].in[2] (.names)                                           0.100     8.787
[19232].out[0] (.names)                                          0.261     9.048
[19215].in[2] (.names)                                           0.426     9.474
[19215].out[0] (.names)                                          0.261     9.735
[14249].in[4] (.names)                                           0.942    10.677
[14249].out[0] (.names)                                          0.261    10.938
[14240].D[0] (.latch)                                            0.000    10.938
data arrival time                                                         10.938

clock pclk (rise edge)                                           0.000     0.000
clock source latency                                             0.000     0.000
pclk.inpad[0] (.input)                                           0.000     0.000
[14240].clk[0] (.latch)                                          0.042     0.042
clock uncertainty                                                0.000     0.042
cell setup time                                                 -0.066    -0.024
data required time                                                        -0.024
--------------------------------------------------------------------------------
data required time                                                        -0.024
data arrival time                                                        -10.938
--------------------------------------------------------------------------------
slack (VIOLATED)                                                         -10.962


#Path 60
Startpoint: [17596].Q[0] (.latch clocked by pclk)
Endpoint  : [10730].D[0] (.latch clocked by pclk)
Path Type : setup

Point                                                             Incr      Path
--------------------------------------------------------------------------------
clock pclk (rise edge)                                           0.000     0.000
clock source latency                                             0.000     0.000
pclk.inpad[0] (.input)                                           0.000     0.000
[17596].clk[0] (.latch)                                          0.042     0.042
[17596].Q[0] (.latch) [clock-to-output]                          0.124     0.166
[17572].in[0] (.names)                                           3.059     3.226
[17572].out[0] (.names)                                          0.261     3.487
[17574].in[5] (.names)                                           0.348     3.835
[17574].out[0] (.names)                                          0.261     4.096
nen25_2.in[4] (.names)                                           0.100     4.196
nen25_2.out[0] (.names)                                          0.261     4.457
[17954].in[2] (.names)                                           2.830     7.287
[17954].out[0] (.names)                                          0.261     7.548
n_n2447.in[4] (.names)                                           0.270     7.818
n_n2447.out[0] (.names)                                          0.261     8.079
[19227].in[0] (.names)                                           0.347     8.426
[19227].out[0] (.names)                                          0.261     8.687
[19232].in[2] (.names)                                           0.100     8.787
[19232].out[0] (.names)                                          0.261     9.048
[19215].in[2] (.names)                                           0.426     9.474
[19215].out[0] (.names)                                          0.261     9.735
[19068].in[5] (.names)                                           0.100     9.835
[19068].out[0] (.names)                                          0.261    10.096
[10739].in[4] (.names)                                           0.579    10.675
[10739].out[0] (.names)                                          0.261    10.936
[10730].D[0] (.latch)                                            0.000    10.936
data arrival time                                                         10.936

clock pclk (rise edge)                                           0.000     0.000
clock source latency                                             0.000     0.000
pclk.inpad[0] (.input)                                           0.000     0.000
[10730].clk[0] (.latch)                                          0.042     0.042
clock uncertainty                                                0.000     0.042
cell setup time                                                 -0.066    -0.024
data required time                                                        -0.024
--------------------------------------------------------------------------------
data required time                                                        -0.024
data arrival time                                                        -10.936
--------------------------------------------------------------------------------
slack (VIOLATED)                                                         -10.959


#Path 61
Startpoint: [17596].Q[0] (.latch clocked by pclk)
Endpoint  : [10070].D[0] (.latch clocked by pclk)
Path Type : setup

Point                                                             Incr      Path
--------------------------------------------------------------------------------
clock pclk (rise edge)                                           0.000     0.000
clock source latency                                             0.000     0.000
pclk.inpad[0] (.input)                                           0.000     0.000
[17596].clk[0] (.latch)                                          0.042     0.042
[17596].Q[0] (.latch) [clock-to-output]                          0.124     0.166
[17572].in[0] (.names)                                           3.059     3.226
[17572].out[0] (.names)                                          0.261     3.487
[17574].in[5] (.names)                                           0.348     3.835
[17574].out[0] (.names)                                          0.261     4.096
nen25_2.in[4] (.names)                                           0.100     4.196
nen25_2.out[0] (.names)                                          0.261     4.457
[17954].in[2] (.names)                                           2.830     7.287
[17954].out[0] (.names)                                          0.261     7.548
n_n2447.in[4] (.names)                                           0.270     7.818
n_n2447.out[0] (.names)                                          0.261     8.079
[19227].in[0] (.names)                                           0.347     8.426
[19227].out[0] (.names)                                          0.261     8.687
[19232].in[2] (.names)                                           0.100     8.787
[19232].out[0] (.names)                                          0.261     9.048
[19215].in[2] (.names)                                           0.426     9.474
[19215].out[0] (.names)                                          0.261     9.735
[19068].in[5] (.names)                                           0.100     9.835
[19068].out[0] (.names)                                          0.261    10.096
[10079].in[4] (.names)                                           0.579    10.675
[10079].out[0] (.names)                                          0.261    10.936
[10070].D[0] (.latch)                                            0.000    10.936
data arrival time                                                         10.936

clock pclk (rise edge)                                           0.000     0.000
clock source latency                                             0.000     0.000
pclk.inpad[0] (.input)                                           0.000     0.000
[10070].clk[0] (.latch)                                          0.042     0.042
clock uncertainty                                                0.000     0.042
cell setup time                                                 -0.066    -0.024
data required time                                                        -0.024
--------------------------------------------------------------------------------
data required time                                                        -0.024
data arrival time                                                        -10.936
--------------------------------------------------------------------------------
slack (VIOLATED)                                                         -10.959


#Path 62
Startpoint: [17674].Q[0] (.latch clocked by pclk)
Endpoint  : [8150].D[0] (.latch clocked by pclk)
Path Type : setup

Point                                                             Incr      Path
--------------------------------------------------------------------------------
clock pclk (rise edge)                                           0.000     0.000
clock source latency                                             0.000     0.000
pclk.inpad[0] (.input)                                           0.000     0.000
[17674].clk[0] (.latch)                                          0.042     0.042
[17674].Q[0] (.latch) [clock-to-output]                          0.124     0.166
[5511].in[2] (.names)                                            0.745     0.911
[5511].out[0] (.names)                                           0.261     1.172
[17711].in[1] (.names)                                           0.501     1.673
[17711].out[0] (.names)                                          0.261     1.934
[17832].in[5] (.names)                                           7.499     9.433
[17832].out[0] (.names)                                          0.261     9.694
n_n2473.in[4] (.names)                                           0.581    10.275
n_n2473.out[0] (.names)                                          0.261    10.536
[8159].in[1] (.names)                                            0.100    10.636
[8159].out[0] (.names)                                           0.261    10.897
[8150].D[0] (.latch)                                             0.000    10.897
data arrival time                                                         10.897

clock pclk (rise edge)                                           0.000     0.000
clock source latency                                             0.000     0.000
pclk.inpad[0] (.input)                                           0.000     0.000
[8150].clk[0] (.latch)                                           0.042     0.042
clock uncertainty                                                0.000     0.042
cell setup time                                                 -0.066    -0.024
data required time                                                        -0.024
--------------------------------------------------------------------------------
data required time                                                        -0.024
data arrival time                                                        -10.897
--------------------------------------------------------------------------------
slack (VIOLATED)                                                         -10.920


#Path 63
Startpoint: [17596].Q[0] (.latch clocked by pclk)
Endpoint  : [9530].D[0] (.latch clocked by pclk)
Path Type : setup

Point                                                             Incr      Path
--------------------------------------------------------------------------------
clock pclk (rise edge)                                           0.000     0.000
clock source latency                                             0.000     0.000
pclk.inpad[0] (.input)                                           0.000     0.000
[17596].clk[0] (.latch)                                          0.042     0.042
[17596].Q[0] (.latch) [clock-to-output]                          0.124     0.166
[17572].in[0] (.names)                                           3.059     3.226
[17572].out[0] (.names)                                          0.261     3.487
[17574].in[5] (.names)                                           0.348     3.835
[17574].out[0] (.names)                                          0.261     4.096
nen25_2.in[4] (.names)                                           0.100     4.196
nen25_2.out[0] (.names)                                          0.261     4.457
[17954].in[2] (.names)                                           2.830     7.287
[17954].out[0] (.names)                                          0.261     7.548
n_n2447.in[4] (.names)                                           0.270     7.818
n_n2447.out[0] (.names)                                          0.261     8.079
[19227].in[0] (.names)                                           0.347     8.426
[19227].out[0] (.names)                                          0.261     8.687
[19232].in[2] (.names)                                           0.100     8.787
[19232].out[0] (.names)                                          0.261     9.048
[19215].in[2] (.names)                                           0.426     9.474
[19215].out[0] (.names)                                          0.261     9.735
[9539].in[4] (.names)                                            0.867    10.603
[9539].out[0] (.names)                                           0.261    10.864
[9530].D[0] (.latch)                                             0.000    10.864
data arrival time                                                         10.864

clock pclk (rise edge)                                           0.000     0.000
clock source latency                                             0.000     0.000
pclk.inpad[0] (.input)                                           0.000     0.000
[9530].clk[0] (.latch)                                           0.042     0.042
clock uncertainty                                                0.000     0.042
cell setup time                                                 -0.066    -0.024
data required time                                                        -0.024
--------------------------------------------------------------------------------
data required time                                                        -0.024
data arrival time                                                        -10.864
--------------------------------------------------------------------------------
slack (VIOLATED)                                                         -10.887


#Path 64
Startpoint: [17596].Q[0] (.latch clocked by pclk)
Endpoint  : paddress_14_14_.D[0] (.latch clocked by pclk)
Path Type : setup

Point                                                             Incr      Path
--------------------------------------------------------------------------------
clock pclk (rise edge)                                           0.000     0.000
clock source latency                                             0.000     0.000
pclk.inpad[0] (.input)                                           0.000     0.000
[17596].clk[0] (.latch)                                          0.042     0.042
[17596].Q[0] (.latch) [clock-to-output]                          0.124     0.166
[17572].in[0] (.names)                                           3.059     3.226
[17572].out[0] (.names)                                          0.261     3.487
[17574].in[5] (.names)                                           0.348     3.835
[17574].out[0] (.names)                                          0.261     4.096
nrq18_3.in[3] (.names)                                           0.347     4.443
nrq18_3.out[0] (.names)                                          0.261     4.704
[4264].in[3] (.names)                                            3.026     7.730
[4264].out[0] (.names)                                           0.261     7.991
[4341].in[4] (.names)                                            0.424     8.415
[4341].out[0] (.names)                                           0.261     8.676
[18939].in[4] (.names)                                           0.580     9.255
[18939].out[0] (.names)                                          0.261     9.516
[17736].in[2] (.names)                                           1.045    10.561
[17736].out[0] (.names)                                          0.261    10.822
paddress_14_14_.D[0] (.latch)                                    0.000    10.822
data arrival time                                                         10.822

clock pclk (rise edge)                                           0.000     0.000
clock source latency                                             0.000     0.000
pclk.inpad[0] (.input)                                           0.000     0.000
paddress_14_14_.clk[0] (.latch)                                  0.042     0.042
clock uncertainty                                                0.000     0.042
cell setup time                                                 -0.066    -0.024
data required time                                                        -0.024
--------------------------------------------------------------------------------
data required time                                                        -0.024
data arrival time                                                        -10.822
--------------------------------------------------------------------------------
slack (VIOLATED)                                                         -10.845


#Path 65
Startpoint: [17596].Q[0] (.latch clocked by pclk)
Endpoint  : [12425].D[0] (.latch clocked by pclk)
Path Type : setup

Point                                                             Incr      Path
--------------------------------------------------------------------------------
clock pclk (rise edge)                                           0.000     0.000
clock source latency                                             0.000     0.000
pclk.inpad[0] (.input)                                           0.000     0.000
[17596].clk[0] (.latch)                                          0.042     0.042
[17596].Q[0] (.latch) [clock-to-output]                          0.124     0.166
[17572].in[0] (.names)                                           3.059     3.226
[17572].out[0] (.names)                                          0.261     3.487
[17574].in[5] (.names)                                           0.348     3.835
[17574].out[0] (.names)                                          0.261     4.096
nen25_2.in[4] (.names)                                           0.100     4.196
nen25_2.out[0] (.names)                                          0.261     4.457
[17954].in[2] (.names)                                           2.830     7.287
[17954].out[0] (.names)                                          0.261     7.548
n_n2447.in[4] (.names)                                           0.270     7.818
n_n2447.out[0] (.names)                                          0.261     8.079
[19227].in[0] (.names)                                           0.347     8.426
[19227].out[0] (.names)                                          0.261     8.687
[19232].in[2] (.names)                                           0.100     8.787
[19232].out[0] (.names)                                          0.261     9.048
[19215].in[2] (.names)                                           0.426     9.474
[19215].out[0] (.names)                                          0.261     9.735
[4388].in[3] (.names)                                            0.100     9.835
[4388].out[0] (.names)                                           0.261    10.096
[12434].in[4] (.names)                                           0.425    10.522
[12434].out[0] (.names)                                          0.261    10.783
[12425].D[0] (.latch)                                            0.000    10.783
data arrival time                                                         10.783

clock pclk (rise edge)                                           0.000     0.000
clock source latency                                             0.000     0.000
pclk.inpad[0] (.input)                                           0.000     0.000
[12425].clk[0] (.latch)                                          0.042     0.042
clock uncertainty                                                0.000     0.042
cell setup time                                                 -0.066    -0.024
data required time                                                        -0.024
--------------------------------------------------------------------------------
data required time                                                        -0.024
data arrival time                                                        -10.783
--------------------------------------------------------------------------------
slack (VIOLATED)                                                         -10.806


#Path 66
Startpoint: [17596].Q[0] (.latch clocked by pclk)
Endpoint  : [11450].D[0] (.latch clocked by pclk)
Path Type : setup

Point                                                             Incr      Path
--------------------------------------------------------------------------------
clock pclk (rise edge)                                           0.000     0.000
clock source latency                                             0.000     0.000
pclk.inpad[0] (.input)                                           0.000     0.000
[17596].clk[0] (.latch)                                          0.042     0.042
[17596].Q[0] (.latch) [clock-to-output]                          0.124     0.166
[17572].in[0] (.names)                                           3.059     3.226
[17572].out[0] (.names)                                          0.261     3.487
[17574].in[5] (.names)                                           0.348     3.835
[17574].out[0] (.names)                                          0.261     4.096
nen25_2.in[4] (.names)                                           0.100     4.196
nen25_2.out[0] (.names)                                          0.261     4.457
[17954].in[2] (.names)                                           2.830     7.287
[17954].out[0] (.names)                                          0.261     7.548
n_n2447.in[4] (.names)                                           0.270     7.818
n_n2447.out[0] (.names)                                          0.261     8.079
[19227].in[0] (.names)                                           0.347     8.426
[19227].out[0] (.names)                                          0.261     8.687
[19232].in[2] (.names)                                           0.100     8.787
[19232].out[0] (.names)                                          0.261     9.048
[19215].in[2] (.names)                                           0.426     9.474
[19215].out[0] (.names)                                          0.261     9.735
[4388].in[3] (.names)                                            0.100     9.835
[4388].out[0] (.names)                                           0.261    10.096
[11459].in[4] (.names)                                           0.425    10.522
[11459].out[0] (.names)                                          0.261    10.783
[11450].D[0] (.latch)                                            0.000    10.783
data arrival time                                                         10.783

clock pclk (rise edge)                                           0.000     0.000
clock source latency                                             0.000     0.000
pclk.inpad[0] (.input)                                           0.000     0.000
[11450].clk[0] (.latch)                                          0.042     0.042
clock uncertainty                                                0.000     0.042
cell setup time                                                 -0.066    -0.024
data required time                                                        -0.024
--------------------------------------------------------------------------------
data required time                                                        -0.024
data arrival time                                                        -10.783
--------------------------------------------------------------------------------
slack (VIOLATED)                                                         -10.806


#Path 67
Startpoint: [17596].Q[0] (.latch clocked by pclk)
Endpoint  : [13805].D[0] (.latch clocked by pclk)
Path Type : setup

Point                                                             Incr      Path
--------------------------------------------------------------------------------
clock pclk (rise edge)                                           0.000     0.000
clock source latency                                             0.000     0.000
pclk.inpad[0] (.input)                                           0.000     0.000
[17596].clk[0] (.latch)                                          0.042     0.042
[17596].Q[0] (.latch) [clock-to-output]                          0.124     0.166
[17572].in[0] (.names)                                           3.059     3.226
[17572].out[0] (.names)                                          0.261     3.487
[17574].in[5] (.names)                                           0.348     3.835
[17574].out[0] (.names)                                          0.261     4.096
nen25_2.in[4] (.names)                                           0.100     4.196
nen25_2.out[0] (.names)                                          0.261     4.457
[17954].in[2] (.names)                                           2.830     7.287
[17954].out[0] (.names)                                          0.261     7.548
n_n2447.in[4] (.names)                                           0.270     7.818
n_n2447.out[0] (.names)                                          0.261     8.079
[19227].in[0] (.names)                                           0.347     8.426
[19227].out[0] (.names)                                          0.261     8.687
[19232].in[2] (.names)                                           0.100     8.787
[19232].out[0] (.names)                                          0.261     9.048
[19215].in[2] (.names)                                           0.426     9.474
[19215].out[0] (.names)                                          0.261     9.735
[13814].in[4] (.names)                                           0.735    10.470
[13814].out[0] (.names)                                          0.261    10.731
[13805].D[0] (.latch)                                            0.000    10.731
data arrival time                                                         10.731

clock pclk (rise edge)                                           0.000     0.000
clock source latency                                             0.000     0.000
pclk.inpad[0] (.input)                                           0.000     0.000
[13805].clk[0] (.latch)                                          0.042     0.042
clock uncertainty                                                0.000     0.042
cell setup time                                                 -0.066    -0.024
data required time                                                        -0.024
--------------------------------------------------------------------------------
data required time                                                        -0.024
data arrival time                                                        -10.731
--------------------------------------------------------------------------------
slack (VIOLATED)                                                         -10.754


#Path 68
Startpoint: [17596].Q[0] (.latch clocked by pclk)
Endpoint  : [14690].D[0] (.latch clocked by pclk)
Path Type : setup

Point                                                             Incr      Path
--------------------------------------------------------------------------------
clock pclk (rise edge)                                           0.000     0.000
clock source latency                                             0.000     0.000
pclk.inpad[0] (.input)                                           0.000     0.000
[17596].clk[0] (.latch)                                          0.042     0.042
[17596].Q[0] (.latch) [clock-to-output]                          0.124     0.166
[17572].in[0] (.names)                                           3.059     3.226
[17572].out[0] (.names)                                          0.261     3.487
[17574].in[5] (.names)                                           0.348     3.835
[17574].out[0] (.names)                                          0.261     4.096
nen25_2.in[4] (.names)                                           0.100     4.196
nen25_2.out[0] (.names)                                          0.261     4.457
[17954].in[2] (.names)                                           2.830     7.287
[17954].out[0] (.names)                                          0.261     7.548
n_n2447.in[4] (.names)                                           0.270     7.818
n_n2447.out[0] (.names)                                          0.261     8.079
[19227].in[0] (.names)                                           0.347     8.426
[19227].out[0] (.names)                                          0.261     8.687
[19232].in[2] (.names)                                           0.100     8.787
[19232].out[0] (.names)                                          0.261     9.048
[19215].in[2] (.names)                                           0.426     9.474
[19215].out[0] (.names)                                          0.261     9.735
[14699].in[4] (.names)                                           0.728    10.464
[14699].out[0] (.names)                                          0.261    10.725
[14690].D[0] (.latch)                                            0.000    10.725
data arrival time                                                         10.725

clock pclk (rise edge)                                           0.000     0.000
clock source latency                                             0.000     0.000
pclk.inpad[0] (.input)                                           0.000     0.000
[14690].clk[0] (.latch)                                          0.042     0.042
clock uncertainty                                                0.000     0.042
cell setup time                                                 -0.066    -0.024
data required time                                                        -0.024
--------------------------------------------------------------------------------
data required time                                                        -0.024
data arrival time                                                        -10.725
--------------------------------------------------------------------------------
slack (VIOLATED)                                                         -10.748


#Path 69
Startpoint: [17596].Q[0] (.latch clocked by pclk)
Endpoint  : [15050].D[0] (.latch clocked by pclk)
Path Type : setup

Point                                                             Incr      Path
--------------------------------------------------------------------------------
clock pclk (rise edge)                                           0.000     0.000
clock source latency                                             0.000     0.000
pclk.inpad[0] (.input)                                           0.000     0.000
[17596].clk[0] (.latch)                                          0.042     0.042
[17596].Q[0] (.latch) [clock-to-output]                          0.124     0.166
[17572].in[0] (.names)                                           3.059     3.226
[17572].out[0] (.names)                                          0.261     3.487
[17574].in[5] (.names)                                           0.348     3.835
[17574].out[0] (.names)                                          0.261     4.096
nen25_2.in[4] (.names)                                           0.100     4.196
nen25_2.out[0] (.names)                                          0.261     4.457
[17954].in[2] (.names)                                           2.830     7.287
[17954].out[0] (.names)                                          0.261     7.548
n_n2447.in[4] (.names)                                           0.270     7.818
n_n2447.out[0] (.names)                                          0.261     8.079
[19227].in[0] (.names)                                           0.347     8.426
[19227].out[0] (.names)                                          0.261     8.687
[19232].in[2] (.names)                                           0.100     8.787
[19232].out[0] (.names)                                          0.261     9.048
[19215].in[2] (.names)                                           0.426     9.474
[19215].out[0] (.names)                                          0.261     9.735
[4388].in[3] (.names)                                            0.100     9.835
[4388].out[0] (.names)                                           0.261    10.096
[15059].in[4] (.names)                                           0.348    10.445
[15059].out[0] (.names)                                          0.261    10.706
[15050].D[0] (.latch)                                            0.000    10.706
data arrival time                                                         10.706

clock pclk (rise edge)                                           0.000     0.000
clock source latency                                             0.000     0.000
pclk.inpad[0] (.input)                                           0.000     0.000
[15050].clk[0] (.latch)                                          0.042     0.042
clock uncertainty                                                0.000     0.042
cell setup time                                                 -0.066    -0.024
data required time                                                        -0.024
--------------------------------------------------------------------------------
data required time                                                        -0.024
data arrival time                                                        -10.706
--------------------------------------------------------------------------------
slack (VIOLATED)                                                         -10.729


#Path 70
Startpoint: [17596].Q[0] (.latch clocked by pclk)
Endpoint  : [4880].D[0] (.latch clocked by pclk)
Path Type : setup

Point                                                             Incr      Path
--------------------------------------------------------------------------------
clock pclk (rise edge)                                           0.000     0.000
clock source latency                                             0.000     0.000
pclk.inpad[0] (.input)                                           0.000     0.000
[17596].clk[0] (.latch)                                          0.042     0.042
[17596].Q[0] (.latch) [clock-to-output]                          0.124     0.166
[17572].in[0] (.names)                                           3.059     3.226
[17572].out[0] (.names)                                          0.261     3.487
[17574].in[5] (.names)                                           0.348     3.835
[17574].out[0] (.names)                                          0.261     4.096
nen25_2.in[4] (.names)                                           0.100     4.196
nen25_2.out[0] (.names)                                          0.261     4.457
[17954].in[2] (.names)                                           2.830     7.287
[17954].out[0] (.names)                                          0.261     7.548
n_n2447.in[4] (.names)                                           0.270     7.818
n_n2447.out[0] (.names)                                          0.261     8.079
[19227].in[0] (.names)                                           0.347     8.426
[19227].out[0] (.names)                                          0.261     8.687
[19232].in[2] (.names)                                           0.100     8.787
[19232].out[0] (.names)                                          0.261     9.048
[19215].in[2] (.names)                                           0.426     9.474
[19215].out[0] (.names)                                          0.261     9.735
[4388].in[3] (.names)                                            0.100     9.835
[4388].out[0] (.names)                                           0.261    10.096
[4889].in[4] (.names)                                            0.348    10.445
[4889].out[0] (.names)                                           0.261    10.706
[4880].D[0] (.latch)                                             0.000    10.706
data arrival time                                                         10.706

clock pclk (rise edge)                                           0.000     0.000
clock source latency                                             0.000     0.000
pclk.inpad[0] (.input)                                           0.000     0.000
[4880].clk[0] (.latch)                                           0.042     0.042
clock uncertainty                                                0.000     0.042
cell setup time                                                 -0.066    -0.024
data required time                                                        -0.024
--------------------------------------------------------------------------------
data required time                                                        -0.024
data arrival time                                                        -10.706
--------------------------------------------------------------------------------
slack (VIOLATED)                                                         -10.729


#Path 71
Startpoint: [17596].Q[0] (.latch clocked by pclk)
Endpoint  : [6320].D[0] (.latch clocked by pclk)
Path Type : setup

Point                                                             Incr      Path
--------------------------------------------------------------------------------
clock pclk (rise edge)                                           0.000     0.000
clock source latency                                             0.000     0.000
pclk.inpad[0] (.input)                                           0.000     0.000
[17596].clk[0] (.latch)                                          0.042     0.042
[17596].Q[0] (.latch) [clock-to-output]                          0.124     0.166
[17572].in[0] (.names)                                           3.059     3.226
[17572].out[0] (.names)                                          0.261     3.487
[17574].in[5] (.names)                                           0.348     3.835
[17574].out[0] (.names)                                          0.261     4.096
nen25_2.in[4] (.names)                                           0.100     4.196
nen25_2.out[0] (.names)                                          0.261     4.457
[17954].in[2] (.names)                                           2.830     7.287
[17954].out[0] (.names)                                          0.261     7.548
n_n2447.in[4] (.names)                                           0.270     7.818
n_n2447.out[0] (.names)                                          0.261     8.079
[19227].in[0] (.names)                                           0.347     8.426
[19227].out[0] (.names)                                          0.261     8.687
[19232].in[2] (.names)                                           0.100     8.787
[19232].out[0] (.names)                                          0.261     9.048
[19215].in[2] (.names)                                           0.426     9.474
[19215].out[0] (.names)                                          0.261     9.735
[4388].in[3] (.names)                                            0.100     9.835
[4388].out[0] (.names)                                           0.261    10.096
[6329].in[4] (.names)                                            0.347    10.444
[6329].out[0] (.names)                                           0.261    10.705
[6320].D[0] (.latch)                                             0.000    10.705
data arrival time                                                         10.705

clock pclk (rise edge)                                           0.000     0.000
clock source latency                                             0.000     0.000
pclk.inpad[0] (.input)                                           0.000     0.000
[6320].clk[0] (.latch)                                           0.042     0.042
clock uncertainty                                                0.000     0.042
cell setup time                                                 -0.066    -0.024
data required time                                                        -0.024
--------------------------------------------------------------------------------
data required time                                                        -0.024
data arrival time                                                        -10.705
--------------------------------------------------------------------------------
slack (VIOLATED)                                                         -10.728


#Path 72
Startpoint: [17596].Q[0] (.latch clocked by pclk)
Endpoint  : [14660].D[0] (.latch clocked by pclk)
Path Type : setup

Point                                                             Incr      Path
--------------------------------------------------------------------------------
clock pclk (rise edge)                                           0.000     0.000
clock source latency                                             0.000     0.000
pclk.inpad[0] (.input)                                           0.000     0.000
[17596].clk[0] (.latch)                                          0.042     0.042
[17596].Q[0] (.latch) [clock-to-output]                          0.124     0.166
[17572].in[0] (.names)                                           3.059     3.226
[17572].out[0] (.names)                                          0.261     3.487
[17574].in[5] (.names)                                           0.348     3.835
[17574].out[0] (.names)                                          0.261     4.096
nen25_2.in[4] (.names)                                           0.100     4.196
nen25_2.out[0] (.names)                                          0.261     4.457
[17954].in[2] (.names)                                           2.830     7.287
[17954].out[0] (.names)                                          0.261     7.548
n_n2447.in[4] (.names)                                           0.270     7.818
n_n2447.out[0] (.names)                                          0.261     8.079
[19227].in[0] (.names)                                           0.347     8.426
[19227].out[0] (.names)                                          0.261     8.687
[19232].in[2] (.names)                                           0.100     8.787
[19232].out[0] (.names)                                          0.261     9.048
[19091].in[5] (.names)                                           0.735     9.782
[19091].out[0] (.names)                                          0.261    10.043
[14669].in[3] (.names)                                           0.348    10.392
[14669].out[0] (.names)                                          0.261    10.653
[14660].D[0] (.latch)                                            0.000    10.653
data arrival time                                                         10.653

clock pclk (rise edge)                                           0.000     0.000
clock source latency                                             0.000     0.000
pclk.inpad[0] (.input)                                           0.000     0.000
[14660].clk[0] (.latch)                                          0.042     0.042
clock uncertainty                                                0.000     0.042
cell setup time                                                 -0.066    -0.024
data required time                                                        -0.024
--------------------------------------------------------------------------------
data required time                                                        -0.024
data arrival time                                                        -10.653
--------------------------------------------------------------------------------
slack (VIOLATED)                                                         -10.676


#Path 73
Startpoint: [17596].Q[0] (.latch clocked by pclk)
Endpoint  : [11510].D[0] (.latch clocked by pclk)
Path Type : setup

Point                                                             Incr      Path
--------------------------------------------------------------------------------
clock pclk (rise edge)                                           0.000     0.000
clock source latency                                             0.000     0.000
pclk.inpad[0] (.input)                                           0.000     0.000
[17596].clk[0] (.latch)                                          0.042     0.042
[17596].Q[0] (.latch) [clock-to-output]                          0.124     0.166
[17572].in[0] (.names)                                           3.059     3.226
[17572].out[0] (.names)                                          0.261     3.487
[17574].in[5] (.names)                                           0.348     3.835
[17574].out[0] (.names)                                          0.261     4.096
nen25_2.in[4] (.names)                                           0.100     4.196
nen25_2.out[0] (.names)                                          0.261     4.457
[17954].in[2] (.names)                                           2.830     7.287
[17954].out[0] (.names)                                          0.261     7.548
n_n2447.in[4] (.names)                                           0.270     7.818
n_n2447.out[0] (.names)                                          0.261     8.079
[19227].in[0] (.names)                                           0.347     8.426
[19227].out[0] (.names)                                          0.261     8.687
[19232].in[2] (.names)                                           0.100     8.787
[19232].out[0] (.names)                                          0.261     9.048
[19091].in[5] (.names)                                           0.735     9.782
[19091].out[0] (.names)                                          0.261    10.043
[11519].in[3] (.names)                                           0.348    10.392
[11519].out[0] (.names)                                          0.261    10.653
[11510].D[0] (.latch)                                            0.000    10.653
data arrival time                                                         10.653

clock pclk (rise edge)                                           0.000     0.000
clock source latency                                             0.000     0.000
pclk.inpad[0] (.input)                                           0.000     0.000
[11510].clk[0] (.latch)                                          0.042     0.042
clock uncertainty                                                0.000     0.042
cell setup time                                                 -0.066    -0.024
data required time                                                        -0.024
--------------------------------------------------------------------------------
data required time                                                        -0.024
data arrival time                                                        -10.653
--------------------------------------------------------------------------------
slack (VIOLATED)                                                         -10.676


#Path 74
Startpoint: [17596].Q[0] (.latch clocked by pclk)
Endpoint  : [9845].D[0] (.latch clocked by pclk)
Path Type : setup

Point                                                             Incr      Path
--------------------------------------------------------------------------------
clock pclk (rise edge)                                           0.000     0.000
clock source latency                                             0.000     0.000
pclk.inpad[0] (.input)                                           0.000     0.000
[17596].clk[0] (.latch)                                          0.042     0.042
[17596].Q[0] (.latch) [clock-to-output]                          0.124     0.166
[17572].in[0] (.names)                                           3.059     3.226
[17572].out[0] (.names)                                          0.261     3.487
[17574].in[5] (.names)                                           0.348     3.835
[17574].out[0] (.names)                                          0.261     4.096
nen25_2.in[4] (.names)                                           0.100     4.196
nen25_2.out[0] (.names)                                          0.261     4.457
[17954].in[2] (.names)                                           2.830     7.287
[17954].out[0] (.names)                                          0.261     7.548
n_n2447.in[4] (.names)                                           0.270     7.818
n_n2447.out[0] (.names)                                          0.261     8.079
[19227].in[0] (.names)                                           0.347     8.426
[19227].out[0] (.names)                                          0.261     8.687
[19232].in[2] (.names)                                           0.100     8.787
[19232].out[0] (.names)                                          0.261     9.048
[19091].in[5] (.names)                                           0.735     9.782
[19091].out[0] (.names)                                          0.261    10.043
[9854].in[3] (.names)                                            0.347    10.391
[9854].out[0] (.names)                                           0.261    10.652
[9845].D[0] (.latch)                                             0.000    10.652
data arrival time                                                         10.652

clock pclk (rise edge)                                           0.000     0.000
clock source latency                                             0.000     0.000
pclk.inpad[0] (.input)                                           0.000     0.000
[9845].clk[0] (.latch)                                           0.042     0.042
clock uncertainty                                                0.000     0.042
cell setup time                                                 -0.066    -0.024
data required time                                                        -0.024
--------------------------------------------------------------------------------
data required time                                                        -0.024
data arrival time                                                        -10.652
--------------------------------------------------------------------------------
slack (VIOLATED)                                                         -10.675


#Path 75
Startpoint: [17596].Q[0] (.latch clocked by pclk)
Endpoint  : [15065].D[0] (.latch clocked by pclk)
Path Type : setup

Point                                                             Incr      Path
--------------------------------------------------------------------------------
clock pclk (rise edge)                                           0.000     0.000
clock source latency                                             0.000     0.000
pclk.inpad[0] (.input)                                           0.000     0.000
[17596].clk[0] (.latch)                                          0.042     0.042
[17596].Q[0] (.latch) [clock-to-output]                          0.124     0.166
[17572].in[0] (.names)                                           3.059     3.226
[17572].out[0] (.names)                                          0.261     3.487
[17574].in[5] (.names)                                           0.348     3.835
[17574].out[0] (.names)                                          0.261     4.096
nen25_2.in[4] (.names)                                           0.100     4.196
nen25_2.out[0] (.names)                                          0.261     4.457
[17954].in[2] (.names)                                           2.830     7.287
[17954].out[0] (.names)                                          0.261     7.548
n_n2447.in[4] (.names)                                           0.270     7.818
n_n2447.out[0] (.names)                                          0.261     8.079
[19227].in[0] (.names)                                           0.347     8.426
[19227].out[0] (.names)                                          0.261     8.687
[19232].in[2] (.names)                                           0.100     8.787
[19232].out[0] (.names)                                          0.261     9.048
[19091].in[5] (.names)                                           0.735     9.782
[19091].out[0] (.names)                                          0.261    10.043
[15074].in[3] (.names)                                           0.347    10.390
[15074].out[0] (.names)                                          0.261    10.651
[15065].D[0] (.latch)                                            0.000    10.651
data arrival time                                                         10.651

clock pclk (rise edge)                                           0.000     0.000
clock source latency                                             0.000     0.000
pclk.inpad[0] (.input)                                           0.000     0.000
[15065].clk[0] (.latch)                                          0.042     0.042
clock uncertainty                                                0.000     0.042
cell setup time                                                 -0.066    -0.024
data required time                                                        -0.024
--------------------------------------------------------------------------------
data required time                                                        -0.024
data arrival time                                                        -10.651
--------------------------------------------------------------------------------
slack (VIOLATED)                                                         -10.675


#Path 76
Startpoint: [17596].Q[0] (.latch clocked by pclk)
Endpoint  : [10415].D[0] (.latch clocked by pclk)
Path Type : setup

Point                                                             Incr      Path
--------------------------------------------------------------------------------
clock pclk (rise edge)                                           0.000     0.000
clock source latency                                             0.000     0.000
pclk.inpad[0] (.input)                                           0.000     0.000
[17596].clk[0] (.latch)                                          0.042     0.042
[17596].Q[0] (.latch) [clock-to-output]                          0.124     0.166
[17572].in[0] (.names)                                           3.059     3.226
[17572].out[0] (.names)                                          0.261     3.487
[17574].in[5] (.names)                                           0.348     3.835
[17574].out[0] (.names)                                          0.261     4.096
nen25_2.in[4] (.names)                                           0.100     4.196
nen25_2.out[0] (.names)                                          0.261     4.457
[17954].in[2] (.names)                                           2.830     7.287
[17954].out[0] (.names)                                          0.261     7.548
n_n2447.in[4] (.names)                                           0.270     7.818
n_n2447.out[0] (.names)                                          0.261     8.079
[19227].in[0] (.names)                                           0.347     8.426
[19227].out[0] (.names)                                          0.261     8.687
[19232].in[2] (.names)                                           0.100     8.787
[19232].out[0] (.names)                                          0.261     9.048
[19091].in[5] (.names)                                           0.735     9.782
[19091].out[0] (.names)                                          0.261    10.043
[10424].in[3] (.names)                                           0.347    10.390
[10424].out[0] (.names)                                          0.261    10.651
[10415].D[0] (.latch)                                            0.000    10.651
data arrival time                                                         10.651

clock pclk (rise edge)                                           0.000     0.000
clock source latency                                             0.000     0.000
pclk.inpad[0] (.input)                                           0.000     0.000
[10415].clk[0] (.latch)                                          0.042     0.042
clock uncertainty                                                0.000     0.042
cell setup time                                                 -0.066    -0.024
data required time                                                        -0.024
--------------------------------------------------------------------------------
data required time                                                        -0.024
data arrival time                                                        -10.651
--------------------------------------------------------------------------------
slack (VIOLATED)                                                         -10.675


#Path 77
Startpoint: [17596].Q[0] (.latch clocked by pclk)
Endpoint  : [10190].D[0] (.latch clocked by pclk)
Path Type : setup

Point                                                             Incr      Path
--------------------------------------------------------------------------------
clock pclk (rise edge)                                           0.000     0.000
clock source latency                                             0.000     0.000
pclk.inpad[0] (.input)                                           0.000     0.000
[17596].clk[0] (.latch)                                          0.042     0.042
[17596].Q[0] (.latch) [clock-to-output]                          0.124     0.166
[17572].in[0] (.names)                                           3.059     3.226
[17572].out[0] (.names)                                          0.261     3.487
[17574].in[5] (.names)                                           0.348     3.835
[17574].out[0] (.names)                                          0.261     4.096
nen25_2.in[4] (.names)                                           0.100     4.196
nen25_2.out[0] (.names)                                          0.261     4.457
[17954].in[2] (.names)                                           2.830     7.287
[17954].out[0] (.names)                                          0.261     7.548
n_n2447.in[4] (.names)                                           0.270     7.818
n_n2447.out[0] (.names)                                          0.261     8.079
[19227].in[0] (.names)                                           0.347     8.426
[19227].out[0] (.names)                                          0.261     8.687
[19232].in[2] (.names)                                           0.100     8.787
[19232].out[0] (.names)                                          0.261     9.048
[19215].in[2] (.names)                                           0.426     9.474
[19215].out[0] (.names)                                          0.261     9.735
[10199].in[4] (.names)                                           0.579    10.314
[10199].out[0] (.names)                                          0.261    10.575
[10190].D[0] (.latch)                                            0.000    10.575
data arrival time                                                         10.575

clock pclk (rise edge)                                           0.000     0.000
clock source latency                                             0.000     0.000
pclk.inpad[0] (.input)                                           0.000     0.000
[10190].clk[0] (.latch)                                          0.042     0.042
clock uncertainty                                                0.000     0.042
cell setup time                                                 -0.066    -0.024
data required time                                                        -0.024
--------------------------------------------------------------------------------
data required time                                                        -0.024
data arrival time                                                        -10.575
--------------------------------------------------------------------------------
slack (VIOLATED)                                                         -10.598


#Path 78
Startpoint: [17596].Q[0] (.latch clocked by pclk)
Endpoint  : [8885].D[0] (.latch clocked by pclk)
Path Type : setup

Point                                                             Incr      Path
--------------------------------------------------------------------------------
clock pclk (rise edge)                                           0.000     0.000
clock source latency                                             0.000     0.000
pclk.inpad[0] (.input)                                           0.000     0.000
[17596].clk[0] (.latch)                                          0.042     0.042
[17596].Q[0] (.latch) [clock-to-output]                          0.124     0.166
[17572].in[0] (.names)                                           3.059     3.226
[17572].out[0] (.names)                                          0.261     3.487
[17574].in[5] (.names)                                           0.348     3.835
[17574].out[0] (.names)                                          0.261     4.096
nen25_2.in[4] (.names)                                           0.100     4.196
nen25_2.out[0] (.names)                                          0.261     4.457
[17954].in[2] (.names)                                           2.830     7.287
[17954].out[0] (.names)                                          0.261     7.548
n_n2447.in[4] (.names)                                           0.270     7.818
n_n2447.out[0] (.names)                                          0.261     8.079
[19227].in[0] (.names)                                           0.347     8.426
[19227].out[0] (.names)                                          0.261     8.687
[19232].in[2] (.names)                                           0.100     8.787
[19232].out[0] (.names)                                          0.261     9.048
[19215].in[2] (.names)                                           0.426     9.474
[19215].out[0] (.names)                                          0.261     9.735
[8894].in[4] (.names)                                            0.579    10.314
[8894].out[0] (.names)                                           0.261    10.575
[8885].D[0] (.latch)                                             0.000    10.575
data arrival time                                                         10.575

clock pclk (rise edge)                                           0.000     0.000
clock source latency                                             0.000     0.000
pclk.inpad[0] (.input)                                           0.000     0.000
[8885].clk[0] (.latch)                                           0.042     0.042
clock uncertainty                                                0.000     0.042
cell setup time                                                 -0.066    -0.024
data required time                                                        -0.024
--------------------------------------------------------------------------------
data required time                                                        -0.024
data arrival time                                                        -10.575
--------------------------------------------------------------------------------
slack (VIOLATED)                                                         -10.598


#Path 79
Startpoint: [17596].Q[0] (.latch clocked by pclk)
Endpoint  : [12395].D[0] (.latch clocked by pclk)
Path Type : setup

Point                                                             Incr      Path
--------------------------------------------------------------------------------
clock pclk (rise edge)                                           0.000     0.000
clock source latency                                             0.000     0.000
pclk.inpad[0] (.input)                                           0.000     0.000
[17596].clk[0] (.latch)                                          0.042     0.042
[17596].Q[0] (.latch) [clock-to-output]                          0.124     0.166
[17572].in[0] (.names)                                           3.059     3.226
[17572].out[0] (.names)                                          0.261     3.487
[17574].in[5] (.names)                                           0.348     3.835
[17574].out[0] (.names)                                          0.261     4.096
nen25_2.in[4] (.names)                                           0.100     4.196
nen25_2.out[0] (.names)                                          0.261     4.457
[17954].in[2] (.names)                                           2.830     7.287
[17954].out[0] (.names)                                          0.261     7.548
n_n2447.in[4] (.names)                                           0.270     7.818
n_n2447.out[0] (.names)                                          0.261     8.079
[19227].in[0] (.names)                                           0.347     8.426
[19227].out[0] (.names)                                          0.261     8.687
[19232].in[2] (.names)                                           0.100     8.787
[19232].out[0] (.names)                                          0.261     9.048
[19091].in[5] (.names)                                           0.735     9.782
[19091].out[0] (.names)                                          0.261    10.043
[12404].in[4] (.names)                                           0.270    10.314
[12404].out[0] (.names)                                          0.261    10.575
[12395].D[0] (.latch)                                            0.000    10.575
data arrival time                                                         10.575

clock pclk (rise edge)                                           0.000     0.000
clock source latency                                             0.000     0.000
pclk.inpad[0] (.input)                                           0.000     0.000
[12395].clk[0] (.latch)                                          0.042     0.042
clock uncertainty                                                0.000     0.042
cell setup time                                                 -0.066    -0.024
data required time                                                        -0.024
--------------------------------------------------------------------------------
data required time                                                        -0.024
data arrival time                                                        -10.575
--------------------------------------------------------------------------------
slack (VIOLATED)                                                         -10.598


#Path 80
Startpoint: [17596].Q[0] (.latch clocked by pclk)
Endpoint  : [10955].D[0] (.latch clocked by pclk)
Path Type : setup

Point                                                             Incr      Path
--------------------------------------------------------------------------------
clock pclk (rise edge)                                           0.000     0.000
clock source latency                                             0.000     0.000
pclk.inpad[0] (.input)                                           0.000     0.000
[17596].clk[0] (.latch)                                          0.042     0.042
[17596].Q[0] (.latch) [clock-to-output]                          0.124     0.166
[17572].in[0] (.names)                                           3.059     3.226
[17572].out[0] (.names)                                          0.261     3.487
[17574].in[5] (.names)                                           0.348     3.835
[17574].out[0] (.names)                                          0.261     4.096
nen25_2.in[4] (.names)                                           0.100     4.196
nen25_2.out[0] (.names)                                          0.261     4.457
[17954].in[2] (.names)                                           2.830     7.287
[17954].out[0] (.names)                                          0.261     7.548
n_n2447.in[4] (.names)                                           0.270     7.818
n_n2447.out[0] (.names)                                          0.261     8.079
[19227].in[0] (.names)                                           0.347     8.426
[19227].out[0] (.names)                                          0.261     8.687
[19232].in[2] (.names)                                           0.100     8.787
[19232].out[0] (.names)                                          0.261     9.048
[19215].in[2] (.names)                                           0.426     9.474
[19215].out[0] (.names)                                          0.261     9.735
[10964].in[4] (.names)                                           0.496    10.231
[10964].out[0] (.names)                                          0.261    10.492
[10955].D[0] (.latch)                                            0.000    10.492
data arrival time                                                         10.492

clock pclk (rise edge)                                           0.000     0.000
clock source latency                                             0.000     0.000
pclk.inpad[0] (.input)                                           0.000     0.000
[10955].clk[0] (.latch)                                          0.042     0.042
clock uncertainty                                                0.000     0.042
cell setup time                                                 -0.066    -0.024
data required time                                                        -0.024
--------------------------------------------------------------------------------
data required time                                                        -0.024
data arrival time                                                        -10.492
--------------------------------------------------------------------------------
slack (VIOLATED)                                                         -10.516


#Path 81
Startpoint: [17596].Q[0] (.latch clocked by pclk)
Endpoint  : [13445].D[0] (.latch clocked by pclk)
Path Type : setup

Point                                                             Incr      Path
--------------------------------------------------------------------------------
clock pclk (rise edge)                                           0.000     0.000
clock source latency                                             0.000     0.000
pclk.inpad[0] (.input)                                           0.000     0.000
[17596].clk[0] (.latch)                                          0.042     0.042
[17596].Q[0] (.latch) [clock-to-output]                          0.124     0.166
[17572].in[0] (.names)                                           3.059     3.226
[17572].out[0] (.names)                                          0.261     3.487
[17574].in[5] (.names)                                           0.348     3.835
[17574].out[0] (.names)                                          0.261     4.096
nen25_2.in[4] (.names)                                           0.100     4.196
nen25_2.out[0] (.names)                                          0.261     4.457
[17954].in[2] (.names)                                           2.830     7.287
[17954].out[0] (.names)                                          0.261     7.548
n_n2447.in[4] (.names)                                           0.270     7.818
n_n2447.out[0] (.names)                                          0.261     8.079
[19227].in[0] (.names)                                           0.347     8.426
[19227].out[0] (.names)                                          0.261     8.687
[19232].in[2] (.names)                                           0.100     8.787
[19232].out[0] (.names)                                          0.261     9.048
[19215].in[2] (.names)                                           0.426     9.474
[19215].out[0] (.names)                                          0.261     9.735
[19068].in[5] (.names)                                           0.100     9.835
[19068].out[0] (.names)                                          0.261    10.096
[13454].in[1] (.names)                                           0.100    10.196
[13454].out[0] (.names)                                          0.261    10.457
[13445].D[0] (.latch)                                            0.000    10.457
data arrival time                                                         10.457

clock pclk (rise edge)                                           0.000     0.000
clock source latency                                             0.000     0.000
pclk.inpad[0] (.input)                                           0.000     0.000
[13445].clk[0] (.latch)                                          0.042     0.042
clock uncertainty                                                0.000     0.042
cell setup time                                                 -0.066    -0.024
data required time                                                        -0.024
--------------------------------------------------------------------------------
data required time                                                        -0.024
data arrival time                                                        -10.457
--------------------------------------------------------------------------------
slack (VIOLATED)                                                         -10.481


#Path 82
Startpoint: [17596].Q[0] (.latch clocked by pclk)
Endpoint  : [9560].D[0] (.latch clocked by pclk)
Path Type : setup

Point                                                             Incr      Path
--------------------------------------------------------------------------------
clock pclk (rise edge)                                           0.000     0.000
clock source latency                                             0.000     0.000
pclk.inpad[0] (.input)                                           0.000     0.000
[17596].clk[0] (.latch)                                          0.042     0.042
[17596].Q[0] (.latch) [clock-to-output]                          0.124     0.166
[17572].in[0] (.names)                                           3.059     3.226
[17572].out[0] (.names)                                          0.261     3.487
[17574].in[5] (.names)                                           0.348     3.835
[17574].out[0] (.names)                                          0.261     4.096
nen25_2.in[4] (.names)                                           0.100     4.196
nen25_2.out[0] (.names)                                          0.261     4.457
[17954].in[2] (.names)                                           2.830     7.287
[17954].out[0] (.names)                                          0.261     7.548
n_n2447.in[4] (.names)                                           0.270     7.818
n_n2447.out[0] (.names)                                          0.261     8.079
[19227].in[0] (.names)                                           0.347     8.426
[19227].out[0] (.names)                                          0.261     8.687
[19232].in[2] (.names)                                           0.100     8.787
[19232].out[0] (.names)                                          0.261     9.048
[19215].in[2] (.names)                                           0.426     9.474
[19215].out[0] (.names)                                          0.261     9.735
[19068].in[5] (.names)                                           0.100     9.835
[19068].out[0] (.names)                                          0.261    10.096
[9569].in[3] (.names)                                            0.100    10.196
[9569].out[0] (.names)                                           0.261    10.457
[9560].D[0] (.latch)                                             0.000    10.457
data arrival time                                                         10.457

clock pclk (rise edge)                                           0.000     0.000
clock source latency                                             0.000     0.000
pclk.inpad[0] (.input)                                           0.000     0.000
[9560].clk[0] (.latch)                                           0.042     0.042
clock uncertainty                                                0.000     0.042
cell setup time                                                 -0.066    -0.024
data required time                                                        -0.024
--------------------------------------------------------------------------------
data required time                                                        -0.024
data arrival time                                                        -10.457
--------------------------------------------------------------------------------
slack (VIOLATED)                                                         -10.481


#Path 83
Startpoint: [17596].Q[0] (.latch clocked by pclk)
Endpoint  : [8315].D[0] (.latch clocked by pclk)
Path Type : setup

Point                                                             Incr      Path
--------------------------------------------------------------------------------
clock pclk (rise edge)                                           0.000     0.000
clock source latency                                             0.000     0.000
pclk.inpad[0] (.input)                                           0.000     0.000
[17596].clk[0] (.latch)                                          0.042     0.042
[17596].Q[0] (.latch) [clock-to-output]                          0.124     0.166
[17572].in[0] (.names)                                           3.059     3.226
[17572].out[0] (.names)                                          0.261     3.487
[17574].in[5] (.names)                                           0.348     3.835
[17574].out[0] (.names)                                          0.261     4.096
nen25_2.in[4] (.names)                                           0.100     4.196
nen25_2.out[0] (.names)                                          0.261     4.457
[17954].in[2] (.names)                                           2.830     7.287
[17954].out[0] (.names)                                          0.261     7.548
n_n2447.in[4] (.names)                                           0.270     7.818
n_n2447.out[0] (.names)                                          0.261     8.079
[19227].in[0] (.names)                                           0.347     8.426
[19227].out[0] (.names)                                          0.261     8.687
[19232].in[2] (.names)                                           0.100     8.787
[19232].out[0] (.names)                                          0.261     9.048
[19215].in[2] (.names)                                           0.426     9.474
[19215].out[0] (.names)                                          0.261     9.735
[19068].in[5] (.names)                                           0.100     9.835
[19068].out[0] (.names)                                          0.261    10.096
[8324].in[3] (.names)                                            0.100    10.196
[8324].out[0] (.names)                                           0.261    10.457
[8315].D[0] (.latch)                                             0.000    10.457
data arrival time                                                         10.457

clock pclk (rise edge)                                           0.000     0.000
clock source latency                                             0.000     0.000
pclk.inpad[0] (.input)                                           0.000     0.000
[8315].clk[0] (.latch)                                           0.042     0.042
clock uncertainty                                                0.000     0.042
cell setup time                                                 -0.066    -0.024
data required time                                                        -0.024
--------------------------------------------------------------------------------
data required time                                                        -0.024
data arrival time                                                        -10.457
--------------------------------------------------------------------------------
slack (VIOLATED)                                                         -10.481


#Path 84
Startpoint: [17596].Q[0] (.latch clocked by pclk)
Endpoint  : [7580].D[0] (.latch clocked by pclk)
Path Type : setup

Point                                                             Incr      Path
--------------------------------------------------------------------------------
clock pclk (rise edge)                                           0.000     0.000
clock source latency                                             0.000     0.000
pclk.inpad[0] (.input)                                           0.000     0.000
[17596].clk[0] (.latch)                                          0.042     0.042
[17596].Q[0] (.latch) [clock-to-output]                          0.124     0.166
[17572].in[0] (.names)                                           3.059     3.226
[17572].out[0] (.names)                                          0.261     3.487
[17574].in[5] (.names)                                           0.348     3.835
[17574].out[0] (.names)                                          0.261     4.096
nen25_2.in[4] (.names)                                           0.100     4.196
nen25_2.out[0] (.names)                                          0.261     4.457
[17954].in[2] (.names)                                           2.830     7.287
[17954].out[0] (.names)                                          0.261     7.548
n_n2447.in[4] (.names)                                           0.270     7.818
n_n2447.out[0] (.names)                                          0.261     8.079
[19227].in[0] (.names)                                           0.347     8.426
[19227].out[0] (.names)                                          0.261     8.687
[19232].in[2] (.names)                                           0.100     8.787
[19232].out[0] (.names)                                          0.261     9.048
[19215].in[2] (.names)                                           0.426     9.474
[19215].out[0] (.names)                                          0.261     9.735
[19068].in[5] (.names)                                           0.100     9.835
[19068].out[0] (.names)                                          0.261    10.096
[7589].in[4] (.names)                                            0.100    10.196
[7589].out[0] (.names)                                           0.261    10.457
[7580].D[0] (.latch)                                             0.000    10.457
data arrival time                                                         10.457

clock pclk (rise edge)                                           0.000     0.000
clock source latency                                             0.000     0.000
pclk.inpad[0] (.input)                                           0.000     0.000
[7580].clk[0] (.latch)                                           0.042     0.042
clock uncertainty                                                0.000     0.042
cell setup time                                                 -0.066    -0.024
data required time                                                        -0.024
--------------------------------------------------------------------------------
data required time                                                        -0.024
data arrival time                                                        -10.457
--------------------------------------------------------------------------------
slack (VIOLATED)                                                         -10.481


#Path 85
Startpoint: [17596].Q[0] (.latch clocked by pclk)
Endpoint  : [6335].D[0] (.latch clocked by pclk)
Path Type : setup

Point                                                             Incr      Path
--------------------------------------------------------------------------------
clock pclk (rise edge)                                           0.000     0.000
clock source latency                                             0.000     0.000
pclk.inpad[0] (.input)                                           0.000     0.000
[17596].clk[0] (.latch)                                          0.042     0.042
[17596].Q[0] (.latch) [clock-to-output]                          0.124     0.166
[17572].in[0] (.names)                                           3.059     3.226
[17572].out[0] (.names)                                          0.261     3.487
[17574].in[5] (.names)                                           0.348     3.835
[17574].out[0] (.names)                                          0.261     4.096
nen25_2.in[4] (.names)                                           0.100     4.196
nen25_2.out[0] (.names)                                          0.261     4.457
[17954].in[2] (.names)                                           2.830     7.287
[17954].out[0] (.names)                                          0.261     7.548
n_n2447.in[4] (.names)                                           0.270     7.818
n_n2447.out[0] (.names)                                          0.261     8.079
[19227].in[0] (.names)                                           0.347     8.426
[19227].out[0] (.names)                                          0.261     8.687
[19232].in[2] (.names)                                           0.100     8.787
[19232].out[0] (.names)                                          0.261     9.048
[19215].in[2] (.names)                                           0.426     9.474
[19215].out[0] (.names)                                          0.261     9.735
[19068].in[5] (.names)                                           0.100     9.835
[19068].out[0] (.names)                                          0.261    10.096
[6344].in[3] (.names)                                            0.100    10.196
[6344].out[0] (.names)                                           0.261    10.457
[6335].D[0] (.latch)                                             0.000    10.457
data arrival time                                                         10.457

clock pclk (rise edge)                                           0.000     0.000
clock source latency                                             0.000     0.000
pclk.inpad[0] (.input)                                           0.000     0.000
[6335].clk[0] (.latch)                                           0.042     0.042
clock uncertainty                                                0.000     0.042
cell setup time                                                 -0.066    -0.024
data required time                                                        -0.024
--------------------------------------------------------------------------------
data required time                                                        -0.024
data arrival time                                                        -10.457
--------------------------------------------------------------------------------
slack (VIOLATED)                                                         -10.481


#Path 86
Startpoint: [17596].Q[0] (.latch clocked by pclk)
Endpoint  : [7010].D[0] (.latch clocked by pclk)
Path Type : setup

Point                                                             Incr      Path
--------------------------------------------------------------------------------
clock pclk (rise edge)                                           0.000     0.000
clock source latency                                             0.000     0.000
pclk.inpad[0] (.input)                                           0.000     0.000
[17596].clk[0] (.latch)                                          0.042     0.042
[17596].Q[0] (.latch) [clock-to-output]                          0.124     0.166
[17572].in[0] (.names)                                           3.059     3.226
[17572].out[0] (.names)                                          0.261     3.487
[17574].in[5] (.names)                                           0.348     3.835
[17574].out[0] (.names)                                          0.261     4.096
nen25_2.in[4] (.names)                                           0.100     4.196
nen25_2.out[0] (.names)                                          0.261     4.457
[17954].in[2] (.names)                                           2.830     7.287
[17954].out[0] (.names)                                          0.261     7.548
n_n2447.in[4] (.names)                                           0.270     7.818
n_n2447.out[0] (.names)                                          0.261     8.079
[19227].in[0] (.names)                                           0.347     8.426
[19227].out[0] (.names)                                          0.261     8.687
[19232].in[2] (.names)                                           0.100     8.787
[19232].out[0] (.names)                                          0.261     9.048
[19215].in[2] (.names)                                           0.426     9.474
[19215].out[0] (.names)                                          0.261     9.735
[4388].in[3] (.names)                                            0.100     9.835
[4388].out[0] (.names)                                           0.261    10.096
[7019].in[5] (.names)                                            0.100    10.196
[7019].out[0] (.names)                                           0.261    10.457
[7010].D[0] (.latch)                                             0.000    10.457
data arrival time                                                         10.457

clock pclk (rise edge)                                           0.000     0.000
clock source latency                                             0.000     0.000
pclk.inpad[0] (.input)                                           0.000     0.000
[7010].clk[0] (.latch)                                           0.042     0.042
clock uncertainty                                                0.000     0.042
cell setup time                                                 -0.066    -0.024
data required time                                                        -0.024
--------------------------------------------------------------------------------
data required time                                                        -0.024
data arrival time                                                        -10.457
--------------------------------------------------------------------------------
slack (VIOLATED)                                                         -10.481


#Path 87
Startpoint: [17596].Q[0] (.latch clocked by pclk)
Endpoint  : [14615].D[0] (.latch clocked by pclk)
Path Type : setup

Point                                                             Incr      Path
--------------------------------------------------------------------------------
clock pclk (rise edge)                                           0.000     0.000
clock source latency                                             0.000     0.000
pclk.inpad[0] (.input)                                           0.000     0.000
[17596].clk[0] (.latch)                                          0.042     0.042
[17596].Q[0] (.latch) [clock-to-output]                          0.124     0.166
[17572].in[0] (.names)                                           3.059     3.226
[17572].out[0] (.names)                                          0.261     3.487
[17574].in[5] (.names)                                           0.348     3.835
[17574].out[0] (.names)                                          0.261     4.096
nen25_2.in[4] (.names)                                           0.100     4.196
nen25_2.out[0] (.names)                                          0.261     4.457
[17954].in[2] (.names)                                           2.830     7.287
[17954].out[0] (.names)                                          0.261     7.548
n_n2447.in[4] (.names)                                           0.270     7.818
n_n2447.out[0] (.names)                                          0.261     8.079
[19227].in[0] (.names)                                           0.347     8.426
[19227].out[0] (.names)                                          0.261     8.687
[19232].in[2] (.names)                                           0.100     8.787
[19232].out[0] (.names)                                          0.261     9.048
[19215].in[2] (.names)                                           0.426     9.474
[19215].out[0] (.names)                                          0.261     9.735
[4388].in[3] (.names)                                            0.100     9.835
[4388].out[0] (.names)                                           0.261    10.096
[14624].in[4] (.names)                                           0.100    10.196
[14624].out[0] (.names)                                          0.261    10.457
[14615].D[0] (.latch)                                            0.000    10.457
data arrival time                                                         10.457

clock pclk (rise edge)                                           0.000     0.000
clock source latency                                             0.000     0.000
pclk.inpad[0] (.input)                                           0.000     0.000
[14615].clk[0] (.latch)                                          0.042     0.042
clock uncertainty                                                0.000     0.042
cell setup time                                                 -0.066    -0.024
data required time                                                        -0.024
--------------------------------------------------------------------------------
data required time                                                        -0.024
data arrival time                                                        -10.457
--------------------------------------------------------------------------------
slack (VIOLATED)                                                         -10.481


#Path 88
Startpoint: ppeaka_10_10_.Q[0] (.latch clocked by pclk)
Endpoint  : [6710].D[0] (.latch clocked by pclk)
Path Type : setup

Point                                                             Incr      Path
--------------------------------------------------------------------------------
clock pclk (rise edge)                                           0.000     0.000
clock source latency                                             0.000     0.000
pclk.inpad[0] (.input)                                           0.000     0.000
ppeaka_10_10_.clk[0] (.latch)                                    0.042     0.042
ppeaka_10_10_.Q[0] (.latch) [clock-to-output]                    0.124     0.166
[4455].in[0] (.names)                                            6.980     7.147
[4455].out[0] (.names)                                           0.261     7.408
[19735].in[2] (.names)                                           0.650     8.058
[19735].out[0] (.names)                                          0.261     8.319
[19395].in[3] (.names)                                           1.107     9.426
[19395].out[0] (.names)                                          0.261     9.687
[6719].in[2] (.names)                                            0.502    10.190
[6719].out[0] (.names)                                           0.261    10.451
[6710].D[0] (.latch)                                             0.000    10.451
data arrival time                                                         10.451

clock pclk (rise edge)                                           0.000     0.000
clock source latency                                             0.000     0.000
pclk.inpad[0] (.input)                                           0.000     0.000
[6710].clk[0] (.latch)                                           0.042     0.042
clock uncertainty                                                0.000     0.042
cell setup time                                                 -0.066    -0.024
data required time                                                        -0.024
--------------------------------------------------------------------------------
data required time                                                        -0.024
data arrival time                                                        -10.451
--------------------------------------------------------------------------------
slack (VIOLATED)                                                         -10.474


#Path 89
Startpoint: ppeaka_10_10_.Q[0] (.latch clocked by pclk)
Endpoint  : [5525].D[0] (.latch clocked by pclk)
Path Type : setup

Point                                                             Incr      Path
--------------------------------------------------------------------------------
clock pclk (rise edge)                                           0.000     0.000
clock source latency                                             0.000     0.000
pclk.inpad[0] (.input)                                           0.000     0.000
ppeaka_10_10_.clk[0] (.latch)                                    0.042     0.042
ppeaka_10_10_.Q[0] (.latch) [clock-to-output]                    0.124     0.166
[4455].in[0] (.names)                                            6.980     7.147
[4455].out[0] (.names)                                           0.261     7.408
[19735].in[2] (.names)                                           0.650     8.058
[19735].out[0] (.names)                                          0.261     8.319
[19395].in[3] (.names)                                           1.107     9.426
[19395].out[0] (.names)                                          0.261     9.687
[5534].in[3] (.names)                                            0.502    10.190
[5534].out[0] (.names)                                           0.261    10.451
[5525].D[0] (.latch)                                             0.000    10.451
data arrival time                                                         10.451

clock pclk (rise edge)                                           0.000     0.000
clock source latency                                             0.000     0.000
pclk.inpad[0] (.input)                                           0.000     0.000
[5525].clk[0] (.latch)                                           0.042     0.042
clock uncertainty                                                0.000     0.042
cell setup time                                                 -0.066    -0.024
data required time                                                        -0.024
--------------------------------------------------------------------------------
data required time                                                        -0.024
data arrival time                                                        -10.451
--------------------------------------------------------------------------------
slack (VIOLATED)                                                         -10.474


#Path 90
Startpoint: ppeaka_10_10_.Q[0] (.latch clocked by pclk)
Endpoint  : [7430].D[0] (.latch clocked by pclk)
Path Type : setup

Point                                                             Incr      Path
--------------------------------------------------------------------------------
clock pclk (rise edge)                                           0.000     0.000
clock source latency                                             0.000     0.000
pclk.inpad[0] (.input)                                           0.000     0.000
ppeaka_10_10_.clk[0] (.latch)                                    0.042     0.042
ppeaka_10_10_.Q[0] (.latch) [clock-to-output]                    0.124     0.166
[4455].in[0] (.names)                                            6.980     7.147
[4455].out[0] (.names)                                           0.261     7.408
[19735].in[2] (.names)                                           0.650     8.058
[19735].out[0] (.names)                                          0.261     8.319
[19395].in[3] (.names)                                           1.107     9.426
[19395].out[0] (.names)                                          0.261     9.687
[7439].in[3] (.names)                                            0.502    10.190
[7439].out[0] (.names)                                           0.261    10.451
[7430].D[0] (.latch)                                             0.000    10.451
data arrival time                                                         10.451

clock pclk (rise edge)                                           0.000     0.000
clock source latency                                             0.000     0.000
pclk.inpad[0] (.input)                                           0.000     0.000
[7430].clk[0] (.latch)                                           0.042     0.042
clock uncertainty                                                0.000     0.042
cell setup time                                                 -0.066    -0.024
data required time                                                        -0.024
--------------------------------------------------------------------------------
data required time                                                        -0.024
data arrival time                                                        -10.451
--------------------------------------------------------------------------------
slack (VIOLATED)                                                         -10.474


#Path 91
Startpoint: ppeaka_10_10_.Q[0] (.latch clocked by pclk)
Endpoint  : [10340].D[0] (.latch clocked by pclk)
Path Type : setup

Point                                                             Incr      Path
--------------------------------------------------------------------------------
clock pclk (rise edge)                                           0.000     0.000
clock source latency                                             0.000     0.000
pclk.inpad[0] (.input)                                           0.000     0.000
ppeaka_10_10_.clk[0] (.latch)                                    0.042     0.042
ppeaka_10_10_.Q[0] (.latch) [clock-to-output]                    0.124     0.166
[4455].in[0] (.names)                                            6.980     7.147
[4455].out[0] (.names)                                           0.261     7.408
[19735].in[2] (.names)                                           0.650     8.058
[19735].out[0] (.names)                                          0.261     8.319
[19490].in[3] (.names)                                           0.572     8.891
[19490].out[0] (.names)                                          0.261     9.152
[3481].in[4] (.names)                                            0.270     9.422
[3481].out[0] (.names)                                           0.261     9.683
[10349].in[4] (.names)                                           0.504    10.187
[10349].out[0] (.names)                                          0.261    10.448
[10340].D[0] (.latch)                                            0.000    10.448
data arrival time                                                         10.448

clock pclk (rise edge)                                           0.000     0.000
clock source latency                                             0.000     0.000
pclk.inpad[0] (.input)                                           0.000     0.000
[10340].clk[0] (.latch)                                          0.042     0.042
clock uncertainty                                                0.000     0.042
cell setup time                                                 -0.066    -0.024
data required time                                                        -0.024
--------------------------------------------------------------------------------
data required time                                                        -0.024
data arrival time                                                        -10.448
--------------------------------------------------------------------------------
slack (VIOLATED)                                                         -10.472


#Path 92
Startpoint: [17596].Q[0] (.latch clocked by pclk)
Endpoint  : [9860].D[0] (.latch clocked by pclk)
Path Type : setup

Point                                                             Incr      Path
--------------------------------------------------------------------------------
clock pclk (rise edge)                                           0.000     0.000
clock source latency                                             0.000     0.000
pclk.inpad[0] (.input)                                           0.000     0.000
[17596].clk[0] (.latch)                                          0.042     0.042
[17596].Q[0] (.latch) [clock-to-output]                          0.124     0.166
[17572].in[0] (.names)                                           3.059     3.226
[17572].out[0] (.names)                                          0.261     3.487
[17574].in[5] (.names)                                           0.348     3.835
[17574].out[0] (.names)                                          0.261     4.096
nen25_2.in[4] (.names)                                           0.100     4.196
nen25_2.out[0] (.names)                                          0.261     4.457
[17954].in[2] (.names)                                           2.830     7.287
[17954].out[0] (.names)                                          0.261     7.548
n_n2447.in[4] (.names)                                           0.270     7.818
n_n2447.out[0] (.names)                                          0.261     8.079
[19227].in[0] (.names)                                           0.347     8.426
[19227].out[0] (.names)                                          0.261     8.687
[19092].in[5] (.names)                                           0.578     9.265
[19092].out[0] (.names)                                          0.261     9.526
[9869].in[3] (.names)                                            0.651    10.177
[9869].out[0] (.names)                                           0.261    10.438
[9860].D[0] (.latch)                                             0.000    10.438
data arrival time                                                         10.438

clock pclk (rise edge)                                           0.000     0.000
clock source latency                                             0.000     0.000
pclk.inpad[0] (.input)                                           0.000     0.000
[9860].clk[0] (.latch)                                           0.042     0.042
clock uncertainty                                                0.000     0.042
cell setup time                                                 -0.066    -0.024
data required time                                                        -0.024
--------------------------------------------------------------------------------
data required time                                                        -0.024
data arrival time                                                        -10.438
--------------------------------------------------------------------------------
slack (VIOLATED)                                                         -10.461


#Path 93
Startpoint: [17596].Q[0] (.latch clocked by pclk)
Endpoint  : [12125].D[0] (.latch clocked by pclk)
Path Type : setup

Point                                                             Incr      Path
--------------------------------------------------------------------------------
clock pclk (rise edge)                                           0.000     0.000
clock source latency                                             0.000     0.000
pclk.inpad[0] (.input)                                           0.000     0.000
[17596].clk[0] (.latch)                                          0.042     0.042
[17596].Q[0] (.latch) [clock-to-output]                          0.124     0.166
[17572].in[0] (.names)                                           3.059     3.226
[17572].out[0] (.names)                                          0.261     3.487
[17574].in[5] (.names)                                           0.348     3.835
[17574].out[0] (.names)                                          0.261     4.096
nen25_2.in[4] (.names)                                           0.100     4.196
nen25_2.out[0] (.names)                                          0.261     4.457
[17954].in[2] (.names)                                           2.830     7.287
[17954].out[0] (.names)                                          0.261     7.548
n_n2447.in[4] (.names)                                           0.270     7.818
n_n2447.out[0] (.names)                                          0.261     8.079
[19227].in[0] (.names)                                           0.347     8.426
[19227].out[0] (.names)                                          0.261     8.687
[19232].in[2] (.names)                                           0.100     8.787
[19232].out[0] (.names)                                          0.261     9.048
[12134].in[4] (.names)                                           1.128    10.176
[12134].out[0] (.names)                                          0.261    10.437
[12125].D[0] (.latch)                                            0.000    10.437
data arrival time                                                         10.437

clock pclk (rise edge)                                           0.000     0.000
clock source latency                                             0.000     0.000
pclk.inpad[0] (.input)                                           0.000     0.000
[12125].clk[0] (.latch)                                          0.042     0.042
clock uncertainty                                                0.000     0.042
cell setup time                                                 -0.066    -0.024
data required time                                                        -0.024
--------------------------------------------------------------------------------
data required time                                                        -0.024
data arrival time                                                        -10.437
--------------------------------------------------------------------------------
slack (VIOLATED)                                                         -10.460


#Path 94
Startpoint: [17596].Q[0] (.latch clocked by pclk)
Endpoint  : [12620].D[0] (.latch clocked by pclk)
Path Type : setup

Point                                                             Incr      Path
--------------------------------------------------------------------------------
clock pclk (rise edge)                                           0.000     0.000
clock source latency                                             0.000     0.000
pclk.inpad[0] (.input)                                           0.000     0.000
[17596].clk[0] (.latch)                                          0.042     0.042
[17596].Q[0] (.latch) [clock-to-output]                          0.124     0.166
[17572].in[0] (.names)                                           3.059     3.226
[17572].out[0] (.names)                                          0.261     3.487
[17574].in[5] (.names)                                           0.348     3.835
[17574].out[0] (.names)                                          0.261     4.096
nen25_2.in[4] (.names)                                           0.100     4.196
nen25_2.out[0] (.names)                                          0.261     4.457
[17954].in[2] (.names)                                           2.830     7.287
[17954].out[0] (.names)                                          0.261     7.548
n_n2447.in[4] (.names)                                           0.270     7.818
n_n2447.out[0] (.names)                                          0.261     8.079
[19227].in[0] (.names)                                           0.347     8.426
[19227].out[0] (.names)                                          0.261     8.687
[19232].in[2] (.names)                                           0.100     8.787
[19232].out[0] (.names)                                          0.261     9.048
[19215].in[2] (.names)                                           0.426     9.474
[19215].out[0] (.names)                                          0.261     9.735
[12629].in[4] (.names)                                           0.426    10.161
[12629].out[0] (.names)                                          0.261    10.422
[12620].D[0] (.latch)                                            0.000    10.422
data arrival time                                                         10.422

clock pclk (rise edge)                                           0.000     0.000
clock source latency                                             0.000     0.000
pclk.inpad[0] (.input)                                           0.000     0.000
[12620].clk[0] (.latch)                                          0.042     0.042
clock uncertainty                                                0.000     0.042
cell setup time                                                 -0.066    -0.024
data required time                                                        -0.024
--------------------------------------------------------------------------------
data required time                                                        -0.024
data arrival time                                                        -10.422
--------------------------------------------------------------------------------
slack (VIOLATED)                                                         -10.446


#Path 95
Startpoint: [17596].Q[0] (.latch clocked by pclk)
Endpoint  : [5645].D[0] (.latch clocked by pclk)
Path Type : setup

Point                                                             Incr      Path
--------------------------------------------------------------------------------
clock pclk (rise edge)                                           0.000     0.000
clock source latency                                             0.000     0.000
pclk.inpad[0] (.input)                                           0.000     0.000
[17596].clk[0] (.latch)                                          0.042     0.042
[17596].Q[0] (.latch) [clock-to-output]                          0.124     0.166
[17572].in[0] (.names)                                           3.059     3.226
[17572].out[0] (.names)                                          0.261     3.487
[17574].in[5] (.names)                                           0.348     3.835
[17574].out[0] (.names)                                          0.261     4.096
nen25_2.in[4] (.names)                                           0.100     4.196
nen25_2.out[0] (.names)                                          0.261     4.457
[17954].in[2] (.names)                                           2.830     7.287
[17954].out[0] (.names)                                          0.261     7.548
n_n2447.in[4] (.names)                                           0.270     7.818
n_n2447.out[0] (.names)                                          0.261     8.079
[19227].in[0] (.names)                                           0.347     8.426
[19227].out[0] (.names)                                          0.261     8.687
[19232].in[2] (.names)                                           0.100     8.787
[19232].out[0] (.names)                                          0.261     9.048
[19215].in[2] (.names)                                           0.426     9.474
[19215].out[0] (.names)                                          0.261     9.735
[5654].in[5] (.names)                                            0.426    10.161
[5654].out[0] (.names)                                           0.261    10.422
[5645].D[0] (.latch)                                             0.000    10.422
data arrival time                                                         10.422

clock pclk (rise edge)                                           0.000     0.000
clock source latency                                             0.000     0.000
pclk.inpad[0] (.input)                                           0.000     0.000
[5645].clk[0] (.latch)                                           0.042     0.042
clock uncertainty                                                0.000     0.042
cell setup time                                                 -0.066    -0.024
data required time                                                        -0.024
--------------------------------------------------------------------------------
data required time                                                        -0.024
data arrival time                                                        -10.422
--------------------------------------------------------------------------------
slack (VIOLATED)                                                         -10.446


#Path 96
Startpoint: [17596].Q[0] (.latch clocked by pclk)
Endpoint  : [15755].D[0] (.latch clocked by pclk)
Path Type : setup

Point                                                             Incr      Path
--------------------------------------------------------------------------------
clock pclk (rise edge)                                           0.000     0.000
clock source latency                                             0.000     0.000
pclk.inpad[0] (.input)                                           0.000     0.000
[17596].clk[0] (.latch)                                          0.042     0.042
[17596].Q[0] (.latch) [clock-to-output]                          0.124     0.166
[17572].in[0] (.names)                                           3.059     3.226
[17572].out[0] (.names)                                          0.261     3.487
[17574].in[5] (.names)                                           0.348     3.835
[17574].out[0] (.names)                                          0.261     4.096
nen25_2.in[4] (.names)                                           0.100     4.196
nen25_2.out[0] (.names)                                          0.261     4.457
[17954].in[2] (.names)                                           2.830     7.287
[17954].out[0] (.names)                                          0.261     7.548
n_n2447.in[4] (.names)                                           0.270     7.818
n_n2447.out[0] (.names)                                          0.261     8.079
[19227].in[0] (.names)                                           0.347     8.426
[19227].out[0] (.names)                                          0.261     8.687
[19232].in[2] (.names)                                           0.100     8.787
[19232].out[0] (.names)                                          0.261     9.048
[19091].in[5] (.names)                                           0.735     9.782
[19091].out[0] (.names)                                          0.261    10.043
[15764].in[1] (.names)                                           0.100    10.143
[15764].out[0] (.names)                                          0.261    10.404
[15755].D[0] (.latch)                                            0.000    10.404
data arrival time                                                         10.404

clock pclk (rise edge)                                           0.000     0.000
clock source latency                                             0.000     0.000
pclk.inpad[0] (.input)                                           0.000     0.000
[15755].clk[0] (.latch)                                          0.042     0.042
clock uncertainty                                                0.000     0.042
cell setup time                                                 -0.066    -0.024
data required time                                                        -0.024
--------------------------------------------------------------------------------
data required time                                                        -0.024
data arrival time                                                        -10.404
--------------------------------------------------------------------------------
slack (VIOLATED)                                                         -10.428


#Path 97
Startpoint: [17596].Q[0] (.latch clocked by pclk)
Endpoint  : [9500].D[0] (.latch clocked by pclk)
Path Type : setup

Point                                                             Incr      Path
--------------------------------------------------------------------------------
clock pclk (rise edge)                                           0.000     0.000
clock source latency                                             0.000     0.000
pclk.inpad[0] (.input)                                           0.000     0.000
[17596].clk[0] (.latch)                                          0.042     0.042
[17596].Q[0] (.latch) [clock-to-output]                          0.124     0.166
[17572].in[0] (.names)                                           3.059     3.226
[17572].out[0] (.names)                                          0.261     3.487
[17574].in[5] (.names)                                           0.348     3.835
[17574].out[0] (.names)                                          0.261     4.096
nen25_2.in[4] (.names)                                           0.100     4.196
nen25_2.out[0] (.names)                                          0.261     4.457
[17954].in[2] (.names)                                           2.830     7.287
[17954].out[0] (.names)                                          0.261     7.548
n_n2447.in[4] (.names)                                           0.270     7.818
n_n2447.out[0] (.names)                                          0.261     8.079
[19227].in[0] (.names)                                           0.347     8.426
[19227].out[0] (.names)                                          0.261     8.687
[19232].in[2] (.names)                                           0.100     8.787
[19232].out[0] (.names)                                          0.261     9.048
[19091].in[5] (.names)                                           0.735     9.782
[19091].out[0] (.names)                                          0.261    10.043
[9509].in[4] (.names)                                            0.100    10.143
[9509].out[0] (.names)                                           0.261    10.404
[9500].D[0] (.latch)                                             0.000    10.404
data arrival time                                                         10.404

clock pclk (rise edge)                                           0.000     0.000
clock source latency                                             0.000     0.000
pclk.inpad[0] (.input)                                           0.000     0.000
[9500].clk[0] (.latch)                                           0.042     0.042
clock uncertainty                                                0.000     0.042
cell setup time                                                 -0.066    -0.024
data required time                                                        -0.024
--------------------------------------------------------------------------------
data required time                                                        -0.024
data arrival time                                                        -10.404
--------------------------------------------------------------------------------
slack (VIOLATED)                                                         -10.428


#Path 98
Startpoint: [17596].Q[0] (.latch clocked by pclk)
Endpoint  : [8855].D[0] (.latch clocked by pclk)
Path Type : setup

Point                                                             Incr      Path
--------------------------------------------------------------------------------
clock pclk (rise edge)                                           0.000     0.000
clock source latency                                             0.000     0.000
pclk.inpad[0] (.input)                                           0.000     0.000
[17596].clk[0] (.latch)                                          0.042     0.042
[17596].Q[0] (.latch) [clock-to-output]                          0.124     0.166
[17572].in[0] (.names)                                           3.059     3.226
[17572].out[0] (.names)                                          0.261     3.487
[17574].in[5] (.names)                                           0.348     3.835
[17574].out[0] (.names)                                          0.261     4.096
nen25_2.in[4] (.names)                                           0.100     4.196
nen25_2.out[0] (.names)                                          0.261     4.457
[17954].in[2] (.names)                                           2.830     7.287
[17954].out[0] (.names)                                          0.261     7.548
n_n2447.in[4] (.names)                                           0.270     7.818
n_n2447.out[0] (.names)                                          0.261     8.079
[19227].in[0] (.names)                                           0.347     8.426
[19227].out[0] (.names)                                          0.261     8.687
[19232].in[2] (.names)                                           0.100     8.787
[19232].out[0] (.names)                                          0.261     9.048
[19091].in[5] (.names)                                           0.735     9.782
[19091].out[0] (.names)                                          0.261    10.043
[8864].in[4] (.names)                                            0.100    10.143
[8864].out[0] (.names)                                           0.261    10.404
[8855].D[0] (.latch)                                             0.000    10.404
data arrival time                                                         10.404

clock pclk (rise edge)                                           0.000     0.000
clock source latency                                             0.000     0.000
pclk.inpad[0] (.input)                                           0.000     0.000
[8855].clk[0] (.latch)                                           0.042     0.042
clock uncertainty                                                0.000     0.042
cell setup time                                                 -0.066    -0.024
data required time                                                        -0.024
--------------------------------------------------------------------------------
data required time                                                        -0.024
data arrival time                                                        -10.404
--------------------------------------------------------------------------------
slack (VIOLATED)                                                         -10.428


#Path 99
Startpoint: [17596].Q[0] (.latch clocked by pclk)
Endpoint  : [8285].D[0] (.latch clocked by pclk)
Path Type : setup

Point                                                             Incr      Path
--------------------------------------------------------------------------------
clock pclk (rise edge)                                           0.000     0.000
clock source latency                                             0.000     0.000
pclk.inpad[0] (.input)                                           0.000     0.000
[17596].clk[0] (.latch)                                          0.042     0.042
[17596].Q[0] (.latch) [clock-to-output]                          0.124     0.166
[17572].in[0] (.names)                                           3.059     3.226
[17572].out[0] (.names)                                          0.261     3.487
[17574].in[5] (.names)                                           0.348     3.835
[17574].out[0] (.names)                                          0.261     4.096
nen25_2.in[4] (.names)                                           0.100     4.196
nen25_2.out[0] (.names)                                          0.261     4.457
[17954].in[2] (.names)                                           2.830     7.287
[17954].out[0] (.names)                                          0.261     7.548
n_n2447.in[4] (.names)                                           0.270     7.818
n_n2447.out[0] (.names)                                          0.261     8.079
[19227].in[0] (.names)                                           0.347     8.426
[19227].out[0] (.names)                                          0.261     8.687
[19232].in[2] (.names)                                           0.100     8.787
[19232].out[0] (.names)                                          0.261     9.048
[19091].in[5] (.names)                                           0.735     9.782
[19091].out[0] (.names)                                          0.261    10.043
[8294].in[4] (.names)                                            0.100    10.143
[8294].out[0] (.names)                                           0.261    10.404
[8285].D[0] (.latch)                                             0.000    10.404
data arrival time                                                         10.404

clock pclk (rise edge)                                           0.000     0.000
clock source latency                                             0.000     0.000
pclk.inpad[0] (.input)                                           0.000     0.000
[8285].clk[0] (.latch)                                           0.042     0.042
clock uncertainty                                                0.000     0.042
cell setup time                                                 -0.066    -0.024
data required time                                                        -0.024
--------------------------------------------------------------------------------
data required time                                                        -0.024
data arrival time                                                        -10.404
--------------------------------------------------------------------------------
slack (VIOLATED)                                                         -10.428


#Path 100
Startpoint: [17596].Q[0] (.latch clocked by pclk)
Endpoint  : [4940].D[0] (.latch clocked by pclk)
Path Type : setup

Point                                                             Incr      Path
--------------------------------------------------------------------------------
clock pclk (rise edge)                                           0.000     0.000
clock source latency                                             0.000     0.000
pclk.inpad[0] (.input)                                           0.000     0.000
[17596].clk[0] (.latch)                                          0.042     0.042
[17596].Q[0] (.latch) [clock-to-output]                          0.124     0.166
[17572].in[0] (.names)                                           3.059     3.226
[17572].out[0] (.names)                                          0.261     3.487
[17574].in[5] (.names)                                           0.348     3.835
[17574].out[0] (.names)                                          0.261     4.096
nen25_2.in[4] (.names)                                           0.100     4.196
nen25_2.out[0] (.names)                                          0.261     4.457
[17954].in[2] (.names)                                           2.830     7.287
[17954].out[0] (.names)                                          0.261     7.548
n_n2447.in[4] (.names)                                           0.270     7.818
n_n2447.out[0] (.names)                                          0.261     8.079
[19227].in[0] (.names)                                           0.347     8.426
[19227].out[0] (.names)                                          0.261     8.687
[19232].in[2] (.names)                                           0.100     8.787
[19232].out[0] (.names)                                          0.261     9.048
[19091].in[5] (.names)                                           0.735     9.782
[19091].out[0] (.names)                                          0.261    10.043
[4949].in[3] (.names)                                            0.100    10.143
[4949].out[0] (.names)                                           0.261    10.404
[4940].D[0] (.latch)                                             0.000    10.404
data arrival time                                                         10.404

clock pclk (rise edge)                                           0.000     0.000
clock source latency                                             0.000     0.000
pclk.inpad[0] (.input)                                           0.000     0.000
[4940].clk[0] (.latch)                                           0.042     0.042
clock uncertainty                                                0.000     0.042
cell setup time                                                 -0.066    -0.024
data required time                                                        -0.024
--------------------------------------------------------------------------------
data required time                                                        -0.024
data arrival time                                                        -10.404
--------------------------------------------------------------------------------
slack (VIOLATED)                                                         -10.428


#End of timing report
