#Timing report of worst 100 path(s)
# Unit scale: 1e-09 seconds
# Output precision: 3

#Path 1
Startpoint: [17752].Q[0] (.latch clocked by pclk)
Endpoint  : [7355].D[0] (.latch clocked by pclk)
Path Type : setup

Point                                                             Incr      Path
--------------------------------------------------------------------------------
clock pclk (rise edge)                                           0.000     0.000
clock source latency                                             0.000     0.000
pclk.inpad[0] (.input)                                           0.000     0.000
[17752].clk[0] (.latch)                                          0.042     0.042
[17752].Q[0] (.latch) [clock-to-output]                          0.124     0.166
[5548].in[4] (.names)                                            1.860     2.026
[5548].out[0] (.names)                                           0.261     2.287
[17553].in[3] (.names)                                           0.479     2.766
[17553].out[0] (.names)                                          0.261     3.027
[17560].in[3] (.names)                                           0.100     3.127
[17560].out[0] (.names)                                          0.261     3.388
nen24_7.in[2] (.names)                                           0.335     3.723
nen24_7.out[0] (.names)                                          0.261     3.984
[17719].in[2] (.names)                                           0.338     4.322
[17719].out[0] (.names)                                          0.261     4.583
[5291].in[3] (.names)                                            0.621     5.204
[5291].out[0] (.names)                                           0.261     5.465
[17748].in[2] (.names)                                           1.209     6.674
[17748].out[0] (.names)                                          0.261     6.935
[17751].in[3] (.names)                                           0.334     7.268
[17751].out[0] (.names)                                          0.261     7.529
[17755].in[3] (.names)                                           0.334     7.863
[17755].out[0] (.names)                                          0.261     8.124
[19741].in[5] (.names)                                           0.100     8.224
[19741].out[0] (.names)                                          0.261     8.485
[19490].in[2] (.names)                                           0.334     8.818
[19490].out[0] (.names)                                          0.261     9.079
[19474].in[3] (.names)                                           0.288     9.368
[19474].out[0] (.names)                                          0.261     9.629
[7364].in[3] (.names)                                            0.650    10.278
[7364].out[0] (.names)                                           0.261    10.539
[7355].D[0] (.latch)                                             0.000    10.539
data arrival time                                                         10.539

clock pclk (rise edge)                                           0.000     0.000
clock source latency                                             0.000     0.000
pclk.inpad[0] (.input)                                           0.000     0.000
[7355].clk[0] (.latch)                                           0.042     0.042
clock uncertainty                                                0.000     0.042
cell setup time                                                 -0.066    -0.024
data required time                                                        -0.024
--------------------------------------------------------------------------------
data required time                                                        -0.024
data arrival time                                                        -10.539
--------------------------------------------------------------------------------
slack (VIOLATED)                                                         -10.563


#Path 2
Startpoint: [17752].Q[0] (.latch clocked by pclk)
Endpoint  : [16070].D[0] (.latch clocked by pclk)
Path Type : setup

Point                                                             Incr      Path
--------------------------------------------------------------------------------
clock pclk (rise edge)                                           0.000     0.000
clock source latency                                             0.000     0.000
pclk.inpad[0] (.input)                                           0.000     0.000
[17752].clk[0] (.latch)                                          0.042     0.042
[17752].Q[0] (.latch) [clock-to-output]                          0.124     0.166
[5548].in[4] (.names)                                            1.860     2.026
[5548].out[0] (.names)                                           0.261     2.287
[17553].in[3] (.names)                                           0.479     2.766
[17553].out[0] (.names)                                          0.261     3.027
[17560].in[3] (.names)                                           0.100     3.127
[17560].out[0] (.names)                                          0.261     3.388
nen24_7.in[2] (.names)                                           0.335     3.723
nen24_7.out[0] (.names)                                          0.261     3.984
[17719].in[2] (.names)                                           0.338     4.322
[17719].out[0] (.names)                                          0.261     4.583
[5291].in[3] (.names)                                            0.621     5.204
[5291].out[0] (.names)                                           0.261     5.465
[17748].in[2] (.names)                                           1.209     6.674
[17748].out[0] (.names)                                          0.261     6.935
[17751].in[3] (.names)                                           0.334     7.268
[17751].out[0] (.names)                                          0.261     7.529
[17755].in[3] (.names)                                           0.334     7.863
[17755].out[0] (.names)                                          0.261     8.124
[19741].in[5] (.names)                                           0.100     8.224
[19741].out[0] (.names)                                          0.261     8.485
[19490].in[2] (.names)                                           0.334     8.818
[19490].out[0] (.names)                                          0.261     9.079
[19367].in[3] (.names)                                           0.335     9.414
[19367].out[0] (.names)                                          0.261     9.675
[16079].in[2] (.names)                                           0.483    10.158
[16079].out[0] (.names)                                          0.261    10.419
[16070].D[0] (.latch)                                            0.000    10.419
data arrival time                                                         10.419

clock pclk (rise edge)                                           0.000     0.000
clock source latency                                             0.000     0.000
pclk.inpad[0] (.input)                                           0.000     0.000
[16070].clk[0] (.latch)                                          0.042     0.042
clock uncertainty                                                0.000     0.042
cell setup time                                                 -0.066    -0.024
data required time                                                        -0.024
--------------------------------------------------------------------------------
data required time                                                        -0.024
data arrival time                                                        -10.419
--------------------------------------------------------------------------------
slack (VIOLATED)                                                         -10.443


#Path 3
Startpoint: [17752].Q[0] (.latch clocked by pclk)
Endpoint  : [13370].D[0] (.latch clocked by pclk)
Path Type : setup

Point                                                             Incr      Path
--------------------------------------------------------------------------------
clock pclk (rise edge)                                           0.000     0.000
clock source latency                                             0.000     0.000
pclk.inpad[0] (.input)                                           0.000     0.000
[17752].clk[0] (.latch)                                          0.042     0.042
[17752].Q[0] (.latch) [clock-to-output]                          0.124     0.166
[5548].in[4] (.names)                                            1.860     2.026
[5548].out[0] (.names)                                           0.261     2.287
[17553].in[3] (.names)                                           0.479     2.766
[17553].out[0] (.names)                                          0.261     3.027
[17560].in[3] (.names)                                           0.100     3.127
[17560].out[0] (.names)                                          0.261     3.388
nen24_7.in[2] (.names)                                           0.335     3.723
nen24_7.out[0] (.names)                                          0.261     3.984
[17719].in[2] (.names)                                           0.338     4.322
[17719].out[0] (.names)                                          0.261     4.583
[5291].in[3] (.names)                                            0.621     5.204
[5291].out[0] (.names)                                           0.261     5.465
[17748].in[2] (.names)                                           1.209     6.674
[17748].out[0] (.names)                                          0.261     6.935
[17751].in[3] (.names)                                           0.334     7.268
[17751].out[0] (.names)                                          0.261     7.529
[17755].in[3] (.names)                                           0.334     7.863
[17755].out[0] (.names)                                          0.261     8.124
[19741].in[5] (.names)                                           0.100     8.224
[19741].out[0] (.names)                                          0.261     8.485
[19490].in[2] (.names)                                           0.334     8.818
[19490].out[0] (.names)                                          0.261     9.079
[19367].in[3] (.names)                                           0.335     9.414
[19367].out[0] (.names)                                          0.261     9.675
[13379].in[2] (.names)                                           0.483    10.158
[13379].out[0] (.names)                                          0.261    10.419
[13370].D[0] (.latch)                                            0.000    10.419
data arrival time                                                         10.419

clock pclk (rise edge)                                           0.000     0.000
clock source latency                                             0.000     0.000
pclk.inpad[0] (.input)                                           0.000     0.000
[13370].clk[0] (.latch)                                          0.042     0.042
clock uncertainty                                                0.000     0.042
cell setup time                                                 -0.066    -0.024
data required time                                                        -0.024
--------------------------------------------------------------------------------
data required time                                                        -0.024
data arrival time                                                        -10.419
--------------------------------------------------------------------------------
slack (VIOLATED)                                                         -10.443


#Path 4
Startpoint: [17752].Q[0] (.latch clocked by pclk)
Endpoint  : [5435].D[0] (.latch clocked by pclk)
Path Type : setup

Point                                                             Incr      Path
--------------------------------------------------------------------------------
clock pclk (rise edge)                                           0.000     0.000
clock source latency                                             0.000     0.000
pclk.inpad[0] (.input)                                           0.000     0.000
[17752].clk[0] (.latch)                                          0.042     0.042
[17752].Q[0] (.latch) [clock-to-output]                          0.124     0.166
[5548].in[4] (.names)                                            1.860     2.026
[5548].out[0] (.names)                                           0.261     2.287
[17553].in[3] (.names)                                           0.479     2.766
[17553].out[0] (.names)                                          0.261     3.027
[17560].in[3] (.names)                                           0.100     3.127
[17560].out[0] (.names)                                          0.261     3.388
nen24_7.in[2] (.names)                                           0.335     3.723
nen24_7.out[0] (.names)                                          0.261     3.984
[17719].in[2] (.names)                                           0.338     4.322
[17719].out[0] (.names)                                          0.261     4.583
[5291].in[3] (.names)                                            0.621     5.204
[5291].out[0] (.names)                                           0.261     5.465
[17748].in[2] (.names)                                           1.209     6.674
[17748].out[0] (.names)                                          0.261     6.935
[17751].in[3] (.names)                                           0.334     7.268
[17751].out[0] (.names)                                          0.261     7.529
[17755].in[3] (.names)                                           0.334     7.863
[17755].out[0] (.names)                                          0.261     8.124
[19741].in[5] (.names)                                           0.100     8.224
[19741].out[0] (.names)                                          0.261     8.485
[19490].in[2] (.names)                                           0.334     8.818
[19490].out[0] (.names)                                          0.261     9.079
[19367].in[3] (.names)                                           0.335     9.414
[19367].out[0] (.names)                                          0.261     9.675
[5444].in[3] (.names)                                            0.483    10.158
[5444].out[0] (.names)                                           0.261    10.419
[5435].D[0] (.latch)                                             0.000    10.419
data arrival time                                                         10.419

clock pclk (rise edge)                                           0.000     0.000
clock source latency                                             0.000     0.000
pclk.inpad[0] (.input)                                           0.000     0.000
[5435].clk[0] (.latch)                                           0.042     0.042
clock uncertainty                                                0.000     0.042
cell setup time                                                 -0.066    -0.024
data required time                                                        -0.024
--------------------------------------------------------------------------------
data required time                                                        -0.024
data arrival time                                                        -10.419
--------------------------------------------------------------------------------
slack (VIOLATED)                                                         -10.443


#Path 5
Startpoint: [17752].Q[0] (.latch clocked by pclk)
Endpoint  : [13070].D[0] (.latch clocked by pclk)
Path Type : setup

Point                                                             Incr      Path
--------------------------------------------------------------------------------
clock pclk (rise edge)                                           0.000     0.000
clock source latency                                             0.000     0.000
pclk.inpad[0] (.input)                                           0.000     0.000
[17752].clk[0] (.latch)                                          0.042     0.042
[17752].Q[0] (.latch) [clock-to-output]                          0.124     0.166
[5548].in[4] (.names)                                            1.860     2.026
[5548].out[0] (.names)                                           0.261     2.287
[17553].in[3] (.names)                                           0.479     2.766
[17553].out[0] (.names)                                          0.261     3.027
[17560].in[3] (.names)                                           0.100     3.127
[17560].out[0] (.names)                                          0.261     3.388
nen24_7.in[2] (.names)                                           0.335     3.723
nen24_7.out[0] (.names)                                          0.261     3.984
[17719].in[2] (.names)                                           0.338     4.322
[17719].out[0] (.names)                                          0.261     4.583
[5291].in[3] (.names)                                            0.621     5.204
[5291].out[0] (.names)                                           0.261     5.465
[17748].in[2] (.names)                                           1.209     6.674
[17748].out[0] (.names)                                          0.261     6.935
[17751].in[3] (.names)                                           0.334     7.268
[17751].out[0] (.names)                                          0.261     7.529
[17755].in[3] (.names)                                           0.334     7.863
[17755].out[0] (.names)                                          0.261     8.124
[19741].in[5] (.names)                                           0.100     8.224
[19741].out[0] (.names)                                          0.261     8.485
[19490].in[2] (.names)                                           0.334     8.818
[19490].out[0] (.names)                                          0.261     9.079
[19367].in[3] (.names)                                           0.335     9.414
[19367].out[0] (.names)                                          0.261     9.675
[13079].in[2] (.names)                                           0.483    10.158
[13079].out[0] (.names)                                          0.261    10.419
[13070].D[0] (.latch)                                            0.000    10.419
data arrival time                                                         10.419

clock pclk (rise edge)                                           0.000     0.000
clock source latency                                             0.000     0.000
pclk.inpad[0] (.input)                                           0.000     0.000
[13070].clk[0] (.latch)                                          0.042     0.042
clock uncertainty                                                0.000     0.042
cell setup time                                                 -0.066    -0.024
data required time                                                        -0.024
--------------------------------------------------------------------------------
data required time                                                        -0.024
data arrival time                                                        -10.419
--------------------------------------------------------------------------------
slack (VIOLATED)                                                         -10.443


#Path 6
Startpoint: [17752].Q[0] (.latch clocked by pclk)
Endpoint  : [11375].D[0] (.latch clocked by pclk)
Path Type : setup

Point                                                             Incr      Path
--------------------------------------------------------------------------------
clock pclk (rise edge)                                           0.000     0.000
clock source latency                                             0.000     0.000
pclk.inpad[0] (.input)                                           0.000     0.000
[17752].clk[0] (.latch)                                          0.042     0.042
[17752].Q[0] (.latch) [clock-to-output]                          0.124     0.166
[5548].in[4] (.names)                                            1.860     2.026
[5548].out[0] (.names)                                           0.261     2.287
[17553].in[3] (.names)                                           0.479     2.766
[17553].out[0] (.names)                                          0.261     3.027
[17560].in[3] (.names)                                           0.100     3.127
[17560].out[0] (.names)                                          0.261     3.388
nen24_7.in[2] (.names)                                           0.335     3.723
nen24_7.out[0] (.names)                                          0.261     3.984
[17719].in[2] (.names)                                           0.338     4.322
[17719].out[0] (.names)                                          0.261     4.583
[5291].in[3] (.names)                                            0.621     5.204
[5291].out[0] (.names)                                           0.261     5.465
[17748].in[2] (.names)                                           1.209     6.674
[17748].out[0] (.names)                                          0.261     6.935
[17751].in[3] (.names)                                           0.334     7.268
[17751].out[0] (.names)                                          0.261     7.529
[17755].in[3] (.names)                                           0.334     7.863
[17755].out[0] (.names)                                          0.261     8.124
[19741].in[5] (.names)                                           0.100     8.224
[19741].out[0] (.names)                                          0.261     8.485
[19490].in[2] (.names)                                           0.334     8.818
[19490].out[0] (.names)                                          0.261     9.079
[19367].in[3] (.names)                                           0.335     9.414
[19367].out[0] (.names)                                          0.261     9.675
[11384].in[2] (.names)                                           0.483    10.158
[11384].out[0] (.names)                                          0.261    10.419
[11375].D[0] (.latch)                                            0.000    10.419
data arrival time                                                         10.419

clock pclk (rise edge)                                           0.000     0.000
clock source latency                                             0.000     0.000
pclk.inpad[0] (.input)                                           0.000     0.000
[11375].clk[0] (.latch)                                          0.042     0.042
clock uncertainty                                                0.000     0.042
cell setup time                                                 -0.066    -0.024
data required time                                                        -0.024
--------------------------------------------------------------------------------
data required time                                                        -0.024
data arrival time                                                        -10.419
--------------------------------------------------------------------------------
slack (VIOLATED)                                                         -10.443


#Path 7
Startpoint: [17752].Q[0] (.latch clocked by pclk)
Endpoint  : [6215].D[0] (.latch clocked by pclk)
Path Type : setup

Point                                                             Incr      Path
--------------------------------------------------------------------------------
clock pclk (rise edge)                                           0.000     0.000
clock source latency                                             0.000     0.000
pclk.inpad[0] (.input)                                           0.000     0.000
[17752].clk[0] (.latch)                                          0.042     0.042
[17752].Q[0] (.latch) [clock-to-output]                          0.124     0.166
[5548].in[4] (.names)                                            1.860     2.026
[5548].out[0] (.names)                                           0.261     2.287
[17553].in[3] (.names)                                           0.479     2.766
[17553].out[0] (.names)                                          0.261     3.027
[17560].in[3] (.names)                                           0.100     3.127
[17560].out[0] (.names)                                          0.261     3.388
nen24_7.in[2] (.names)                                           0.335     3.723
nen24_7.out[0] (.names)                                          0.261     3.984
[17719].in[2] (.names)                                           0.338     4.322
[17719].out[0] (.names)                                          0.261     4.583
[5291].in[3] (.names)                                            0.621     5.204
[5291].out[0] (.names)                                           0.261     5.465
[17748].in[2] (.names)                                           1.209     6.674
[17748].out[0] (.names)                                          0.261     6.935
[17751].in[3] (.names)                                           0.334     7.268
[17751].out[0] (.names)                                          0.261     7.529
[17755].in[3] (.names)                                           0.334     7.863
[17755].out[0] (.names)                                          0.261     8.124
[19741].in[5] (.names)                                           0.100     8.224
[19741].out[0] (.names)                                          0.261     8.485
[19490].in[2] (.names)                                           0.334     8.818
[19490].out[0] (.names)                                          0.261     9.079
[19367].in[3] (.names)                                           0.335     9.414
[19367].out[0] (.names)                                          0.261     9.675
[6224].in[3] (.names)                                            0.483    10.158
[6224].out[0] (.names)                                           0.261    10.419
[6215].D[0] (.latch)                                             0.000    10.419
data arrival time                                                         10.419

clock pclk (rise edge)                                           0.000     0.000
clock source latency                                             0.000     0.000
pclk.inpad[0] (.input)                                           0.000     0.000
[6215].clk[0] (.latch)                                           0.042     0.042
clock uncertainty                                                0.000     0.042
cell setup time                                                 -0.066    -0.024
data required time                                                        -0.024
--------------------------------------------------------------------------------
data required time                                                        -0.024
data arrival time                                                        -10.419
--------------------------------------------------------------------------------
slack (VIOLATED)                                                         -10.443


#Path 8
Startpoint: [17752].Q[0] (.latch clocked by pclk)
Endpoint  : [8735].D[0] (.latch clocked by pclk)
Path Type : setup

Point                                                             Incr      Path
--------------------------------------------------------------------------------
clock pclk (rise edge)                                           0.000     0.000
clock source latency                                             0.000     0.000
pclk.inpad[0] (.input)                                           0.000     0.000
[17752].clk[0] (.latch)                                          0.042     0.042
[17752].Q[0] (.latch) [clock-to-output]                          0.124     0.166
[5548].in[4] (.names)                                            1.860     2.026
[5548].out[0] (.names)                                           0.261     2.287
[17553].in[3] (.names)                                           0.479     2.766
[17553].out[0] (.names)                                          0.261     3.027
[17560].in[3] (.names)                                           0.100     3.127
[17560].out[0] (.names)                                          0.261     3.388
nen24_7.in[2] (.names)                                           0.335     3.723
nen24_7.out[0] (.names)                                          0.261     3.984
[17719].in[2] (.names)                                           0.338     4.322
[17719].out[0] (.names)                                          0.261     4.583
[5291].in[3] (.names)                                            0.621     5.204
[5291].out[0] (.names)                                           0.261     5.465
[17748].in[2] (.names)                                           1.209     6.674
[17748].out[0] (.names)                                          0.261     6.935
[17751].in[3] (.names)                                           0.334     7.268
[17751].out[0] (.names)                                          0.261     7.529
[17755].in[3] (.names)                                           0.334     7.863
[17755].out[0] (.names)                                          0.261     8.124
[19741].in[5] (.names)                                           0.100     8.224
[19741].out[0] (.names)                                          0.261     8.485
[19490].in[2] (.names)                                           0.334     8.818
[19490].out[0] (.names)                                          0.261     9.079
[19367].in[3] (.names)                                           0.335     9.414
[19367].out[0] (.names)                                          0.261     9.675
[8744].in[2] (.names)                                            0.483    10.158
[8744].out[0] (.names)                                           0.261    10.419
[8735].D[0] (.latch)                                             0.000    10.419
data arrival time                                                         10.419

clock pclk (rise edge)                                           0.000     0.000
clock source latency                                             0.000     0.000
pclk.inpad[0] (.input)                                           0.000     0.000
[8735].clk[0] (.latch)                                           0.042     0.042
clock uncertainty                                                0.000     0.042
cell setup time                                                 -0.066    -0.024
data required time                                                        -0.024
--------------------------------------------------------------------------------
data required time                                                        -0.024
data arrival time                                                        -10.419
--------------------------------------------------------------------------------
slack (VIOLATED)                                                         -10.443


#Path 9
Startpoint: [17752].Q[0] (.latch clocked by pclk)
Endpoint  : [8150].D[0] (.latch clocked by pclk)
Path Type : setup

Point                                                             Incr      Path
--------------------------------------------------------------------------------
clock pclk (rise edge)                                           0.000     0.000
clock source latency                                             0.000     0.000
pclk.inpad[0] (.input)                                           0.000     0.000
[17752].clk[0] (.latch)                                          0.042     0.042
[17752].Q[0] (.latch) [clock-to-output]                          0.124     0.166
[5548].in[4] (.names)                                            1.860     2.026
[5548].out[0] (.names)                                           0.261     2.287
[17553].in[3] (.names)                                           0.479     2.766
[17553].out[0] (.names)                                          0.261     3.027
[17560].in[3] (.names)                                           0.100     3.127
[17560].out[0] (.names)                                          0.261     3.388
nen24_7.in[2] (.names)                                           0.335     3.723
nen24_7.out[0] (.names)                                          0.261     3.984
[17719].in[2] (.names)                                           0.338     4.322
[17719].out[0] (.names)                                          0.261     4.583
[5291].in[3] (.names)                                            0.621     5.204
[5291].out[0] (.names)                                           0.261     5.465
[17748].in[2] (.names)                                           1.209     6.674
[17748].out[0] (.names)                                          0.261     6.935
[17751].in[3] (.names)                                           0.334     7.268
[17751].out[0] (.names)                                          0.261     7.529
[17755].in[3] (.names)                                           0.334     7.863
[17755].out[0] (.names)                                          0.261     8.124
[19741].in[5] (.names)                                           0.100     8.224
[19741].out[0] (.names)                                          0.261     8.485
[19490].in[2] (.names)                                           0.334     8.818
[19490].out[0] (.names)                                          0.261     9.079
[19474].in[3] (.names)                                           0.288     9.368
[19474].out[0] (.names)                                          0.261     9.629
[8159].in[3] (.names)                                            0.483    10.112
[8159].out[0] (.names)                                           0.261    10.373
[8150].D[0] (.latch)                                             0.000    10.373
data arrival time                                                         10.373

clock pclk (rise edge)                                           0.000     0.000
clock source latency                                             0.000     0.000
pclk.inpad[0] (.input)                                           0.000     0.000
[8150].clk[0] (.latch)                                           0.042     0.042
clock uncertainty                                                0.000     0.042
cell setup time                                                 -0.066    -0.024
data required time                                                        -0.024
--------------------------------------------------------------------------------
data required time                                                        -0.024
data arrival time                                                        -10.373
--------------------------------------------------------------------------------
slack (VIOLATED)                                                         -10.397


#Path 10
Startpoint: [17752].Q[0] (.latch clocked by pclk)
Endpoint  : [7400].D[0] (.latch clocked by pclk)
Path Type : setup

Point                                                             Incr      Path
--------------------------------------------------------------------------------
clock pclk (rise edge)                                           0.000     0.000
clock source latency                                             0.000     0.000
pclk.inpad[0] (.input)                                           0.000     0.000
[17752].clk[0] (.latch)                                          0.042     0.042
[17752].Q[0] (.latch) [clock-to-output]                          0.124     0.166
[5548].in[4] (.names)                                            1.860     2.026
[5548].out[0] (.names)                                           0.261     2.287
[17553].in[3] (.names)                                           0.479     2.766
[17553].out[0] (.names)                                          0.261     3.027
[17560].in[3] (.names)                                           0.100     3.127
[17560].out[0] (.names)                                          0.261     3.388
nen24_7.in[2] (.names)                                           0.335     3.723
nen24_7.out[0] (.names)                                          0.261     3.984
[17719].in[2] (.names)                                           0.338     4.322
[17719].out[0] (.names)                                          0.261     4.583
[5291].in[3] (.names)                                            0.621     5.204
[5291].out[0] (.names)                                           0.261     5.465
[17748].in[2] (.names)                                           1.209     6.674
[17748].out[0] (.names)                                          0.261     6.935
[17751].in[3] (.names)                                           0.334     7.268
[17751].out[0] (.names)                                          0.261     7.529
[17755].in[3] (.names)                                           0.334     7.863
[17755].out[0] (.names)                                          0.261     8.124
[19741].in[5] (.names)                                           0.100     8.224
[19741].out[0] (.names)                                          0.261     8.485
[19490].in[2] (.names)                                           0.334     8.818
[19490].out[0] (.names)                                          0.261     9.079
[19367].in[3] (.names)                                           0.335     9.414
[19367].out[0] (.names)                                          0.261     9.675
[7409].in[4] (.names)                                            0.338    10.013
[7409].out[0] (.names)                                           0.261    10.274
[7400].D[0] (.latch)                                             0.000    10.274
data arrival time                                                         10.274

clock pclk (rise edge)                                           0.000     0.000
clock source latency                                             0.000     0.000
pclk.inpad[0] (.input)                                           0.000     0.000
[7400].clk[0] (.latch)                                           0.042     0.042
clock uncertainty                                                0.000     0.042
cell setup time                                                 -0.066    -0.024
data required time                                                        -0.024
--------------------------------------------------------------------------------
data required time                                                        -0.024
data arrival time                                                        -10.274
--------------------------------------------------------------------------------
slack (VIOLATED)                                                         -10.297


#Path 11
Startpoint: [17752].Q[0] (.latch clocked by pclk)
Endpoint  : [10055].D[0] (.latch clocked by pclk)
Path Type : setup

Point                                                             Incr      Path
--------------------------------------------------------------------------------
clock pclk (rise edge)                                           0.000     0.000
clock source latency                                             0.000     0.000
pclk.inpad[0] (.input)                                           0.000     0.000
[17752].clk[0] (.latch)                                          0.042     0.042
[17752].Q[0] (.latch) [clock-to-output]                          0.124     0.166
[5548].in[4] (.names)                                            1.860     2.026
[5548].out[0] (.names)                                           0.261     2.287
[17553].in[3] (.names)                                           0.479     2.766
[17553].out[0] (.names)                                          0.261     3.027
[17560].in[3] (.names)                                           0.100     3.127
[17560].out[0] (.names)                                          0.261     3.388
nen24_7.in[2] (.names)                                           0.335     3.723
nen24_7.out[0] (.names)                                          0.261     3.984
[17719].in[2] (.names)                                           0.338     4.322
[17719].out[0] (.names)                                          0.261     4.583
[5291].in[3] (.names)                                            0.621     5.204
[5291].out[0] (.names)                                           0.261     5.465
[17748].in[2] (.names)                                           1.209     6.674
[17748].out[0] (.names)                                          0.261     6.935
[17751].in[3] (.names)                                           0.334     7.268
[17751].out[0] (.names)                                          0.261     7.529
[17755].in[3] (.names)                                           0.334     7.863
[17755].out[0] (.names)                                          0.261     8.124
[19741].in[5] (.names)                                           0.100     8.224
[19741].out[0] (.names)                                          0.261     8.485
[19490].in[2] (.names)                                           0.334     8.818
[19490].out[0] (.names)                                          0.261     9.079
[19367].in[3] (.names)                                           0.335     9.414
[19367].out[0] (.names)                                          0.261     9.675
[10064].in[4] (.names)                                           0.338    10.013
[10064].out[0] (.names)                                          0.261    10.274
[10055].D[0] (.latch)                                            0.000    10.274
data arrival time                                                         10.274

clock pclk (rise edge)                                           0.000     0.000
clock source latency                                             0.000     0.000
pclk.inpad[0] (.input)                                           0.000     0.000
[10055].clk[0] (.latch)                                          0.042     0.042
clock uncertainty                                                0.000     0.042
cell setup time                                                 -0.066    -0.024
data required time                                                        -0.024
--------------------------------------------------------------------------------
data required time                                                        -0.024
data arrival time                                                        -10.274
--------------------------------------------------------------------------------
slack (VIOLATED)                                                         -10.297


#Path 12
Startpoint: [17752].Q[0] (.latch clocked by pclk)
Endpoint  : [6725].D[0] (.latch clocked by pclk)
Path Type : setup

Point                                                             Incr      Path
--------------------------------------------------------------------------------
clock pclk (rise edge)                                           0.000     0.000
clock source latency                                             0.000     0.000
pclk.inpad[0] (.input)                                           0.000     0.000
[17752].clk[0] (.latch)                                          0.042     0.042
[17752].Q[0] (.latch) [clock-to-output]                          0.124     0.166
[5548].in[4] (.names)                                            1.860     2.026
[5548].out[0] (.names)                                           0.261     2.287
[17553].in[3] (.names)                                           0.479     2.766
[17553].out[0] (.names)                                          0.261     3.027
[17560].in[3] (.names)                                           0.100     3.127
[17560].out[0] (.names)                                          0.261     3.388
nen24_7.in[2] (.names)                                           0.335     3.723
nen24_7.out[0] (.names)                                          0.261     3.984
[17719].in[2] (.names)                                           0.338     4.322
[17719].out[0] (.names)                                          0.261     4.583
[5291].in[3] (.names)                                            0.621     5.204
[5291].out[0] (.names)                                           0.261     5.465
[17748].in[2] (.names)                                           1.209     6.674
[17748].out[0] (.names)                                          0.261     6.935
[17751].in[3] (.names)                                           0.334     7.268
[17751].out[0] (.names)                                          0.261     7.529
[17755].in[3] (.names)                                           0.334     7.863
[17755].out[0] (.names)                                          0.261     8.124
[19741].in[5] (.names)                                           0.100     8.224
[19741].out[0] (.names)                                          0.261     8.485
[19490].in[2] (.names)                                           0.334     8.818
[19490].out[0] (.names)                                          0.261     9.079
[19367].in[3] (.names)                                           0.335     9.414
[19367].out[0] (.names)                                          0.261     9.675
[6734].in[4] (.names)                                            0.338    10.013
[6734].out[0] (.names)                                           0.261    10.274
[6725].D[0] (.latch)                                             0.000    10.274
data arrival time                                                         10.274

clock pclk (rise edge)                                           0.000     0.000
clock source latency                                             0.000     0.000
pclk.inpad[0] (.input)                                           0.000     0.000
[6725].clk[0] (.latch)                                           0.042     0.042
clock uncertainty                                                0.000     0.042
cell setup time                                                 -0.066    -0.024
data required time                                                        -0.024
--------------------------------------------------------------------------------
data required time                                                        -0.024
data arrival time                                                        -10.274
--------------------------------------------------------------------------------
slack (VIOLATED)                                                         -10.297


#Path 13
Startpoint: [17752].Q[0] (.latch clocked by pclk)
Endpoint  : [6080].D[0] (.latch clocked by pclk)
Path Type : setup

Point                                                             Incr      Path
--------------------------------------------------------------------------------
clock pclk (rise edge)                                           0.000     0.000
clock source latency                                             0.000     0.000
pclk.inpad[0] (.input)                                           0.000     0.000
[17752].clk[0] (.latch)                                          0.042     0.042
[17752].Q[0] (.latch) [clock-to-output]                          0.124     0.166
[5548].in[4] (.names)                                            1.860     2.026
[5548].out[0] (.names)                                           0.261     2.287
[17553].in[3] (.names)                                           0.479     2.766
[17553].out[0] (.names)                                          0.261     3.027
[17560].in[3] (.names)                                           0.100     3.127
[17560].out[0] (.names)                                          0.261     3.388
nen24_7.in[2] (.names)                                           0.335     3.723
nen24_7.out[0] (.names)                                          0.261     3.984
[17719].in[2] (.names)                                           0.338     4.322
[17719].out[0] (.names)                                          0.261     4.583
[5291].in[3] (.names)                                            0.621     5.204
[5291].out[0] (.names)                                           0.261     5.465
[17748].in[2] (.names)                                           1.209     6.674
[17748].out[0] (.names)                                          0.261     6.935
[17751].in[3] (.names)                                           0.334     7.268
[17751].out[0] (.names)                                          0.261     7.529
[17755].in[3] (.names)                                           0.334     7.863
[17755].out[0] (.names)                                          0.261     8.124
[19741].in[5] (.names)                                           0.100     8.224
[19741].out[0] (.names)                                          0.261     8.485
[19490].in[2] (.names)                                           0.334     8.818
[19490].out[0] (.names)                                          0.261     9.079
[19367].in[3] (.names)                                           0.335     9.414
[19367].out[0] (.names)                                          0.261     9.675
[6089].in[3] (.names)                                            0.338    10.013
[6089].out[0] (.names)                                           0.261    10.274
[6080].D[0] (.latch)                                             0.000    10.274
data arrival time                                                         10.274

clock pclk (rise edge)                                           0.000     0.000
clock source latency                                             0.000     0.000
pclk.inpad[0] (.input)                                           0.000     0.000
[6080].clk[0] (.latch)                                           0.042     0.042
clock uncertainty                                                0.000     0.042
cell setup time                                                 -0.066    -0.024
data required time                                                        -0.024
--------------------------------------------------------------------------------
data required time                                                        -0.024
data arrival time                                                        -10.274
--------------------------------------------------------------------------------
slack (VIOLATED)                                                         -10.297


#Path 14
Startpoint: [17752].Q[0] (.latch clocked by pclk)
Endpoint  : [5480].D[0] (.latch clocked by pclk)
Path Type : setup

Point                                                             Incr      Path
--------------------------------------------------------------------------------
clock pclk (rise edge)                                           0.000     0.000
clock source latency                                             0.000     0.000
pclk.inpad[0] (.input)                                           0.000     0.000
[17752].clk[0] (.latch)                                          0.042     0.042
[17752].Q[0] (.latch) [clock-to-output]                          0.124     0.166
[5548].in[4] (.names)                                            1.860     2.026
[5548].out[0] (.names)                                           0.261     2.287
[17553].in[3] (.names)                                           0.479     2.766
[17553].out[0] (.names)                                          0.261     3.027
[17560].in[3] (.names)                                           0.100     3.127
[17560].out[0] (.names)                                          0.261     3.388
nen24_7.in[2] (.names)                                           0.335     3.723
nen24_7.out[0] (.names)                                          0.261     3.984
[17719].in[2] (.names)                                           0.338     4.322
[17719].out[0] (.names)                                          0.261     4.583
[5291].in[3] (.names)                                            0.621     5.204
[5291].out[0] (.names)                                           0.261     5.465
[17748].in[2] (.names)                                           1.209     6.674
[17748].out[0] (.names)                                          0.261     6.935
[17751].in[3] (.names)                                           0.334     7.268
[17751].out[0] (.names)                                          0.261     7.529
[17755].in[3] (.names)                                           0.334     7.863
[17755].out[0] (.names)                                          0.261     8.124
[19741].in[5] (.names)                                           0.100     8.224
[19741].out[0] (.names)                                          0.261     8.485
[19490].in[2] (.names)                                           0.334     8.818
[19490].out[0] (.names)                                          0.261     9.079
[19367].in[3] (.names)                                           0.335     9.414
[19367].out[0] (.names)                                          0.261     9.675
[5489].in[3] (.names)                                            0.338    10.013
[5489].out[0] (.names)                                           0.261    10.274
[5480].D[0] (.latch)                                             0.000    10.274
data arrival time                                                         10.274

clock pclk (rise edge)                                           0.000     0.000
clock source latency                                             0.000     0.000
pclk.inpad[0] (.input)                                           0.000     0.000
[5480].clk[0] (.latch)                                           0.042     0.042
clock uncertainty                                                0.000     0.042
cell setup time                                                 -0.066    -0.024
data required time                                                        -0.024
--------------------------------------------------------------------------------
data required time                                                        -0.024
data arrival time                                                        -10.274
--------------------------------------------------------------------------------
slack (VIOLATED)                                                         -10.297


#Path 15
Startpoint: [17752].Q[0] (.latch clocked by pclk)
Endpoint  : [10340].D[0] (.latch clocked by pclk)
Path Type : setup

Point                                                             Incr      Path
--------------------------------------------------------------------------------
clock pclk (rise edge)                                           0.000     0.000
clock source latency                                             0.000     0.000
pclk.inpad[0] (.input)                                           0.000     0.000
[17752].clk[0] (.latch)                                          0.042     0.042
[17752].Q[0] (.latch) [clock-to-output]                          0.124     0.166
[5548].in[4] (.names)                                            1.860     2.026
[5548].out[0] (.names)                                           0.261     2.287
[17553].in[3] (.names)                                           0.479     2.766
[17553].out[0] (.names)                                          0.261     3.027
[17560].in[3] (.names)                                           0.100     3.127
[17560].out[0] (.names)                                          0.261     3.388
nen24_7.in[2] (.names)                                           0.335     3.723
nen24_7.out[0] (.names)                                          0.261     3.984
[17719].in[2] (.names)                                           0.338     4.322
[17719].out[0] (.names)                                          0.261     4.583
[5291].in[3] (.names)                                            0.621     5.204
[5291].out[0] (.names)                                           0.261     5.465
[17748].in[2] (.names)                                           1.209     6.674
[17748].out[0] (.names)                                          0.261     6.935
[17751].in[3] (.names)                                           0.334     7.268
[17751].out[0] (.names)                                          0.261     7.529
[17755].in[3] (.names)                                           0.334     7.863
[17755].out[0] (.names)                                          0.261     8.124
[19741].in[5] (.names)                                           0.100     8.224
[19741].out[0] (.names)                                          0.261     8.485
[19490].in[2] (.names)                                           0.334     8.818
[19490].out[0] (.names)                                          0.261     9.079
[3481].in[4] (.names)                                            0.335     9.414
[3481].out[0] (.names)                                           0.261     9.675
[10349].in[4] (.names)                                           0.335    10.010
[10349].out[0] (.names)                                          0.261    10.271
[10340].D[0] (.latch)                                            0.000    10.271
data arrival time                                                         10.271

clock pclk (rise edge)                                           0.000     0.000
clock source latency                                             0.000     0.000
pclk.inpad[0] (.input)                                           0.000     0.000
[10340].clk[0] (.latch)                                          0.042     0.042
clock uncertainty                                                0.000     0.042
cell setup time                                                 -0.066    -0.024
data required time                                                        -0.024
--------------------------------------------------------------------------------
data required time                                                        -0.024
data arrival time                                                        -10.271
--------------------------------------------------------------------------------
slack (VIOLATED)                                                         -10.294


#Path 16
Startpoint: [17752].Q[0] (.latch clocked by pclk)
Endpoint  : [6755].D[0] (.latch clocked by pclk)
Path Type : setup

Point                                                             Incr      Path
--------------------------------------------------------------------------------
clock pclk (rise edge)                                           0.000     0.000
clock source latency                                             0.000     0.000
pclk.inpad[0] (.input)                                           0.000     0.000
[17752].clk[0] (.latch)                                          0.042     0.042
[17752].Q[0] (.latch) [clock-to-output]                          0.124     0.166
[5548].in[4] (.names)                                            1.860     2.026
[5548].out[0] (.names)                                           0.261     2.287
[17553].in[3] (.names)                                           0.479     2.766
[17553].out[0] (.names)                                          0.261     3.027
[17560].in[3] (.names)                                           0.100     3.127
[17560].out[0] (.names)                                          0.261     3.388
nen24_7.in[2] (.names)                                           0.335     3.723
nen24_7.out[0] (.names)                                          0.261     3.984
[17719].in[2] (.names)                                           0.338     4.322
[17719].out[0] (.names)                                          0.261     4.583
[5291].in[3] (.names)                                            0.621     5.204
[5291].out[0] (.names)                                           0.261     5.465
[17748].in[2] (.names)                                           1.209     6.674
[17748].out[0] (.names)                                          0.261     6.935
[17751].in[3] (.names)                                           0.334     7.268
[17751].out[0] (.names)                                          0.261     7.529
[17755].in[3] (.names)                                           0.334     7.863
[17755].out[0] (.names)                                          0.261     8.124
[19741].in[5] (.names)                                           0.100     8.224
[19741].out[0] (.names)                                          0.261     8.485
[19490].in[2] (.names)                                           0.334     8.818
[19490].out[0] (.names)                                          0.261     9.079
[19474].in[3] (.names)                                           0.288     9.368
[19474].out[0] (.names)                                          0.261     9.629
[6764].in[3] (.names)                                            0.338     9.966
[6764].out[0] (.names)                                           0.261    10.227
[6755].D[0] (.latch)                                             0.000    10.227
data arrival time                                                         10.227

clock pclk (rise edge)                                           0.000     0.000
clock source latency                                             0.000     0.000
pclk.inpad[0] (.input)                                           0.000     0.000
[6755].clk[0] (.latch)                                           0.042     0.042
clock uncertainty                                                0.000     0.042
cell setup time                                                 -0.066    -0.024
data required time                                                        -0.024
--------------------------------------------------------------------------------
data required time                                                        -0.024
data arrival time                                                        -10.227
--------------------------------------------------------------------------------
slack (VIOLATED)                                                         -10.251


#Path 17
Startpoint: [17752].Q[0] (.latch clocked by pclk)
Endpoint  : [13730].D[0] (.latch clocked by pclk)
Path Type : setup

Point                                                             Incr      Path
--------------------------------------------------------------------------------
clock pclk (rise edge)                                           0.000     0.000
clock source latency                                             0.000     0.000
pclk.inpad[0] (.input)                                           0.000     0.000
[17752].clk[0] (.latch)                                          0.042     0.042
[17752].Q[0] (.latch) [clock-to-output]                          0.124     0.166
[5548].in[4] (.names)                                            1.860     2.026
[5548].out[0] (.names)                                           0.261     2.287
[17553].in[3] (.names)                                           0.479     2.766
[17553].out[0] (.names)                                          0.261     3.027
[17560].in[3] (.names)                                           0.100     3.127
[17560].out[0] (.names)                                          0.261     3.388
nen24_7.in[2] (.names)                                           0.335     3.723
nen24_7.out[0] (.names)                                          0.261     3.984
[17719].in[2] (.names)                                           0.338     4.322
[17719].out[0] (.names)                                          0.261     4.583
[5291].in[3] (.names)                                            0.621     5.204
[5291].out[0] (.names)                                           0.261     5.465
[17748].in[2] (.names)                                           1.209     6.674
[17748].out[0] (.names)                                          0.261     6.935
[17751].in[3] (.names)                                           0.334     7.268
[17751].out[0] (.names)                                          0.261     7.529
[17755].in[3] (.names)                                           0.334     7.863
[17755].out[0] (.names)                                          0.261     8.124
[18913].in[5] (.names)                                           0.889     9.013
[18913].out[0] (.names)                                          0.261     9.274
[4301].in[5] (.names)                                            0.100     9.374
[4301].out[0] (.names)                                           0.261     9.635
[13739].in[4] (.names)                                           0.314     9.948
[13739].out[0] (.names)                                          0.261    10.209
[13730].D[0] (.latch)                                            0.000    10.209
data arrival time                                                         10.209

clock pclk (rise edge)                                           0.000     0.000
clock source latency                                             0.000     0.000
pclk.inpad[0] (.input)                                           0.000     0.000
[13730].clk[0] (.latch)                                          0.042     0.042
clock uncertainty                                                0.000     0.042
cell setup time                                                 -0.066    -0.024
data required time                                                        -0.024
--------------------------------------------------------------------------------
data required time                                                        -0.024
data arrival time                                                        -10.209
--------------------------------------------------------------------------------
slack (VIOLATED)                                                         -10.233


#Path 18
Startpoint: [17752].Q[0] (.latch clocked by pclk)
Endpoint  : [10580].D[0] (.latch clocked by pclk)
Path Type : setup

Point                                                             Incr      Path
--------------------------------------------------------------------------------
clock pclk (rise edge)                                           0.000     0.000
clock source latency                                             0.000     0.000
pclk.inpad[0] (.input)                                           0.000     0.000
[17752].clk[0] (.latch)                                          0.042     0.042
[17752].Q[0] (.latch) [clock-to-output]                          0.124     0.166
[5548].in[4] (.names)                                            1.860     2.026
[5548].out[0] (.names)                                           0.261     2.287
[17553].in[3] (.names)                                           0.479     2.766
[17553].out[0] (.names)                                          0.261     3.027
[17560].in[3] (.names)                                           0.100     3.127
[17560].out[0] (.names)                                          0.261     3.388
nen24_7.in[2] (.names)                                           0.335     3.723
nen24_7.out[0] (.names)                                          0.261     3.984
[17719].in[2] (.names)                                           0.338     4.322
[17719].out[0] (.names)                                          0.261     4.583
[5291].in[3] (.names)                                            0.621     5.204
[5291].out[0] (.names)                                           0.261     5.465
[17748].in[2] (.names)                                           1.209     6.674
[17748].out[0] (.names)                                          0.261     6.935
[17751].in[3] (.names)                                           0.334     7.268
[17751].out[0] (.names)                                          0.261     7.529
[17755].in[3] (.names)                                           0.334     7.863
[17755].out[0] (.names)                                          0.261     8.124
[18913].in[5] (.names)                                           0.889     9.013
[18913].out[0] (.names)                                          0.261     9.274
[4301].in[5] (.names)                                            0.100     9.374
[4301].out[0] (.names)                                           0.261     9.635
[10589].in[4] (.names)                                           0.314     9.948
[10589].out[0] (.names)                                          0.261    10.209
[10580].D[0] (.latch)                                            0.000    10.209
data arrival time                                                         10.209

clock pclk (rise edge)                                           0.000     0.000
clock source latency                                             0.000     0.000
pclk.inpad[0] (.input)                                           0.000     0.000
[10580].clk[0] (.latch)                                          0.042     0.042
clock uncertainty                                                0.000     0.042
cell setup time                                                 -0.066    -0.024
data required time                                                        -0.024
--------------------------------------------------------------------------------
data required time                                                        -0.024
data arrival time                                                        -10.209
--------------------------------------------------------------------------------
slack (VIOLATED)                                                         -10.233


#Path 19
Startpoint: [17752].Q[0] (.latch clocked by pclk)
Endpoint  : [11180].D[0] (.latch clocked by pclk)
Path Type : setup

Point                                                             Incr      Path
--------------------------------------------------------------------------------
clock pclk (rise edge)                                           0.000     0.000
clock source latency                                             0.000     0.000
pclk.inpad[0] (.input)                                           0.000     0.000
[17752].clk[0] (.latch)                                          0.042     0.042
[17752].Q[0] (.latch) [clock-to-output]                          0.124     0.166
[5548].in[4] (.names)                                            1.860     2.026
[5548].out[0] (.names)                                           0.261     2.287
[17553].in[3] (.names)                                           0.479     2.766
[17553].out[0] (.names)                                          0.261     3.027
[17560].in[3] (.names)                                           0.100     3.127
[17560].out[0] (.names)                                          0.261     3.388
nen24_7.in[2] (.names)                                           0.335     3.723
nen24_7.out[0] (.names)                                          0.261     3.984
[17719].in[2] (.names)                                           0.338     4.322
[17719].out[0] (.names)                                          0.261     4.583
[5291].in[3] (.names)                                            0.621     5.204
[5291].out[0] (.names)                                           0.261     5.465
[17748].in[2] (.names)                                           1.209     6.674
[17748].out[0] (.names)                                          0.261     6.935
[17751].in[3] (.names)                                           0.334     7.268
[17751].out[0] (.names)                                          0.261     7.529
[17755].in[3] (.names)                                           0.334     7.863
[17755].out[0] (.names)                                          0.261     8.124
[18913].in[5] (.names)                                           0.889     9.013
[18913].out[0] (.names)                                          0.261     9.274
[4301].in[5] (.names)                                            0.100     9.374
[4301].out[0] (.names)                                           0.261     9.635
[11189].in[4] (.names)                                           0.314     9.948
[11189].out[0] (.names)                                          0.261    10.209
[11180].D[0] (.latch)                                            0.000    10.209
data arrival time                                                         10.209

clock pclk (rise edge)                                           0.000     0.000
clock source latency                                             0.000     0.000
pclk.inpad[0] (.input)                                           0.000     0.000
[11180].clk[0] (.latch)                                          0.042     0.042
clock uncertainty                                                0.000     0.042
cell setup time                                                 -0.066    -0.024
data required time                                                        -0.024
--------------------------------------------------------------------------------
data required time                                                        -0.024
data arrival time                                                        -10.209
--------------------------------------------------------------------------------
slack (VIOLATED)                                                         -10.233


#Path 20
Startpoint: [17752].Q[0] (.latch clocked by pclk)
Endpoint  : [12365].D[0] (.latch clocked by pclk)
Path Type : setup

Point                                                             Incr      Path
--------------------------------------------------------------------------------
clock pclk (rise edge)                                           0.000     0.000
clock source latency                                             0.000     0.000
pclk.inpad[0] (.input)                                           0.000     0.000
[17752].clk[0] (.latch)                                          0.042     0.042
[17752].Q[0] (.latch) [clock-to-output]                          0.124     0.166
[5548].in[4] (.names)                                            1.860     2.026
[5548].out[0] (.names)                                           0.261     2.287
[17553].in[3] (.names)                                           0.479     2.766
[17553].out[0] (.names)                                          0.261     3.027
[17560].in[3] (.names)                                           0.100     3.127
[17560].out[0] (.names)                                          0.261     3.388
nen24_7.in[2] (.names)                                           0.335     3.723
nen24_7.out[0] (.names)                                          0.261     3.984
[17719].in[2] (.names)                                           0.338     4.322
[17719].out[0] (.names)                                          0.261     4.583
[5291].in[3] (.names)                                            0.621     5.204
[5291].out[0] (.names)                                           0.261     5.465
[17748].in[2] (.names)                                           1.209     6.674
[17748].out[0] (.names)                                          0.261     6.935
[17751].in[3] (.names)                                           0.334     7.268
[17751].out[0] (.names)                                          0.261     7.529
[17755].in[3] (.names)                                           0.334     7.863
[17755].out[0] (.names)                                          0.261     8.124
[18913].in[5] (.names)                                           0.889     9.013
[18913].out[0] (.names)                                          0.261     9.274
[4301].in[5] (.names)                                            0.100     9.374
[4301].out[0] (.names)                                           0.261     9.635
[12374].in[4] (.names)                                           0.314     9.948
[12374].out[0] (.names)                                          0.261    10.209
[12365].D[0] (.latch)                                            0.000    10.209
data arrival time                                                         10.209

clock pclk (rise edge)                                           0.000     0.000
clock source latency                                             0.000     0.000
pclk.inpad[0] (.input)                                           0.000     0.000
[12365].clk[0] (.latch)                                          0.042     0.042
clock uncertainty                                                0.000     0.042
cell setup time                                                 -0.066    -0.024
data required time                                                        -0.024
--------------------------------------------------------------------------------
data required time                                                        -0.024
data arrival time                                                        -10.209
--------------------------------------------------------------------------------
slack (VIOLATED)                                                         -10.233


#Path 21
Startpoint: [17752].Q[0] (.latch clocked by pclk)
Endpoint  : [9395].D[0] (.latch clocked by pclk)
Path Type : setup

Point                                                             Incr      Path
--------------------------------------------------------------------------------
clock pclk (rise edge)                                           0.000     0.000
clock source latency                                             0.000     0.000
pclk.inpad[0] (.input)                                           0.000     0.000
[17752].clk[0] (.latch)                                          0.042     0.042
[17752].Q[0] (.latch) [clock-to-output]                          0.124     0.166
[5548].in[4] (.names)                                            1.860     2.026
[5548].out[0] (.names)                                           0.261     2.287
[17553].in[3] (.names)                                           0.479     2.766
[17553].out[0] (.names)                                          0.261     3.027
[17560].in[3] (.names)                                           0.100     3.127
[17560].out[0] (.names)                                          0.261     3.388
nen24_7.in[2] (.names)                                           0.335     3.723
nen24_7.out[0] (.names)                                          0.261     3.984
[17719].in[2] (.names)                                           0.338     4.322
[17719].out[0] (.names)                                          0.261     4.583
[5291].in[3] (.names)                                            0.621     5.204
[5291].out[0] (.names)                                           0.261     5.465
[17748].in[2] (.names)                                           1.209     6.674
[17748].out[0] (.names)                                          0.261     6.935
[17751].in[3] (.names)                                           0.334     7.268
[17751].out[0] (.names)                                          0.261     7.529
[17755].in[3] (.names)                                           0.334     7.863
[17755].out[0] (.names)                                          0.261     8.124
[18913].in[5] (.names)                                           0.889     9.013
[18913].out[0] (.names)                                          0.261     9.274
[4301].in[5] (.names)                                            0.100     9.374
[4301].out[0] (.names)                                           0.261     9.635
[9404].in[4] (.names)                                            0.314     9.948
[9404].out[0] (.names)                                           0.261    10.209
[9395].D[0] (.latch)                                             0.000    10.209
data arrival time                                                         10.209

clock pclk (rise edge)                                           0.000     0.000
clock source latency                                             0.000     0.000
pclk.inpad[0] (.input)                                           0.000     0.000
[9395].clk[0] (.latch)                                           0.042     0.042
clock uncertainty                                                0.000     0.042
cell setup time                                                 -0.066    -0.024
data required time                                                        -0.024
--------------------------------------------------------------------------------
data required time                                                        -0.024
data arrival time                                                        -10.209
--------------------------------------------------------------------------------
slack (VIOLATED)                                                         -10.233


#Path 22
Startpoint: [17752].Q[0] (.latch clocked by pclk)
Endpoint  : [15725].D[0] (.latch clocked by pclk)
Path Type : setup

Point                                                             Incr      Path
--------------------------------------------------------------------------------
clock pclk (rise edge)                                           0.000     0.000
clock source latency                                             0.000     0.000
pclk.inpad[0] (.input)                                           0.000     0.000
[17752].clk[0] (.latch)                                          0.042     0.042
[17752].Q[0] (.latch) [clock-to-output]                          0.124     0.166
[5548].in[4] (.names)                                            1.860     2.026
[5548].out[0] (.names)                                           0.261     2.287
[17553].in[3] (.names)                                           0.479     2.766
[17553].out[0] (.names)                                          0.261     3.027
[17560].in[3] (.names)                                           0.100     3.127
[17560].out[0] (.names)                                          0.261     3.388
nen24_7.in[2] (.names)                                           0.335     3.723
nen24_7.out[0] (.names)                                          0.261     3.984
[17719].in[2] (.names)                                           0.338     4.322
[17719].out[0] (.names)                                          0.261     4.583
[5291].in[3] (.names)                                            0.621     5.204
[5291].out[0] (.names)                                           0.261     5.465
[17748].in[2] (.names)                                           1.209     6.674
[17748].out[0] (.names)                                          0.261     6.935
[17751].in[3] (.names)                                           0.334     7.268
[17751].out[0] (.names)                                          0.261     7.529
[17755].in[3] (.names)                                           0.334     7.863
[17755].out[0] (.names)                                          0.261     8.124
[18913].in[5] (.names)                                           0.889     9.013
[18913].out[0] (.names)                                          0.261     9.274
[4301].in[5] (.names)                                            0.100     9.374
[4301].out[0] (.names)                                           0.261     9.635
[15734].in[4] (.names)                                           0.314     9.948
[15734].out[0] (.names)                                          0.261    10.209
[15725].D[0] (.latch)                                            0.000    10.209
data arrival time                                                         10.209

clock pclk (rise edge)                                           0.000     0.000
clock source latency                                             0.000     0.000
pclk.inpad[0] (.input)                                           0.000     0.000
[15725].clk[0] (.latch)                                          0.042     0.042
clock uncertainty                                                0.000     0.042
cell setup time                                                 -0.066    -0.024
data required time                                                        -0.024
--------------------------------------------------------------------------------
data required time                                                        -0.024
data arrival time                                                        -10.209
--------------------------------------------------------------------------------
slack (VIOLATED)                                                         -10.233


#Path 23
Startpoint: [17752].Q[0] (.latch clocked by pclk)
Endpoint  : [15320].D[0] (.latch clocked by pclk)
Path Type : setup

Point                                                             Incr      Path
--------------------------------------------------------------------------------
clock pclk (rise edge)                                           0.000     0.000
clock source latency                                             0.000     0.000
pclk.inpad[0] (.input)                                           0.000     0.000
[17752].clk[0] (.latch)                                          0.042     0.042
[17752].Q[0] (.latch) [clock-to-output]                          0.124     0.166
[5548].in[4] (.names)                                            1.860     2.026
[5548].out[0] (.names)                                           0.261     2.287
[17553].in[3] (.names)                                           0.479     2.766
[17553].out[0] (.names)                                          0.261     3.027
[17560].in[3] (.names)                                           0.100     3.127
[17560].out[0] (.names)                                          0.261     3.388
nen24_7.in[2] (.names)                                           0.335     3.723
nen24_7.out[0] (.names)                                          0.261     3.984
[17719].in[2] (.names)                                           0.338     4.322
[17719].out[0] (.names)                                          0.261     4.583
[5291].in[3] (.names)                                            0.621     5.204
[5291].out[0] (.names)                                           0.261     5.465
[17748].in[2] (.names)                                           1.209     6.674
[17748].out[0] (.names)                                          0.261     6.935
[17751].in[3] (.names)                                           0.334     7.268
[17751].out[0] (.names)                                          0.261     7.529
[17755].in[3] (.names)                                           0.334     7.863
[17755].out[0] (.names)                                          0.261     8.124
[18913].in[5] (.names)                                           0.889     9.013
[18913].out[0] (.names)                                          0.261     9.274
[4301].in[5] (.names)                                            0.100     9.374
[4301].out[0] (.names)                                           0.261     9.635
[15329].in[4] (.names)                                           0.314     9.948
[15329].out[0] (.names)                                          0.261    10.209
[15320].D[0] (.latch)                                            0.000    10.209
data arrival time                                                         10.209

clock pclk (rise edge)                                           0.000     0.000
clock source latency                                             0.000     0.000
pclk.inpad[0] (.input)                                           0.000     0.000
[15320].clk[0] (.latch)                                          0.042     0.042
clock uncertainty                                                0.000     0.042
cell setup time                                                 -0.066    -0.024
data required time                                                        -0.024
--------------------------------------------------------------------------------
data required time                                                        -0.024
data arrival time                                                        -10.209
--------------------------------------------------------------------------------
slack (VIOLATED)                                                         -10.233


#Path 24
Startpoint: [17752].Q[0] (.latch clocked by pclk)
Endpoint  : [4730].D[0] (.latch clocked by pclk)
Path Type : setup

Point                                                             Incr      Path
--------------------------------------------------------------------------------
clock pclk (rise edge)                                           0.000     0.000
clock source latency                                             0.000     0.000
pclk.inpad[0] (.input)                                           0.000     0.000
[17752].clk[0] (.latch)                                          0.042     0.042
[17752].Q[0] (.latch) [clock-to-output]                          0.124     0.166
[5548].in[4] (.names)                                            1.860     2.026
[5548].out[0] (.names)                                           0.261     2.287
[17553].in[3] (.names)                                           0.479     2.766
[17553].out[0] (.names)                                          0.261     3.027
[17560].in[3] (.names)                                           0.100     3.127
[17560].out[0] (.names)                                          0.261     3.388
nen24_7.in[2] (.names)                                           0.335     3.723
nen24_7.out[0] (.names)                                          0.261     3.984
[17719].in[2] (.names)                                           0.338     4.322
[17719].out[0] (.names)                                          0.261     4.583
[5291].in[3] (.names)                                            0.621     5.204
[5291].out[0] (.names)                                           0.261     5.465
[17748].in[2] (.names)                                           1.209     6.674
[17748].out[0] (.names)                                          0.261     6.935
[17751].in[3] (.names)                                           0.334     7.268
[17751].out[0] (.names)                                          0.261     7.529
[17755].in[3] (.names)                                           0.334     7.863
[17755].out[0] (.names)                                          0.261     8.124
[18913].in[5] (.names)                                           0.889     9.013
[18913].out[0] (.names)                                          0.261     9.274
[4301].in[5] (.names)                                            0.100     9.374
[4301].out[0] (.names)                                           0.261     9.635
[4739].in[4] (.names)                                            0.314     9.948
[4739].out[0] (.names)                                           0.261    10.209
[4730].D[0] (.latch)                                             0.000    10.209
data arrival time                                                         10.209

clock pclk (rise edge)                                           0.000     0.000
clock source latency                                             0.000     0.000
pclk.inpad[0] (.input)                                           0.000     0.000
[4730].clk[0] (.latch)                                           0.042     0.042
clock uncertainty                                                0.000     0.042
cell setup time                                                 -0.066    -0.024
data required time                                                        -0.024
--------------------------------------------------------------------------------
data required time                                                        -0.024
data arrival time                                                        -10.209
--------------------------------------------------------------------------------
slack (VIOLATED)                                                         -10.233


#Path 25
Startpoint: [17752].Q[0] (.latch clocked by pclk)
Endpoint  : [8765].D[0] (.latch clocked by pclk)
Path Type : setup

Point                                                             Incr      Path
--------------------------------------------------------------------------------
clock pclk (rise edge)                                           0.000     0.000
clock source latency                                             0.000     0.000
pclk.inpad[0] (.input)                                           0.000     0.000
[17752].clk[0] (.latch)                                          0.042     0.042
[17752].Q[0] (.latch) [clock-to-output]                          0.124     0.166
[5548].in[4] (.names)                                            1.860     2.026
[5548].out[0] (.names)                                           0.261     2.287
[17553].in[3] (.names)                                           0.479     2.766
[17553].out[0] (.names)                                          0.261     3.027
[17560].in[3] (.names)                                           0.100     3.127
[17560].out[0] (.names)                                          0.261     3.388
nen24_7.in[2] (.names)                                           0.335     3.723
nen24_7.out[0] (.names)                                          0.261     3.984
[17719].in[2] (.names)                                           0.338     4.322
[17719].out[0] (.names)                                          0.261     4.583
[5291].in[3] (.names)                                            0.621     5.204
[5291].out[0] (.names)                                           0.261     5.465
[17748].in[2] (.names)                                           1.209     6.674
[17748].out[0] (.names)                                          0.261     6.935
[17751].in[3] (.names)                                           0.334     7.268
[17751].out[0] (.names)                                          0.261     7.529
[17755].in[3] (.names)                                           0.334     7.863
[17755].out[0] (.names)                                          0.261     8.124
[18913].in[5] (.names)                                           0.889     9.013
[18913].out[0] (.names)                                          0.261     9.274
[4301].in[5] (.names)                                            0.100     9.374
[4301].out[0] (.names)                                           0.261     9.635
[8774].in[4] (.names)                                            0.314     9.948
[8774].out[0] (.names)                                           0.261    10.209
[8765].D[0] (.latch)                                             0.000    10.209
data arrival time                                                         10.209

clock pclk (rise edge)                                           0.000     0.000
clock source latency                                             0.000     0.000
pclk.inpad[0] (.input)                                           0.000     0.000
[8765].clk[0] (.latch)                                           0.042     0.042
clock uncertainty                                                0.000     0.042
cell setup time                                                 -0.066    -0.024
data required time                                                        -0.024
--------------------------------------------------------------------------------
data required time                                                        -0.024
data arrival time                                                        -10.209
--------------------------------------------------------------------------------
slack (VIOLATED)                                                         -10.233


#Path 26
Startpoint: [17752].Q[0] (.latch clocked by pclk)
Endpoint  : [4775].D[0] (.latch clocked by pclk)
Path Type : setup

Point                                                             Incr      Path
--------------------------------------------------------------------------------
clock pclk (rise edge)                                           0.000     0.000
clock source latency                                             0.000     0.000
pclk.inpad[0] (.input)                                           0.000     0.000
[17752].clk[0] (.latch)                                          0.042     0.042
[17752].Q[0] (.latch) [clock-to-output]                          0.124     0.166
[5548].in[4] (.names)                                            1.860     2.026
[5548].out[0] (.names)                                           0.261     2.287
[17553].in[3] (.names)                                           0.479     2.766
[17553].out[0] (.names)                                          0.261     3.027
[17560].in[3] (.names)                                           0.100     3.127
[17560].out[0] (.names)                                          0.261     3.388
nen24_7.in[2] (.names)                                           0.335     3.723
nen24_7.out[0] (.names)                                          0.261     3.984
[17719].in[2] (.names)                                           0.338     4.322
[17719].out[0] (.names)                                          0.261     4.583
[5291].in[3] (.names)                                            0.621     5.204
[5291].out[0] (.names)                                           0.261     5.465
[17748].in[2] (.names)                                           1.209     6.674
[17748].out[0] (.names)                                          0.261     6.935
[17751].in[3] (.names)                                           0.334     7.268
[17751].out[0] (.names)                                          0.261     7.529
[17755].in[3] (.names)                                           0.334     7.863
[17755].out[0] (.names)                                          0.261     8.124
[19741].in[5] (.names)                                           0.100     8.224
[19741].out[0] (.names)                                          0.261     8.485
[19490].in[2] (.names)                                           0.334     8.818
[19490].out[0] (.names)                                          0.261     9.079
[5063].in[4] (.names)                                            0.436     9.515
[5063].out[0] (.names)                                           0.261     9.776
[4784].in[4] (.names)                                            0.100     9.876
[4784].out[0] (.names)                                           0.261    10.137
[4775].D[0] (.latch)                                             0.000    10.137
data arrival time                                                         10.137

clock pclk (rise edge)                                           0.000     0.000
clock source latency                                             0.000     0.000
pclk.inpad[0] (.input)                                           0.000     0.000
[4775].clk[0] (.latch)                                           0.042     0.042
clock uncertainty                                                0.000     0.042
cell setup time                                                 -0.066    -0.024
data required time                                                        -0.024
--------------------------------------------------------------------------------
data required time                                                        -0.024
data arrival time                                                        -10.137
--------------------------------------------------------------------------------
slack (VIOLATED)                                                         -10.161


#Path 27
Startpoint: [17752].Q[0] (.latch clocked by pclk)
Endpoint  : [6890].D[0] (.latch clocked by pclk)
Path Type : setup

Point                                                             Incr      Path
--------------------------------------------------------------------------------
clock pclk (rise edge)                                           0.000     0.000
clock source latency                                             0.000     0.000
pclk.inpad[0] (.input)                                           0.000     0.000
[17752].clk[0] (.latch)                                          0.042     0.042
[17752].Q[0] (.latch) [clock-to-output]                          0.124     0.166
[5548].in[4] (.names)                                            1.860     2.026
[5548].out[0] (.names)                                           0.261     2.287
[17553].in[3] (.names)                                           0.479     2.766
[17553].out[0] (.names)                                          0.261     3.027
[17560].in[3] (.names)                                           0.100     3.127
[17560].out[0] (.names)                                          0.261     3.388
nen24_7.in[2] (.names)                                           0.335     3.723
nen24_7.out[0] (.names)                                          0.261     3.984
[17719].in[2] (.names)                                           0.338     4.322
[17719].out[0] (.names)                                          0.261     4.583
[5291].in[3] (.names)                                            0.621     5.204
[5291].out[0] (.names)                                           0.261     5.465
[17748].in[2] (.names)                                           1.209     6.674
[17748].out[0] (.names)                                          0.261     6.935
[17751].in[3] (.names)                                           0.334     7.268
[17751].out[0] (.names)                                          0.261     7.529
[17755].in[3] (.names)                                           0.334     7.863
[17755].out[0] (.names)                                          0.261     8.124
[19741].in[5] (.names)                                           0.100     8.224
[19741].out[0] (.names)                                          0.261     8.485
[19490].in[2] (.names)                                           0.334     8.818
[19490].out[0] (.names)                                          0.261     9.079
[4065].in[4] (.names)                                            0.436     9.515
[4065].out[0] (.names)                                           0.261     9.776
[6899].in[4] (.names)                                            0.100     9.876
[6899].out[0] (.names)                                           0.261    10.137
[6890].D[0] (.latch)                                             0.000    10.137
data arrival time                                                         10.137

clock pclk (rise edge)                                           0.000     0.000
clock source latency                                             0.000     0.000
pclk.inpad[0] (.input)                                           0.000     0.000
[6890].clk[0] (.latch)                                           0.042     0.042
clock uncertainty                                                0.000     0.042
cell setup time                                                 -0.066    -0.024
data required time                                                        -0.024
--------------------------------------------------------------------------------
data required time                                                        -0.024
data arrival time                                                        -10.137
--------------------------------------------------------------------------------
slack (VIOLATED)                                                         -10.161


#Path 28
Startpoint: [17752].Q[0] (.latch clocked by pclk)
Endpoint  : [8030].D[0] (.latch clocked by pclk)
Path Type : setup

Point                                                             Incr      Path
--------------------------------------------------------------------------------
clock pclk (rise edge)                                           0.000     0.000
clock source latency                                             0.000     0.000
pclk.inpad[0] (.input)                                           0.000     0.000
[17752].clk[0] (.latch)                                          0.042     0.042
[17752].Q[0] (.latch) [clock-to-output]                          0.124     0.166
[5548].in[4] (.names)                                            1.860     2.026
[5548].out[0] (.names)                                           0.261     2.287
[17553].in[3] (.names)                                           0.479     2.766
[17553].out[0] (.names)                                          0.261     3.027
[17560].in[3] (.names)                                           0.100     3.127
[17560].out[0] (.names)                                          0.261     3.388
nen24_7.in[2] (.names)                                           0.335     3.723
nen24_7.out[0] (.names)                                          0.261     3.984
[17719].in[2] (.names)                                           0.338     4.322
[17719].out[0] (.names)                                          0.261     4.583
[5291].in[3] (.names)                                            0.621     5.204
[5291].out[0] (.names)                                           0.261     5.465
[17748].in[2] (.names)                                           1.209     6.674
[17748].out[0] (.names)                                          0.261     6.935
[17751].in[3] (.names)                                           0.334     7.268
[17751].out[0] (.names)                                          0.261     7.529
[17755].in[3] (.names)                                           0.334     7.863
[17755].out[0] (.names)                                          0.261     8.124
[19741].in[5] (.names)                                           0.100     8.224
[19741].out[0] (.names)                                          0.261     8.485
[19490].in[2] (.names)                                           0.334     8.818
[19490].out[0] (.names)                                          0.261     9.079
[3858].in[4] (.names)                                            0.436     9.515
[3858].out[0] (.names)                                           0.261     9.776
[8039].in[4] (.names)                                            0.100     9.876
[8039].out[0] (.names)                                           0.261    10.137
[8030].D[0] (.latch)                                             0.000    10.137
data arrival time                                                         10.137

clock pclk (rise edge)                                           0.000     0.000
clock source latency                                             0.000     0.000
pclk.inpad[0] (.input)                                           0.000     0.000
[8030].clk[0] (.latch)                                           0.042     0.042
clock uncertainty                                                0.000     0.042
cell setup time                                                 -0.066    -0.024
data required time                                                        -0.024
--------------------------------------------------------------------------------
data required time                                                        -0.024
data arrival time                                                        -10.137
--------------------------------------------------------------------------------
slack (VIOLATED)                                                         -10.161


#Path 29
Startpoint: [17752].Q[0] (.latch clocked by pclk)
Endpoint  : [8705].D[0] (.latch clocked by pclk)
Path Type : setup

Point                                                             Incr      Path
--------------------------------------------------------------------------------
clock pclk (rise edge)                                           0.000     0.000
clock source latency                                             0.000     0.000
pclk.inpad[0] (.input)                                           0.000     0.000
[17752].clk[0] (.latch)                                          0.042     0.042
[17752].Q[0] (.latch) [clock-to-output]                          0.124     0.166
[5548].in[4] (.names)                                            1.860     2.026
[5548].out[0] (.names)                                           0.261     2.287
[17553].in[3] (.names)                                           0.479     2.766
[17553].out[0] (.names)                                          0.261     3.027
[17560].in[3] (.names)                                           0.100     3.127
[17560].out[0] (.names)                                          0.261     3.388
nen24_7.in[2] (.names)                                           0.335     3.723
nen24_7.out[0] (.names)                                          0.261     3.984
[17719].in[2] (.names)                                           0.338     4.322
[17719].out[0] (.names)                                          0.261     4.583
[5291].in[3] (.names)                                            0.621     5.204
[5291].out[0] (.names)                                           0.261     5.465
[17748].in[2] (.names)                                           1.209     6.674
[17748].out[0] (.names)                                          0.261     6.935
[17751].in[3] (.names)                                           0.334     7.268
[17751].out[0] (.names)                                          0.261     7.529
[17755].in[3] (.names)                                           0.334     7.863
[17755].out[0] (.names)                                          0.261     8.124
[19741].in[5] (.names)                                           0.100     8.224
[19741].out[0] (.names)                                          0.261     8.485
[19490].in[2] (.names)                                           0.334     8.818
[19490].out[0] (.names)                                          0.261     9.079
[3735].in[4] (.names)                                            0.335     9.414
[3735].out[0] (.names)                                           0.261     9.675
[8714].in[4] (.names)                                            0.100     9.775
[8714].out[0] (.names)                                           0.261    10.036
[8705].D[0] (.latch)                                             0.000    10.036
data arrival time                                                         10.036

clock pclk (rise edge)                                           0.000     0.000
clock source latency                                             0.000     0.000
pclk.inpad[0] (.input)                                           0.000     0.000
[8705].clk[0] (.latch)                                           0.042     0.042
clock uncertainty                                                0.000     0.042
cell setup time                                                 -0.066    -0.024
data required time                                                        -0.024
--------------------------------------------------------------------------------
data required time                                                        -0.024
data arrival time                                                        -10.036
--------------------------------------------------------------------------------
slack (VIOLATED)                                                         -10.060


#Path 30
Startpoint: [17752].Q[0] (.latch clocked by pclk)
Endpoint  : [12815].D[0] (.latch clocked by pclk)
Path Type : setup

Point                                                             Incr      Path
--------------------------------------------------------------------------------
clock pclk (rise edge)                                           0.000     0.000
clock source latency                                             0.000     0.000
pclk.inpad[0] (.input)                                           0.000     0.000
[17752].clk[0] (.latch)                                          0.042     0.042
[17752].Q[0] (.latch) [clock-to-output]                          0.124     0.166
[5548].in[4] (.names)                                            1.860     2.026
[5548].out[0] (.names)                                           0.261     2.287
[17553].in[3] (.names)                                           0.479     2.766
[17553].out[0] (.names)                                          0.261     3.027
[17560].in[3] (.names)                                           0.100     3.127
[17560].out[0] (.names)                                          0.261     3.388
nen24_7.in[2] (.names)                                           0.335     3.723
nen24_7.out[0] (.names)                                          0.261     3.984
[17719].in[2] (.names)                                           0.338     4.322
[17719].out[0] (.names)                                          0.261     4.583
[5291].in[3] (.names)                                            0.621     5.204
[5291].out[0] (.names)                                           0.261     5.465
[17748].in[2] (.names)                                           1.209     6.674
[17748].out[0] (.names)                                          0.261     6.935
[17751].in[3] (.names)                                           0.334     7.268
[17751].out[0] (.names)                                          0.261     7.529
[17755].in[3] (.names)                                           0.334     7.863
[17755].out[0] (.names)                                          0.261     8.124
[19741].in[5] (.names)                                           0.100     8.224
[19741].out[0] (.names)                                          0.261     8.485
[19490].in[2] (.names)                                           0.334     8.818
[19490].out[0] (.names)                                          0.261     9.079
[3140].in[4] (.names)                                            0.335     9.414
[3140].out[0] (.names)                                           0.261     9.675
[12824].in[3] (.names)                                           0.100     9.775
[12824].out[0] (.names)                                          0.261    10.036
[12815].D[0] (.latch)                                            0.000    10.036
data arrival time                                                         10.036

clock pclk (rise edge)                                           0.000     0.000
clock source latency                                             0.000     0.000
pclk.inpad[0] (.input)                                           0.000     0.000
[12815].clk[0] (.latch)                                          0.042     0.042
clock uncertainty                                                0.000     0.042
cell setup time                                                 -0.066    -0.024
data required time                                                        -0.024
--------------------------------------------------------------------------------
data required time                                                        -0.024
data arrival time                                                        -10.036
--------------------------------------------------------------------------------
slack (VIOLATED)                                                         -10.060


#Path 31
Startpoint: [17752].Q[0] (.latch clocked by pclk)
Endpoint  : [6050].D[0] (.latch clocked by pclk)
Path Type : setup

Point                                                             Incr      Path
--------------------------------------------------------------------------------
clock pclk (rise edge)                                           0.000     0.000
clock source latency                                             0.000     0.000
pclk.inpad[0] (.input)                                           0.000     0.000
[17752].clk[0] (.latch)                                          0.042     0.042
[17752].Q[0] (.latch) [clock-to-output]                          0.124     0.166
[5548].in[4] (.names)                                            1.860     2.026
[5548].out[0] (.names)                                           0.261     2.287
[17553].in[3] (.names)                                           0.479     2.766
[17553].out[0] (.names)                                          0.261     3.027
[17560].in[3] (.names)                                           0.100     3.127
[17560].out[0] (.names)                                          0.261     3.388
nen24_7.in[2] (.names)                                           0.335     3.723
nen24_7.out[0] (.names)                                          0.261     3.984
[17719].in[2] (.names)                                           0.338     4.322
[17719].out[0] (.names)                                          0.261     4.583
[5291].in[3] (.names)                                            0.621     5.204
[5291].out[0] (.names)                                           0.261     5.465
[17748].in[2] (.names)                                           1.209     6.674
[17748].out[0] (.names)                                          0.261     6.935
[17751].in[3] (.names)                                           0.334     7.268
[17751].out[0] (.names)                                          0.261     7.529
[17755].in[3] (.names)                                           0.334     7.863
[17755].out[0] (.names)                                          0.261     8.124
[19741].in[5] (.names)                                           0.100     8.224
[19741].out[0] (.names)                                          0.261     8.485
[19490].in[2] (.names)                                           0.334     8.818
[19490].out[0] (.names)                                          0.261     9.079
[4494].in[4] (.names)                                            0.288     9.368
[4494].out[0] (.names)                                           0.261     9.629
[6059].in[4] (.names)                                            0.100     9.729
[6059].out[0] (.names)                                           0.261     9.990
[6050].D[0] (.latch)                                             0.000     9.990
data arrival time                                                          9.990

clock pclk (rise edge)                                           0.000     0.000
clock source latency                                             0.000     0.000
pclk.inpad[0] (.input)                                           0.000     0.000
[6050].clk[0] (.latch)                                           0.042     0.042
clock uncertainty                                                0.000     0.042
cell setup time                                                 -0.066    -0.024
data required time                                                        -0.024
--------------------------------------------------------------------------------
data required time                                                        -0.024
data arrival time                                                         -9.990
--------------------------------------------------------------------------------
slack (VIOLATED)                                                         -10.013


#Path 32
Startpoint: [17752].Q[0] (.latch clocked by pclk)
Endpoint  : [9740].D[0] (.latch clocked by pclk)
Path Type : setup

Point                                                             Incr      Path
--------------------------------------------------------------------------------
clock pclk (rise edge)                                           0.000     0.000
clock source latency                                             0.000     0.000
pclk.inpad[0] (.input)                                           0.000     0.000
[17752].clk[0] (.latch)                                          0.042     0.042
[17752].Q[0] (.latch) [clock-to-output]                          0.124     0.166
[5548].in[4] (.names)                                            1.860     2.026
[5548].out[0] (.names)                                           0.261     2.287
[17553].in[3] (.names)                                           0.479     2.766
[17553].out[0] (.names)                                          0.261     3.027
[17560].in[3] (.names)                                           0.100     3.127
[17560].out[0] (.names)                                          0.261     3.388
nen24_7.in[2] (.names)                                           0.335     3.723
nen24_7.out[0] (.names)                                          0.261     3.984
[17719].in[2] (.names)                                           0.338     4.322
[17719].out[0] (.names)                                          0.261     4.583
[5291].in[3] (.names)                                            0.621     5.204
[5291].out[0] (.names)                                           0.261     5.465
[17748].in[2] (.names)                                           1.209     6.674
[17748].out[0] (.names)                                          0.261     6.935
[17751].in[3] (.names)                                           0.334     7.268
[17751].out[0] (.names)                                          0.261     7.529
[17755].in[3] (.names)                                           0.334     7.863
[17755].out[0] (.names)                                          0.261     8.124
[19741].in[5] (.names)                                           0.100     8.224
[19741].out[0] (.names)                                          0.261     8.485
[19490].in[2] (.names)                                           0.334     8.818
[19490].out[0] (.names)                                          0.261     9.079
[3557].in[4] (.names)                                            0.288     9.368
[3557].out[0] (.names)                                           0.261     9.629
[9749].in[4] (.names)                                            0.100     9.729
[9749].out[0] (.names)                                           0.261     9.990
[9740].D[0] (.latch)                                             0.000     9.990
data arrival time                                                          9.990

clock pclk (rise edge)                                           0.000     0.000
clock source latency                                             0.000     0.000
pclk.inpad[0] (.input)                                           0.000     0.000
[9740].clk[0] (.latch)                                           0.042     0.042
clock uncertainty                                                0.000     0.042
cell setup time                                                 -0.066    -0.024
data required time                                                        -0.024
--------------------------------------------------------------------------------
data required time                                                        -0.024
data arrival time                                                         -9.990
--------------------------------------------------------------------------------
slack (VIOLATED)                                                         -10.013


#Path 33
Startpoint: [17752].Q[0] (.latch clocked by pclk)
Endpoint  : [5345].D[0] (.latch clocked by pclk)
Path Type : setup

Point                                                             Incr      Path
--------------------------------------------------------------------------------
clock pclk (rise edge)                                           0.000     0.000
clock source latency                                             0.000     0.000
pclk.inpad[0] (.input)                                           0.000     0.000
[17752].clk[0] (.latch)                                          0.042     0.042
[17752].Q[0] (.latch) [clock-to-output]                          0.124     0.166
[5548].in[4] (.names)                                            1.860     2.026
[5548].out[0] (.names)                                           0.261     2.287
[17553].in[3] (.names)                                           0.479     2.766
[17553].out[0] (.names)                                          0.261     3.027
[17560].in[3] (.names)                                           0.100     3.127
[17560].out[0] (.names)                                          0.261     3.388
nen24_7.in[2] (.names)                                           0.335     3.723
nen24_7.out[0] (.names)                                          0.261     3.984
[17719].in[2] (.names)                                           0.338     4.322
[17719].out[0] (.names)                                          0.261     4.583
[5291].in[3] (.names)                                            0.621     5.204
[5291].out[0] (.names)                                           0.261     5.465
[17748].in[2] (.names)                                           1.209     6.674
[17748].out[0] (.names)                                          0.261     6.935
[17751].in[3] (.names)                                           0.334     7.268
[17751].out[0] (.names)                                          0.261     7.529
[17755].in[3] (.names)                                           0.334     7.863
[17755].out[0] (.names)                                          0.261     8.124
[19741].in[5] (.names)                                           0.100     8.224
[19741].out[0] (.names)                                          0.261     8.485
[19490].in[2] (.names)                                           0.334     8.818
[19490].out[0] (.names)                                          0.261     9.079
[4697].in[4] (.names)                                            0.288     9.368
[4697].out[0] (.names)                                           0.261     9.629
[5354].in[3] (.names)                                            0.100     9.729
[5354].out[0] (.names)                                           0.261     9.990
[5345].D[0] (.latch)                                             0.000     9.990
data arrival time                                                          9.990

clock pclk (rise edge)                                           0.000     0.000
clock source latency                                             0.000     0.000
pclk.inpad[0] (.input)                                           0.000     0.000
[5345].clk[0] (.latch)                                           0.042     0.042
clock uncertainty                                                0.000     0.042
cell setup time                                                 -0.066    -0.024
data required time                                                        -0.024
--------------------------------------------------------------------------------
data required time                                                        -0.024
data arrival time                                                         -9.990
--------------------------------------------------------------------------------
slack (VIOLATED)                                                         -10.013


#Path 34
Startpoint: [17752].Q[0] (.latch clocked by pclk)
Endpoint  : [4880].D[0] (.latch clocked by pclk)
Path Type : setup

Point                                                             Incr      Path
--------------------------------------------------------------------------------
clock pclk (rise edge)                                           0.000     0.000
clock source latency                                             0.000     0.000
pclk.inpad[0] (.input)                                           0.000     0.000
[17752].clk[0] (.latch)                                          0.042     0.042
[17752].Q[0] (.latch) [clock-to-output]                          0.124     0.166
[5548].in[4] (.names)                                            1.860     2.026
[5548].out[0] (.names)                                           0.261     2.287
[17553].in[3] (.names)                                           0.479     2.766
[17553].out[0] (.names)                                          0.261     3.027
[17560].in[3] (.names)                                           0.100     3.127
[17560].out[0] (.names)                                          0.261     3.388
nen12_2.in[2] (.names)                                           0.477     3.865
nen12_2.out[0] (.names)                                          0.261     4.126
[17865].in[3] (.names)                                           0.335     4.461
[17865].out[0] (.names)                                          0.261     4.722
[17924].in[3] (.names)                                           0.334     5.055
[17924].out[0] (.names)                                          0.261     5.316
[19153].in[4] (.names)                                           0.338     5.654
[19153].out[0] (.names)                                          0.261     5.915
[19157].in[2] (.names)                                           0.338     6.253
[19157].out[0] (.names)                                          0.261     6.514
[19221].in[2] (.names)                                           0.100     6.614
[19221].out[0] (.names)                                          0.261     6.875
[19227].in[2] (.names)                                           0.100     6.975
[19227].out[0] (.names)                                          0.261     7.236
[19232].in[2] (.names)                                           0.100     7.336
[19232].out[0] (.names)                                          0.261     7.597
[19215].in[2] (.names)                                           0.338     7.935
[19215].out[0] (.names)                                          0.261     8.196
[4388].in[3] (.names)                                            0.100     8.296
[4388].out[0] (.names)                                           0.261     8.557
[4889].in[4] (.names)                                            1.063     9.620
[4889].out[0] (.names)                                           0.261     9.881
[4880].D[0] (.latch)                                             0.000     9.881
data arrival time                                                          9.881

clock pclk (rise edge)                                           0.000     0.000
clock source latency                                             0.000     0.000
pclk.inpad[0] (.input)                                           0.000     0.000
[4880].clk[0] (.latch)                                           0.042     0.042
clock uncertainty                                                0.000     0.042
cell setup time                                                 -0.066    -0.024
data required time                                                        -0.024
--------------------------------------------------------------------------------
data required time                                                        -0.024
data arrival time                                                         -9.881
--------------------------------------------------------------------------------
slack (VIOLATED)                                                          -9.905


#Path 35
Startpoint: [17752].Q[0] (.latch clocked by pclk)
Endpoint  : [10355].D[0] (.latch clocked by pclk)
Path Type : setup

Point                                                             Incr      Path
--------------------------------------------------------------------------------
clock pclk (rise edge)                                           0.000     0.000
clock source latency                                             0.000     0.000
pclk.inpad[0] (.input)                                           0.000     0.000
[17752].clk[0] (.latch)                                          0.042     0.042
[17752].Q[0] (.latch) [clock-to-output]                          0.124     0.166
[5548].in[4] (.names)                                            1.860     2.026
[5548].out[0] (.names)                                           0.261     2.287
[17553].in[3] (.names)                                           0.479     2.766
[17553].out[0] (.names)                                          0.261     3.027
[17560].in[3] (.names)                                           0.100     3.127
[17560].out[0] (.names)                                          0.261     3.388
nen12_2.in[2] (.names)                                           0.477     3.865
nen12_2.out[0] (.names)                                          0.261     4.126
[17865].in[3] (.names)                                           0.335     4.461
[17865].out[0] (.names)                                          0.261     4.722
[17924].in[3] (.names)                                           0.334     5.055
[17924].out[0] (.names)                                          0.261     5.316
[19153].in[4] (.names)                                           0.338     5.654
[19153].out[0] (.names)                                          0.261     5.915
[19157].in[2] (.names)                                           0.338     6.253
[19157].out[0] (.names)                                          0.261     6.514
[19221].in[2] (.names)                                           0.100     6.614
[19221].out[0] (.names)                                          0.261     6.875
[19227].in[2] (.names)                                           0.100     6.975
[19227].out[0] (.names)                                          0.261     7.236
[19232].in[2] (.names)                                           0.100     7.336
[19232].out[0] (.names)                                          0.261     7.597
[19215].in[2] (.names)                                           0.338     7.935
[19215].out[0] (.names)                                          0.261     8.196
[4388].in[3] (.names)                                            0.100     8.296
[4388].out[0] (.names)                                           0.261     8.557
[10364].in[4] (.names)                                           1.063     9.620
[10364].out[0] (.names)                                          0.261     9.881
[10355].D[0] (.latch)                                            0.000     9.881
data arrival time                                                          9.881

clock pclk (rise edge)                                           0.000     0.000
clock source latency                                             0.000     0.000
pclk.inpad[0] (.input)                                           0.000     0.000
[10355].clk[0] (.latch)                                          0.042     0.042
clock uncertainty                                                0.000     0.042
cell setup time                                                 -0.066    -0.024
data required time                                                        -0.024
--------------------------------------------------------------------------------
data required time                                                        -0.024
data arrival time                                                         -9.881
--------------------------------------------------------------------------------
slack (VIOLATED)                                                          -9.905


#Path 36
Startpoint: [17752].Q[0] (.latch clocked by pclk)
Endpoint  : [13880].D[0] (.latch clocked by pclk)
Path Type : setup

Point                                                             Incr      Path
--------------------------------------------------------------------------------
clock pclk (rise edge)                                           0.000     0.000
clock source latency                                             0.000     0.000
pclk.inpad[0] (.input)                                           0.000     0.000
[17752].clk[0] (.latch)                                          0.042     0.042
[17752].Q[0] (.latch) [clock-to-output]                          0.124     0.166
[5548].in[4] (.names)                                            1.860     2.026
[5548].out[0] (.names)                                           0.261     2.287
[17553].in[3] (.names)                                           0.479     2.766
[17553].out[0] (.names)                                          0.261     3.027
[17560].in[3] (.names)                                           0.100     3.127
[17560].out[0] (.names)                                          0.261     3.388
nen12_2.in[2] (.names)                                           0.477     3.865
nen12_2.out[0] (.names)                                          0.261     4.126
[17865].in[3] (.names)                                           0.335     4.461
[17865].out[0] (.names)                                          0.261     4.722
[17924].in[3] (.names)                                           0.334     5.055
[17924].out[0] (.names)                                          0.261     5.316
[19153].in[4] (.names)                                           0.338     5.654
[19153].out[0] (.names)                                          0.261     5.915
[19157].in[2] (.names)                                           0.338     6.253
[19157].out[0] (.names)                                          0.261     6.514
[19221].in[2] (.names)                                           0.100     6.614
[19221].out[0] (.names)                                          0.261     6.875
[19227].in[2] (.names)                                           0.100     6.975
[19227].out[0] (.names)                                          0.261     7.236
[19232].in[2] (.names)                                           0.100     7.336
[19232].out[0] (.names)                                          0.261     7.597
[19215].in[2] (.names)                                           0.338     7.935
[19215].out[0] (.names)                                          0.261     8.196
[4388].in[3] (.names)                                            0.100     8.296
[4388].out[0] (.names)                                           0.261     8.557
[13889].in[4] (.names)                                           1.063     9.620
[13889].out[0] (.names)                                          0.261     9.881
[13880].D[0] (.latch)                                            0.000     9.881
data arrival time                                                          9.881

clock pclk (rise edge)                                           0.000     0.000
clock source latency                                             0.000     0.000
pclk.inpad[0] (.input)                                           0.000     0.000
[13880].clk[0] (.latch)                                          0.042     0.042
clock uncertainty                                                0.000     0.042
cell setup time                                                 -0.066    -0.024
data required time                                                        -0.024
--------------------------------------------------------------------------------
data required time                                                        -0.024
data arrival time                                                         -9.881
--------------------------------------------------------------------------------
slack (VIOLATED)                                                          -9.905


#Path 37
Startpoint: [17752].Q[0] (.latch clocked by pclk)
Endpoint  : [15050].D[0] (.latch clocked by pclk)
Path Type : setup

Point                                                             Incr      Path
--------------------------------------------------------------------------------
clock pclk (rise edge)                                           0.000     0.000
clock source latency                                             0.000     0.000
pclk.inpad[0] (.input)                                           0.000     0.000
[17752].clk[0] (.latch)                                          0.042     0.042
[17752].Q[0] (.latch) [clock-to-output]                          0.124     0.166
[5548].in[4] (.names)                                            1.860     2.026
[5548].out[0] (.names)                                           0.261     2.287
[17553].in[3] (.names)                                           0.479     2.766
[17553].out[0] (.names)                                          0.261     3.027
[17560].in[3] (.names)                                           0.100     3.127
[17560].out[0] (.names)                                          0.261     3.388
nen12_2.in[2] (.names)                                           0.477     3.865
nen12_2.out[0] (.names)                                          0.261     4.126
[17865].in[3] (.names)                                           0.335     4.461
[17865].out[0] (.names)                                          0.261     4.722
[17924].in[3] (.names)                                           0.334     5.055
[17924].out[0] (.names)                                          0.261     5.316
[19153].in[4] (.names)                                           0.338     5.654
[19153].out[0] (.names)                                          0.261     5.915
[19157].in[2] (.names)                                           0.338     6.253
[19157].out[0] (.names)                                          0.261     6.514
[19221].in[2] (.names)                                           0.100     6.614
[19221].out[0] (.names)                                          0.261     6.875
[19227].in[2] (.names)                                           0.100     6.975
[19227].out[0] (.names)                                          0.261     7.236
[19232].in[2] (.names)                                           0.100     7.336
[19232].out[0] (.names)                                          0.261     7.597
[19215].in[2] (.names)                                           0.338     7.935
[19215].out[0] (.names)                                          0.261     8.196
[4388].in[3] (.names)                                            0.100     8.296
[4388].out[0] (.names)                                           0.261     8.557
[15059].in[4] (.names)                                           1.063     9.620
[15059].out[0] (.names)                                          0.261     9.881
[15050].D[0] (.latch)                                            0.000     9.881
data arrival time                                                          9.881

clock pclk (rise edge)                                           0.000     0.000
clock source latency                                             0.000     0.000
pclk.inpad[0] (.input)                                           0.000     0.000
[15050].clk[0] (.latch)                                          0.042     0.042
clock uncertainty                                                0.000     0.042
cell setup time                                                 -0.066    -0.024
data required time                                                        -0.024
--------------------------------------------------------------------------------
data required time                                                        -0.024
data arrival time                                                         -9.881
--------------------------------------------------------------------------------
slack (VIOLATED)                                                          -9.905


#Path 38
Startpoint: [17752].Q[0] (.latch clocked by pclk)
Endpoint  : [13775].D[0] (.latch clocked by pclk)
Path Type : setup

Point                                                             Incr      Path
--------------------------------------------------------------------------------
clock pclk (rise edge)                                           0.000     0.000
clock source latency                                             0.000     0.000
pclk.inpad[0] (.input)                                           0.000     0.000
[17752].clk[0] (.latch)                                          0.042     0.042
[17752].Q[0] (.latch) [clock-to-output]                          0.124     0.166
[5548].in[4] (.names)                                            1.860     2.026
[5548].out[0] (.names)                                           0.261     2.287
[17553].in[3] (.names)                                           0.479     2.766
[17553].out[0] (.names)                                          0.261     3.027
[17560].in[3] (.names)                                           0.100     3.127
[17560].out[0] (.names)                                          0.261     3.388
nen24_7.in[2] (.names)                                           0.335     3.723
nen24_7.out[0] (.names)                                          0.261     3.984
[17719].in[2] (.names)                                           0.338     4.322
[17719].out[0] (.names)                                          0.261     4.583
[5291].in[3] (.names)                                            0.621     5.204
[5291].out[0] (.names)                                           0.261     5.465
[17748].in[2] (.names)                                           1.209     6.674
[17748].out[0] (.names)                                          0.261     6.935
[17751].in[3] (.names)                                           0.334     7.268
[17751].out[0] (.names)                                          0.261     7.529
[17755].in[3] (.names)                                           0.334     7.863
[17755].out[0] (.names)                                          0.261     8.124
[19741].in[5] (.names)                                           0.100     8.224
[19741].out[0] (.names)                                          0.261     8.485
[19490].in[2] (.names)                                           0.334     8.818
[19490].out[0] (.names)                                          0.261     9.079
[13784].in[5] (.names)                                           0.514     9.593
[13784].out[0] (.names)                                          0.261     9.854
[13775].D[0] (.latch)                                            0.000     9.854
data arrival time                                                          9.854

clock pclk (rise edge)                                           0.000     0.000
clock source latency                                             0.000     0.000
pclk.inpad[0] (.input)                                           0.000     0.000
[13775].clk[0] (.latch)                                          0.042     0.042
clock uncertainty                                                0.000     0.042
cell setup time                                                 -0.066    -0.024
data required time                                                        -0.024
--------------------------------------------------------------------------------
data required time                                                        -0.024
data arrival time                                                         -9.854
--------------------------------------------------------------------------------
slack (VIOLATED)                                                          -9.878


#Path 39
Startpoint: [17752].Q[0] (.latch clocked by pclk)
Endpoint  : [7460].D[0] (.latch clocked by pclk)
Path Type : setup

Point                                                             Incr      Path
--------------------------------------------------------------------------------
clock pclk (rise edge)                                           0.000     0.000
clock source latency                                             0.000     0.000
pclk.inpad[0] (.input)                                           0.000     0.000
[17752].clk[0] (.latch)                                          0.042     0.042
[17752].Q[0] (.latch) [clock-to-output]                          0.124     0.166
[5548].in[4] (.names)                                            1.860     2.026
[5548].out[0] (.names)                                           0.261     2.287
[17553].in[3] (.names)                                           0.479     2.766
[17553].out[0] (.names)                                          0.261     3.027
[17560].in[3] (.names)                                           0.100     3.127
[17560].out[0] (.names)                                          0.261     3.388
nen24_7.in[2] (.names)                                           0.335     3.723
nen24_7.out[0] (.names)                                          0.261     3.984
[17719].in[2] (.names)                                           0.338     4.322
[17719].out[0] (.names)                                          0.261     4.583
[5291].in[3] (.names)                                            0.621     5.204
[5291].out[0] (.names)                                           0.261     5.465
[17748].in[2] (.names)                                           1.209     6.674
[17748].out[0] (.names)                                          0.261     6.935
[17751].in[3] (.names)                                           0.334     7.268
[17751].out[0] (.names)                                          0.261     7.529
[17755].in[3] (.names)                                           0.334     7.863
[17755].out[0] (.names)                                          0.261     8.124
[19741].in[5] (.names)                                           0.100     8.224
[19741].out[0] (.names)                                          0.261     8.485
[19490].in[2] (.names)                                           0.334     8.818
[19490].out[0] (.names)                                          0.261     9.079
[7469].in[5] (.names)                                            0.514     9.593
[7469].out[0] (.names)                                           0.261     9.854
[7460].D[0] (.latch)                                             0.000     9.854
data arrival time                                                          9.854

clock pclk (rise edge)                                           0.000     0.000
clock source latency                                             0.000     0.000
pclk.inpad[0] (.input)                                           0.000     0.000
[7460].clk[0] (.latch)                                           0.042     0.042
clock uncertainty                                                0.000     0.042
cell setup time                                                 -0.066    -0.024
data required time                                                        -0.024
--------------------------------------------------------------------------------
data required time                                                        -0.024
data arrival time                                                         -9.854
--------------------------------------------------------------------------------
slack (VIOLATED)                                                          -9.878


#Path 40
Startpoint: [17752].Q[0] (.latch clocked by pclk)
Endpoint  : [11615].D[0] (.latch clocked by pclk)
Path Type : setup

Point                                                             Incr      Path
--------------------------------------------------------------------------------
clock pclk (rise edge)                                           0.000     0.000
clock source latency                                             0.000     0.000
pclk.inpad[0] (.input)                                           0.000     0.000
[17752].clk[0] (.latch)                                          0.042     0.042
[17752].Q[0] (.latch) [clock-to-output]                          0.124     0.166
[5548].in[4] (.names)                                            1.860     2.026
[5548].out[0] (.names)                                           0.261     2.287
[17553].in[3] (.names)                                           0.479     2.766
[17553].out[0] (.names)                                          0.261     3.027
[17560].in[3] (.names)                                           0.100     3.127
[17560].out[0] (.names)                                          0.261     3.388
nen24_7.in[2] (.names)                                           0.335     3.723
nen24_7.out[0] (.names)                                          0.261     3.984
[17719].in[2] (.names)                                           0.338     4.322
[17719].out[0] (.names)                                          0.261     4.583
[5291].in[3] (.names)                                            0.621     5.204
[5291].out[0] (.names)                                           0.261     5.465
[17748].in[2] (.names)                                           1.209     6.674
[17748].out[0] (.names)                                          0.261     6.935
[17751].in[3] (.names)                                           0.334     7.268
[17751].out[0] (.names)                                          0.261     7.529
[17755].in[3] (.names)                                           0.334     7.863
[17755].out[0] (.names)                                          0.261     8.124
[19741].in[5] (.names)                                           0.100     8.224
[19741].out[0] (.names)                                          0.261     8.485
[19490].in[2] (.names)                                           0.334     8.818
[19490].out[0] (.names)                                          0.261     9.079
[11624].in[5] (.names)                                           0.514     9.593
[11624].out[0] (.names)                                          0.261     9.854
[11615].D[0] (.latch)                                            0.000     9.854
data arrival time                                                          9.854

clock pclk (rise edge)                                           0.000     0.000
clock source latency                                             0.000     0.000
pclk.inpad[0] (.input)                                           0.000     0.000
[11615].clk[0] (.latch)                                          0.042     0.042
clock uncertainty                                                0.000     0.042
cell setup time                                                 -0.066    -0.024
data required time                                                        -0.024
--------------------------------------------------------------------------------
data required time                                                        -0.024
data arrival time                                                         -9.854
--------------------------------------------------------------------------------
slack (VIOLATED)                                                          -9.878


#Path 41
Startpoint: [17752].Q[0] (.latch clocked by pclk)
Endpoint  : [5360].D[0] (.latch clocked by pclk)
Path Type : setup

Point                                                             Incr      Path
--------------------------------------------------------------------------------
clock pclk (rise edge)                                           0.000     0.000
clock source latency                                             0.000     0.000
pclk.inpad[0] (.input)                                           0.000     0.000
[17752].clk[0] (.latch)                                          0.042     0.042
[17752].Q[0] (.latch) [clock-to-output]                          0.124     0.166
[5548].in[4] (.names)                                            1.860     2.026
[5548].out[0] (.names)                                           0.261     2.287
[17553].in[3] (.names)                                           0.479     2.766
[17553].out[0] (.names)                                          0.261     3.027
[17560].in[3] (.names)                                           0.100     3.127
[17560].out[0] (.names)                                          0.261     3.388
nen24_7.in[2] (.names)                                           0.335     3.723
nen24_7.out[0] (.names)                                          0.261     3.984
[17719].in[2] (.names)                                           0.338     4.322
[17719].out[0] (.names)                                          0.261     4.583
[5291].in[3] (.names)                                            0.621     5.204
[5291].out[0] (.names)                                           0.261     5.465
[17748].in[2] (.names)                                           1.209     6.674
[17748].out[0] (.names)                                          0.261     6.935
[17751].in[3] (.names)                                           0.334     7.268
[17751].out[0] (.names)                                          0.261     7.529
[17755].in[3] (.names)                                           0.334     7.863
[17755].out[0] (.names)                                          0.261     8.124
[19741].in[5] (.names)                                           0.100     8.224
[19741].out[0] (.names)                                          0.261     8.485
[19490].in[2] (.names)                                           0.334     8.818
[19490].out[0] (.names)                                          0.261     9.079
[5369].in[3] (.names)                                            0.480     9.559
[5369].out[0] (.names)                                           0.261     9.820
[5360].D[0] (.latch)                                             0.000     9.820
data arrival time                                                          9.820

clock pclk (rise edge)                                           0.000     0.000
clock source latency                                             0.000     0.000
pclk.inpad[0] (.input)                                           0.000     0.000
[5360].clk[0] (.latch)                                           0.042     0.042
clock uncertainty                                                0.000     0.042
cell setup time                                                 -0.066    -0.024
data required time                                                        -0.024
--------------------------------------------------------------------------------
data required time                                                        -0.024
data arrival time                                                         -9.820
--------------------------------------------------------------------------------
slack (VIOLATED)                                                          -9.844


#Path 42
Startpoint: [17752].Q[0] (.latch clocked by pclk)
Endpoint  : [14120].D[0] (.latch clocked by pclk)
Path Type : setup

Point                                                             Incr      Path
--------------------------------------------------------------------------------
clock pclk (rise edge)                                           0.000     0.000
clock source latency                                             0.000     0.000
pclk.inpad[0] (.input)                                           0.000     0.000
[17752].clk[0] (.latch)                                          0.042     0.042
[17752].Q[0] (.latch) [clock-to-output]                          0.124     0.166
[5548].in[4] (.names)                                            1.860     2.026
[5548].out[0] (.names)                                           0.261     2.287
[17553].in[3] (.names)                                           0.479     2.766
[17553].out[0] (.names)                                          0.261     3.027
[17560].in[3] (.names)                                           0.100     3.127
[17560].out[0] (.names)                                          0.261     3.388
nen24_7.in[2] (.names)                                           0.335     3.723
nen24_7.out[0] (.names)                                          0.261     3.984
[17719].in[2] (.names)                                           0.338     4.322
[17719].out[0] (.names)                                          0.261     4.583
[5291].in[3] (.names)                                            0.621     5.204
[5291].out[0] (.names)                                           0.261     5.465
[17748].in[2] (.names)                                           1.209     6.674
[17748].out[0] (.names)                                          0.261     6.935
[17751].in[3] (.names)                                           0.334     7.268
[17751].out[0] (.names)                                          0.261     7.529
[17755].in[3] (.names)                                           0.334     7.863
[17755].out[0] (.names)                                          0.261     8.124
[19741].in[5] (.names)                                           0.100     8.224
[19741].out[0] (.names)                                          0.261     8.485
[19490].in[2] (.names)                                           0.334     8.818
[19490].out[0] (.names)                                          0.261     9.079
[14129].in[3] (.names)                                           0.480     9.559
[14129].out[0] (.names)                                          0.261     9.820
[14120].D[0] (.latch)                                            0.000     9.820
data arrival time                                                          9.820

clock pclk (rise edge)                                           0.000     0.000
clock source latency                                             0.000     0.000
pclk.inpad[0] (.input)                                           0.000     0.000
[14120].clk[0] (.latch)                                          0.042     0.042
clock uncertainty                                                0.000     0.042
cell setup time                                                 -0.066    -0.024
data required time                                                        -0.024
--------------------------------------------------------------------------------
data required time                                                        -0.024
data arrival time                                                         -9.820
--------------------------------------------------------------------------------
slack (VIOLATED)                                                          -9.844


#Path 43
Startpoint: [17752].Q[0] (.latch clocked by pclk)
Endpoint  : [5525].D[0] (.latch clocked by pclk)
Path Type : setup

Point                                                             Incr      Path
--------------------------------------------------------------------------------
clock pclk (rise edge)                                           0.000     0.000
clock source latency                                             0.000     0.000
pclk.inpad[0] (.input)                                           0.000     0.000
[17752].clk[0] (.latch)                                          0.042     0.042
[17752].Q[0] (.latch) [clock-to-output]                          0.124     0.166
[5548].in[4] (.names)                                            1.860     2.026
[5548].out[0] (.names)                                           0.261     2.287
[17553].in[3] (.names)                                           0.479     2.766
[17553].out[0] (.names)                                          0.261     3.027
[17560].in[3] (.names)                                           0.100     3.127
[17560].out[0] (.names)                                          0.261     3.388
nen24_7.in[2] (.names)                                           0.335     3.723
nen24_7.out[0] (.names)                                          0.261     3.984
[17719].in[2] (.names)                                           0.338     4.322
[17719].out[0] (.names)                                          0.261     4.583
[5291].in[3] (.names)                                            0.621     5.204
[5291].out[0] (.names)                                           0.261     5.465
[17748].in[2] (.names)                                           1.209     6.674
[17748].out[0] (.names)                                          0.261     6.935
[17751].in[3] (.names)                                           0.334     7.268
[17751].out[0] (.names)                                          0.261     7.529
[17755].in[3] (.names)                                           0.334     7.863
[17755].out[0] (.names)                                          0.261     8.124
[19741].in[5] (.names)                                           0.100     8.224
[19741].out[0] (.names)                                          0.261     8.485
[19395].in[2] (.names)                                           0.334     8.818
[19395].out[0] (.names)                                          0.261     9.079
[5534].in[3] (.names)                                            0.477     9.556
[5534].out[0] (.names)                                           0.261     9.817
[5525].D[0] (.latch)                                             0.000     9.817
data arrival time                                                          9.817

clock pclk (rise edge)                                           0.000     0.000
clock source latency                                             0.000     0.000
pclk.inpad[0] (.input)                                           0.000     0.000
[5525].clk[0] (.latch)                                           0.042     0.042
clock uncertainty                                                0.000     0.042
cell setup time                                                 -0.066    -0.024
data required time                                                        -0.024
--------------------------------------------------------------------------------
data required time                                                        -0.024
data arrival time                                                         -9.817
--------------------------------------------------------------------------------
slack (VIOLATED)                                                          -9.841


#Path 44
Startpoint: [17752].Q[0] (.latch clocked by pclk)
Endpoint  : [6710].D[0] (.latch clocked by pclk)
Path Type : setup

Point                                                             Incr      Path
--------------------------------------------------------------------------------
clock pclk (rise edge)                                           0.000     0.000
clock source latency                                             0.000     0.000
pclk.inpad[0] (.input)                                           0.000     0.000
[17752].clk[0] (.latch)                                          0.042     0.042
[17752].Q[0] (.latch) [clock-to-output]                          0.124     0.166
[5548].in[4] (.names)                                            1.860     2.026
[5548].out[0] (.names)                                           0.261     2.287
[17553].in[3] (.names)                                           0.479     2.766
[17553].out[0] (.names)                                          0.261     3.027
[17560].in[3] (.names)                                           0.100     3.127
[17560].out[0] (.names)                                          0.261     3.388
nen24_7.in[2] (.names)                                           0.335     3.723
nen24_7.out[0] (.names)                                          0.261     3.984
[17719].in[2] (.names)                                           0.338     4.322
[17719].out[0] (.names)                                          0.261     4.583
[5291].in[3] (.names)                                            0.621     5.204
[5291].out[0] (.names)                                           0.261     5.465
[17748].in[2] (.names)                                           1.209     6.674
[17748].out[0] (.names)                                          0.261     6.935
[17751].in[3] (.names)                                           0.334     7.268
[17751].out[0] (.names)                                          0.261     7.529
[17755].in[3] (.names)                                           0.334     7.863
[17755].out[0] (.names)                                          0.261     8.124
[19741].in[5] (.names)                                           0.100     8.224
[19741].out[0] (.names)                                          0.261     8.485
[19395].in[2] (.names)                                           0.334     8.818
[19395].out[0] (.names)                                          0.261     9.079
[6719].in[2] (.names)                                            0.477     9.556
[6719].out[0] (.names)                                           0.261     9.817
[6710].D[0] (.latch)                                             0.000     9.817
data arrival time                                                          9.817

clock pclk (rise edge)                                           0.000     0.000
clock source latency                                             0.000     0.000
pclk.inpad[0] (.input)                                           0.000     0.000
[6710].clk[0] (.latch)                                           0.042     0.042
clock uncertainty                                                0.000     0.042
cell setup time                                                 -0.066    -0.024
data required time                                                        -0.024
--------------------------------------------------------------------------------
data required time                                                        -0.024
data arrival time                                                         -9.817
--------------------------------------------------------------------------------
slack (VIOLATED)                                                          -9.841


#Path 45
Startpoint: [17752].Q[0] (.latch clocked by pclk)
Endpoint  : [7430].D[0] (.latch clocked by pclk)
Path Type : setup

Point                                                             Incr      Path
--------------------------------------------------------------------------------
clock pclk (rise edge)                                           0.000     0.000
clock source latency                                             0.000     0.000
pclk.inpad[0] (.input)                                           0.000     0.000
[17752].clk[0] (.latch)                                          0.042     0.042
[17752].Q[0] (.latch) [clock-to-output]                          0.124     0.166
[5548].in[4] (.names)                                            1.860     2.026
[5548].out[0] (.names)                                           0.261     2.287
[17553].in[3] (.names)                                           0.479     2.766
[17553].out[0] (.names)                                          0.261     3.027
[17560].in[3] (.names)                                           0.100     3.127
[17560].out[0] (.names)                                          0.261     3.388
nen24_7.in[2] (.names)                                           0.335     3.723
nen24_7.out[0] (.names)                                          0.261     3.984
[17719].in[2] (.names)                                           0.338     4.322
[17719].out[0] (.names)                                          0.261     4.583
[5291].in[3] (.names)                                            0.621     5.204
[5291].out[0] (.names)                                           0.261     5.465
[17748].in[2] (.names)                                           1.209     6.674
[17748].out[0] (.names)                                          0.261     6.935
[17751].in[3] (.names)                                           0.334     7.268
[17751].out[0] (.names)                                          0.261     7.529
[17755].in[3] (.names)                                           0.334     7.863
[17755].out[0] (.names)                                          0.261     8.124
[19741].in[5] (.names)                                           0.100     8.224
[19741].out[0] (.names)                                          0.261     8.485
[19395].in[2] (.names)                                           0.334     8.818
[19395].out[0] (.names)                                          0.261     9.079
[7439].in[3] (.names)                                            0.477     9.556
[7439].out[0] (.names)                                           0.261     9.817
[7430].D[0] (.latch)                                             0.000     9.817
data arrival time                                                          9.817

clock pclk (rise edge)                                           0.000     0.000
clock source latency                                             0.000     0.000
pclk.inpad[0] (.input)                                           0.000     0.000
[7430].clk[0] (.latch)                                           0.042     0.042
clock uncertainty                                                0.000     0.042
cell setup time                                                 -0.066    -0.024
data required time                                                        -0.024
--------------------------------------------------------------------------------
data required time                                                        -0.024
data arrival time                                                         -9.817
--------------------------------------------------------------------------------
slack (VIOLATED)                                                          -9.841


#Path 46
Startpoint: [17752].Q[0] (.latch clocked by pclk)
Endpoint  : [14540].D[0] (.latch clocked by pclk)
Path Type : setup

Point                                                             Incr      Path
--------------------------------------------------------------------------------
clock pclk (rise edge)                                           0.000     0.000
clock source latency                                             0.000     0.000
pclk.inpad[0] (.input)                                           0.000     0.000
[17752].clk[0] (.latch)                                          0.042     0.042
[17752].Q[0] (.latch) [clock-to-output]                          0.124     0.166
[5548].in[4] (.names)                                            1.860     2.026
[5548].out[0] (.names)                                           0.261     2.287
[17553].in[3] (.names)                                           0.479     2.766
[17553].out[0] (.names)                                          0.261     3.027
[17560].in[3] (.names)                                           0.100     3.127
[17560].out[0] (.names)                                          0.261     3.388
nen24_7.in[2] (.names)                                           0.335     3.723
nen24_7.out[0] (.names)                                          0.261     3.984
[17719].in[2] (.names)                                           0.338     4.322
[17719].out[0] (.names)                                          0.261     4.583
[5291].in[3] (.names)                                            0.621     5.204
[5291].out[0] (.names)                                           0.261     5.465
[17748].in[2] (.names)                                           1.209     6.674
[17748].out[0] (.names)                                          0.261     6.935
[17751].in[3] (.names)                                           0.334     7.268
[17751].out[0] (.names)                                          0.261     7.529
[17755].in[3] (.names)                                           0.334     7.863
[17755].out[0] (.names)                                          0.261     8.124
[19741].in[5] (.names)                                           0.100     8.224
[19741].out[0] (.names)                                          0.261     8.485
[19490].in[2] (.names)                                           0.334     8.818
[19490].out[0] (.names)                                          0.261     9.079
[2812].in[4] (.names)                                            0.100     9.179
[2812].out[0] (.names)                                           0.261     9.440
[14549].in[3] (.names)                                           0.100     9.540
[14549].out[0] (.names)                                          0.261     9.801
[14540].D[0] (.latch)                                            0.000     9.801
data arrival time                                                          9.801

clock pclk (rise edge)                                           0.000     0.000
clock source latency                                             0.000     0.000
pclk.inpad[0] (.input)                                           0.000     0.000
[14540].clk[0] (.latch)                                          0.042     0.042
clock uncertainty                                                0.000     0.042
cell setup time                                                 -0.066    -0.024
data required time                                                        -0.024
--------------------------------------------------------------------------------
data required time                                                        -0.024
data arrival time                                                         -9.801
--------------------------------------------------------------------------------
slack (VIOLATED)                                                          -9.825


#Path 47
Startpoint: [17752].Q[0] (.latch clocked by pclk)
Endpoint  : [14990].D[0] (.latch clocked by pclk)
Path Type : setup

Point                                                             Incr      Path
--------------------------------------------------------------------------------
clock pclk (rise edge)                                           0.000     0.000
clock source latency                                             0.000     0.000
pclk.inpad[0] (.input)                                           0.000     0.000
[17752].clk[0] (.latch)                                          0.042     0.042
[17752].Q[0] (.latch) [clock-to-output]                          0.124     0.166
[5548].in[4] (.names)                                            1.860     2.026
[5548].out[0] (.names)                                           0.261     2.287
[17553].in[3] (.names)                                           0.479     2.766
[17553].out[0] (.names)                                          0.261     3.027
[17560].in[3] (.names)                                           0.100     3.127
[17560].out[0] (.names)                                          0.261     3.388
nen24_7.in[2] (.names)                                           0.335     3.723
nen24_7.out[0] (.names)                                          0.261     3.984
[17719].in[2] (.names)                                           0.338     4.322
[17719].out[0] (.names)                                          0.261     4.583
[5291].in[3] (.names)                                            0.621     5.204
[5291].out[0] (.names)                                           0.261     5.465
[17748].in[2] (.names)                                           1.209     6.674
[17748].out[0] (.names)                                          0.261     6.935
[17751].in[3] (.names)                                           0.334     7.268
[17751].out[0] (.names)                                          0.261     7.529
[17755].in[3] (.names)                                           0.334     7.863
[17755].out[0] (.names)                                          0.261     8.124
[19741].in[5] (.names)                                           0.100     8.224
[19741].out[0] (.names)                                          0.261     8.485
[19490].in[2] (.names)                                           0.334     8.818
[19490].out[0] (.names)                                          0.261     9.079
[2702].in[4] (.names)                                            0.100     9.179
[2702].out[0] (.names)                                           0.261     9.440
[14999].in[3] (.names)                                           0.100     9.540
[14999].out[0] (.names)                                          0.261     9.801
[14990].D[0] (.latch)                                            0.000     9.801
data arrival time                                                          9.801

clock pclk (rise edge)                                           0.000     0.000
clock source latency                                             0.000     0.000
pclk.inpad[0] (.input)                                           0.000     0.000
[14990].clk[0] (.latch)                                          0.042     0.042
clock uncertainty                                                0.000     0.042
cell setup time                                                 -0.066    -0.024
data required time                                                        -0.024
--------------------------------------------------------------------------------
data required time                                                        -0.024
data arrival time                                                         -9.801
--------------------------------------------------------------------------------
slack (VIOLATED)                                                          -9.825


#Path 48
Startpoint: [17752].Q[0] (.latch clocked by pclk)
Endpoint  : [8090].D[0] (.latch clocked by pclk)
Path Type : setup

Point                                                             Incr      Path
--------------------------------------------------------------------------------
clock pclk (rise edge)                                           0.000     0.000
clock source latency                                             0.000     0.000
pclk.inpad[0] (.input)                                           0.000     0.000
[17752].clk[0] (.latch)                                          0.042     0.042
[17752].Q[0] (.latch) [clock-to-output]                          0.124     0.166
[5548].in[4] (.names)                                            1.860     2.026
[5548].out[0] (.names)                                           0.261     2.287
[17553].in[3] (.names)                                           0.479     2.766
[17553].out[0] (.names)                                          0.261     3.027
[17560].in[3] (.names)                                           0.100     3.127
[17560].out[0] (.names)                                          0.261     3.388
nen24_7.in[2] (.names)                                           0.335     3.723
nen24_7.out[0] (.names)                                          0.261     3.984
[17719].in[2] (.names)                                           0.338     4.322
[17719].out[0] (.names)                                          0.261     4.583
[5291].in[3] (.names)                                            0.621     5.204
[5291].out[0] (.names)                                           0.261     5.465
[17748].in[2] (.names)                                           1.209     6.674
[17748].out[0] (.names)                                          0.261     6.935
[17751].in[3] (.names)                                           0.334     7.268
[17751].out[0] (.names)                                          0.261     7.529
[17755].in[3] (.names)                                           0.334     7.863
[17755].out[0] (.names)                                          0.261     8.124
[19741].in[5] (.names)                                           0.100     8.224
[19741].out[0] (.names)                                          0.261     8.485
[19490].in[2] (.names)                                           0.334     8.818
[19490].out[0] (.names)                                          0.261     9.079
[3850].in[4] (.names)                                            0.100     9.179
[3850].out[0] (.names)                                           0.261     9.440
[8099].in[3] (.names)                                            0.100     9.540
[8099].out[0] (.names)                                           0.261     9.801
[8090].D[0] (.latch)                                             0.000     9.801
data arrival time                                                          9.801

clock pclk (rise edge)                                           0.000     0.000
clock source latency                                             0.000     0.000
pclk.inpad[0] (.input)                                           0.000     0.000
[8090].clk[0] (.latch)                                           0.042     0.042
clock uncertainty                                                0.000     0.042
cell setup time                                                 -0.066    -0.024
data required time                                                        -0.024
--------------------------------------------------------------------------------
data required time                                                        -0.024
data arrival time                                                         -9.801
--------------------------------------------------------------------------------
slack (VIOLATED)                                                          -9.825


#Path 49
Startpoint: [17752].Q[0] (.latch clocked by pclk)
Endpoint  : [4820].D[0] (.latch clocked by pclk)
Path Type : setup

Point                                                             Incr      Path
--------------------------------------------------------------------------------
clock pclk (rise edge)                                           0.000     0.000
clock source latency                                             0.000     0.000
pclk.inpad[0] (.input)                                           0.000     0.000
[17752].clk[0] (.latch)                                          0.042     0.042
[17752].Q[0] (.latch) [clock-to-output]                          0.124     0.166
[5548].in[4] (.names)                                            1.860     2.026
[5548].out[0] (.names)                                           0.261     2.287
[17553].in[3] (.names)                                           0.479     2.766
[17553].out[0] (.names)                                          0.261     3.027
[17560].in[3] (.names)                                           0.100     3.127
[17560].out[0] (.names)                                          0.261     3.388
nen24_7.in[2] (.names)                                           0.335     3.723
nen24_7.out[0] (.names)                                          0.261     3.984
[17719].in[2] (.names)                                           0.338     4.322
[17719].out[0] (.names)                                          0.261     4.583
[5291].in[3] (.names)                                            0.621     5.204
[5291].out[0] (.names)                                           0.261     5.465
[17748].in[2] (.names)                                           1.209     6.674
[17748].out[0] (.names)                                          0.261     6.935
[17751].in[3] (.names)                                           0.334     7.268
[17751].out[0] (.names)                                          0.261     7.529
[17755].in[3] (.names)                                           0.334     7.863
[17755].out[0] (.names)                                          0.261     8.124
[19741].in[5] (.names)                                           0.100     8.224
[19741].out[0] (.names)                                          0.261     8.485
[19490].in[2] (.names)                                           0.334     8.818
[19490].out[0] (.names)                                          0.261     9.079
[4829].in[3] (.names)                                            0.436     9.515
[4829].out[0] (.names)                                           0.261     9.776
[4820].D[0] (.latch)                                             0.000     9.776
data arrival time                                                          9.776

clock pclk (rise edge)                                           0.000     0.000
clock source latency                                             0.000     0.000
pclk.inpad[0] (.input)                                           0.000     0.000
[4820].clk[0] (.latch)                                           0.042     0.042
clock uncertainty                                                0.000     0.042
cell setup time                                                 -0.066    -0.024
data required time                                                        -0.024
--------------------------------------------------------------------------------
data required time                                                        -0.024
data arrival time                                                         -9.776
--------------------------------------------------------------------------------
slack (VIOLATED)                                                          -9.800


#Path 50
Startpoint: [17752].Q[0] (.latch clocked by pclk)
Endpoint  : [6860].D[0] (.latch clocked by pclk)
Path Type : setup

Point                                                             Incr      Path
--------------------------------------------------------------------------------
clock pclk (rise edge)                                           0.000     0.000
clock source latency                                             0.000     0.000
pclk.inpad[0] (.input)                                           0.000     0.000
[17752].clk[0] (.latch)                                          0.042     0.042
[17752].Q[0] (.latch) [clock-to-output]                          0.124     0.166
[5548].in[4] (.names)                                            1.860     2.026
[5548].out[0] (.names)                                           0.261     2.287
[17553].in[3] (.names)                                           0.479     2.766
[17553].out[0] (.names)                                          0.261     3.027
[17560].in[3] (.names)                                           0.100     3.127
[17560].out[0] (.names)                                          0.261     3.388
nen24_7.in[2] (.names)                                           0.335     3.723
nen24_7.out[0] (.names)                                          0.261     3.984
[17719].in[2] (.names)                                           0.338     4.322
[17719].out[0] (.names)                                          0.261     4.583
[5291].in[3] (.names)                                            0.621     5.204
[5291].out[0] (.names)                                           0.261     5.465
[17748].in[2] (.names)                                           1.209     6.674
[17748].out[0] (.names)                                          0.261     6.935
[17751].in[3] (.names)                                           0.334     7.268
[17751].out[0] (.names)                                          0.261     7.529
[17755].in[3] (.names)                                           0.334     7.863
[17755].out[0] (.names)                                          0.261     8.124
[19741].in[5] (.names)                                           0.100     8.224
[19741].out[0] (.names)                                          0.261     8.485
[19490].in[2] (.names)                                           0.334     8.818
[19490].out[0] (.names)                                          0.261     9.079
[6869].in[3] (.names)                                            0.436     9.515
[6869].out[0] (.names)                                           0.261     9.776
[6860].D[0] (.latch)                                             0.000     9.776
data arrival time                                                          9.776

clock pclk (rise edge)                                           0.000     0.000
clock source latency                                             0.000     0.000
pclk.inpad[0] (.input)                                           0.000     0.000
[6860].clk[0] (.latch)                                           0.042     0.042
clock uncertainty                                                0.000     0.042
cell setup time                                                 -0.066    -0.024
data required time                                                        -0.024
--------------------------------------------------------------------------------
data required time                                                        -0.024
data arrival time                                                         -9.776
--------------------------------------------------------------------------------
slack (VIOLATED)                                                          -9.800


#Path 51
Startpoint: [17752].Q[0] (.latch clocked by pclk)
Endpoint  : [8675].D[0] (.latch clocked by pclk)
Path Type : setup

Point                                                             Incr      Path
--------------------------------------------------------------------------------
clock pclk (rise edge)                                           0.000     0.000
clock source latency                                             0.000     0.000
pclk.inpad[0] (.input)                                           0.000     0.000
[17752].clk[0] (.latch)                                          0.042     0.042
[17752].Q[0] (.latch) [clock-to-output]                          0.124     0.166
[5548].in[4] (.names)                                            1.860     2.026
[5548].out[0] (.names)                                           0.261     2.287
[17553].in[3] (.names)                                           0.479     2.766
[17553].out[0] (.names)                                          0.261     3.027
[17560].in[3] (.names)                                           0.100     3.127
[17560].out[0] (.names)                                          0.261     3.388
nen24_7.in[2] (.names)                                           0.335     3.723
nen24_7.out[0] (.names)                                          0.261     3.984
[17719].in[2] (.names)                                           0.338     4.322
[17719].out[0] (.names)                                          0.261     4.583
[5291].in[3] (.names)                                            0.621     5.204
[5291].out[0] (.names)                                           0.261     5.465
[17748].in[2] (.names)                                           1.209     6.674
[17748].out[0] (.names)                                          0.261     6.935
[17751].in[3] (.names)                                           0.334     7.268
[17751].out[0] (.names)                                          0.261     7.529
[17755].in[3] (.names)                                           0.334     7.863
[17755].out[0] (.names)                                          0.261     8.124
[19741].in[5] (.names)                                           0.100     8.224
[19741].out[0] (.names)                                          0.261     8.485
[19490].in[2] (.names)                                           0.334     8.818
[19490].out[0] (.names)                                          0.261     9.079
[8684].in[3] (.names)                                            0.436     9.515
[8684].out[0] (.names)                                           0.261     9.776
[8675].D[0] (.latch)                                             0.000     9.776
data arrival time                                                          9.776

clock pclk (rise edge)                                           0.000     0.000
clock source latency                                             0.000     0.000
pclk.inpad[0] (.input)                                           0.000     0.000
[8675].clk[0] (.latch)                                           0.042     0.042
clock uncertainty                                                0.000     0.042
cell setup time                                                 -0.066    -0.024
data required time                                                        -0.024
--------------------------------------------------------------------------------
data required time                                                        -0.024
data arrival time                                                         -9.776
--------------------------------------------------------------------------------
slack (VIOLATED)                                                          -9.800


#Path 52
Startpoint: [17752].Q[0] (.latch clocked by pclk)
Endpoint  : [9365].D[0] (.latch clocked by pclk)
Path Type : setup

Point                                                             Incr      Path
--------------------------------------------------------------------------------
clock pclk (rise edge)                                           0.000     0.000
clock source latency                                             0.000     0.000
pclk.inpad[0] (.input)                                           0.000     0.000
[17752].clk[0] (.latch)                                          0.042     0.042
[17752].Q[0] (.latch) [clock-to-output]                          0.124     0.166
[5548].in[4] (.names)                                            1.860     2.026
[5548].out[0] (.names)                                           0.261     2.287
[17553].in[3] (.names)                                           0.479     2.766
[17553].out[0] (.names)                                          0.261     3.027
[17560].in[3] (.names)                                           0.100     3.127
[17560].out[0] (.names)                                          0.261     3.388
nen24_7.in[2] (.names)                                           0.335     3.723
nen24_7.out[0] (.names)                                          0.261     3.984
[17719].in[2] (.names)                                           0.338     4.322
[17719].out[0] (.names)                                          0.261     4.583
[5291].in[3] (.names)                                            0.621     5.204
[5291].out[0] (.names)                                           0.261     5.465
[17748].in[2] (.names)                                           1.209     6.674
[17748].out[0] (.names)                                          0.261     6.935
[17751].in[3] (.names)                                           0.334     7.268
[17751].out[0] (.names)                                          0.261     7.529
[17755].in[3] (.names)                                           0.334     7.863
[17755].out[0] (.names)                                          0.261     8.124
[19741].in[5] (.names)                                           0.100     8.224
[19741].out[0] (.names)                                          0.261     8.485
[19490].in[2] (.names)                                           0.334     8.818
[19490].out[0] (.names)                                          0.261     9.079
[9374].in[3] (.names)                                            0.436     9.515
[9374].out[0] (.names)                                           0.261     9.776
[9365].D[0] (.latch)                                             0.000     9.776
data arrival time                                                          9.776

clock pclk (rise edge)                                           0.000     0.000
clock source latency                                             0.000     0.000
pclk.inpad[0] (.input)                                           0.000     0.000
[9365].clk[0] (.latch)                                           0.042     0.042
clock uncertainty                                                0.000     0.042
cell setup time                                                 -0.066    -0.024
data required time                                                        -0.024
--------------------------------------------------------------------------------
data required time                                                        -0.024
data arrival time                                                         -9.776
--------------------------------------------------------------------------------
slack (VIOLATED)                                                          -9.800


#Path 53
Startpoint: [17752].Q[0] (.latch clocked by pclk)
Endpoint  : [10625].D[0] (.latch clocked by pclk)
Path Type : setup

Point                                                             Incr      Path
--------------------------------------------------------------------------------
clock pclk (rise edge)                                           0.000     0.000
clock source latency                                             0.000     0.000
pclk.inpad[0] (.input)                                           0.000     0.000
[17752].clk[0] (.latch)                                          0.042     0.042
[17752].Q[0] (.latch) [clock-to-output]                          0.124     0.166
[5548].in[4] (.names)                                            1.860     2.026
[5548].out[0] (.names)                                           0.261     2.287
[17553].in[3] (.names)                                           0.479     2.766
[17553].out[0] (.names)                                          0.261     3.027
[17560].in[3] (.names)                                           0.100     3.127
[17560].out[0] (.names)                                          0.261     3.388
nen24_7.in[2] (.names)                                           0.335     3.723
nen24_7.out[0] (.names)                                          0.261     3.984
[17719].in[2] (.names)                                           0.338     4.322
[17719].out[0] (.names)                                          0.261     4.583
[5291].in[3] (.names)                                            0.621     5.204
[5291].out[0] (.names)                                           0.261     5.465
[17748].in[2] (.names)                                           1.209     6.674
[17748].out[0] (.names)                                          0.261     6.935
[17751].in[3] (.names)                                           0.334     7.268
[17751].out[0] (.names)                                          0.261     7.529
[17755].in[3] (.names)                                           0.334     7.863
[17755].out[0] (.names)                                          0.261     8.124
[19741].in[5] (.names)                                           0.100     8.224
[19741].out[0] (.names)                                          0.261     8.485
[19490].in[2] (.names)                                           0.334     8.818
[19490].out[0] (.names)                                          0.261     9.079
[10634].in[3] (.names)                                           0.436     9.515
[10634].out[0] (.names)                                          0.261     9.776
[10625].D[0] (.latch)                                            0.000     9.776
data arrival time                                                          9.776

clock pclk (rise edge)                                           0.000     0.000
clock source latency                                             0.000     0.000
pclk.inpad[0] (.input)                                           0.000     0.000
[10625].clk[0] (.latch)                                          0.042     0.042
clock uncertainty                                                0.000     0.042
cell setup time                                                 -0.066    -0.024
data required time                                                        -0.024
--------------------------------------------------------------------------------
data required time                                                        -0.024
data arrival time                                                         -9.776
--------------------------------------------------------------------------------
slack (VIOLATED)                                                          -9.800


#Path 54
Startpoint: [17752].Q[0] (.latch clocked by pclk)
Endpoint  : paddress_1_1_.D[0] (.latch clocked by pclk)
Path Type : setup

Point                                                             Incr      Path
--------------------------------------------------------------------------------
clock pclk (rise edge)                                           0.000     0.000
clock source latency                                             0.000     0.000
pclk.inpad[0] (.input)                                           0.000     0.000
[17752].clk[0] (.latch)                                          0.042     0.042
[17752].Q[0] (.latch) [clock-to-output]                          0.124     0.166
[5548].in[4] (.names)                                            1.860     2.026
[5548].out[0] (.names)                                           0.261     2.287
[17553].in[3] (.names)                                           0.479     2.766
[17553].out[0] (.names)                                          0.261     3.027
[17560].in[3] (.names)                                           0.100     3.127
[17560].out[0] (.names)                                          0.261     3.388
nrq8_2.in[1] (.names)                                            0.481     3.869
nrq8_2.out[0] (.names)                                           0.261     4.130
[4264].in[2] (.names)                                            0.622     4.753
[4264].out[0] (.names)                                           0.261     5.014
[2032].in[4] (.names)                                            2.468     7.482
[2032].out[0] (.names)                                           0.261     7.743
[19031].in[2] (.names)                                           0.477     8.220
[19031].out[0] (.names)                                          0.261     8.481
[19038].in[2] (.names)                                           0.338     8.819
[19038].out[0] (.names)                                          0.261     9.080
[18334].in[5] (.names)                                           0.334     9.413
[18334].out[0] (.names)                                          0.261     9.674
paddress_1_1_.D[0] (.latch)                                      0.000     9.674
data arrival time                                                          9.674

clock pclk (rise edge)                                           0.000     0.000
clock source latency                                             0.000     0.000
pclk.inpad[0] (.input)                                           0.000     0.000
paddress_1_1_.clk[0] (.latch)                                    0.042     0.042
clock uncertainty                                                0.000     0.042
cell setup time                                                 -0.066    -0.024
data required time                                                        -0.024
--------------------------------------------------------------------------------
data required time                                                        -0.024
data arrival time                                                         -9.674
--------------------------------------------------------------------------------
slack (VIOLATED)                                                          -9.698


#Path 55
Startpoint: [17752].Q[0] (.latch clocked by pclk)
Endpoint  : [4640].D[0] (.latch clocked by pclk)
Path Type : setup

Point                                                             Incr      Path
--------------------------------------------------------------------------------
clock pclk (rise edge)                                           0.000     0.000
clock source latency                                             0.000     0.000
pclk.inpad[0] (.input)                                           0.000     0.000
[17752].clk[0] (.latch)                                          0.042     0.042
[17752].Q[0] (.latch) [clock-to-output]                          0.124     0.166
[5548].in[4] (.names)                                            1.860     2.026
[5548].out[0] (.names)                                           0.261     2.287
[17553].in[3] (.names)                                           0.479     2.766
[17553].out[0] (.names)                                          0.261     3.027
[17560].in[3] (.names)                                           0.100     3.127
[17560].out[0] (.names)                                          0.261     3.388
nen24_7.in[2] (.names)                                           0.335     3.723
nen24_7.out[0] (.names)                                          0.261     3.984
[17719].in[2] (.names)                                           0.338     4.322
[17719].out[0] (.names)                                          0.261     4.583
[5291].in[3] (.names)                                            0.621     5.204
[5291].out[0] (.names)                                           0.261     5.465
[17748].in[2] (.names)                                           1.209     6.674
[17748].out[0] (.names)                                          0.261     6.935
[17751].in[3] (.names)                                           0.334     7.268
[17751].out[0] (.names)                                          0.261     7.529
[17755].in[3] (.names)                                           0.334     7.863
[17755].out[0] (.names)                                          0.261     8.124
[19741].in[5] (.names)                                           0.100     8.224
[19741].out[0] (.names)                                          0.261     8.485
[19490].in[2] (.names)                                           0.334     8.818
[19490].out[0] (.names)                                          0.261     9.079
[4649].in[3] (.names)                                            0.288     9.368
[4649].out[0] (.names)                                           0.261     9.629
[4640].D[0] (.latch)                                             0.000     9.629
data arrival time                                                          9.629

clock pclk (rise edge)                                           0.000     0.000
clock source latency                                             0.000     0.000
pclk.inpad[0] (.input)                                           0.000     0.000
[4640].clk[0] (.latch)                                           0.042     0.042
clock uncertainty                                                0.000     0.042
cell setup time                                                 -0.066    -0.024
data required time                                                        -0.024
--------------------------------------------------------------------------------
data required time                                                        -0.024
data arrival time                                                         -9.629
--------------------------------------------------------------------------------
slack (VIOLATED)                                                          -9.652


#Path 56
Startpoint: [17752].Q[0] (.latch clocked by pclk)
Endpoint  : [10010].D[0] (.latch clocked by pclk)
Path Type : setup

Point                                                             Incr      Path
--------------------------------------------------------------------------------
clock pclk (rise edge)                                           0.000     0.000
clock source latency                                             0.000     0.000
pclk.inpad[0] (.input)                                           0.000     0.000
[17752].clk[0] (.latch)                                          0.042     0.042
[17752].Q[0] (.latch) [clock-to-output]                          0.124     0.166
[5548].in[4] (.names)                                            1.860     2.026
[5548].out[0] (.names)                                           0.261     2.287
[17553].in[3] (.names)                                           0.479     2.766
[17553].out[0] (.names)                                          0.261     3.027
[17560].in[3] (.names)                                           0.100     3.127
[17560].out[0] (.names)                                          0.261     3.388
nen24_7.in[2] (.names)                                           0.335     3.723
nen24_7.out[0] (.names)                                          0.261     3.984
[17719].in[2] (.names)                                           0.338     4.322
[17719].out[0] (.names)                                          0.261     4.583
[5291].in[3] (.names)                                            0.621     5.204
[5291].out[0] (.names)                                           0.261     5.465
[17748].in[2] (.names)                                           1.209     6.674
[17748].out[0] (.names)                                          0.261     6.935
[17751].in[3] (.names)                                           0.334     7.268
[17751].out[0] (.names)                                          0.261     7.529
[17755].in[3] (.names)                                           0.334     7.863
[17755].out[0] (.names)                                          0.261     8.124
[19741].in[5] (.names)                                           0.100     8.224
[19741].out[0] (.names)                                          0.261     8.485
[19490].in[2] (.names)                                           0.334     8.818
[19490].out[0] (.names)                                          0.261     9.079
[10019].in[3] (.names)                                           0.288     9.368
[10019].out[0] (.names)                                          0.261     9.629
[10010].D[0] (.latch)                                            0.000     9.629
data arrival time                                                          9.629

clock pclk (rise edge)                                           0.000     0.000
clock source latency                                             0.000     0.000
pclk.inpad[0] (.input)                                           0.000     0.000
[10010].clk[0] (.latch)                                          0.042     0.042
clock uncertainty                                                0.000     0.042
cell setup time                                                 -0.066    -0.024
data required time                                                        -0.024
--------------------------------------------------------------------------------
data required time                                                        -0.024
data arrival time                                                         -9.629
--------------------------------------------------------------------------------
slack (VIOLATED)                                                          -9.652


#Path 57
Startpoint: [17752].Q[0] (.latch clocked by pclk)
Endpoint  : [10700].D[0] (.latch clocked by pclk)
Path Type : setup

Point                                                             Incr      Path
--------------------------------------------------------------------------------
clock pclk (rise edge)                                           0.000     0.000
clock source latency                                             0.000     0.000
pclk.inpad[0] (.input)                                           0.000     0.000
[17752].clk[0] (.latch)                                          0.042     0.042
[17752].Q[0] (.latch) [clock-to-output]                          0.124     0.166
[5548].in[4] (.names)                                            1.860     2.026
[5548].out[0] (.names)                                           0.261     2.287
[17553].in[3] (.names)                                           0.479     2.766
[17553].out[0] (.names)                                          0.261     3.027
[17560].in[3] (.names)                                           0.100     3.127
[17560].out[0] (.names)                                          0.261     3.388
nen12_2.in[2] (.names)                                           0.477     3.865
nen12_2.out[0] (.names)                                          0.261     4.126
[17865].in[3] (.names)                                           0.335     4.461
[17865].out[0] (.names)                                          0.261     4.722
[17924].in[3] (.names)                                           0.334     5.055
[17924].out[0] (.names)                                          0.261     5.316
[19153].in[4] (.names)                                           0.338     5.654
[19153].out[0] (.names)                                          0.261     5.915
[19157].in[2] (.names)                                           0.338     6.253
[19157].out[0] (.names)                                          0.261     6.514
[19221].in[2] (.names)                                           0.100     6.614
[19221].out[0] (.names)                                          0.261     6.875
[19227].in[2] (.names)                                           0.100     6.975
[19227].out[0] (.names)                                          0.261     7.236
[19232].in[2] (.names)                                           0.100     7.336
[19232].out[0] (.names)                                          0.261     7.597
[19215].in[2] (.names)                                           0.338     7.935
[19215].out[0] (.names)                                          0.261     8.196
[10709].in[4] (.names)                                           1.162     9.359
[10709].out[0] (.names)                                          0.261     9.620
[10700].D[0] (.latch)                                            0.000     9.620
data arrival time                                                          9.620

clock pclk (rise edge)                                           0.000     0.000
clock source latency                                             0.000     0.000
pclk.inpad[0] (.input)                                           0.000     0.000
[10700].clk[0] (.latch)                                          0.042     0.042
clock uncertainty                                                0.000     0.042
cell setup time                                                 -0.066    -0.024
data required time                                                        -0.024
--------------------------------------------------------------------------------
data required time                                                        -0.024
data arrival time                                                         -9.620
--------------------------------------------------------------------------------
slack (VIOLATED)                                                          -9.643


#Path 58
Startpoint: [17752].Q[0] (.latch clocked by pclk)
Endpoint  : [14240].D[0] (.latch clocked by pclk)
Path Type : setup

Point                                                             Incr      Path
--------------------------------------------------------------------------------
clock pclk (rise edge)                                           0.000     0.000
clock source latency                                             0.000     0.000
pclk.inpad[0] (.input)                                           0.000     0.000
[17752].clk[0] (.latch)                                          0.042     0.042
[17752].Q[0] (.latch) [clock-to-output]                          0.124     0.166
[5548].in[4] (.names)                                            1.860     2.026
[5548].out[0] (.names)                                           0.261     2.287
[17553].in[3] (.names)                                           0.479     2.766
[17553].out[0] (.names)                                          0.261     3.027
[17560].in[3] (.names)                                           0.100     3.127
[17560].out[0] (.names)                                          0.261     3.388
nen12_2.in[2] (.names)                                           0.477     3.865
nen12_2.out[0] (.names)                                          0.261     4.126
[17865].in[3] (.names)                                           0.335     4.461
[17865].out[0] (.names)                                          0.261     4.722
[17924].in[3] (.names)                                           0.334     5.055
[17924].out[0] (.names)                                          0.261     5.316
[19153].in[4] (.names)                                           0.338     5.654
[19153].out[0] (.names)                                          0.261     5.915
[19157].in[2] (.names)                                           0.338     6.253
[19157].out[0] (.names)                                          0.261     6.514
[19221].in[2] (.names)                                           0.100     6.614
[19221].out[0] (.names)                                          0.261     6.875
[19227].in[2] (.names)                                           0.100     6.975
[19227].out[0] (.names)                                          0.261     7.236
[19232].in[2] (.names)                                           0.100     7.336
[19232].out[0] (.names)                                          0.261     7.597
[19215].in[2] (.names)                                           0.338     7.935
[19215].out[0] (.names)                                          0.261     8.196
[14249].in[4] (.names)                                           1.162     9.359
[14249].out[0] (.names)                                          0.261     9.620
[14240].D[0] (.latch)                                            0.000     9.620
data arrival time                                                          9.620

clock pclk (rise edge)                                           0.000     0.000
clock source latency                                             0.000     0.000
pclk.inpad[0] (.input)                                           0.000     0.000
[14240].clk[0] (.latch)                                          0.042     0.042
clock uncertainty                                                0.000     0.042
cell setup time                                                 -0.066    -0.024
data required time                                                        -0.024
--------------------------------------------------------------------------------
data required time                                                        -0.024
data arrival time                                                         -9.620
--------------------------------------------------------------------------------
slack (VIOLATED)                                                          -9.643


#Path 59
Startpoint: [17752].Q[0] (.latch clocked by pclk)
Endpoint  : [12125].D[0] (.latch clocked by pclk)
Path Type : setup

Point                                                             Incr      Path
--------------------------------------------------------------------------------
clock pclk (rise edge)                                           0.000     0.000
clock source latency                                             0.000     0.000
pclk.inpad[0] (.input)                                           0.000     0.000
[17752].clk[0] (.latch)                                          0.042     0.042
[17752].Q[0] (.latch) [clock-to-output]                          0.124     0.166
[5548].in[4] (.names)                                            1.860     2.026
[5548].out[0] (.names)                                           0.261     2.287
[17553].in[3] (.names)                                           0.479     2.766
[17553].out[0] (.names)                                          0.261     3.027
[17560].in[3] (.names)                                           0.100     3.127
[17560].out[0] (.names)                                          0.261     3.388
nen15_5.in[2] (.names)                                           0.334     3.722
nen15_5.out[0] (.names)                                          0.261     3.983
[4327].in[2] (.names)                                            0.483     4.466
[4327].out[0] (.names)                                           0.261     4.727
[12134].in[1] (.names)                                           4.497     9.224
[12134].out[0] (.names)                                          0.261     9.485
[12125].D[0] (.latch)                                            0.000     9.485
data arrival time                                                          9.485

clock pclk (rise edge)                                           0.000     0.000
clock source latency                                             0.000     0.000
pclk.inpad[0] (.input)                                           0.000     0.000
[12125].clk[0] (.latch)                                          0.042     0.042
clock uncertainty                                                0.000     0.042
cell setup time                                                 -0.066    -0.024
data required time                                                        -0.024
--------------------------------------------------------------------------------
data required time                                                        -0.024
data arrival time                                                         -9.485
--------------------------------------------------------------------------------
slack (VIOLATED)                                                          -9.508


#Path 60
Startpoint: [17752].Q[0] (.latch clocked by pclk)
Endpoint  : [9890].D[0] (.latch clocked by pclk)
Path Type : setup

Point                                                             Incr      Path
--------------------------------------------------------------------------------
clock pclk (rise edge)                                           0.000     0.000
clock source latency                                             0.000     0.000
pclk.inpad[0] (.input)                                           0.000     0.000
[17752].clk[0] (.latch)                                          0.042     0.042
[17752].Q[0] (.latch) [clock-to-output]                          0.124     0.166
[5548].in[4] (.names)                                            1.860     2.026
[5548].out[0] (.names)                                           0.261     2.287
[17553].in[3] (.names)                                           0.479     2.766
[17553].out[0] (.names)                                          0.261     3.027
[17560].in[3] (.names)                                           0.100     3.127
[17560].out[0] (.names)                                          0.261     3.388
nen12_2.in[2] (.names)                                           0.477     3.865
nen12_2.out[0] (.names)                                          0.261     4.126
[17865].in[3] (.names)                                           0.335     4.461
[17865].out[0] (.names)                                          0.261     4.722
[17924].in[3] (.names)                                           0.334     5.055
[17924].out[0] (.names)                                          0.261     5.316
[19153].in[4] (.names)                                           0.338     5.654
[19153].out[0] (.names)                                          0.261     5.915
[19157].in[2] (.names)                                           0.338     6.253
[19157].out[0] (.names)                                          0.261     6.514
[19221].in[2] (.names)                                           0.100     6.614
[19221].out[0] (.names)                                          0.261     6.875
[19227].in[2] (.names)                                           0.100     6.975
[19227].out[0] (.names)                                          0.261     7.236
[19232].in[2] (.names)                                           0.100     7.336
[19232].out[0] (.names)                                          0.261     7.597
[19215].in[2] (.names)                                           0.338     7.935
[19215].out[0] (.names)                                          0.261     8.196
[4388].in[3] (.names)                                            0.100     8.296
[4388].out[0] (.names)                                           0.261     8.557
[9899].in[4] (.names)                                            0.636     9.193
[9899].out[0] (.names)                                           0.261     9.454
[9890].D[0] (.latch)                                             0.000     9.454
data arrival time                                                          9.454

clock pclk (rise edge)                                           0.000     0.000
clock source latency                                             0.000     0.000
pclk.inpad[0] (.input)                                           0.000     0.000
[9890].clk[0] (.latch)                                           0.042     0.042
clock uncertainty                                                0.000     0.042
cell setup time                                                 -0.066    -0.024
data required time                                                        -0.024
--------------------------------------------------------------------------------
data required time                                                        -0.024
data arrival time                                                         -9.454
--------------------------------------------------------------------------------
slack (VIOLATED)                                                          -9.477


#Path 61
Startpoint: [17752].Q[0] (.latch clocked by pclk)
Endpoint  : [12650].D[0] (.latch clocked by pclk)
Path Type : setup

Point                                                             Incr      Path
--------------------------------------------------------------------------------
clock pclk (rise edge)                                           0.000     0.000
clock source latency                                             0.000     0.000
pclk.inpad[0] (.input)                                           0.000     0.000
[17752].clk[0] (.latch)                                          0.042     0.042
[17752].Q[0] (.latch) [clock-to-output]                          0.124     0.166
[5548].in[4] (.names)                                            1.860     2.026
[5548].out[0] (.names)                                           0.261     2.287
[17553].in[3] (.names)                                           0.479     2.766
[17553].out[0] (.names)                                          0.261     3.027
[17560].in[3] (.names)                                           0.100     3.127
[17560].out[0] (.names)                                          0.261     3.388
nen12_2.in[2] (.names)                                           0.477     3.865
nen12_2.out[0] (.names)                                          0.261     4.126
[17865].in[3] (.names)                                           0.335     4.461
[17865].out[0] (.names)                                          0.261     4.722
[17924].in[3] (.names)                                           0.334     5.055
[17924].out[0] (.names)                                          0.261     5.316
[19153].in[4] (.names)                                           0.338     5.654
[19153].out[0] (.names)                                          0.261     5.915
[19157].in[2] (.names)                                           0.338     6.253
[19157].out[0] (.names)                                          0.261     6.514
[19221].in[2] (.names)                                           0.100     6.614
[19221].out[0] (.names)                                          0.261     6.875
[19227].in[2] (.names)                                           0.100     6.975
[19227].out[0] (.names)                                          0.261     7.236
[19232].in[2] (.names)                                           0.100     7.336
[19232].out[0] (.names)                                          0.261     7.597
[19215].in[2] (.names)                                           0.338     7.935
[19215].out[0] (.names)                                          0.261     8.196
[19068].in[5] (.names)                                           0.100     8.296
[19068].out[0] (.names)                                          0.261     8.557
[12659].in[3] (.names)                                           0.622     9.179
[12659].out[0] (.names)                                          0.261     9.440
[12650].D[0] (.latch)                                            0.000     9.440
data arrival time                                                          9.440

clock pclk (rise edge)                                           0.000     0.000
clock source latency                                             0.000     0.000
pclk.inpad[0] (.input)                                           0.000     0.000
[12650].clk[0] (.latch)                                          0.042     0.042
clock uncertainty                                                0.000     0.042
cell setup time                                                 -0.066    -0.024
data required time                                                        -0.024
--------------------------------------------------------------------------------
data required time                                                        -0.024
data arrival time                                                         -9.440
--------------------------------------------------------------------------------
slack (VIOLATED)                                                          -9.464


#Path 62
Startpoint: [17752].Q[0] (.latch clocked by pclk)
Endpoint  : [11390].D[0] (.latch clocked by pclk)
Path Type : setup

Point                                                             Incr      Path
--------------------------------------------------------------------------------
clock pclk (rise edge)                                           0.000     0.000
clock source latency                                             0.000     0.000
pclk.inpad[0] (.input)                                           0.000     0.000
[17752].clk[0] (.latch)                                          0.042     0.042
[17752].Q[0] (.latch) [clock-to-output]                          0.124     0.166
[5548].in[4] (.names)                                            1.860     2.026
[5548].out[0] (.names)                                           0.261     2.287
[17553].in[3] (.names)                                           0.479     2.766
[17553].out[0] (.names)                                          0.261     3.027
[17560].in[3] (.names)                                           0.100     3.127
[17560].out[0] (.names)                                          0.261     3.388
nen24_7.in[2] (.names)                                           0.335     3.723
nen24_7.out[0] (.names)                                          0.261     3.984
[17719].in[2] (.names)                                           0.338     4.322
[17719].out[0] (.names)                                          0.261     4.583
[5291].in[3] (.names)                                            0.621     5.204
[5291].out[0] (.names)                                           0.261     5.465
[17748].in[2] (.names)                                           1.209     6.674
[17748].out[0] (.names)                                          0.261     6.935
[17751].in[3] (.names)                                           0.334     7.268
[17751].out[0] (.names)                                          0.261     7.529
[17755].in[3] (.names)                                           0.334     7.863
[17755].out[0] (.names)                                          0.261     8.124
[19741].in[5] (.names)                                           0.100     8.224
[19741].out[0] (.names)                                          0.261     8.485
[19395].in[2] (.names)                                           0.334     8.818
[19395].out[0] (.names)                                          0.261     9.079
[11399].in[2] (.names)                                           0.100     9.179
[11399].out[0] (.names)                                          0.261     9.440
[11390].D[0] (.latch)                                            0.000     9.440
data arrival time                                                          9.440

clock pclk (rise edge)                                           0.000     0.000
clock source latency                                             0.000     0.000
pclk.inpad[0] (.input)                                           0.000     0.000
[11390].clk[0] (.latch)                                          0.042     0.042
clock uncertainty                                                0.000     0.042
cell setup time                                                 -0.066    -0.024
data required time                                                        -0.024
--------------------------------------------------------------------------------
data required time                                                        -0.024
data arrival time                                                         -9.440
--------------------------------------------------------------------------------
slack (VIOLATED)                                                          -9.464


#Path 63
Startpoint: [17752].Q[0] (.latch clocked by pclk)
Endpoint  : [10595].D[0] (.latch clocked by pclk)
Path Type : setup

Point                                                             Incr      Path
--------------------------------------------------------------------------------
clock pclk (rise edge)                                           0.000     0.000
clock source latency                                             0.000     0.000
pclk.inpad[0] (.input)                                           0.000     0.000
[17752].clk[0] (.latch)                                          0.042     0.042
[17752].Q[0] (.latch) [clock-to-output]                          0.124     0.166
[5548].in[4] (.names)                                            1.860     2.026
[5548].out[0] (.names)                                           0.261     2.287
[17553].in[3] (.names)                                           0.479     2.766
[17553].out[0] (.names)                                          0.261     3.027
[17560].in[3] (.names)                                           0.100     3.127
[17560].out[0] (.names)                                          0.261     3.388
nen24_7.in[2] (.names)                                           0.335     3.723
nen24_7.out[0] (.names)                                          0.261     3.984
[17719].in[2] (.names)                                           0.338     4.322
[17719].out[0] (.names)                                          0.261     4.583
[5291].in[3] (.names)                                            0.621     5.204
[5291].out[0] (.names)                                           0.261     5.465
[17748].in[2] (.names)                                           1.209     6.674
[17748].out[0] (.names)                                          0.261     6.935
[17751].in[3] (.names)                                           0.334     7.268
[17751].out[0] (.names)                                          0.261     7.529
[17755].in[3] (.names)                                           0.334     7.863
[17755].out[0] (.names)                                          0.261     8.124
[19741].in[5] (.names)                                           0.100     8.224
[19741].out[0] (.names)                                          0.261     8.485
[19395].in[2] (.names)                                           0.334     8.818
[19395].out[0] (.names)                                          0.261     9.079
[10604].in[3] (.names)                                           0.100     9.179
[10604].out[0] (.names)                                          0.261     9.440
[10595].D[0] (.latch)                                            0.000     9.440
data arrival time                                                          9.440

clock pclk (rise edge)                                           0.000     0.000
clock source latency                                             0.000     0.000
pclk.inpad[0] (.input)                                           0.000     0.000
[10595].clk[0] (.latch)                                          0.042     0.042
clock uncertainty                                                0.000     0.042
cell setup time                                                 -0.066    -0.024
data required time                                                        -0.024
--------------------------------------------------------------------------------
data required time                                                        -0.024
data arrival time                                                         -9.440
--------------------------------------------------------------------------------
slack (VIOLATED)                                                          -9.464


#Path 64
Startpoint: [17752].Q[0] (.latch clocked by pclk)
Endpoint  : [9335].D[0] (.latch clocked by pclk)
Path Type : setup

Point                                                             Incr      Path
--------------------------------------------------------------------------------
clock pclk (rise edge)                                           0.000     0.000
clock source latency                                             0.000     0.000
pclk.inpad[0] (.input)                                           0.000     0.000
[17752].clk[0] (.latch)                                          0.042     0.042
[17752].Q[0] (.latch) [clock-to-output]                          0.124     0.166
[5548].in[4] (.names)                                            1.860     2.026
[5548].out[0] (.names)                                           0.261     2.287
[17553].in[3] (.names)                                           0.479     2.766
[17553].out[0] (.names)                                          0.261     3.027
[17560].in[3] (.names)                                           0.100     3.127
[17560].out[0] (.names)                                          0.261     3.388
nen24_7.in[2] (.names)                                           0.335     3.723
nen24_7.out[0] (.names)                                          0.261     3.984
[17719].in[2] (.names)                                           0.338     4.322
[17719].out[0] (.names)                                          0.261     4.583
[5291].in[3] (.names)                                            0.621     5.204
[5291].out[0] (.names)                                           0.261     5.465
[17748].in[2] (.names)                                           1.209     6.674
[17748].out[0] (.names)                                          0.261     6.935
[17751].in[3] (.names)                                           0.334     7.268
[17751].out[0] (.names)                                          0.261     7.529
[17755].in[3] (.names)                                           0.334     7.863
[17755].out[0] (.names)                                          0.261     8.124
[19741].in[5] (.names)                                           0.100     8.224
[19741].out[0] (.names)                                          0.261     8.485
[19395].in[2] (.names)                                           0.334     8.818
[19395].out[0] (.names)                                          0.261     9.079
[9344].in[4] (.names)                                            0.100     9.179
[9344].out[0] (.names)                                           0.261     9.440
[9335].D[0] (.latch)                                             0.000     9.440
data arrival time                                                          9.440

clock pclk (rise edge)                                           0.000     0.000
clock source latency                                             0.000     0.000
pclk.inpad[0] (.input)                                           0.000     0.000
[9335].clk[0] (.latch)                                           0.042     0.042
clock uncertainty                                                0.000     0.042
cell setup time                                                 -0.066    -0.024
data required time                                                        -0.024
--------------------------------------------------------------------------------
data required time                                                        -0.024
data arrival time                                                         -9.440
--------------------------------------------------------------------------------
slack (VIOLATED)                                                          -9.464


#Path 65
Startpoint: [17752].Q[0] (.latch clocked by pclk)
Endpoint  : [8645].D[0] (.latch clocked by pclk)
Path Type : setup

Point                                                             Incr      Path
--------------------------------------------------------------------------------
clock pclk (rise edge)                                           0.000     0.000
clock source latency                                             0.000     0.000
pclk.inpad[0] (.input)                                           0.000     0.000
[17752].clk[0] (.latch)                                          0.042     0.042
[17752].Q[0] (.latch) [clock-to-output]                          0.124     0.166
[5548].in[4] (.names)                                            1.860     2.026
[5548].out[0] (.names)                                           0.261     2.287
[17553].in[3] (.names)                                           0.479     2.766
[17553].out[0] (.names)                                          0.261     3.027
[17560].in[3] (.names)                                           0.100     3.127
[17560].out[0] (.names)                                          0.261     3.388
nen24_7.in[2] (.names)                                           0.335     3.723
nen24_7.out[0] (.names)                                          0.261     3.984
[17719].in[2] (.names)                                           0.338     4.322
[17719].out[0] (.names)                                          0.261     4.583
[5291].in[3] (.names)                                            0.621     5.204
[5291].out[0] (.names)                                           0.261     5.465
[17748].in[2] (.names)                                           1.209     6.674
[17748].out[0] (.names)                                          0.261     6.935
[17751].in[3] (.names)                                           0.334     7.268
[17751].out[0] (.names)                                          0.261     7.529
[17755].in[3] (.names)                                           0.334     7.863
[17755].out[0] (.names)                                          0.261     8.124
[19741].in[5] (.names)                                           0.100     8.224
[19741].out[0] (.names)                                          0.261     8.485
[19395].in[2] (.names)                                           0.334     8.818
[19395].out[0] (.names)                                          0.261     9.079
[8654].in[3] (.names)                                            0.100     9.179
[8654].out[0] (.names)                                           0.261     9.440
[8645].D[0] (.latch)                                             0.000     9.440
data arrival time                                                          9.440

clock pclk (rise edge)                                           0.000     0.000
clock source latency                                             0.000     0.000
pclk.inpad[0] (.input)                                           0.000     0.000
[8645].clk[0] (.latch)                                           0.042     0.042
clock uncertainty                                                0.000     0.042
cell setup time                                                 -0.066    -0.024
data required time                                                        -0.024
--------------------------------------------------------------------------------
data required time                                                        -0.024
data arrival time                                                         -9.440
--------------------------------------------------------------------------------
slack (VIOLATED)                                                          -9.464


#Path 66
Startpoint: [17752].Q[0] (.latch clocked by pclk)
Endpoint  : [13415].D[0] (.latch clocked by pclk)
Path Type : setup

Point                                                             Incr      Path
--------------------------------------------------------------------------------
clock pclk (rise edge)                                           0.000     0.000
clock source latency                                             0.000     0.000
pclk.inpad[0] (.input)                                           0.000     0.000
[17752].clk[0] (.latch)                                          0.042     0.042
[17752].Q[0] (.latch) [clock-to-output]                          0.124     0.166
[5548].in[4] (.names)                                            1.860     2.026
[5548].out[0] (.names)                                           0.261     2.287
[17553].in[3] (.names)                                           0.479     2.766
[17553].out[0] (.names)                                          0.261     3.027
[17560].in[3] (.names)                                           0.100     3.127
[17560].out[0] (.names)                                          0.261     3.388
nen24_7.in[2] (.names)                                           0.335     3.723
nen24_7.out[0] (.names)                                          0.261     3.984
[17719].in[2] (.names)                                           0.338     4.322
[17719].out[0] (.names)                                          0.261     4.583
[5291].in[3] (.names)                                            0.621     5.204
[5291].out[0] (.names)                                           0.261     5.465
[17748].in[2] (.names)                                           1.209     6.674
[17748].out[0] (.names)                                          0.261     6.935
[17751].in[3] (.names)                                           0.334     7.268
[17751].out[0] (.names)                                          0.261     7.529
[17755].in[3] (.names)                                           0.334     7.863
[17755].out[0] (.names)                                          0.261     8.124
[19741].in[5] (.names)                                           0.100     8.224
[19741].out[0] (.names)                                          0.261     8.485
[19395].in[2] (.names)                                           0.334     8.818
[19395].out[0] (.names)                                          0.261     9.079
[13424].in[2] (.names)                                           0.100     9.179
[13424].out[0] (.names)                                          0.261     9.440
[13415].D[0] (.latch)                                            0.000     9.440
data arrival time                                                          9.440

clock pclk (rise edge)                                           0.000     0.000
clock source latency                                             0.000     0.000
pclk.inpad[0] (.input)                                           0.000     0.000
[13415].clk[0] (.latch)                                          0.042     0.042
clock uncertainty                                                0.000     0.042
cell setup time                                                 -0.066    -0.024
data required time                                                        -0.024
--------------------------------------------------------------------------------
data required time                                                        -0.024
data arrival time                                                         -9.440
--------------------------------------------------------------------------------
slack (VIOLATED)                                                          -9.464


#Path 67
Startpoint: [17752].Q[0] (.latch clocked by pclk)
Endpoint  : [7505].D[0] (.latch clocked by pclk)
Path Type : setup

Point                                                             Incr      Path
--------------------------------------------------------------------------------
clock pclk (rise edge)                                           0.000     0.000
clock source latency                                             0.000     0.000
pclk.inpad[0] (.input)                                           0.000     0.000
[17752].clk[0] (.latch)                                          0.042     0.042
[17752].Q[0] (.latch) [clock-to-output]                          0.124     0.166
[5548].in[4] (.names)                                            1.860     2.026
[5548].out[0] (.names)                                           0.261     2.287
[17553].in[3] (.names)                                           0.479     2.766
[17553].out[0] (.names)                                          0.261     3.027
[17560].in[3] (.names)                                           0.100     3.127
[17560].out[0] (.names)                                          0.261     3.388
nen24_7.in[2] (.names)                                           0.335     3.723
nen24_7.out[0] (.names)                                          0.261     3.984
[17719].in[2] (.names)                                           0.338     4.322
[17719].out[0] (.names)                                          0.261     4.583
[5291].in[3] (.names)                                            0.621     5.204
[5291].out[0] (.names)                                           0.261     5.465
[17748].in[2] (.names)                                           1.209     6.674
[17748].out[0] (.names)                                          0.261     6.935
[17751].in[3] (.names)                                           0.334     7.268
[17751].out[0] (.names)                                          0.261     7.529
[17755].in[3] (.names)                                           0.334     7.863
[17755].out[0] (.names)                                          0.261     8.124
[19741].in[5] (.names)                                           0.100     8.224
[19741].out[0] (.names)                                          0.261     8.485
[19395].in[2] (.names)                                           0.334     8.818
[19395].out[0] (.names)                                          0.261     9.079
[7514].in[4] (.names)                                            0.100     9.179
[7514].out[0] (.names)                                           0.261     9.440
[7505].D[0] (.latch)                                             0.000     9.440
data arrival time                                                          9.440

clock pclk (rise edge)                                           0.000     0.000
clock source latency                                             0.000     0.000
pclk.inpad[0] (.input)                                           0.000     0.000
[7505].clk[0] (.latch)                                           0.042     0.042
clock uncertainty                                                0.000     0.042
cell setup time                                                 -0.066    -0.024
data required time                                                        -0.024
--------------------------------------------------------------------------------
data required time                                                        -0.024
data arrival time                                                         -9.440
--------------------------------------------------------------------------------
slack (VIOLATED)                                                          -9.464


#Path 68
Startpoint: [17752].Q[0] (.latch clocked by pclk)
Endpoint  : [6830].D[0] (.latch clocked by pclk)
Path Type : setup

Point                                                             Incr      Path
--------------------------------------------------------------------------------
clock pclk (rise edge)                                           0.000     0.000
clock source latency                                             0.000     0.000
pclk.inpad[0] (.input)                                           0.000     0.000
[17752].clk[0] (.latch)                                          0.042     0.042
[17752].Q[0] (.latch) [clock-to-output]                          0.124     0.166
[5548].in[4] (.names)                                            1.860     2.026
[5548].out[0] (.names)                                           0.261     2.287
[17553].in[3] (.names)                                           0.479     2.766
[17553].out[0] (.names)                                          0.261     3.027
[17560].in[3] (.names)                                           0.100     3.127
[17560].out[0] (.names)                                          0.261     3.388
nen24_7.in[2] (.names)                                           0.335     3.723
nen24_7.out[0] (.names)                                          0.261     3.984
[17719].in[2] (.names)                                           0.338     4.322
[17719].out[0] (.names)                                          0.261     4.583
[5291].in[3] (.names)                                            0.621     5.204
[5291].out[0] (.names)                                           0.261     5.465
[17748].in[2] (.names)                                           1.209     6.674
[17748].out[0] (.names)                                          0.261     6.935
[17751].in[3] (.names)                                           0.334     7.268
[17751].out[0] (.names)                                          0.261     7.529
[17755].in[3] (.names)                                           0.334     7.863
[17755].out[0] (.names)                                          0.261     8.124
[19741].in[5] (.names)                                           0.100     8.224
[19741].out[0] (.names)                                          0.261     8.485
[19395].in[2] (.names)                                           0.334     8.818
[19395].out[0] (.names)                                          0.261     9.079
[6839].in[2] (.names)                                            0.100     9.179
[6839].out[0] (.names)                                           0.261     9.440
[6830].D[0] (.latch)                                             0.000     9.440
data arrival time                                                          9.440

clock pclk (rise edge)                                           0.000     0.000
clock source latency                                             0.000     0.000
pclk.inpad[0] (.input)                                           0.000     0.000
[6830].clk[0] (.latch)                                           0.042     0.042
clock uncertainty                                                0.000     0.042
cell setup time                                                 -0.066    -0.024
data required time                                                        -0.024
--------------------------------------------------------------------------------
data required time                                                        -0.024
data arrival time                                                         -9.440
--------------------------------------------------------------------------------
slack (VIOLATED)                                                          -9.464


#Path 69
Startpoint: [17752].Q[0] (.latch clocked by pclk)
Endpoint  : [15335].D[0] (.latch clocked by pclk)
Path Type : setup

Point                                                             Incr      Path
--------------------------------------------------------------------------------
clock pclk (rise edge)                                           0.000     0.000
clock source latency                                             0.000     0.000
pclk.inpad[0] (.input)                                           0.000     0.000
[17752].clk[0] (.latch)                                          0.042     0.042
[17752].Q[0] (.latch) [clock-to-output]                          0.124     0.166
[5548].in[4] (.names)                                            1.860     2.026
[5548].out[0] (.names)                                           0.261     2.287
[17553].in[3] (.names)                                           0.479     2.766
[17553].out[0] (.names)                                          0.261     3.027
[17560].in[3] (.names)                                           0.100     3.127
[17560].out[0] (.names)                                          0.261     3.388
nen24_7.in[2] (.names)                                           0.335     3.723
nen24_7.out[0] (.names)                                          0.261     3.984
[17719].in[2] (.names)                                           0.338     4.322
[17719].out[0] (.names)                                          0.261     4.583
[5291].in[3] (.names)                                            0.621     5.204
[5291].out[0] (.names)                                           0.261     5.465
[17748].in[2] (.names)                                           1.209     6.674
[17748].out[0] (.names)                                          0.261     6.935
[17751].in[3] (.names)                                           0.334     7.268
[17751].out[0] (.names)                                          0.261     7.529
[17755].in[3] (.names)                                           0.334     7.863
[17755].out[0] (.names)                                          0.261     8.124
[19741].in[5] (.names)                                           0.100     8.224
[19741].out[0] (.names)                                          0.261     8.485
[19395].in[2] (.names)                                           0.334     8.818
[19395].out[0] (.names)                                          0.261     9.079
[15344].in[2] (.names)                                           0.100     9.179
[15344].out[0] (.names)                                          0.261     9.440
[15335].D[0] (.latch)                                            0.000     9.440
data arrival time                                                          9.440

clock pclk (rise edge)                                           0.000     0.000
clock source latency                                             0.000     0.000
pclk.inpad[0] (.input)                                           0.000     0.000
[15335].clk[0] (.latch)                                          0.042     0.042
clock uncertainty                                                0.000     0.042
cell setup time                                                 -0.066    -0.024
data required time                                                        -0.024
--------------------------------------------------------------------------------
data required time                                                        -0.024
data arrival time                                                         -9.440
--------------------------------------------------------------------------------
slack (VIOLATED)                                                          -9.464


#Path 70
Startpoint: [17752].Q[0] (.latch clocked by pclk)
Endpoint  : [4655].D[0] (.latch clocked by pclk)
Path Type : setup

Point                                                             Incr      Path
--------------------------------------------------------------------------------
clock pclk (rise edge)                                           0.000     0.000
clock source latency                                             0.000     0.000
pclk.inpad[0] (.input)                                           0.000     0.000
[17752].clk[0] (.latch)                                          0.042     0.042
[17752].Q[0] (.latch) [clock-to-output]                          0.124     0.166
[5548].in[4] (.names)                                            1.860     2.026
[5548].out[0] (.names)                                           0.261     2.287
[17553].in[3] (.names)                                           0.479     2.766
[17553].out[0] (.names)                                          0.261     3.027
[17560].in[3] (.names)                                           0.100     3.127
[17560].out[0] (.names)                                          0.261     3.388
nen24_7.in[2] (.names)                                           0.335     3.723
nen24_7.out[0] (.names)                                          0.261     3.984
[17719].in[2] (.names)                                           0.338     4.322
[17719].out[0] (.names)                                          0.261     4.583
[5291].in[3] (.names)                                            0.621     5.204
[5291].out[0] (.names)                                           0.261     5.465
[17748].in[2] (.names)                                           1.209     6.674
[17748].out[0] (.names)                                          0.261     6.935
[17751].in[3] (.names)                                           0.334     7.268
[17751].out[0] (.names)                                          0.261     7.529
[17755].in[3] (.names)                                           0.334     7.863
[17755].out[0] (.names)                                          0.261     8.124
[19741].in[5] (.names)                                           0.100     8.224
[19741].out[0] (.names)                                          0.261     8.485
[19395].in[2] (.names)                                           0.334     8.818
[19395].out[0] (.names)                                          0.261     9.079
[4664].in[4] (.names)                                            0.100     9.179
[4664].out[0] (.names)                                           0.261     9.440
[4655].D[0] (.latch)                                             0.000     9.440
data arrival time                                                          9.440

clock pclk (rise edge)                                           0.000     0.000
clock source latency                                             0.000     0.000
pclk.inpad[0] (.input)                                           0.000     0.000
[4655].clk[0] (.latch)                                           0.042     0.042
clock uncertainty                                                0.000     0.042
cell setup time                                                 -0.066    -0.024
data required time                                                        -0.024
--------------------------------------------------------------------------------
data required time                                                        -0.024
data arrival time                                                         -9.440
--------------------------------------------------------------------------------
slack (VIOLATED)                                                          -9.464


#Path 71
Startpoint: [17752].Q[0] (.latch clocked by pclk)
Endpoint  : [8210].D[0] (.latch clocked by pclk)
Path Type : setup

Point                                                             Incr      Path
--------------------------------------------------------------------------------
clock pclk (rise edge)                                           0.000     0.000
clock source latency                                             0.000     0.000
pclk.inpad[0] (.input)                                           0.000     0.000
[17752].clk[0] (.latch)                                          0.042     0.042
[17752].Q[0] (.latch) [clock-to-output]                          0.124     0.166
[5548].in[4] (.names)                                            1.860     2.026
[5548].out[0] (.names)                                           0.261     2.287
[17553].in[3] (.names)                                           0.479     2.766
[17553].out[0] (.names)                                          0.261     3.027
[17560].in[3] (.names)                                           0.100     3.127
[17560].out[0] (.names)                                          0.261     3.388
nen12_2.in[2] (.names)                                           0.477     3.865
nen12_2.out[0] (.names)                                          0.261     4.126
[17865].in[3] (.names)                                           0.335     4.461
[17865].out[0] (.names)                                          0.261     4.722
[17924].in[3] (.names)                                           0.334     5.055
[17924].out[0] (.names)                                          0.261     5.316
[19153].in[4] (.names)                                           0.338     5.654
[19153].out[0] (.names)                                          0.261     5.915
[19157].in[2] (.names)                                           0.338     6.253
[19157].out[0] (.names)                                          0.261     6.514
[19221].in[2] (.names)                                           0.100     6.614
[19221].out[0] (.names)                                          0.261     6.875
[19227].in[2] (.names)                                           0.100     6.975
[19227].out[0] (.names)                                          0.261     7.236
[19232].in[2] (.names)                                           0.100     7.336
[19232].out[0] (.names)                                          0.261     7.597
[19215].in[2] (.names)                                           0.338     7.935
[19215].out[0] (.names)                                          0.261     8.196
[4388].in[3] (.names)                                            0.100     8.296
[4388].out[0] (.names)                                           0.261     8.557
[8219].in[4] (.names)                                            0.488     9.045
[8219].out[0] (.names)                                           0.261     9.306
[8210].D[0] (.latch)                                             0.000     9.306
data arrival time                                                          9.306

clock pclk (rise edge)                                           0.000     0.000
clock source latency                                             0.000     0.000
pclk.inpad[0] (.input)                                           0.000     0.000
[8210].clk[0] (.latch)                                           0.042     0.042
clock uncertainty                                                0.000     0.042
cell setup time                                                 -0.066    -0.024
data required time                                                        -0.024
--------------------------------------------------------------------------------
data required time                                                        -0.024
data arrival time                                                         -9.306
--------------------------------------------------------------------------------
slack (VIOLATED)                                                          -9.330


#Path 72
Startpoint: [17752].Q[0] (.latch clocked by pclk)
Endpoint  : [6365].D[0] (.latch clocked by pclk)
Path Type : setup

Point                                                             Incr      Path
--------------------------------------------------------------------------------
clock pclk (rise edge)                                           0.000     0.000
clock source latency                                             0.000     0.000
pclk.inpad[0] (.input)                                           0.000     0.000
[17752].clk[0] (.latch)                                          0.042     0.042
[17752].Q[0] (.latch) [clock-to-output]                          0.124     0.166
[5548].in[4] (.names)                                            1.860     2.026
[5548].out[0] (.names)                                           0.261     2.287
[17553].in[3] (.names)                                           0.479     2.766
[17553].out[0] (.names)                                          0.261     3.027
[17560].in[3] (.names)                                           0.100     3.127
[17560].out[0] (.names)                                          0.261     3.388
nen12_2.in[2] (.names)                                           0.477     3.865
nen12_2.out[0] (.names)                                          0.261     4.126
[17865].in[3] (.names)                                           0.335     4.461
[17865].out[0] (.names)                                          0.261     4.722
[17924].in[3] (.names)                                           0.334     5.055
[17924].out[0] (.names)                                          0.261     5.316
[19153].in[4] (.names)                                           0.338     5.654
[19153].out[0] (.names)                                          0.261     5.915
[19157].in[2] (.names)                                           0.338     6.253
[19157].out[0] (.names)                                          0.261     6.514
[19221].in[2] (.names)                                           0.100     6.614
[19221].out[0] (.names)                                          0.261     6.875
[19227].in[2] (.names)                                           0.100     6.975
[19227].out[0] (.names)                                          0.261     7.236
[19232].in[2] (.names)                                           0.100     7.336
[19232].out[0] (.names)                                          0.261     7.597
[19215].in[2] (.names)                                           0.338     7.935
[19215].out[0] (.names)                                          0.261     8.196
[4388].in[3] (.names)                                            0.100     8.296
[4388].out[0] (.names)                                           0.261     8.557
[6374].in[4] (.names)                                            0.488     9.045
[6374].out[0] (.names)                                           0.261     9.306
[6365].D[0] (.latch)                                             0.000     9.306
data arrival time                                                          9.306

clock pclk (rise edge)                                           0.000     0.000
clock source latency                                             0.000     0.000
pclk.inpad[0] (.input)                                           0.000     0.000
[6365].clk[0] (.latch)                                           0.042     0.042
clock uncertainty                                                0.000     0.042
cell setup time                                                 -0.066    -0.024
data required time                                                        -0.024
--------------------------------------------------------------------------------
data required time                                                        -0.024
data arrival time                                                         -9.306
--------------------------------------------------------------------------------
slack (VIOLATED)                                                          -9.330


#Path 73
Startpoint: [17752].Q[0] (.latch clocked by pclk)
Endpoint  : [10070].D[0] (.latch clocked by pclk)
Path Type : setup

Point                                                             Incr      Path
--------------------------------------------------------------------------------
clock pclk (rise edge)                                           0.000     0.000
clock source latency                                             0.000     0.000
pclk.inpad[0] (.input)                                           0.000     0.000
[17752].clk[0] (.latch)                                          0.042     0.042
[17752].Q[0] (.latch) [clock-to-output]                          0.124     0.166
[5548].in[4] (.names)                                            1.860     2.026
[5548].out[0] (.names)                                           0.261     2.287
[17553].in[3] (.names)                                           0.479     2.766
[17553].out[0] (.names)                                          0.261     3.027
[17560].in[3] (.names)                                           0.100     3.127
[17560].out[0] (.names)                                          0.261     3.388
nen12_2.in[2] (.names)                                           0.477     3.865
nen12_2.out[0] (.names)                                          0.261     4.126
[17865].in[3] (.names)                                           0.335     4.461
[17865].out[0] (.names)                                          0.261     4.722
[17924].in[3] (.names)                                           0.334     5.055
[17924].out[0] (.names)                                          0.261     5.316
[19153].in[4] (.names)                                           0.338     5.654
[19153].out[0] (.names)                                          0.261     5.915
[19157].in[2] (.names)                                           0.338     6.253
[19157].out[0] (.names)                                          0.261     6.514
[19221].in[2] (.names)                                           0.100     6.614
[19221].out[0] (.names)                                          0.261     6.875
[19227].in[2] (.names)                                           0.100     6.975
[19227].out[0] (.names)                                          0.261     7.236
[19232].in[2] (.names)                                           0.100     7.336
[19232].out[0] (.names)                                          0.261     7.597
[19215].in[2] (.names)                                           0.338     7.935
[19215].out[0] (.names)                                          0.261     8.196
[19068].in[5] (.names)                                           0.100     8.296
[19068].out[0] (.names)                                          0.261     8.557
[10079].in[4] (.names)                                           0.477     9.034
[10079].out[0] (.names)                                          0.261     9.295
[10070].D[0] (.latch)                                            0.000     9.295
data arrival time                                                          9.295

clock pclk (rise edge)                                           0.000     0.000
clock source latency                                             0.000     0.000
pclk.inpad[0] (.input)                                           0.000     0.000
[10070].clk[0] (.latch)                                          0.042     0.042
clock uncertainty                                                0.000     0.042
cell setup time                                                 -0.066    -0.024
data required time                                                        -0.024
--------------------------------------------------------------------------------
data required time                                                        -0.024
data arrival time                                                         -9.295
--------------------------------------------------------------------------------
slack (VIOLATED)                                                          -9.318


#Path 74
Startpoint: [17752].Q[0] (.latch clocked by pclk)
Endpoint  : [14270].D[0] (.latch clocked by pclk)
Path Type : setup

Point                                                             Incr      Path
--------------------------------------------------------------------------------
clock pclk (rise edge)                                           0.000     0.000
clock source latency                                             0.000     0.000
pclk.inpad[0] (.input)                                           0.000     0.000
[17752].clk[0] (.latch)                                          0.042     0.042
[17752].Q[0] (.latch) [clock-to-output]                          0.124     0.166
[5548].in[4] (.names)                                            1.860     2.026
[5548].out[0] (.names)                                           0.261     2.287
[17553].in[3] (.names)                                           0.479     2.766
[17553].out[0] (.names)                                          0.261     3.027
[17560].in[3] (.names)                                           0.100     3.127
[17560].out[0] (.names)                                          0.261     3.388
nen12_2.in[2] (.names)                                           0.477     3.865
nen12_2.out[0] (.names)                                          0.261     4.126
[17865].in[3] (.names)                                           0.335     4.461
[17865].out[0] (.names)                                          0.261     4.722
[17924].in[3] (.names)                                           0.334     5.055
[17924].out[0] (.names)                                          0.261     5.316
[19153].in[4] (.names)                                           0.338     5.654
[19153].out[0] (.names)                                          0.261     5.915
[19157].in[2] (.names)                                           0.338     6.253
[19157].out[0] (.names)                                          0.261     6.514
[19221].in[2] (.names)                                           0.100     6.614
[19221].out[0] (.names)                                          0.261     6.875
[19227].in[2] (.names)                                           0.100     6.975
[19227].out[0] (.names)                                          0.261     7.236
[19232].in[2] (.names)                                           0.100     7.336
[19232].out[0] (.names)                                          0.261     7.597
[19215].in[2] (.names)                                           0.338     7.935
[19215].out[0] (.names)                                          0.261     8.196
[19068].in[5] (.names)                                           0.100     8.296
[19068].out[0] (.names)                                          0.261     8.557
[14279].in[3] (.names)                                           0.477     9.034
[14279].out[0] (.names)                                          0.261     9.295
[14270].D[0] (.latch)                                            0.000     9.295
data arrival time                                                          9.295

clock pclk (rise edge)                                           0.000     0.000
clock source latency                                             0.000     0.000
pclk.inpad[0] (.input)                                           0.000     0.000
[14270].clk[0] (.latch)                                          0.042     0.042
clock uncertainty                                                0.000     0.042
cell setup time                                                 -0.066    -0.024
data required time                                                        -0.024
--------------------------------------------------------------------------------
data required time                                                        -0.024
data arrival time                                                         -9.295
--------------------------------------------------------------------------------
slack (VIOLATED)                                                          -9.318


#Path 75
Startpoint: [17752].Q[0] (.latch clocked by pclk)
Endpoint  : [10730].D[0] (.latch clocked by pclk)
Path Type : setup

Point                                                             Incr      Path
--------------------------------------------------------------------------------
clock pclk (rise edge)                                           0.000     0.000
clock source latency                                             0.000     0.000
pclk.inpad[0] (.input)                                           0.000     0.000
[17752].clk[0] (.latch)                                          0.042     0.042
[17752].Q[0] (.latch) [clock-to-output]                          0.124     0.166
[5548].in[4] (.names)                                            1.860     2.026
[5548].out[0] (.names)                                           0.261     2.287
[17553].in[3] (.names)                                           0.479     2.766
[17553].out[0] (.names)                                          0.261     3.027
[17560].in[3] (.names)                                           0.100     3.127
[17560].out[0] (.names)                                          0.261     3.388
nen12_2.in[2] (.names)                                           0.477     3.865
nen12_2.out[0] (.names)                                          0.261     4.126
[17865].in[3] (.names)                                           0.335     4.461
[17865].out[0] (.names)                                          0.261     4.722
[17924].in[3] (.names)                                           0.334     5.055
[17924].out[0] (.names)                                          0.261     5.316
[19153].in[4] (.names)                                           0.338     5.654
[19153].out[0] (.names)                                          0.261     5.915
[19157].in[2] (.names)                                           0.338     6.253
[19157].out[0] (.names)                                          0.261     6.514
[19221].in[2] (.names)                                           0.100     6.614
[19221].out[0] (.names)                                          0.261     6.875
[19227].in[2] (.names)                                           0.100     6.975
[19227].out[0] (.names)                                          0.261     7.236
[19232].in[2] (.names)                                           0.100     7.336
[19232].out[0] (.names)                                          0.261     7.597
[19215].in[2] (.names)                                           0.338     7.935
[19215].out[0] (.names)                                          0.261     8.196
[19068].in[5] (.names)                                           0.100     8.296
[19068].out[0] (.names)                                          0.261     8.557
[10739].in[4] (.names)                                           0.477     9.034
[10739].out[0] (.names)                                          0.261     9.295
[10730].D[0] (.latch)                                            0.000     9.295
data arrival time                                                          9.295

clock pclk (rise edge)                                           0.000     0.000
clock source latency                                             0.000     0.000
pclk.inpad[0] (.input)                                           0.000     0.000
[10730].clk[0] (.latch)                                          0.042     0.042
clock uncertainty                                                0.000     0.042
cell setup time                                                 -0.066    -0.024
data required time                                                        -0.024
--------------------------------------------------------------------------------
data required time                                                        -0.024
data arrival time                                                         -9.295
--------------------------------------------------------------------------------
slack (VIOLATED)                                                          -9.318


#Path 76
Startpoint: [17752].Q[0] (.latch clocked by pclk)
Endpoint  : [11675].D[0] (.latch clocked by pclk)
Path Type : setup

Point                                                             Incr      Path
--------------------------------------------------------------------------------
clock pclk (rise edge)                                           0.000     0.000
clock source latency                                             0.000     0.000
pclk.inpad[0] (.input)                                           0.000     0.000
[17752].clk[0] (.latch)                                          0.042     0.042
[17752].Q[0] (.latch) [clock-to-output]                          0.124     0.166
[5548].in[4] (.names)                                            1.860     2.026
[5548].out[0] (.names)                                           0.261     2.287
[17553].in[3] (.names)                                           0.479     2.766
[17553].out[0] (.names)                                          0.261     3.027
[17560].in[3] (.names)                                           0.100     3.127
[17560].out[0] (.names)                                          0.261     3.388
nen12_2.in[2] (.names)                                           0.477     3.865
nen12_2.out[0] (.names)                                          0.261     4.126
[17865].in[3] (.names)                                           0.335     4.461
[17865].out[0] (.names)                                          0.261     4.722
[17924].in[3] (.names)                                           0.334     5.055
[17924].out[0] (.names)                                          0.261     5.316
[19153].in[4] (.names)                                           0.338     5.654
[19153].out[0] (.names)                                          0.261     5.915
[19157].in[2] (.names)                                           0.338     6.253
[19157].out[0] (.names)                                          0.261     6.514
[19221].in[2] (.names)                                           0.100     6.614
[19221].out[0] (.names)                                          0.261     6.875
[19227].in[2] (.names)                                           0.100     6.975
[19227].out[0] (.names)                                          0.261     7.236
[19232].in[2] (.names)                                           0.100     7.336
[19232].out[0] (.names)                                          0.261     7.597
[19215].in[2] (.names)                                           0.338     7.935
[19215].out[0] (.names)                                          0.261     8.196
[19068].in[5] (.names)                                           0.100     8.296
[19068].out[0] (.names)                                          0.261     8.557
[11684].in[4] (.names)                                           0.477     9.034
[11684].out[0] (.names)                                          0.261     9.295
[11675].D[0] (.latch)                                            0.000     9.295
data arrival time                                                          9.295

clock pclk (rise edge)                                           0.000     0.000
clock source latency                                             0.000     0.000
pclk.inpad[0] (.input)                                           0.000     0.000
[11675].clk[0] (.latch)                                          0.042     0.042
clock uncertainty                                                0.000     0.042
cell setup time                                                 -0.066    -0.024
data required time                                                        -0.024
--------------------------------------------------------------------------------
data required time                                                        -0.024
data arrival time                                                         -9.295
--------------------------------------------------------------------------------
slack (VIOLATED)                                                          -9.318


#Path 77
Startpoint: [17752].Q[0] (.latch clocked by pclk)
Endpoint  : [9410].D[0] (.latch clocked by pclk)
Path Type : setup

Point                                                             Incr      Path
--------------------------------------------------------------------------------
clock pclk (rise edge)                                           0.000     0.000
clock source latency                                             0.000     0.000
pclk.inpad[0] (.input)                                           0.000     0.000
[17752].clk[0] (.latch)                                          0.042     0.042
[17752].Q[0] (.latch) [clock-to-output]                          0.124     0.166
[5548].in[4] (.names)                                            1.860     2.026
[5548].out[0] (.names)                                           0.261     2.287
[17553].in[3] (.names)                                           0.479     2.766
[17553].out[0] (.names)                                          0.261     3.027
[17560].in[3] (.names)                                           0.100     3.127
[17560].out[0] (.names)                                          0.261     3.388
nen24_7.in[2] (.names)                                           0.335     3.723
nen24_7.out[0] (.names)                                          0.261     3.984
[17719].in[2] (.names)                                           0.338     4.322
[17719].out[0] (.names)                                          0.261     4.583
[5291].in[3] (.names)                                            0.621     5.204
[5291].out[0] (.names)                                           0.261     5.465
[17748].in[2] (.names)                                           1.209     6.674
[17748].out[0] (.names)                                          0.261     6.935
[19727].in[5] (.names)                                           0.100     7.035
[19727].out[0] (.names)                                          0.261     7.296
[19520].in[2] (.names)                                           0.100     7.396
[19520].out[0] (.names)                                          0.261     7.657
[9419].in[3] (.names)                                            1.367     9.023
[9419].out[0] (.names)                                           0.261     9.284
[9410].D[0] (.latch)                                             0.000     9.284
data arrival time                                                          9.284

clock pclk (rise edge)                                           0.000     0.000
clock source latency                                             0.000     0.000
pclk.inpad[0] (.input)                                           0.000     0.000
[9410].clk[0] (.latch)                                           0.042     0.042
clock uncertainty                                                0.000     0.042
cell setup time                                                 -0.066    -0.024
data required time                                                        -0.024
--------------------------------------------------------------------------------
data required time                                                        -0.024
data arrival time                                                         -9.284
--------------------------------------------------------------------------------
slack (VIOLATED)                                                          -9.308


#Path 78
Startpoint: [17752].Q[0] (.latch clocked by pclk)
Endpoint  : [6065].D[0] (.latch clocked by pclk)
Path Type : setup

Point                                                             Incr      Path
--------------------------------------------------------------------------------
clock pclk (rise edge)                                           0.000     0.000
clock source latency                                             0.000     0.000
pclk.inpad[0] (.input)                                           0.000     0.000
[17752].clk[0] (.latch)                                          0.042     0.042
[17752].Q[0] (.latch) [clock-to-output]                          0.124     0.166
[5548].in[4] (.names)                                            1.860     2.026
[5548].out[0] (.names)                                           0.261     2.287
[17553].in[3] (.names)                                           0.479     2.766
[17553].out[0] (.names)                                          0.261     3.027
[17560].in[3] (.names)                                           0.100     3.127
[17560].out[0] (.names)                                          0.261     3.388
nen24_7.in[2] (.names)                                           0.335     3.723
nen24_7.out[0] (.names)                                          0.261     3.984
[17719].in[2] (.names)                                           0.338     4.322
[17719].out[0] (.names)                                          0.261     4.583
[5291].in[3] (.names)                                            0.621     5.204
[5291].out[0] (.names)                                           0.261     5.465
[17748].in[2] (.names)                                           1.209     6.674
[17748].out[0] (.names)                                          0.261     6.935
[19727].in[5] (.names)                                           0.100     7.035
[19727].out[0] (.names)                                          0.261     7.296
[19520].in[2] (.names)                                           0.100     7.396
[19520].out[0] (.names)                                          0.261     7.657
[6074].in[3] (.names)                                            1.367     9.023
[6074].out[0] (.names)                                           0.261     9.284
[6065].D[0] (.latch)                                             0.000     9.284
data arrival time                                                          9.284

clock pclk (rise edge)                                           0.000     0.000
clock source latency                                             0.000     0.000
pclk.inpad[0] (.input)                                           0.000     0.000
[6065].clk[0] (.latch)                                           0.042     0.042
clock uncertainty                                                0.000     0.042
cell setup time                                                 -0.066    -0.024
data required time                                                        -0.024
--------------------------------------------------------------------------------
data required time                                                        -0.024
data arrival time                                                         -9.284
--------------------------------------------------------------------------------
slack (VIOLATED)                                                          -9.308


#Path 79
Startpoint: [17752].Q[0] (.latch clocked by pclk)
Endpoint  : [12905].D[0] (.latch clocked by pclk)
Path Type : setup

Point                                                             Incr      Path
--------------------------------------------------------------------------------
clock pclk (rise edge)                                           0.000     0.000
clock source latency                                             0.000     0.000
pclk.inpad[0] (.input)                                           0.000     0.000
[17752].clk[0] (.latch)                                          0.042     0.042
[17752].Q[0] (.latch) [clock-to-output]                          0.124     0.166
[5548].in[4] (.names)                                            1.860     2.026
[5548].out[0] (.names)                                           0.261     2.287
[17553].in[3] (.names)                                           0.479     2.766
[17553].out[0] (.names)                                          0.261     3.027
[17560].in[3] (.names)                                           0.100     3.127
[17560].out[0] (.names)                                          0.261     3.388
nen15_5.in[2] (.names)                                           0.334     3.722
nen15_5.out[0] (.names)                                          0.261     3.983
[4327].in[2] (.names)                                            0.483     4.466
[4327].out[0] (.names)                                           0.261     4.727
[12914].in[1] (.names)                                           4.281     9.008
[12914].out[0] (.names)                                          0.261     9.269
[12905].D[0] (.latch)                                            0.000     9.269
data arrival time                                                          9.269

clock pclk (rise edge)                                           0.000     0.000
clock source latency                                             0.000     0.000
pclk.inpad[0] (.input)                                           0.000     0.000
[12905].clk[0] (.latch)                                          0.042     0.042
clock uncertainty                                                0.000     0.042
cell setup time                                                 -0.066    -0.024
data required time                                                        -0.024
--------------------------------------------------------------------------------
data required time                                                        -0.024
data arrival time                                                         -9.269
--------------------------------------------------------------------------------
slack (VIOLATED)                                                          -9.293


#Path 80
Startpoint: [17752].Q[0] (.latch clocked by pclk)
Endpoint  : [7520].D[0] (.latch clocked by pclk)
Path Type : setup

Point                                                             Incr      Path
--------------------------------------------------------------------------------
clock pclk (rise edge)                                           0.000     0.000
clock source latency                                             0.000     0.000
pclk.inpad[0] (.input)                                           0.000     0.000
[17752].clk[0] (.latch)                                          0.042     0.042
[17752].Q[0] (.latch) [clock-to-output]                          0.124     0.166
[5548].in[4] (.names)                                            1.860     2.026
[5548].out[0] (.names)                                           0.261     2.287
[17553].in[3] (.names)                                           0.479     2.766
[17553].out[0] (.names)                                          0.261     3.027
[17560].in[3] (.names)                                           0.100     3.127
[17560].out[0] (.names)                                          0.261     3.388
nen24_7.in[2] (.names)                                           0.335     3.723
nen24_7.out[0] (.names)                                          0.261     3.984
[17719].in[2] (.names)                                           0.338     4.322
[17719].out[0] (.names)                                          0.261     4.583
[5291].in[3] (.names)                                            0.621     5.204
[5291].out[0] (.names)                                           0.261     5.465
[17748].in[2] (.names)                                           1.209     6.674
[17748].out[0] (.names)                                          0.261     6.935
[19737].in[5] (.names)                                           0.334     7.268
[19737].out[0] (.names)                                          0.261     7.529
[3945].in[3] (.names)                                            1.036     8.565
[3945].out[0] (.names)                                           0.261     8.826
[7529].in[4] (.names)                                            0.100     8.926
[7529].out[0] (.names)                                           0.261     9.187
[7520].D[0] (.latch)                                             0.000     9.187
data arrival time                                                          9.187

clock pclk (rise edge)                                           0.000     0.000
clock source latency                                             0.000     0.000
pclk.inpad[0] (.input)                                           0.000     0.000
[7520].clk[0] (.latch)                                           0.042     0.042
clock uncertainty                                                0.000     0.042
cell setup time                                                 -0.066    -0.024
data required time                                                        -0.024
--------------------------------------------------------------------------------
data required time                                                        -0.024
data arrival time                                                         -9.187
--------------------------------------------------------------------------------
slack (VIOLATED)                                                          -9.210


#Path 81
Startpoint: [17752].Q[0] (.latch clocked by pclk)
Endpoint  : [8750].D[0] (.latch clocked by pclk)
Path Type : setup

Point                                                             Incr      Path
--------------------------------------------------------------------------------
clock pclk (rise edge)                                           0.000     0.000
clock source latency                                             0.000     0.000
pclk.inpad[0] (.input)                                           0.000     0.000
[17752].clk[0] (.latch)                                          0.042     0.042
[17752].Q[0] (.latch) [clock-to-output]                          0.124     0.166
[5548].in[4] (.names)                                            1.860     2.026
[5548].out[0] (.names)                                           0.261     2.287
[17553].in[3] (.names)                                           0.479     2.766
[17553].out[0] (.names)                                          0.261     3.027
[17560].in[3] (.names)                                           0.100     3.127
[17560].out[0] (.names)                                          0.261     3.388
nen24_7.in[2] (.names)                                           0.335     3.723
nen24_7.out[0] (.names)                                          0.261     3.984
[17719].in[2] (.names)                                           0.338     4.322
[17719].out[0] (.names)                                          0.261     4.583
[5291].in[3] (.names)                                            0.621     5.204
[5291].out[0] (.names)                                           0.261     5.465
[17748].in[2] (.names)                                           1.209     6.674
[17748].out[0] (.names)                                          0.261     6.935
[19737].in[5] (.names)                                           0.334     7.268
[19737].out[0] (.names)                                          0.261     7.529
[3730].in[3] (.names)                                            1.036     8.565
[3730].out[0] (.names)                                           0.261     8.826
[8759].in[4] (.names)                                            0.100     8.926
[8759].out[0] (.names)                                           0.261     9.187
[8750].D[0] (.latch)                                             0.000     9.187
data arrival time                                                          9.187

clock pclk (rise edge)                                           0.000     0.000
clock source latency                                             0.000     0.000
pclk.inpad[0] (.input)                                           0.000     0.000
[8750].clk[0] (.latch)                                           0.042     0.042
clock uncertainty                                                0.000     0.042
cell setup time                                                 -0.066    -0.024
data required time                                                        -0.024
--------------------------------------------------------------------------------
data required time                                                        -0.024
data arrival time                                                         -9.187
--------------------------------------------------------------------------------
slack (VIOLATED)                                                          -9.210


#Path 82
Startpoint: [17752].Q[0] (.latch clocked by pclk)
Endpoint  : [6095].D[0] (.latch clocked by pclk)
Path Type : setup

Point                                                             Incr      Path
--------------------------------------------------------------------------------
clock pclk (rise edge)                                           0.000     0.000
clock source latency                                             0.000     0.000
pclk.inpad[0] (.input)                                           0.000     0.000
[17752].clk[0] (.latch)                                          0.042     0.042
[17752].Q[0] (.latch) [clock-to-output]                          0.124     0.166
[5548].in[4] (.names)                                            1.860     2.026
[5548].out[0] (.names)                                           0.261     2.287
[17553].in[3] (.names)                                           0.479     2.766
[17553].out[0] (.names)                                          0.261     3.027
[17560].in[3] (.names)                                           0.100     3.127
[17560].out[0] (.names)                                          0.261     3.388
nen24_7.in[2] (.names)                                           0.335     3.723
nen24_7.out[0] (.names)                                          0.261     3.984
[17719].in[2] (.names)                                           0.338     4.322
[17719].out[0] (.names)                                          0.261     4.583
[5291].in[3] (.names)                                            0.621     5.204
[5291].out[0] (.names)                                           0.261     5.465
[17748].in[2] (.names)                                           1.209     6.674
[17748].out[0] (.names)                                          0.261     6.935
[19737].in[5] (.names)                                           0.334     7.268
[19737].out[0] (.names)                                          0.261     7.529
[4406].in[3] (.names)                                            1.010     8.539
[4406].out[0] (.names)                                           0.261     8.800
[6104].in[4] (.names)                                            0.100     8.900
[6104].out[0] (.names)                                           0.261     9.161
[6095].D[0] (.latch)                                             0.000     9.161
data arrival time                                                          9.161

clock pclk (rise edge)                                           0.000     0.000
clock source latency                                             0.000     0.000
pclk.inpad[0] (.input)                                           0.000     0.000
[6095].clk[0] (.latch)                                           0.042     0.042
clock uncertainty                                                0.000     0.042
cell setup time                                                 -0.066    -0.024
data required time                                                        -0.024
--------------------------------------------------------------------------------
data required time                                                        -0.024
data arrival time                                                         -9.161
--------------------------------------------------------------------------------
slack (VIOLATED)                                                          -9.185


#Path 83
Startpoint: [17752].Q[0] (.latch clocked by pclk)
Endpoint  : [12425].D[0] (.latch clocked by pclk)
Path Type : setup

Point                                                             Incr      Path
--------------------------------------------------------------------------------
clock pclk (rise edge)                                           0.000     0.000
clock source latency                                             0.000     0.000
pclk.inpad[0] (.input)                                           0.000     0.000
[17752].clk[0] (.latch)                                          0.042     0.042
[17752].Q[0] (.latch) [clock-to-output]                          0.124     0.166
[5548].in[4] (.names)                                            1.860     2.026
[5548].out[0] (.names)                                           0.261     2.287
[17553].in[3] (.names)                                           0.479     2.766
[17553].out[0] (.names)                                          0.261     3.027
[17560].in[3] (.names)                                           0.100     3.127
[17560].out[0] (.names)                                          0.261     3.388
nen12_2.in[2] (.names)                                           0.477     3.865
nen12_2.out[0] (.names)                                          0.261     4.126
[17865].in[3] (.names)                                           0.335     4.461
[17865].out[0] (.names)                                          0.261     4.722
[17924].in[3] (.names)                                           0.334     5.055
[17924].out[0] (.names)                                          0.261     5.316
[19153].in[4] (.names)                                           0.338     5.654
[19153].out[0] (.names)                                          0.261     5.915
[19157].in[2] (.names)                                           0.338     6.253
[19157].out[0] (.names)                                          0.261     6.514
[19221].in[2] (.names)                                           0.100     6.614
[19221].out[0] (.names)                                          0.261     6.875
[19227].in[2] (.names)                                           0.100     6.975
[19227].out[0] (.names)                                          0.261     7.236
[19232].in[2] (.names)                                           0.100     7.336
[19232].out[0] (.names)                                          0.261     7.597
[19215].in[2] (.names)                                           0.338     7.935
[19215].out[0] (.names)                                          0.261     8.196
[4388].in[3] (.names)                                            0.100     8.296
[4388].out[0] (.names)                                           0.261     8.557
[12434].in[4] (.names)                                           0.340     8.897
[12434].out[0] (.names)                                          0.261     9.158
[12425].D[0] (.latch)                                            0.000     9.158
data arrival time                                                          9.158

clock pclk (rise edge)                                           0.000     0.000
clock source latency                                             0.000     0.000
pclk.inpad[0] (.input)                                           0.000     0.000
[12425].clk[0] (.latch)                                          0.042     0.042
clock uncertainty                                                0.000     0.042
cell setup time                                                 -0.066    -0.024
data required time                                                        -0.024
--------------------------------------------------------------------------------
data required time                                                        -0.024
data arrival time                                                         -9.158
--------------------------------------------------------------------------------
slack (VIOLATED)                                                          -9.182


#Path 84
Startpoint: [17752].Q[0] (.latch clocked by pclk)
Endpoint  : [11450].D[0] (.latch clocked by pclk)
Path Type : setup

Point                                                             Incr      Path
--------------------------------------------------------------------------------
clock pclk (rise edge)                                           0.000     0.000
clock source latency                                             0.000     0.000
pclk.inpad[0] (.input)                                           0.000     0.000
[17752].clk[0] (.latch)                                          0.042     0.042
[17752].Q[0] (.latch) [clock-to-output]                          0.124     0.166
[5548].in[4] (.names)                                            1.860     2.026
[5548].out[0] (.names)                                           0.261     2.287
[17553].in[3] (.names)                                           0.479     2.766
[17553].out[0] (.names)                                          0.261     3.027
[17560].in[3] (.names)                                           0.100     3.127
[17560].out[0] (.names)                                          0.261     3.388
nen12_2.in[2] (.names)                                           0.477     3.865
nen12_2.out[0] (.names)                                          0.261     4.126
[17865].in[3] (.names)                                           0.335     4.461
[17865].out[0] (.names)                                          0.261     4.722
[17924].in[3] (.names)                                           0.334     5.055
[17924].out[0] (.names)                                          0.261     5.316
[19153].in[4] (.names)                                           0.338     5.654
[19153].out[0] (.names)                                          0.261     5.915
[19157].in[2] (.names)                                           0.338     6.253
[19157].out[0] (.names)                                          0.261     6.514
[19221].in[2] (.names)                                           0.100     6.614
[19221].out[0] (.names)                                          0.261     6.875
[19227].in[2] (.names)                                           0.100     6.975
[19227].out[0] (.names)                                          0.261     7.236
[19232].in[2] (.names)                                           0.100     7.336
[19232].out[0] (.names)                                          0.261     7.597
[19215].in[2] (.names)                                           0.338     7.935
[19215].out[0] (.names)                                          0.261     8.196
[4388].in[3] (.names)                                            0.100     8.296
[4388].out[0] (.names)                                           0.261     8.557
[11459].in[4] (.names)                                           0.340     8.897
[11459].out[0] (.names)                                          0.261     9.158
[11450].D[0] (.latch)                                            0.000     9.158
data arrival time                                                          9.158

clock pclk (rise edge)                                           0.000     0.000
clock source latency                                             0.000     0.000
pclk.inpad[0] (.input)                                           0.000     0.000
[11450].clk[0] (.latch)                                          0.042     0.042
clock uncertainty                                                0.000     0.042
cell setup time                                                 -0.066    -0.024
data required time                                                        -0.024
--------------------------------------------------------------------------------
data required time                                                        -0.024
data arrival time                                                         -9.158
--------------------------------------------------------------------------------
slack (VIOLATED)                                                          -9.182


#Path 85
Startpoint: [17752].Q[0] (.latch clocked by pclk)
Endpoint  : [6320].D[0] (.latch clocked by pclk)
Path Type : setup

Point                                                             Incr      Path
--------------------------------------------------------------------------------
clock pclk (rise edge)                                           0.000     0.000
clock source latency                                             0.000     0.000
pclk.inpad[0] (.input)                                           0.000     0.000
[17752].clk[0] (.latch)                                          0.042     0.042
[17752].Q[0] (.latch) [clock-to-output]                          0.124     0.166
[5548].in[4] (.names)                                            1.860     2.026
[5548].out[0] (.names)                                           0.261     2.287
[17553].in[3] (.names)                                           0.479     2.766
[17553].out[0] (.names)                                          0.261     3.027
[17560].in[3] (.names)                                           0.100     3.127
[17560].out[0] (.names)                                          0.261     3.388
nen12_2.in[2] (.names)                                           0.477     3.865
nen12_2.out[0] (.names)                                          0.261     4.126
[17865].in[3] (.names)                                           0.335     4.461
[17865].out[0] (.names)                                          0.261     4.722
[17924].in[3] (.names)                                           0.334     5.055
[17924].out[0] (.names)                                          0.261     5.316
[19153].in[4] (.names)                                           0.338     5.654
[19153].out[0] (.names)                                          0.261     5.915
[19157].in[2] (.names)                                           0.338     6.253
[19157].out[0] (.names)                                          0.261     6.514
[19221].in[2] (.names)                                           0.100     6.614
[19221].out[0] (.names)                                          0.261     6.875
[19227].in[2] (.names)                                           0.100     6.975
[19227].out[0] (.names)                                          0.261     7.236
[19232].in[2] (.names)                                           0.100     7.336
[19232].out[0] (.names)                                          0.261     7.597
[19215].in[2] (.names)                                           0.338     7.935
[19215].out[0] (.names)                                          0.261     8.196
[4388].in[3] (.names)                                            0.100     8.296
[4388].out[0] (.names)                                           0.261     8.557
[6329].in[4] (.names)                                            0.340     8.897
[6329].out[0] (.names)                                           0.261     9.158
[6320].D[0] (.latch)                                             0.000     9.158
data arrival time                                                          9.158

clock pclk (rise edge)                                           0.000     0.000
clock source latency                                             0.000     0.000
pclk.inpad[0] (.input)                                           0.000     0.000
[6320].clk[0] (.latch)                                           0.042     0.042
clock uncertainty                                                0.000     0.042
cell setup time                                                 -0.066    -0.024
data required time                                                        -0.024
--------------------------------------------------------------------------------
data required time                                                        -0.024
data arrival time                                                         -9.158
--------------------------------------------------------------------------------
slack (VIOLATED)                                                          -9.182


#Path 86
Startpoint: [17752].Q[0] (.latch clocked by pclk)
Endpoint  : [10985].D[0] (.latch clocked by pclk)
Path Type : setup

Point                                                             Incr      Path
--------------------------------------------------------------------------------
clock pclk (rise edge)                                           0.000     0.000
clock source latency                                             0.000     0.000
pclk.inpad[0] (.input)                                           0.000     0.000
[17752].clk[0] (.latch)                                          0.042     0.042
[17752].Q[0] (.latch) [clock-to-output]                          0.124     0.166
[5548].in[4] (.names)                                            1.860     2.026
[5548].out[0] (.names)                                           0.261     2.287
[17553].in[3] (.names)                                           0.479     2.766
[17553].out[0] (.names)                                          0.261     3.027
[17560].in[3] (.names)                                           0.100     3.127
[17560].out[0] (.names)                                          0.261     3.388
nen12_2.in[2] (.names)                                           0.477     3.865
nen12_2.out[0] (.names)                                          0.261     4.126
[17865].in[3] (.names)                                           0.335     4.461
[17865].out[0] (.names)                                          0.261     4.722
[17924].in[3] (.names)                                           0.334     5.055
[17924].out[0] (.names)                                          0.261     5.316
[19153].in[4] (.names)                                           0.338     5.654
[19153].out[0] (.names)                                          0.261     5.915
[19157].in[2] (.names)                                           0.338     6.253
[19157].out[0] (.names)                                          0.261     6.514
[19221].in[2] (.names)                                           0.100     6.614
[19221].out[0] (.names)                                          0.261     6.875
[19227].in[2] (.names)                                           0.100     6.975
[19227].out[0] (.names)                                          0.261     7.236
[19232].in[2] (.names)                                           0.100     7.336
[19232].out[0] (.names)                                          0.261     7.597
[19215].in[2] (.names)                                           0.338     7.935
[19215].out[0] (.names)                                          0.261     8.196
[19068].in[5] (.names)                                           0.100     8.296
[19068].out[0] (.names)                                          0.261     8.557
[10994].in[3] (.names)                                           0.335     8.892
[10994].out[0] (.names)                                          0.261     9.153
[10985].D[0] (.latch)                                            0.000     9.153
data arrival time                                                          9.153

clock pclk (rise edge)                                           0.000     0.000
clock source latency                                             0.000     0.000
pclk.inpad[0] (.input)                                           0.000     0.000
[10985].clk[0] (.latch)                                          0.042     0.042
clock uncertainty                                                0.000     0.042
cell setup time                                                 -0.066    -0.024
data required time                                                        -0.024
--------------------------------------------------------------------------------
data required time                                                        -0.024
data arrival time                                                         -9.153
--------------------------------------------------------------------------------
slack (VIOLATED)                                                          -9.176


#Path 87
Startpoint: [17752].Q[0] (.latch clocked by pclk)
Endpoint  : [15410].D[0] (.latch clocked by pclk)
Path Type : setup

Point                                                             Incr      Path
--------------------------------------------------------------------------------
clock pclk (rise edge)                                           0.000     0.000
clock source latency                                             0.000     0.000
pclk.inpad[0] (.input)                                           0.000     0.000
[17752].clk[0] (.latch)                                          0.042     0.042
[17752].Q[0] (.latch) [clock-to-output]                          0.124     0.166
[5548].in[4] (.names)                                            1.860     2.026
[5548].out[0] (.names)                                           0.261     2.287
[17553].in[3] (.names)                                           0.479     2.766
[17553].out[0] (.names)                                          0.261     3.027
[17560].in[3] (.names)                                           0.100     3.127
[17560].out[0] (.names)                                          0.261     3.388
nen12_2.in[2] (.names)                                           0.477     3.865
nen12_2.out[0] (.names)                                          0.261     4.126
[17865].in[3] (.names)                                           0.335     4.461
[17865].out[0] (.names)                                          0.261     4.722
[17924].in[3] (.names)                                           0.334     5.055
[17924].out[0] (.names)                                          0.261     5.316
[19153].in[4] (.names)                                           0.338     5.654
[19153].out[0] (.names)                                          0.261     5.915
[19157].in[2] (.names)                                           0.338     6.253
[19157].out[0] (.names)                                          0.261     6.514
[19221].in[2] (.names)                                           0.100     6.614
[19221].out[0] (.names)                                          0.261     6.875
[19227].in[2] (.names)                                           0.100     6.975
[19227].out[0] (.names)                                          0.261     7.236
[19232].in[2] (.names)                                           0.100     7.336
[19232].out[0] (.names)                                          0.261     7.597
[19215].in[2] (.names)                                           0.338     7.935
[19215].out[0] (.names)                                          0.261     8.196
[19068].in[5] (.names)                                           0.100     8.296
[19068].out[0] (.names)                                          0.261     8.557
[15419].in[4] (.names)                                           0.335     8.892
[15419].out[0] (.names)                                          0.261     9.153
[15410].D[0] (.latch)                                            0.000     9.153
data arrival time                                                          9.153

clock pclk (rise edge)                                           0.000     0.000
clock source latency                                             0.000     0.000
pclk.inpad[0] (.input)                                           0.000     0.000
[15410].clk[0] (.latch)                                          0.042     0.042
clock uncertainty                                                0.000     0.042
cell setup time                                                 -0.066    -0.024
data required time                                                        -0.024
--------------------------------------------------------------------------------
data required time                                                        -0.024
data arrival time                                                         -9.153
--------------------------------------------------------------------------------
slack (VIOLATED)                                                          -9.176


#Path 88
Startpoint: [17752].Q[0] (.latch clocked by pclk)
Endpoint  : [9800].D[0] (.latch clocked by pclk)
Path Type : setup

Point                                                             Incr      Path
--------------------------------------------------------------------------------
clock pclk (rise edge)                                           0.000     0.000
clock source latency                                             0.000     0.000
pclk.inpad[0] (.input)                                           0.000     0.000
[17752].clk[0] (.latch)                                          0.042     0.042
[17752].Q[0] (.latch) [clock-to-output]                          0.124     0.166
[5548].in[4] (.names)                                            1.860     2.026
[5548].out[0] (.names)                                           0.261     2.287
[17553].in[3] (.names)                                           0.479     2.766
[17553].out[0] (.names)                                          0.261     3.027
[17560].in[3] (.names)                                           0.100     3.127
[17560].out[0] (.names)                                          0.261     3.388
nen12_2.in[2] (.names)                                           0.477     3.865
nen12_2.out[0] (.names)                                          0.261     4.126
[17865].in[3] (.names)                                           0.335     4.461
[17865].out[0] (.names)                                          0.261     4.722
[17924].in[3] (.names)                                           0.334     5.055
[17924].out[0] (.names)                                          0.261     5.316
[19153].in[4] (.names)                                           0.338     5.654
[19153].out[0] (.names)                                          0.261     5.915
[19157].in[2] (.names)                                           0.338     6.253
[19157].out[0] (.names)                                          0.261     6.514
[19221].in[2] (.names)                                           0.100     6.614
[19221].out[0] (.names)                                          0.261     6.875
[19227].in[2] (.names)                                           0.100     6.975
[19227].out[0] (.names)                                          0.261     7.236
[19232].in[2] (.names)                                           0.100     7.336
[19232].out[0] (.names)                                          0.261     7.597
[19215].in[2] (.names)                                           0.338     7.935
[19215].out[0] (.names)                                          0.261     8.196
[9809].in[4] (.names)                                            0.631     8.827
[9809].out[0] (.names)                                           0.261     9.088
[9800].D[0] (.latch)                                             0.000     9.088
data arrival time                                                          9.088

clock pclk (rise edge)                                           0.000     0.000
clock source latency                                             0.000     0.000
pclk.inpad[0] (.input)                                           0.000     0.000
[9800].clk[0] (.latch)                                           0.042     0.042
clock uncertainty                                                0.000     0.042
cell setup time                                                 -0.066    -0.024
data required time                                                        -0.024
--------------------------------------------------------------------------------
data required time                                                        -0.024
data arrival time                                                         -9.088
--------------------------------------------------------------------------------
slack (VIOLATED)                                                          -9.112


#Path 89
Startpoint: [17752].Q[0] (.latch clocked by pclk)
Endpoint  : [10190].D[0] (.latch clocked by pclk)
Path Type : setup

Point                                                             Incr      Path
--------------------------------------------------------------------------------
clock pclk (rise edge)                                           0.000     0.000
clock source latency                                             0.000     0.000
pclk.inpad[0] (.input)                                           0.000     0.000
[17752].clk[0] (.latch)                                          0.042     0.042
[17752].Q[0] (.latch) [clock-to-output]                          0.124     0.166
[5548].in[4] (.names)                                            1.860     2.026
[5548].out[0] (.names)                                           0.261     2.287
[17553].in[3] (.names)                                           0.479     2.766
[17553].out[0] (.names)                                          0.261     3.027
[17560].in[3] (.names)                                           0.100     3.127
[17560].out[0] (.names)                                          0.261     3.388
nen12_2.in[2] (.names)                                           0.477     3.865
nen12_2.out[0] (.names)                                          0.261     4.126
[17865].in[3] (.names)                                           0.335     4.461
[17865].out[0] (.names)                                          0.261     4.722
[17924].in[3] (.names)                                           0.334     5.055
[17924].out[0] (.names)                                          0.261     5.316
[19153].in[4] (.names)                                           0.338     5.654
[19153].out[0] (.names)                                          0.261     5.915
[19157].in[2] (.names)                                           0.338     6.253
[19157].out[0] (.names)                                          0.261     6.514
[19221].in[2] (.names)                                           0.100     6.614
[19221].out[0] (.names)                                          0.261     6.875
[19227].in[2] (.names)                                           0.100     6.975
[19227].out[0] (.names)                                          0.261     7.236
[19232].in[2] (.names)                                           0.100     7.336
[19232].out[0] (.names)                                          0.261     7.597
[19215].in[2] (.names)                                           0.338     7.935
[19215].out[0] (.names)                                          0.261     8.196
[10199].in[4] (.names)                                           0.631     8.827
[10199].out[0] (.names)                                          0.261     9.088
[10190].D[0] (.latch)                                            0.000     9.088
data arrival time                                                          9.088

clock pclk (rise edge)                                           0.000     0.000
clock source latency                                             0.000     0.000
pclk.inpad[0] (.input)                                           0.000     0.000
[10190].clk[0] (.latch)                                          0.042     0.042
clock uncertainty                                                0.000     0.042
cell setup time                                                 -0.066    -0.024
data required time                                                        -0.024
--------------------------------------------------------------------------------
data required time                                                        -0.024
data arrival time                                                         -9.088
--------------------------------------------------------------------------------
slack (VIOLATED)                                                          -9.112


#Path 90
Startpoint: [17752].Q[0] (.latch clocked by pclk)
Endpoint  : [11210].D[0] (.latch clocked by pclk)
Path Type : setup

Point                                                             Incr      Path
--------------------------------------------------------------------------------
clock pclk (rise edge)                                           0.000     0.000
clock source latency                                             0.000     0.000
pclk.inpad[0] (.input)                                           0.000     0.000
[17752].clk[0] (.latch)                                          0.042     0.042
[17752].Q[0] (.latch) [clock-to-output]                          0.124     0.166
[5548].in[4] (.names)                                            1.860     2.026
[5548].out[0] (.names)                                           0.261     2.287
[17553].in[3] (.names)                                           0.479     2.766
[17553].out[0] (.names)                                          0.261     3.027
[17560].in[3] (.names)                                           0.100     3.127
[17560].out[0] (.names)                                          0.261     3.388
nen12_2.in[2] (.names)                                           0.477     3.865
nen12_2.out[0] (.names)                                          0.261     4.126
[17865].in[3] (.names)                                           0.335     4.461
[17865].out[0] (.names)                                          0.261     4.722
[17924].in[3] (.names)                                           0.334     5.055
[17924].out[0] (.names)                                          0.261     5.316
[19153].in[4] (.names)                                           0.338     5.654
[19153].out[0] (.names)                                          0.261     5.915
[19157].in[2] (.names)                                           0.338     6.253
[19157].out[0] (.names)                                          0.261     6.514
[19221].in[2] (.names)                                           0.100     6.614
[19221].out[0] (.names)                                          0.261     6.875
[19227].in[2] (.names)                                           0.100     6.975
[19227].out[0] (.names)                                          0.261     7.236
[19232].in[2] (.names)                                           0.100     7.336
[19232].out[0] (.names)                                          0.261     7.597
[19091].in[5] (.names)                                           0.483     8.081
[19091].out[0] (.names)                                          0.261     8.342
[11219].in[4] (.names)                                           0.475     8.816
[11219].out[0] (.names)                                          0.261     9.077
[11210].D[0] (.latch)                                            0.000     9.077
data arrival time                                                          9.077

clock pclk (rise edge)                                           0.000     0.000
clock source latency                                             0.000     0.000
pclk.inpad[0] (.input)                                           0.000     0.000
[11210].clk[0] (.latch)                                          0.042     0.042
clock uncertainty                                                0.000     0.042
cell setup time                                                 -0.066    -0.024
data required time                                                        -0.024
--------------------------------------------------------------------------------
data required time                                                        -0.024
data arrival time                                                         -9.077
--------------------------------------------------------------------------------
slack (VIOLATED)                                                          -9.101


#Path 91
Startpoint: [17752].Q[0] (.latch clocked by pclk)
Endpoint  : [10865].D[0] (.latch clocked by pclk)
Path Type : setup

Point                                                             Incr      Path
--------------------------------------------------------------------------------
clock pclk (rise edge)                                           0.000     0.000
clock source latency                                             0.000     0.000
pclk.inpad[0] (.input)                                           0.000     0.000
[17752].clk[0] (.latch)                                          0.042     0.042
[17752].Q[0] (.latch) [clock-to-output]                          0.124     0.166
[5548].in[4] (.names)                                            1.860     2.026
[5548].out[0] (.names)                                           0.261     2.287
[17553].in[3] (.names)                                           0.479     2.766
[17553].out[0] (.names)                                          0.261     3.027
[17560].in[3] (.names)                                           0.100     3.127
[17560].out[0] (.names)                                          0.261     3.388
nen24_7.in[2] (.names)                                           0.335     3.723
nen24_7.out[0] (.names)                                          0.261     3.984
[17719].in[2] (.names)                                           0.338     4.322
[17719].out[0] (.names)                                          0.261     4.583
[5291].in[3] (.names)                                            0.621     5.204
[5291].out[0] (.names)                                           0.261     5.465
[17748].in[2] (.names)                                           1.209     6.674
[17748].out[0] (.names)                                          0.261     6.935
[19737].in[5] (.names)                                           0.334     7.268
[19737].out[0] (.names)                                          0.261     7.529
[3414].in[3] (.names)                                            0.914     8.444
[3414].out[0] (.names)                                           0.261     8.705
[10874].in[4] (.names)                                           0.100     8.805
[10874].out[0] (.names)                                          0.261     9.066
[10865].D[0] (.latch)                                            0.000     9.066
data arrival time                                                          9.066

clock pclk (rise edge)                                           0.000     0.000
clock source latency                                             0.000     0.000
pclk.inpad[0] (.input)                                           0.000     0.000
[10865].clk[0] (.latch)                                          0.042     0.042
clock uncertainty                                                0.000     0.042
cell setup time                                                 -0.066    -0.024
data required time                                                        -0.024
--------------------------------------------------------------------------------
data required time                                                        -0.024
data arrival time                                                         -9.066
--------------------------------------------------------------------------------
slack (VIOLATED)                                                          -9.089


#Path 92
Startpoint: [17752].Q[0] (.latch clocked by pclk)
Endpoint  : [15695].D[0] (.latch clocked by pclk)
Path Type : setup

Point                                                             Incr      Path
--------------------------------------------------------------------------------
clock pclk (rise edge)                                           0.000     0.000
clock source latency                                             0.000     0.000
pclk.inpad[0] (.input)                                           0.000     0.000
[17752].clk[0] (.latch)                                          0.042     0.042
[17752].Q[0] (.latch) [clock-to-output]                          0.124     0.166
[5548].in[4] (.names)                                            1.860     2.026
[5548].out[0] (.names)                                           0.261     2.287
[17553].in[3] (.names)                                           0.479     2.766
[17553].out[0] (.names)                                          0.261     3.027
[17560].in[3] (.names)                                           0.100     3.127
[17560].out[0] (.names)                                          0.261     3.388
nen24_7.in[2] (.names)                                           0.335     3.723
nen24_7.out[0] (.names)                                          0.261     3.984
[17719].in[2] (.names)                                           0.338     4.322
[17719].out[0] (.names)                                          0.261     4.583
[5291].in[3] (.names)                                            0.621     5.204
[5291].out[0] (.names)                                           0.261     5.465
[17748].in[2] (.names)                                           1.209     6.674
[17748].out[0] (.names)                                          0.261     6.935
[19737].in[5] (.names)                                           0.334     7.268
[19737].out[0] (.names)                                          0.261     7.529
[2503].in[3] (.names)                                            0.914     8.444
[2503].out[0] (.names)                                           0.261     8.705
[15704].in[3] (.names)                                           0.100     8.805
[15704].out[0] (.names)                                          0.261     9.066
[15695].D[0] (.latch)                                            0.000     9.066
data arrival time                                                          9.066

clock pclk (rise edge)                                           0.000     0.000
clock source latency                                             0.000     0.000
pclk.inpad[0] (.input)                                           0.000     0.000
[15695].clk[0] (.latch)                                          0.042     0.042
clock uncertainty                                                0.000     0.042
cell setup time                                                 -0.066    -0.024
data required time                                                        -0.024
--------------------------------------------------------------------------------
data required time                                                        -0.024
data arrival time                                                         -9.066
--------------------------------------------------------------------------------
slack (VIOLATED)                                                          -9.089


#Path 93
Startpoint: [17752].Q[0] (.latch clocked by pclk)
Endpoint  : [13385].D[0] (.latch clocked by pclk)
Path Type : setup

Point                                                             Incr      Path
--------------------------------------------------------------------------------
clock pclk (rise edge)                                           0.000     0.000
clock source latency                                             0.000     0.000
pclk.inpad[0] (.input)                                           0.000     0.000
[17752].clk[0] (.latch)                                          0.042     0.042
[17752].Q[0] (.latch) [clock-to-output]                          0.124     0.166
[5548].in[4] (.names)                                            1.860     2.026
[5548].out[0] (.names)                                           0.261     2.287
[17553].in[3] (.names)                                           0.479     2.766
[17553].out[0] (.names)                                          0.261     3.027
[17560].in[3] (.names)                                           0.100     3.127
[17560].out[0] (.names)                                          0.261     3.388
nen24_7.in[2] (.names)                                           0.335     3.723
nen24_7.out[0] (.names)                                          0.261     3.984
[17719].in[2] (.names)                                           0.338     4.322
[17719].out[0] (.names)                                          0.261     4.583
[5291].in[3] (.names)                                            0.621     5.204
[5291].out[0] (.names)                                           0.261     5.465
[17748].in[2] (.names)                                           1.209     6.674
[17748].out[0] (.names)                                          0.261     6.935
[19737].in[5] (.names)                                           0.334     7.268
[19737].out[0] (.names)                                          0.261     7.529
[3044].in[3] (.names)                                            0.914     8.444
[3044].out[0] (.names)                                           0.261     8.705
[13394].in[4] (.names)                                           0.100     8.805
[13394].out[0] (.names)                                          0.261     9.066
[13385].D[0] (.latch)                                            0.000     9.066
data arrival time                                                          9.066

clock pclk (rise edge)                                           0.000     0.000
clock source latency                                             0.000     0.000
pclk.inpad[0] (.input)                                           0.000     0.000
[13385].clk[0] (.latch)                                          0.042     0.042
clock uncertainty                                                0.000     0.042
cell setup time                                                 -0.066    -0.024
data required time                                                        -0.024
--------------------------------------------------------------------------------
data required time                                                        -0.024
data arrival time                                                         -9.066
--------------------------------------------------------------------------------
slack (VIOLATED)                                                          -9.089


#Path 94
Startpoint: [17752].Q[0] (.latch clocked by pclk)
Endpoint  : [7340].D[0] (.latch clocked by pclk)
Path Type : setup

Point                                                             Incr      Path
--------------------------------------------------------------------------------
clock pclk (rise edge)                                           0.000     0.000
clock source latency                                             0.000     0.000
pclk.inpad[0] (.input)                                           0.000     0.000
[17752].clk[0] (.latch)                                          0.042     0.042
[17752].Q[0] (.latch) [clock-to-output]                          0.124     0.166
[5548].in[4] (.names)                                            1.860     2.026
[5548].out[0] (.names)                                           0.261     2.287
[17553].in[3] (.names)                                           0.479     2.766
[17553].out[0] (.names)                                          0.261     3.027
[17560].in[3] (.names)                                           0.100     3.127
[17560].out[0] (.names)                                          0.261     3.388
nen24_7.in[2] (.names)                                           0.335     3.723
nen24_7.out[0] (.names)                                          0.261     3.984
[17719].in[2] (.names)                                           0.338     4.322
[17719].out[0] (.names)                                          0.261     4.583
[5291].in[3] (.names)                                            0.621     5.204
[5291].out[0] (.names)                                           0.261     5.465
[17748].in[2] (.names)                                           1.209     6.674
[17748].out[0] (.names)                                          0.261     6.935
[19737].in[5] (.names)                                           0.334     7.268
[19737].out[0] (.names)                                          0.261     7.529
[3970].in[3] (.names)                                            0.914     8.444
[3970].out[0] (.names)                                           0.261     8.705
[7349].in[3] (.names)                                            0.100     8.805
[7349].out[0] (.names)                                           0.261     9.066
[7340].D[0] (.latch)                                             0.000     9.066
data arrival time                                                          9.066

clock pclk (rise edge)                                           0.000     0.000
clock source latency                                             0.000     0.000
pclk.inpad[0] (.input)                                           0.000     0.000
[7340].clk[0] (.latch)                                           0.042     0.042
clock uncertainty                                                0.000     0.042
cell setup time                                                 -0.066    -0.024
data required time                                                        -0.024
--------------------------------------------------------------------------------
data required time                                                        -0.024
data arrival time                                                         -9.066
--------------------------------------------------------------------------------
slack (VIOLATED)                                                          -9.089


#Path 95
Startpoint: [17752].Q[0] (.latch clocked by pclk)
Endpoint  : [11510].D[0] (.latch clocked by pclk)
Path Type : setup

Point                                                             Incr      Path
--------------------------------------------------------------------------------
clock pclk (rise edge)                                           0.000     0.000
clock source latency                                             0.000     0.000
pclk.inpad[0] (.input)                                           0.000     0.000
[17752].clk[0] (.latch)                                          0.042     0.042
[17752].Q[0] (.latch) [clock-to-output]                          0.124     0.166
[5548].in[4] (.names)                                            1.860     2.026
[5548].out[0] (.names)                                           0.261     2.287
[17553].in[3] (.names)                                           0.479     2.766
[17553].out[0] (.names)                                          0.261     3.027
[17560].in[3] (.names)                                           0.100     3.127
[17560].out[0] (.names)                                          0.261     3.388
nen12_2.in[2] (.names)                                           0.477     3.865
nen12_2.out[0] (.names)                                          0.261     4.126
[17865].in[3] (.names)                                           0.335     4.461
[17865].out[0] (.names)                                          0.261     4.722
[17924].in[3] (.names)                                           0.334     5.055
[17924].out[0] (.names)                                          0.261     5.316
[19153].in[4] (.names)                                           0.338     5.654
[19153].out[0] (.names)                                          0.261     5.915
[19157].in[2] (.names)                                           0.338     6.253
[19157].out[0] (.names)                                          0.261     6.514
[19221].in[2] (.names)                                           0.100     6.614
[19221].out[0] (.names)                                          0.261     6.875
[19227].in[2] (.names)                                           0.100     6.975
[19227].out[0] (.names)                                          0.261     7.236
[19232].in[2] (.names)                                           0.100     7.336
[19232].out[0] (.names)                                          0.261     7.597
[19091].in[5] (.names)                                           0.483     8.081
[19091].out[0] (.names)                                          0.261     8.342
[11519].in[3] (.names)                                           0.438     8.779
[11519].out[0] (.names)                                          0.261     9.040
[11510].D[0] (.latch)                                            0.000     9.040
data arrival time                                                          9.040

clock pclk (rise edge)                                           0.000     0.000
clock source latency                                             0.000     0.000
pclk.inpad[0] (.input)                                           0.000     0.000
[11510].clk[0] (.latch)                                          0.042     0.042
clock uncertainty                                                0.000     0.042
cell setup time                                                 -0.066    -0.024
data required time                                                        -0.024
--------------------------------------------------------------------------------
data required time                                                        -0.024
data arrival time                                                         -9.040
--------------------------------------------------------------------------------
slack (VIOLATED)                                                          -9.064


#Path 96
Startpoint: [17752].Q[0] (.latch clocked by pclk)
Endpoint  : [14660].D[0] (.latch clocked by pclk)
Path Type : setup

Point                                                             Incr      Path
--------------------------------------------------------------------------------
clock pclk (rise edge)                                           0.000     0.000
clock source latency                                             0.000     0.000
pclk.inpad[0] (.input)                                           0.000     0.000
[17752].clk[0] (.latch)                                          0.042     0.042
[17752].Q[0] (.latch) [clock-to-output]                          0.124     0.166
[5548].in[4] (.names)                                            1.860     2.026
[5548].out[0] (.names)                                           0.261     2.287
[17553].in[3] (.names)                                           0.479     2.766
[17553].out[0] (.names)                                          0.261     3.027
[17560].in[3] (.names)                                           0.100     3.127
[17560].out[0] (.names)                                          0.261     3.388
nen12_2.in[2] (.names)                                           0.477     3.865
nen12_2.out[0] (.names)                                          0.261     4.126
[17865].in[3] (.names)                                           0.335     4.461
[17865].out[0] (.names)                                          0.261     4.722
[17924].in[3] (.names)                                           0.334     5.055
[17924].out[0] (.names)                                          0.261     5.316
[19153].in[4] (.names)                                           0.338     5.654
[19153].out[0] (.names)                                          0.261     5.915
[19157].in[2] (.names)                                           0.338     6.253
[19157].out[0] (.names)                                          0.261     6.514
[19221].in[2] (.names)                                           0.100     6.614
[19221].out[0] (.names)                                          0.261     6.875
[19227].in[2] (.names)                                           0.100     6.975
[19227].out[0] (.names)                                          0.261     7.236
[19232].in[2] (.names)                                           0.100     7.336
[19232].out[0] (.names)                                          0.261     7.597
[19091].in[5] (.names)                                           0.483     8.081
[19091].out[0] (.names)                                          0.261     8.342
[14669].in[3] (.names)                                           0.438     8.779
[14669].out[0] (.names)                                          0.261     9.040
[14660].D[0] (.latch)                                            0.000     9.040
data arrival time                                                          9.040

clock pclk (rise edge)                                           0.000     0.000
clock source latency                                             0.000     0.000
pclk.inpad[0] (.input)                                           0.000     0.000
[14660].clk[0] (.latch)                                          0.042     0.042
clock uncertainty                                                0.000     0.042
cell setup time                                                 -0.066    -0.024
data required time                                                        -0.024
--------------------------------------------------------------------------------
data required time                                                        -0.024
data arrival time                                                         -9.040
--------------------------------------------------------------------------------
slack (VIOLATED)                                                          -9.064


#Path 97
Startpoint: [17752].Q[0] (.latch clocked by pclk)
Endpoint  : paddress_4_4_.D[0] (.latch clocked by pclk)
Path Type : setup

Point                                                             Incr      Path
--------------------------------------------------------------------------------
clock pclk (rise edge)                                           0.000     0.000
clock source latency                                             0.000     0.000
pclk.inpad[0] (.input)                                           0.000     0.000
[17752].clk[0] (.latch)                                          0.042     0.042
[17752].Q[0] (.latch) [clock-to-output]                          0.124     0.166
[5548].in[4] (.names)                                            1.860     2.026
[5548].out[0] (.names)                                           0.261     2.287
[17553].in[3] (.names)                                           0.479     2.766
[17553].out[0] (.names)                                          0.261     3.027
[17560].in[3] (.names)                                           0.100     3.127
[17560].out[0] (.names)                                          0.261     3.388
nrq8_2.in[1] (.names)                                            0.481     3.869
nrq8_2.out[0] (.names)                                           0.261     4.130
[4264].in[2] (.names)                                            0.622     4.753
[4264].out[0] (.names)                                           0.261     5.014
[1984].in[4] (.names)                                            1.707     6.721
[1984].out[0] (.names)                                           0.261     6.982
[19086].in[5] (.names)                                           0.776     7.757
[19086].out[0] (.names)                                          0.261     8.018
[18529].in[4] (.names)                                           0.760     8.778
[18529].out[0] (.names)                                          0.261     9.039
paddress_4_4_.D[0] (.latch)                                      0.000     9.039
data arrival time                                                          9.039

clock pclk (rise edge)                                           0.000     0.000
clock source latency                                             0.000     0.000
pclk.inpad[0] (.input)                                           0.000     0.000
paddress_4_4_.clk[0] (.latch)                                    0.042     0.042
clock uncertainty                                                0.000     0.042
cell setup time                                                 -0.066    -0.024
data required time                                                        -0.024
--------------------------------------------------------------------------------
data required time                                                        -0.024
data arrival time                                                         -9.039
--------------------------------------------------------------------------------
slack (VIOLATED)                                                          -9.063


#Path 98
Startpoint: [17752].Q[0] (.latch clocked by pclk)
Endpoint  : [10040].D[0] (.latch clocked by pclk)
Path Type : setup

Point                                                             Incr      Path
--------------------------------------------------------------------------------
clock pclk (rise edge)                                           0.000     0.000
clock source latency                                             0.000     0.000
pclk.inpad[0] (.input)                                           0.000     0.000
[17752].clk[0] (.latch)                                          0.042     0.042
[17752].Q[0] (.latch) [clock-to-output]                          0.124     0.166
[5548].in[4] (.names)                                            1.860     2.026
[5548].out[0] (.names)                                           0.261     2.287
[17553].in[3] (.names)                                           0.479     2.766
[17553].out[0] (.names)                                          0.261     3.027
[17560].in[3] (.names)                                           0.100     3.127
[17560].out[0] (.names)                                          0.261     3.388
nen24_7.in[2] (.names)                                           0.335     3.723
nen24_7.out[0] (.names)                                          0.261     3.984
[17719].in[2] (.names)                                           0.338     4.322
[17719].out[0] (.names)                                          0.261     4.583
[5291].in[3] (.names)                                            0.621     5.204
[5291].out[0] (.names)                                           0.261     5.465
[17748].in[2] (.names)                                           1.209     6.674
[17748].out[0] (.names)                                          0.261     6.935
[19989].in[5] (.names)                                           0.334     7.268
[19989].out[0] (.names)                                          0.261     7.529
[19747].in[4] (.names)                                           0.488     8.017
[19747].out[0] (.names)                                          0.261     8.278
[10049].in[2] (.names)                                           0.486     8.764
[10049].out[0] (.names)                                          0.261     9.025
[10040].D[0] (.latch)                                            0.000     9.025
data arrival time                                                          9.025

clock pclk (rise edge)                                           0.000     0.000
clock source latency                                             0.000     0.000
pclk.inpad[0] (.input)                                           0.000     0.000
[10040].clk[0] (.latch)                                          0.042     0.042
clock uncertainty                                                0.000     0.042
cell setup time                                                 -0.066    -0.024
data required time                                                        -0.024
--------------------------------------------------------------------------------
data required time                                                        -0.024
data arrival time                                                         -9.025
--------------------------------------------------------------------------------
slack (VIOLATED)                                                          -9.048


#Path 99
Startpoint: [17752].Q[0] (.latch clocked by pclk)
Endpoint  : [5450].D[0] (.latch clocked by pclk)
Path Type : setup

Point                                                             Incr      Path
--------------------------------------------------------------------------------
clock pclk (rise edge)                                           0.000     0.000
clock source latency                                             0.000     0.000
pclk.inpad[0] (.input)                                           0.000     0.000
[17752].clk[0] (.latch)                                          0.042     0.042
[17752].Q[0] (.latch) [clock-to-output]                          0.124     0.166
[5548].in[4] (.names)                                            1.860     2.026
[5548].out[0] (.names)                                           0.261     2.287
[17553].in[3] (.names)                                           0.479     2.766
[17553].out[0] (.names)                                          0.261     3.027
[17560].in[3] (.names)                                           0.100     3.127
[17560].out[0] (.names)                                          0.261     3.388
nen24_7.in[2] (.names)                                           0.335     3.723
nen24_7.out[0] (.names)                                          0.261     3.984
[17719].in[2] (.names)                                           0.338     4.322
[17719].out[0] (.names)                                          0.261     4.583
[5291].in[3] (.names)                                            0.621     5.204
[5291].out[0] (.names)                                           0.261     5.465
[17748].in[2] (.names)                                           1.209     6.674
[17748].out[0] (.names)                                          0.261     6.935
[17751].in[3] (.names)                                           0.334     7.268
[17751].out[0] (.names)                                          0.261     7.529
[19735].in[5] (.names)                                           0.334     7.863
[19735].out[0] (.names)                                          0.261     8.124
[5459].in[2] (.names)                                            0.629     8.753
[5459].out[0] (.names)                                           0.261     9.014
[5450].D[0] (.latch)                                             0.000     9.014
data arrival time                                                          9.014

clock pclk (rise edge)                                           0.000     0.000
clock source latency                                             0.000     0.000
pclk.inpad[0] (.input)                                           0.000     0.000
[5450].clk[0] (.latch)                                           0.042     0.042
clock uncertainty                                                0.000     0.042
cell setup time                                                 -0.066    -0.024
data required time                                                        -0.024
--------------------------------------------------------------------------------
data required time                                                        -0.024
data arrival time                                                         -9.014
--------------------------------------------------------------------------------
slack (VIOLATED)                                                          -9.037


#Path 100
Startpoint: [17752].Q[0] (.latch clocked by pclk)
Endpoint  : [8060].D[0] (.latch clocked by pclk)
Path Type : setup

Point                                                             Incr      Path
--------------------------------------------------------------------------------
clock pclk (rise edge)                                           0.000     0.000
clock source latency                                             0.000     0.000
pclk.inpad[0] (.input)                                           0.000     0.000
[17752].clk[0] (.latch)                                          0.042     0.042
[17752].Q[0] (.latch) [clock-to-output]                          0.124     0.166
[5548].in[4] (.names)                                            1.860     2.026
[5548].out[0] (.names)                                           0.261     2.287
[17553].in[3] (.names)                                           0.479     2.766
[17553].out[0] (.names)                                          0.261     3.027
[17560].in[3] (.names)                                           0.100     3.127
[17560].out[0] (.names)                                          0.261     3.388
nen24_7.in[2] (.names)                                           0.335     3.723
nen24_7.out[0] (.names)                                          0.261     3.984
[17719].in[2] (.names)                                           0.338     4.322
[17719].out[0] (.names)                                          0.261     4.583
[5291].in[3] (.names)                                            0.621     5.204
[5291].out[0] (.names)                                           0.261     5.465
[17748].in[2] (.names)                                           1.209     6.674
[17748].out[0] (.names)                                          0.261     6.935
[17751].in[3] (.names)                                           0.334     7.268
[17751].out[0] (.names)                                          0.261     7.529
[19735].in[5] (.names)                                           0.334     7.863
[19735].out[0] (.names)                                          0.261     8.124
[8069].in[2] (.names)                                            0.629     8.753
[8069].out[0] (.names)                                           0.261     9.014
[8060].D[0] (.latch)                                             0.000     9.014
data arrival time                                                          9.014

clock pclk (rise edge)                                           0.000     0.000
clock source latency                                             0.000     0.000
pclk.inpad[0] (.input)                                           0.000     0.000
[8060].clk[0] (.latch)                                           0.042     0.042
clock uncertainty                                                0.000     0.042
cell setup time                                                 -0.066    -0.024
data required time                                                        -0.024
--------------------------------------------------------------------------------
data required time                                                        -0.024
data arrival time                                                         -9.014
--------------------------------------------------------------------------------
slack (VIOLATED)                                                          -9.037


#End of timing report
