#Timing report of worst 100 path(s)
# Unit scale: 1e-09 seconds
# Output precision: 3

#Path 1
Startpoint: ppeaki_7_7_.Q[0] (.latch clocked by pclk)
Endpoint  : [8150].D[0] (.latch clocked by pclk)
Path Type : setup

Point                                                             Incr      Path
--------------------------------------------------------------------------------
clock pclk (rise edge)                                           0.000     0.000
clock source latency                                             0.000     0.000
pclk.inpad[0] (.input)                                           0.000     0.000
ppeaki_7_7_.clk[0] (.latch)                                      0.042     0.042
ppeaki_7_7_.Q[0] (.latch) [clock-to-output]                      0.124     0.166
[5541].in[3] (.names)                                            0.365     0.531
[5541].out[0] (.names)                                           0.261     0.792
[17555].in[0] (.names)                                           0.345     1.137
[17555].out[0] (.names)                                          0.261     1.398
[17559].in[5] (.names)                                           0.497     1.895
[17559].out[0] (.names)                                          0.261     2.156
nen24_7.in[1] (.names)                                           0.423     2.579
nen24_7.out[0] (.names)                                          0.261     2.840
[17719].in[2] (.names)                                           0.579     3.419
[17719].out[0] (.names)                                          0.261     3.680
[5291].in[3] (.names)                                            0.270     3.950
[5291].out[0] (.names)                                           0.261     4.211
[4442].in[3] (.names)                                            0.346     4.557
[4442].out[0] (.names)                                           0.261     4.818
[5173].in[3] (.names)                                            0.345     5.163
[5173].out[0] (.names)                                           0.261     5.424
[19520].in[4] (.names)                                           0.347     5.770
[19520].out[0] (.names)                                          0.261     6.031
[5162].in[4] (.names)                                            0.269     6.300
[5162].out[0] (.names)                                           0.261     6.561
[19490].in[4] (.names)                                           0.421     6.982
[19490].out[0] (.names)                                          0.261     7.243
[19474].in[3] (.names)                                           0.347     7.589
[19474].out[0] (.names)                                          0.261     7.850
[8159].in[3] (.names)                                            0.573     8.424
[8159].out[0] (.names)                                           0.261     8.685
[8150].D[0] (.latch)                                             0.000     8.685
data arrival time                                                          8.685

clock pclk (rise edge)                                           0.000     0.000
clock source latency                                             0.000     0.000
pclk.inpad[0] (.input)                                           0.000     0.000
[8150].clk[0] (.latch)                                           0.042     0.042
clock uncertainty                                                0.000     0.042
cell setup time                                                 -0.066    -0.024
data required time                                                        -0.024
--------------------------------------------------------------------------------
data required time                                                        -0.024
data arrival time                                                         -8.685
--------------------------------------------------------------------------------
slack (VIOLATED)                                                          -8.708


#Path 2
Startpoint: ppeaki_7_7_.Q[0] (.latch clocked by pclk)
Endpoint  : [13070].D[0] (.latch clocked by pclk)
Path Type : setup

Point                                                             Incr      Path
--------------------------------------------------------------------------------
clock pclk (rise edge)                                           0.000     0.000
clock source latency                                             0.000     0.000
pclk.inpad[0] (.input)                                           0.000     0.000
ppeaki_7_7_.clk[0] (.latch)                                      0.042     0.042
ppeaki_7_7_.Q[0] (.latch) [clock-to-output]                      0.124     0.166
[5541].in[3] (.names)                                            0.365     0.531
[5541].out[0] (.names)                                           0.261     0.792
[17555].in[0] (.names)                                           0.345     1.137
[17555].out[0] (.names)                                          0.261     1.398
[17559].in[5] (.names)                                           0.497     1.895
[17559].out[0] (.names)                                          0.261     2.156
nen24_7.in[1] (.names)                                           0.423     2.579
nen24_7.out[0] (.names)                                          0.261     2.840
[17719].in[2] (.names)                                           0.579     3.419
[17719].out[0] (.names)                                          0.261     3.680
[5291].in[3] (.names)                                            0.270     3.950
[5291].out[0] (.names)                                           0.261     4.211
[4442].in[3] (.names)                                            0.346     4.557
[4442].out[0] (.names)                                           0.261     4.818
[5173].in[3] (.names)                                            0.345     5.163
[5173].out[0] (.names)                                           0.261     5.424
[19520].in[4] (.names)                                           0.347     5.770
[19520].out[0] (.names)                                          0.261     6.031
[5162].in[4] (.names)                                            0.269     6.300
[5162].out[0] (.names)                                           0.261     6.561
[19490].in[4] (.names)                                           0.421     6.982
[19490].out[0] (.names)                                          0.261     7.243
[19367].in[3] (.names)                                           0.345     7.588
[19367].out[0] (.names)                                          0.261     7.849
[13079].in[2] (.names)                                           0.498     8.347
[13079].out[0] (.names)                                          0.261     8.608
[13070].D[0] (.latch)                                            0.000     8.608
data arrival time                                                          8.608

clock pclk (rise edge)                                           0.000     0.000
clock source latency                                             0.000     0.000
pclk.inpad[0] (.input)                                           0.000     0.000
[13070].clk[0] (.latch)                                          0.042     0.042
clock uncertainty                                                0.000     0.042
cell setup time                                                 -0.066    -0.024
data required time                                                        -0.024
--------------------------------------------------------------------------------
data required time                                                        -0.024
data arrival time                                                         -8.608
--------------------------------------------------------------------------------
slack (VIOLATED)                                                          -8.631


#Path 3
Startpoint: ppeaki_7_7_.Q[0] (.latch clocked by pclk)
Endpoint  : [8735].D[0] (.latch clocked by pclk)
Path Type : setup

Point                                                             Incr      Path
--------------------------------------------------------------------------------
clock pclk (rise edge)                                           0.000     0.000
clock source latency                                             0.000     0.000
pclk.inpad[0] (.input)                                           0.000     0.000
ppeaki_7_7_.clk[0] (.latch)                                      0.042     0.042
ppeaki_7_7_.Q[0] (.latch) [clock-to-output]                      0.124     0.166
[5541].in[3] (.names)                                            0.365     0.531
[5541].out[0] (.names)                                           0.261     0.792
[17555].in[0] (.names)                                           0.345     1.137
[17555].out[0] (.names)                                          0.261     1.398
[17559].in[5] (.names)                                           0.497     1.895
[17559].out[0] (.names)                                          0.261     2.156
nen24_7.in[1] (.names)                                           0.423     2.579
nen24_7.out[0] (.names)                                          0.261     2.840
[17719].in[2] (.names)                                           0.579     3.419
[17719].out[0] (.names)                                          0.261     3.680
[5291].in[3] (.names)                                            0.270     3.950
[5291].out[0] (.names)                                           0.261     4.211
[4442].in[3] (.names)                                            0.346     4.557
[4442].out[0] (.names)                                           0.261     4.818
[5173].in[3] (.names)                                            0.345     5.163
[5173].out[0] (.names)                                           0.261     5.424
[19520].in[4] (.names)                                           0.347     5.770
[19520].out[0] (.names)                                          0.261     6.031
[5162].in[4] (.names)                                            0.269     6.300
[5162].out[0] (.names)                                           0.261     6.561
[19490].in[4] (.names)                                           0.421     6.982
[19490].out[0] (.names)                                          0.261     7.243
[19367].in[3] (.names)                                           0.345     7.588
[19367].out[0] (.names)                                          0.261     7.849
[8744].in[2] (.names)                                            0.498     8.347
[8744].out[0] (.names)                                           0.261     8.608
[8735].D[0] (.latch)                                             0.000     8.608
data arrival time                                                          8.608

clock pclk (rise edge)                                           0.000     0.000
clock source latency                                             0.000     0.000
pclk.inpad[0] (.input)                                           0.000     0.000
[8735].clk[0] (.latch)                                           0.042     0.042
clock uncertainty                                                0.000     0.042
cell setup time                                                 -0.066    -0.024
data required time                                                        -0.024
--------------------------------------------------------------------------------
data required time                                                        -0.024
data arrival time                                                         -8.608
--------------------------------------------------------------------------------
slack (VIOLATED)                                                          -8.631


#Path 4
Startpoint: ppeaki_7_7_.Q[0] (.latch clocked by pclk)
Endpoint  : [6215].D[0] (.latch clocked by pclk)
Path Type : setup

Point                                                             Incr      Path
--------------------------------------------------------------------------------
clock pclk (rise edge)                                           0.000     0.000
clock source latency                                             0.000     0.000
pclk.inpad[0] (.input)                                           0.000     0.000
ppeaki_7_7_.clk[0] (.latch)                                      0.042     0.042
ppeaki_7_7_.Q[0] (.latch) [clock-to-output]                      0.124     0.166
[5541].in[3] (.names)                                            0.365     0.531
[5541].out[0] (.names)                                           0.261     0.792
[17555].in[0] (.names)                                           0.345     1.137
[17555].out[0] (.names)                                          0.261     1.398
[17559].in[5] (.names)                                           0.497     1.895
[17559].out[0] (.names)                                          0.261     2.156
nen24_7.in[1] (.names)                                           0.423     2.579
nen24_7.out[0] (.names)                                          0.261     2.840
[17719].in[2] (.names)                                           0.579     3.419
[17719].out[0] (.names)                                          0.261     3.680
[5291].in[3] (.names)                                            0.270     3.950
[5291].out[0] (.names)                                           0.261     4.211
[4442].in[3] (.names)                                            0.346     4.557
[4442].out[0] (.names)                                           0.261     4.818
[5173].in[3] (.names)                                            0.345     5.163
[5173].out[0] (.names)                                           0.261     5.424
[19520].in[4] (.names)                                           0.347     5.770
[19520].out[0] (.names)                                          0.261     6.031
[5162].in[4] (.names)                                            0.269     6.300
[5162].out[0] (.names)                                           0.261     6.561
[19490].in[4] (.names)                                           0.421     6.982
[19490].out[0] (.names)                                          0.261     7.243
[19367].in[3] (.names)                                           0.345     7.588
[19367].out[0] (.names)                                          0.261     7.849
[6224].in[3] (.names)                                            0.498     8.347
[6224].out[0] (.names)                                           0.261     8.608
[6215].D[0] (.latch)                                             0.000     8.608
data arrival time                                                          8.608

clock pclk (rise edge)                                           0.000     0.000
clock source latency                                             0.000     0.000
pclk.inpad[0] (.input)                                           0.000     0.000
[6215].clk[0] (.latch)                                           0.042     0.042
clock uncertainty                                                0.000     0.042
cell setup time                                                 -0.066    -0.024
data required time                                                        -0.024
--------------------------------------------------------------------------------
data required time                                                        -0.024
data arrival time                                                         -8.608
--------------------------------------------------------------------------------
slack (VIOLATED)                                                          -8.631


#Path 5
Startpoint: ppeaki_7_7_.Q[0] (.latch clocked by pclk)
Endpoint  : [11375].D[0] (.latch clocked by pclk)
Path Type : setup

Point                                                             Incr      Path
--------------------------------------------------------------------------------
clock pclk (rise edge)                                           0.000     0.000
clock source latency                                             0.000     0.000
pclk.inpad[0] (.input)                                           0.000     0.000
ppeaki_7_7_.clk[0] (.latch)                                      0.042     0.042
ppeaki_7_7_.Q[0] (.latch) [clock-to-output]                      0.124     0.166
[5541].in[3] (.names)                                            0.365     0.531
[5541].out[0] (.names)                                           0.261     0.792
[17555].in[0] (.names)                                           0.345     1.137
[17555].out[0] (.names)                                          0.261     1.398
[17559].in[5] (.names)                                           0.497     1.895
[17559].out[0] (.names)                                          0.261     2.156
nen24_7.in[1] (.names)                                           0.423     2.579
nen24_7.out[0] (.names)                                          0.261     2.840
[17719].in[2] (.names)                                           0.579     3.419
[17719].out[0] (.names)                                          0.261     3.680
[5291].in[3] (.names)                                            0.270     3.950
[5291].out[0] (.names)                                           0.261     4.211
[4442].in[3] (.names)                                            0.346     4.557
[4442].out[0] (.names)                                           0.261     4.818
[5173].in[3] (.names)                                            0.345     5.163
[5173].out[0] (.names)                                           0.261     5.424
[19520].in[4] (.names)                                           0.347     5.770
[19520].out[0] (.names)                                          0.261     6.031
[5162].in[4] (.names)                                            0.269     6.300
[5162].out[0] (.names)                                           0.261     6.561
[19490].in[4] (.names)                                           0.421     6.982
[19490].out[0] (.names)                                          0.261     7.243
[19367].in[3] (.names)                                           0.345     7.588
[19367].out[0] (.names)                                          0.261     7.849
[11384].in[2] (.names)                                           0.498     8.347
[11384].out[0] (.names)                                          0.261     8.608
[11375].D[0] (.latch)                                            0.000     8.608
data arrival time                                                          8.608

clock pclk (rise edge)                                           0.000     0.000
clock source latency                                             0.000     0.000
pclk.inpad[0] (.input)                                           0.000     0.000
[11375].clk[0] (.latch)                                          0.042     0.042
clock uncertainty                                                0.000     0.042
cell setup time                                                 -0.066    -0.024
data required time                                                        -0.024
--------------------------------------------------------------------------------
data required time                                                        -0.024
data arrival time                                                         -8.608
--------------------------------------------------------------------------------
slack (VIOLATED)                                                          -8.631


#Path 6
Startpoint: ppeaki_7_7_.Q[0] (.latch clocked by pclk)
Endpoint  : [16070].D[0] (.latch clocked by pclk)
Path Type : setup

Point                                                             Incr      Path
--------------------------------------------------------------------------------
clock pclk (rise edge)                                           0.000     0.000
clock source latency                                             0.000     0.000
pclk.inpad[0] (.input)                                           0.000     0.000
ppeaki_7_7_.clk[0] (.latch)                                      0.042     0.042
ppeaki_7_7_.Q[0] (.latch) [clock-to-output]                      0.124     0.166
[5541].in[3] (.names)                                            0.365     0.531
[5541].out[0] (.names)                                           0.261     0.792
[17555].in[0] (.names)                                           0.345     1.137
[17555].out[0] (.names)                                          0.261     1.398
[17559].in[5] (.names)                                           0.497     1.895
[17559].out[0] (.names)                                          0.261     2.156
nen24_7.in[1] (.names)                                           0.423     2.579
nen24_7.out[0] (.names)                                          0.261     2.840
[17719].in[2] (.names)                                           0.579     3.419
[17719].out[0] (.names)                                          0.261     3.680
[5291].in[3] (.names)                                            0.270     3.950
[5291].out[0] (.names)                                           0.261     4.211
[4442].in[3] (.names)                                            0.346     4.557
[4442].out[0] (.names)                                           0.261     4.818
[5173].in[3] (.names)                                            0.345     5.163
[5173].out[0] (.names)                                           0.261     5.424
[19520].in[4] (.names)                                           0.347     5.770
[19520].out[0] (.names)                                          0.261     6.031
[5162].in[4] (.names)                                            0.269     6.300
[5162].out[0] (.names)                                           0.261     6.561
[19490].in[4] (.names)                                           0.421     6.982
[19490].out[0] (.names)                                          0.261     7.243
[19367].in[3] (.names)                                           0.345     7.588
[19367].out[0] (.names)                                          0.261     7.849
[16079].in[2] (.names)                                           0.498     8.347
[16079].out[0] (.names)                                          0.261     8.608
[16070].D[0] (.latch)                                            0.000     8.608
data arrival time                                                          8.608

clock pclk (rise edge)                                           0.000     0.000
clock source latency                                             0.000     0.000
pclk.inpad[0] (.input)                                           0.000     0.000
[16070].clk[0] (.latch)                                          0.042     0.042
clock uncertainty                                                0.000     0.042
cell setup time                                                 -0.066    -0.024
data required time                                                        -0.024
--------------------------------------------------------------------------------
data required time                                                        -0.024
data arrival time                                                         -8.608
--------------------------------------------------------------------------------
slack (VIOLATED)                                                          -8.631


#Path 7
Startpoint: ppeaki_7_7_.Q[0] (.latch clocked by pclk)
Endpoint  : [13370].D[0] (.latch clocked by pclk)
Path Type : setup

Point                                                             Incr      Path
--------------------------------------------------------------------------------
clock pclk (rise edge)                                           0.000     0.000
clock source latency                                             0.000     0.000
pclk.inpad[0] (.input)                                           0.000     0.000
ppeaki_7_7_.clk[0] (.latch)                                      0.042     0.042
ppeaki_7_7_.Q[0] (.latch) [clock-to-output]                      0.124     0.166
[5541].in[3] (.names)                                            0.365     0.531
[5541].out[0] (.names)                                           0.261     0.792
[17555].in[0] (.names)                                           0.345     1.137
[17555].out[0] (.names)                                          0.261     1.398
[17559].in[5] (.names)                                           0.497     1.895
[17559].out[0] (.names)                                          0.261     2.156
nen24_7.in[1] (.names)                                           0.423     2.579
nen24_7.out[0] (.names)                                          0.261     2.840
[17719].in[2] (.names)                                           0.579     3.419
[17719].out[0] (.names)                                          0.261     3.680
[5291].in[3] (.names)                                            0.270     3.950
[5291].out[0] (.names)                                           0.261     4.211
[4442].in[3] (.names)                                            0.346     4.557
[4442].out[0] (.names)                                           0.261     4.818
[5173].in[3] (.names)                                            0.345     5.163
[5173].out[0] (.names)                                           0.261     5.424
[19520].in[4] (.names)                                           0.347     5.770
[19520].out[0] (.names)                                          0.261     6.031
[5162].in[4] (.names)                                            0.269     6.300
[5162].out[0] (.names)                                           0.261     6.561
[19490].in[4] (.names)                                           0.421     6.982
[19490].out[0] (.names)                                          0.261     7.243
[19367].in[3] (.names)                                           0.345     7.588
[19367].out[0] (.names)                                          0.261     7.849
[13379].in[2] (.names)                                           0.498     8.347
[13379].out[0] (.names)                                          0.261     8.608
[13370].D[0] (.latch)                                            0.000     8.608
data arrival time                                                          8.608

clock pclk (rise edge)                                           0.000     0.000
clock source latency                                             0.000     0.000
pclk.inpad[0] (.input)                                           0.000     0.000
[13370].clk[0] (.latch)                                          0.042     0.042
clock uncertainty                                                0.000     0.042
cell setup time                                                 -0.066    -0.024
data required time                                                        -0.024
--------------------------------------------------------------------------------
data required time                                                        -0.024
data arrival time                                                         -8.608
--------------------------------------------------------------------------------
slack (VIOLATED)                                                          -8.631


#Path 8
Startpoint: ppeaki_7_7_.Q[0] (.latch clocked by pclk)
Endpoint  : [5435].D[0] (.latch clocked by pclk)
Path Type : setup

Point                                                             Incr      Path
--------------------------------------------------------------------------------
clock pclk (rise edge)                                           0.000     0.000
clock source latency                                             0.000     0.000
pclk.inpad[0] (.input)                                           0.000     0.000
ppeaki_7_7_.clk[0] (.latch)                                      0.042     0.042
ppeaki_7_7_.Q[0] (.latch) [clock-to-output]                      0.124     0.166
[5541].in[3] (.names)                                            0.365     0.531
[5541].out[0] (.names)                                           0.261     0.792
[17555].in[0] (.names)                                           0.345     1.137
[17555].out[0] (.names)                                          0.261     1.398
[17559].in[5] (.names)                                           0.497     1.895
[17559].out[0] (.names)                                          0.261     2.156
nen24_7.in[1] (.names)                                           0.423     2.579
nen24_7.out[0] (.names)                                          0.261     2.840
[17719].in[2] (.names)                                           0.579     3.419
[17719].out[0] (.names)                                          0.261     3.680
[5291].in[3] (.names)                                            0.270     3.950
[5291].out[0] (.names)                                           0.261     4.211
[4442].in[3] (.names)                                            0.346     4.557
[4442].out[0] (.names)                                           0.261     4.818
[5173].in[3] (.names)                                            0.345     5.163
[5173].out[0] (.names)                                           0.261     5.424
[19520].in[4] (.names)                                           0.347     5.770
[19520].out[0] (.names)                                          0.261     6.031
[5162].in[4] (.names)                                            0.269     6.300
[5162].out[0] (.names)                                           0.261     6.561
[19490].in[4] (.names)                                           0.421     6.982
[19490].out[0] (.names)                                          0.261     7.243
[19367].in[3] (.names)                                           0.345     7.588
[19367].out[0] (.names)                                          0.261     7.849
[5444].in[3] (.names)                                            0.498     8.347
[5444].out[0] (.names)                                           0.261     8.608
[5435].D[0] (.latch)                                             0.000     8.608
data arrival time                                                          8.608

clock pclk (rise edge)                                           0.000     0.000
clock source latency                                             0.000     0.000
pclk.inpad[0] (.input)                                           0.000     0.000
[5435].clk[0] (.latch)                                           0.042     0.042
clock uncertainty                                                0.000     0.042
cell setup time                                                 -0.066    -0.024
data required time                                                        -0.024
--------------------------------------------------------------------------------
data required time                                                        -0.024
data arrival time                                                         -8.608
--------------------------------------------------------------------------------
slack (VIOLATED)                                                          -8.631


#Path 9
Startpoint: ppeaki_7_7_.Q[0] (.latch clocked by pclk)
Endpoint  : [5480].D[0] (.latch clocked by pclk)
Path Type : setup

Point                                                             Incr      Path
--------------------------------------------------------------------------------
clock pclk (rise edge)                                           0.000     0.000
clock source latency                                             0.000     0.000
pclk.inpad[0] (.input)                                           0.000     0.000
ppeaki_7_7_.clk[0] (.latch)                                      0.042     0.042
ppeaki_7_7_.Q[0] (.latch) [clock-to-output]                      0.124     0.166
[5541].in[3] (.names)                                            0.365     0.531
[5541].out[0] (.names)                                           0.261     0.792
[17555].in[0] (.names)                                           0.345     1.137
[17555].out[0] (.names)                                          0.261     1.398
[17559].in[5] (.names)                                           0.497     1.895
[17559].out[0] (.names)                                          0.261     2.156
nen24_7.in[1] (.names)                                           0.423     2.579
nen24_7.out[0] (.names)                                          0.261     2.840
[17719].in[2] (.names)                                           0.579     3.419
[17719].out[0] (.names)                                          0.261     3.680
[5291].in[3] (.names)                                            0.270     3.950
[5291].out[0] (.names)                                           0.261     4.211
[4442].in[3] (.names)                                            0.346     4.557
[4442].out[0] (.names)                                           0.261     4.818
[5173].in[3] (.names)                                            0.345     5.163
[5173].out[0] (.names)                                           0.261     5.424
[19520].in[4] (.names)                                           0.347     5.770
[19520].out[0] (.names)                                          0.261     6.031
[5162].in[4] (.names)                                            0.269     6.300
[5162].out[0] (.names)                                           0.261     6.561
[19490].in[4] (.names)                                           0.421     6.982
[19490].out[0] (.names)                                          0.261     7.243
[19367].in[3] (.names)                                           0.345     7.588
[19367].out[0] (.names)                                          0.261     7.849
[5489].in[3] (.names)                                            0.422     8.270
[5489].out[0] (.names)                                           0.261     8.531
[5480].D[0] (.latch)                                             0.000     8.531
data arrival time                                                          8.531

clock pclk (rise edge)                                           0.000     0.000
clock source latency                                             0.000     0.000
pclk.inpad[0] (.input)                                           0.000     0.000
[5480].clk[0] (.latch)                                           0.042     0.042
clock uncertainty                                                0.000     0.042
cell setup time                                                 -0.066    -0.024
data required time                                                        -0.024
--------------------------------------------------------------------------------
data required time                                                        -0.024
data arrival time                                                         -8.531
--------------------------------------------------------------------------------
slack (VIOLATED)                                                          -8.555


#Path 10
Startpoint: ppeaki_7_7_.Q[0] (.latch clocked by pclk)
Endpoint  : [6080].D[0] (.latch clocked by pclk)
Path Type : setup

Point                                                             Incr      Path
--------------------------------------------------------------------------------
clock pclk (rise edge)                                           0.000     0.000
clock source latency                                             0.000     0.000
pclk.inpad[0] (.input)                                           0.000     0.000
ppeaki_7_7_.clk[0] (.latch)                                      0.042     0.042
ppeaki_7_7_.Q[0] (.latch) [clock-to-output]                      0.124     0.166
[5541].in[3] (.names)                                            0.365     0.531
[5541].out[0] (.names)                                           0.261     0.792
[17555].in[0] (.names)                                           0.345     1.137
[17555].out[0] (.names)                                          0.261     1.398
[17559].in[5] (.names)                                           0.497     1.895
[17559].out[0] (.names)                                          0.261     2.156
nen24_7.in[1] (.names)                                           0.423     2.579
nen24_7.out[0] (.names)                                          0.261     2.840
[17719].in[2] (.names)                                           0.579     3.419
[17719].out[0] (.names)                                          0.261     3.680
[5291].in[3] (.names)                                            0.270     3.950
[5291].out[0] (.names)                                           0.261     4.211
[4442].in[3] (.names)                                            0.346     4.557
[4442].out[0] (.names)                                           0.261     4.818
[5173].in[3] (.names)                                            0.345     5.163
[5173].out[0] (.names)                                           0.261     5.424
[19520].in[4] (.names)                                           0.347     5.770
[19520].out[0] (.names)                                          0.261     6.031
[5162].in[4] (.names)                                            0.269     6.300
[5162].out[0] (.names)                                           0.261     6.561
[19490].in[4] (.names)                                           0.421     6.982
[19490].out[0] (.names)                                          0.261     7.243
[19367].in[3] (.names)                                           0.345     7.588
[19367].out[0] (.names)                                          0.261     7.849
[6089].in[3] (.names)                                            0.422     8.270
[6089].out[0] (.names)                                           0.261     8.531
[6080].D[0] (.latch)                                             0.000     8.531
data arrival time                                                          8.531

clock pclk (rise edge)                                           0.000     0.000
clock source latency                                             0.000     0.000
pclk.inpad[0] (.input)                                           0.000     0.000
[6080].clk[0] (.latch)                                           0.042     0.042
clock uncertainty                                                0.000     0.042
cell setup time                                                 -0.066    -0.024
data required time                                                        -0.024
--------------------------------------------------------------------------------
data required time                                                        -0.024
data arrival time                                                         -8.531
--------------------------------------------------------------------------------
slack (VIOLATED)                                                          -8.555


#Path 11
Startpoint: ppeaki_7_7_.Q[0] (.latch clocked by pclk)
Endpoint  : [10055].D[0] (.latch clocked by pclk)
Path Type : setup

Point                                                             Incr      Path
--------------------------------------------------------------------------------
clock pclk (rise edge)                                           0.000     0.000
clock source latency                                             0.000     0.000
pclk.inpad[0] (.input)                                           0.000     0.000
ppeaki_7_7_.clk[0] (.latch)                                      0.042     0.042
ppeaki_7_7_.Q[0] (.latch) [clock-to-output]                      0.124     0.166
[5541].in[3] (.names)                                            0.365     0.531
[5541].out[0] (.names)                                           0.261     0.792
[17555].in[0] (.names)                                           0.345     1.137
[17555].out[0] (.names)                                          0.261     1.398
[17559].in[5] (.names)                                           0.497     1.895
[17559].out[0] (.names)                                          0.261     2.156
nen24_7.in[1] (.names)                                           0.423     2.579
nen24_7.out[0] (.names)                                          0.261     2.840
[17719].in[2] (.names)                                           0.579     3.419
[17719].out[0] (.names)                                          0.261     3.680
[5291].in[3] (.names)                                            0.270     3.950
[5291].out[0] (.names)                                           0.261     4.211
[4442].in[3] (.names)                                            0.346     4.557
[4442].out[0] (.names)                                           0.261     4.818
[5173].in[3] (.names)                                            0.345     5.163
[5173].out[0] (.names)                                           0.261     5.424
[19520].in[4] (.names)                                           0.347     5.770
[19520].out[0] (.names)                                          0.261     6.031
[5162].in[4] (.names)                                            0.269     6.300
[5162].out[0] (.names)                                           0.261     6.561
[19490].in[4] (.names)                                           0.421     6.982
[19490].out[0] (.names)                                          0.261     7.243
[19367].in[3] (.names)                                           0.345     7.588
[19367].out[0] (.names)                                          0.261     7.849
[10064].in[4] (.names)                                           0.422     8.270
[10064].out[0] (.names)                                          0.261     8.531
[10055].D[0] (.latch)                                            0.000     8.531
data arrival time                                                          8.531

clock pclk (rise edge)                                           0.000     0.000
clock source latency                                             0.000     0.000
pclk.inpad[0] (.input)                                           0.000     0.000
[10055].clk[0] (.latch)                                          0.042     0.042
clock uncertainty                                                0.000     0.042
cell setup time                                                 -0.066    -0.024
data required time                                                        -0.024
--------------------------------------------------------------------------------
data required time                                                        -0.024
data arrival time                                                         -8.531
--------------------------------------------------------------------------------
slack (VIOLATED)                                                          -8.555


#Path 12
Startpoint: ppeaki_7_7_.Q[0] (.latch clocked by pclk)
Endpoint  : [7400].D[0] (.latch clocked by pclk)
Path Type : setup

Point                                                             Incr      Path
--------------------------------------------------------------------------------
clock pclk (rise edge)                                           0.000     0.000
clock source latency                                             0.000     0.000
pclk.inpad[0] (.input)                                           0.000     0.000
ppeaki_7_7_.clk[0] (.latch)                                      0.042     0.042
ppeaki_7_7_.Q[0] (.latch) [clock-to-output]                      0.124     0.166
[5541].in[3] (.names)                                            0.365     0.531
[5541].out[0] (.names)                                           0.261     0.792
[17555].in[0] (.names)                                           0.345     1.137
[17555].out[0] (.names)                                          0.261     1.398
[17559].in[5] (.names)                                           0.497     1.895
[17559].out[0] (.names)                                          0.261     2.156
nen24_7.in[1] (.names)                                           0.423     2.579
nen24_7.out[0] (.names)                                          0.261     2.840
[17719].in[2] (.names)                                           0.579     3.419
[17719].out[0] (.names)                                          0.261     3.680
[5291].in[3] (.names)                                            0.270     3.950
[5291].out[0] (.names)                                           0.261     4.211
[4442].in[3] (.names)                                            0.346     4.557
[4442].out[0] (.names)                                           0.261     4.818
[5173].in[3] (.names)                                            0.345     5.163
[5173].out[0] (.names)                                           0.261     5.424
[19520].in[4] (.names)                                           0.347     5.770
[19520].out[0] (.names)                                          0.261     6.031
[5162].in[4] (.names)                                            0.269     6.300
[5162].out[0] (.names)                                           0.261     6.561
[19490].in[4] (.names)                                           0.421     6.982
[19490].out[0] (.names)                                          0.261     7.243
[19367].in[3] (.names)                                           0.345     7.588
[19367].out[0] (.names)                                          0.261     7.849
[7409].in[4] (.names)                                            0.422     8.270
[7409].out[0] (.names)                                           0.261     8.531
[7400].D[0] (.latch)                                             0.000     8.531
data arrival time                                                          8.531

clock pclk (rise edge)                                           0.000     0.000
clock source latency                                             0.000     0.000
pclk.inpad[0] (.input)                                           0.000     0.000
[7400].clk[0] (.latch)                                           0.042     0.042
clock uncertainty                                                0.000     0.042
cell setup time                                                 -0.066    -0.024
data required time                                                        -0.024
--------------------------------------------------------------------------------
data required time                                                        -0.024
data arrival time                                                         -8.531
--------------------------------------------------------------------------------
slack (VIOLATED)                                                          -8.555


#Path 13
Startpoint: ppeaki_7_7_.Q[0] (.latch clocked by pclk)
Endpoint  : [6725].D[0] (.latch clocked by pclk)
Path Type : setup

Point                                                             Incr      Path
--------------------------------------------------------------------------------
clock pclk (rise edge)                                           0.000     0.000
clock source latency                                             0.000     0.000
pclk.inpad[0] (.input)                                           0.000     0.000
ppeaki_7_7_.clk[0] (.latch)                                      0.042     0.042
ppeaki_7_7_.Q[0] (.latch) [clock-to-output]                      0.124     0.166
[5541].in[3] (.names)                                            0.365     0.531
[5541].out[0] (.names)                                           0.261     0.792
[17555].in[0] (.names)                                           0.345     1.137
[17555].out[0] (.names)                                          0.261     1.398
[17559].in[5] (.names)                                           0.497     1.895
[17559].out[0] (.names)                                          0.261     2.156
nen24_7.in[1] (.names)                                           0.423     2.579
nen24_7.out[0] (.names)                                          0.261     2.840
[17719].in[2] (.names)                                           0.579     3.419
[17719].out[0] (.names)                                          0.261     3.680
[5291].in[3] (.names)                                            0.270     3.950
[5291].out[0] (.names)                                           0.261     4.211
[4442].in[3] (.names)                                            0.346     4.557
[4442].out[0] (.names)                                           0.261     4.818
[5173].in[3] (.names)                                            0.345     5.163
[5173].out[0] (.names)                                           0.261     5.424
[19520].in[4] (.names)                                           0.347     5.770
[19520].out[0] (.names)                                          0.261     6.031
[5162].in[4] (.names)                                            0.269     6.300
[5162].out[0] (.names)                                           0.261     6.561
[19490].in[4] (.names)                                           0.421     6.982
[19490].out[0] (.names)                                          0.261     7.243
[19367].in[3] (.names)                                           0.345     7.588
[19367].out[0] (.names)                                          0.261     7.849
[6734].in[4] (.names)                                            0.422     8.270
[6734].out[0] (.names)                                           0.261     8.531
[6725].D[0] (.latch)                                             0.000     8.531
data arrival time                                                          8.531

clock pclk (rise edge)                                           0.000     0.000
clock source latency                                             0.000     0.000
pclk.inpad[0] (.input)                                           0.000     0.000
[6725].clk[0] (.latch)                                           0.042     0.042
clock uncertainty                                                0.000     0.042
cell setup time                                                 -0.066    -0.024
data required time                                                        -0.024
--------------------------------------------------------------------------------
data required time                                                        -0.024
data arrival time                                                         -8.531
--------------------------------------------------------------------------------
slack (VIOLATED)                                                          -8.555


#Path 14
Startpoint: ppeaki_7_7_.Q[0] (.latch clocked by pclk)
Endpoint  : [14270].D[0] (.latch clocked by pclk)
Path Type : setup

Point                                                             Incr      Path
--------------------------------------------------------------------------------
clock pclk (rise edge)                                           0.000     0.000
clock source latency                                             0.000     0.000
pclk.inpad[0] (.input)                                           0.000     0.000
ppeaki_7_7_.clk[0] (.latch)                                      0.042     0.042
ppeaki_7_7_.Q[0] (.latch) [clock-to-output]                      0.124     0.166
[5541].in[3] (.names)                                            0.365     0.531
[5541].out[0] (.names)                                           0.261     0.792
[17555].in[0] (.names)                                           0.345     1.137
[17555].out[0] (.names)                                          0.261     1.398
[17559].in[5] (.names)                                           0.497     1.895
[17559].out[0] (.names)                                          0.261     2.156
nen24_7.in[1] (.names)                                           0.423     2.579
nen24_7.out[0] (.names)                                          0.261     2.840
[17925].in[2] (.names)                                           0.733     3.573
[17925].out[0] (.names)                                          0.261     3.834
[19153].in[5] (.names)                                           0.650     4.484
[19153].out[0] (.names)                                          0.261     4.745
[19157].in[2] (.names)                                           0.347     5.092
[19157].out[0] (.names)                                          0.261     5.353
[19221].in[2] (.names)                                           0.100     5.453
[19221].out[0] (.names)                                          0.261     5.714
[19227].in[2] (.names)                                           0.100     5.814
[19227].out[0] (.names)                                          0.261     6.075
[19232].in[2] (.names)                                           0.100     6.175
[19232].out[0] (.names)                                          0.261     6.436
[19215].in[2] (.names)                                           0.423     6.858
[19215].out[0] (.names)                                          0.261     7.119
[19068].in[5] (.names)                                           0.100     7.219
[19068].out[0] (.names)                                          0.261     7.480
[14279].in[3] (.names)                                           0.732     8.212
[14279].out[0] (.names)                                          0.261     8.473
[14270].D[0] (.latch)                                            0.000     8.473
data arrival time                                                          8.473

clock pclk (rise edge)                                           0.000     0.000
clock source latency                                             0.000     0.000
pclk.inpad[0] (.input)                                           0.000     0.000
[14270].clk[0] (.latch)                                          0.042     0.042
clock uncertainty                                                0.000     0.042
cell setup time                                                 -0.066    -0.024
data required time                                                        -0.024
--------------------------------------------------------------------------------
data required time                                                        -0.024
data arrival time                                                         -8.473
--------------------------------------------------------------------------------
slack (VIOLATED)                                                          -8.497


#Path 15
Startpoint: ppeaki_7_7_.Q[0] (.latch clocked by pclk)
Endpoint  : [11450].D[0] (.latch clocked by pclk)
Path Type : setup

Point                                                             Incr      Path
--------------------------------------------------------------------------------
clock pclk (rise edge)                                           0.000     0.000
clock source latency                                             0.000     0.000
pclk.inpad[0] (.input)                                           0.000     0.000
ppeaki_7_7_.clk[0] (.latch)                                      0.042     0.042
ppeaki_7_7_.Q[0] (.latch) [clock-to-output]                      0.124     0.166
[5541].in[3] (.names)                                            0.365     0.531
[5541].out[0] (.names)                                           0.261     0.792
[17555].in[0] (.names)                                           0.345     1.137
[17555].out[0] (.names)                                          0.261     1.398
[17559].in[5] (.names)                                           0.497     1.895
[17559].out[0] (.names)                                          0.261     2.156
nen24_7.in[1] (.names)                                           0.423     2.579
nen24_7.out[0] (.names)                                          0.261     2.840
[17925].in[2] (.names)                                           0.733     3.573
[17925].out[0] (.names)                                          0.261     3.834
[19153].in[5] (.names)                                           0.650     4.484
[19153].out[0] (.names)                                          0.261     4.745
[19157].in[2] (.names)                                           0.347     5.092
[19157].out[0] (.names)                                          0.261     5.353
[19221].in[2] (.names)                                           0.100     5.453
[19221].out[0] (.names)                                          0.261     5.714
[19227].in[2] (.names)                                           0.100     5.814
[19227].out[0] (.names)                                          0.261     6.075
[19232].in[2] (.names)                                           0.100     6.175
[19232].out[0] (.names)                                          0.261     6.436
[19215].in[2] (.names)                                           0.423     6.858
[19215].out[0] (.names)                                          0.261     7.119
[4388].in[3] (.names)                                            0.100     7.219
[4388].out[0] (.names)                                           0.261     7.480
[11459].in[4] (.names)                                           0.726     8.206
[11459].out[0] (.names)                                          0.261     8.467
[11450].D[0] (.latch)                                            0.000     8.467
data arrival time                                                          8.467

clock pclk (rise edge)                                           0.000     0.000
clock source latency                                             0.000     0.000
pclk.inpad[0] (.input)                                           0.000     0.000
[11450].clk[0] (.latch)                                          0.042     0.042
clock uncertainty                                                0.000     0.042
cell setup time                                                 -0.066    -0.024
data required time                                                        -0.024
--------------------------------------------------------------------------------
data required time                                                        -0.024
data arrival time                                                         -8.467
--------------------------------------------------------------------------------
slack (VIOLATED)                                                          -8.491


#Path 16
Startpoint: ppeaki_7_7_.Q[0] (.latch clocked by pclk)
Endpoint  : [12425].D[0] (.latch clocked by pclk)
Path Type : setup

Point                                                             Incr      Path
--------------------------------------------------------------------------------
clock pclk (rise edge)                                           0.000     0.000
clock source latency                                             0.000     0.000
pclk.inpad[0] (.input)                                           0.000     0.000
ppeaki_7_7_.clk[0] (.latch)                                      0.042     0.042
ppeaki_7_7_.Q[0] (.latch) [clock-to-output]                      0.124     0.166
[5541].in[3] (.names)                                            0.365     0.531
[5541].out[0] (.names)                                           0.261     0.792
[17555].in[0] (.names)                                           0.345     1.137
[17555].out[0] (.names)                                          0.261     1.398
[17559].in[5] (.names)                                           0.497     1.895
[17559].out[0] (.names)                                          0.261     2.156
nen24_7.in[1] (.names)                                           0.423     2.579
nen24_7.out[0] (.names)                                          0.261     2.840
[17925].in[2] (.names)                                           0.733     3.573
[17925].out[0] (.names)                                          0.261     3.834
[19153].in[5] (.names)                                           0.650     4.484
[19153].out[0] (.names)                                          0.261     4.745
[19157].in[2] (.names)                                           0.347     5.092
[19157].out[0] (.names)                                          0.261     5.353
[19221].in[2] (.names)                                           0.100     5.453
[19221].out[0] (.names)                                          0.261     5.714
[19227].in[2] (.names)                                           0.100     5.814
[19227].out[0] (.names)                                          0.261     6.075
[19232].in[2] (.names)                                           0.100     6.175
[19232].out[0] (.names)                                          0.261     6.436
[19215].in[2] (.names)                                           0.423     6.858
[19215].out[0] (.names)                                          0.261     7.119
[4388].in[3] (.names)                                            0.100     7.219
[4388].out[0] (.names)                                           0.261     7.480
[12434].in[4] (.names)                                           0.726     8.206
[12434].out[0] (.names)                                          0.261     8.467
[12425].D[0] (.latch)                                            0.000     8.467
data arrival time                                                          8.467

clock pclk (rise edge)                                           0.000     0.000
clock source latency                                             0.000     0.000
pclk.inpad[0] (.input)                                           0.000     0.000
[12425].clk[0] (.latch)                                          0.042     0.042
clock uncertainty                                                0.000     0.042
cell setup time                                                 -0.066    -0.024
data required time                                                        -0.024
--------------------------------------------------------------------------------
data required time                                                        -0.024
data arrival time                                                         -8.467
--------------------------------------------------------------------------------
slack (VIOLATED)                                                          -8.491


#Path 17
Startpoint: ppeaki_7_7_.Q[0] (.latch clocked by pclk)
Endpoint  : [6755].D[0] (.latch clocked by pclk)
Path Type : setup

Point                                                             Incr      Path
--------------------------------------------------------------------------------
clock pclk (rise edge)                                           0.000     0.000
clock source latency                                             0.000     0.000
pclk.inpad[0] (.input)                                           0.000     0.000
ppeaki_7_7_.clk[0] (.latch)                                      0.042     0.042
ppeaki_7_7_.Q[0] (.latch) [clock-to-output]                      0.124     0.166
[5541].in[3] (.names)                                            0.365     0.531
[5541].out[0] (.names)                                           0.261     0.792
[17555].in[0] (.names)                                           0.345     1.137
[17555].out[0] (.names)                                          0.261     1.398
[17559].in[5] (.names)                                           0.497     1.895
[17559].out[0] (.names)                                          0.261     2.156
nen24_7.in[1] (.names)                                           0.423     2.579
nen24_7.out[0] (.names)                                          0.261     2.840
[17719].in[2] (.names)                                           0.579     3.419
[17719].out[0] (.names)                                          0.261     3.680
[5291].in[3] (.names)                                            0.270     3.950
[5291].out[0] (.names)                                           0.261     4.211
[4442].in[3] (.names)                                            0.346     4.557
[4442].out[0] (.names)                                           0.261     4.818
[5173].in[3] (.names)                                            0.345     5.163
[5173].out[0] (.names)                                           0.261     5.424
[19520].in[4] (.names)                                           0.347     5.770
[19520].out[0] (.names)                                          0.261     6.031
[5162].in[4] (.names)                                            0.269     6.300
[5162].out[0] (.names)                                           0.261     6.561
[19490].in[4] (.names)                                           0.421     6.982
[19490].out[0] (.names)                                          0.261     7.243
[19474].in[3] (.names)                                           0.347     7.589
[19474].out[0] (.names)                                          0.261     7.850
[6764].in[3] (.names)                                            0.345     8.195
[6764].out[0] (.names)                                           0.261     8.456
[6755].D[0] (.latch)                                             0.000     8.456
data arrival time                                                          8.456

clock pclk (rise edge)                                           0.000     0.000
clock source latency                                             0.000     0.000
pclk.inpad[0] (.input)                                           0.000     0.000
[6755].clk[0] (.latch)                                           0.042     0.042
clock uncertainty                                                0.000     0.042
cell setup time                                                 -0.066    -0.024
data required time                                                        -0.024
--------------------------------------------------------------------------------
data required time                                                        -0.024
data arrival time                                                         -8.456
--------------------------------------------------------------------------------
slack (VIOLATED)                                                          -8.480


#Path 18
Startpoint: ppeaki_7_7_.Q[0] (.latch clocked by pclk)
Endpoint  : [7355].D[0] (.latch clocked by pclk)
Path Type : setup

Point                                                             Incr      Path
--------------------------------------------------------------------------------
clock pclk (rise edge)                                           0.000     0.000
clock source latency                                             0.000     0.000
pclk.inpad[0] (.input)                                           0.000     0.000
ppeaki_7_7_.clk[0] (.latch)                                      0.042     0.042
ppeaki_7_7_.Q[0] (.latch) [clock-to-output]                      0.124     0.166
[5541].in[3] (.names)                                            0.365     0.531
[5541].out[0] (.names)                                           0.261     0.792
[17555].in[0] (.names)                                           0.345     1.137
[17555].out[0] (.names)                                          0.261     1.398
[17559].in[5] (.names)                                           0.497     1.895
[17559].out[0] (.names)                                          0.261     2.156
nen24_7.in[1] (.names)                                           0.423     2.579
nen24_7.out[0] (.names)                                          0.261     2.840
[17719].in[2] (.names)                                           0.579     3.419
[17719].out[0] (.names)                                          0.261     3.680
[5291].in[3] (.names)                                            0.270     3.950
[5291].out[0] (.names)                                           0.261     4.211
[4442].in[3] (.names)                                            0.346     4.557
[4442].out[0] (.names)                                           0.261     4.818
[5173].in[3] (.names)                                            0.345     5.163
[5173].out[0] (.names)                                           0.261     5.424
[19520].in[4] (.names)                                           0.347     5.770
[19520].out[0] (.names)                                          0.261     6.031
[5162].in[4] (.names)                                            0.269     6.300
[5162].out[0] (.names)                                           0.261     6.561
[19490].in[4] (.names)                                           0.421     6.982
[19490].out[0] (.names)                                          0.261     7.243
[19474].in[3] (.names)                                           0.347     7.589
[19474].out[0] (.names)                                          0.261     7.850
[7364].in[3] (.names)                                            0.345     8.195
[7364].out[0] (.names)                                           0.261     8.456
[7355].D[0] (.latch)                                             0.000     8.456
data arrival time                                                          8.456

clock pclk (rise edge)                                           0.000     0.000
clock source latency                                             0.000     0.000
pclk.inpad[0] (.input)                                           0.000     0.000
[7355].clk[0] (.latch)                                           0.042     0.042
clock uncertainty                                                0.000     0.042
cell setup time                                                 -0.066    -0.024
data required time                                                        -0.024
--------------------------------------------------------------------------------
data required time                                                        -0.024
data arrival time                                                         -8.456
--------------------------------------------------------------------------------
slack (VIOLATED)                                                          -8.480


#Path 19
Startpoint: ppeaki_7_7_.Q[0] (.latch clocked by pclk)
Endpoint  : [10340].D[0] (.latch clocked by pclk)
Path Type : setup

Point                                                             Incr      Path
--------------------------------------------------------------------------------
clock pclk (rise edge)                                           0.000     0.000
clock source latency                                             0.000     0.000
pclk.inpad[0] (.input)                                           0.000     0.000
ppeaki_7_7_.clk[0] (.latch)                                      0.042     0.042
ppeaki_7_7_.Q[0] (.latch) [clock-to-output]                      0.124     0.166
[5541].in[3] (.names)                                            0.365     0.531
[5541].out[0] (.names)                                           0.261     0.792
[17555].in[0] (.names)                                           0.345     1.137
[17555].out[0] (.names)                                          0.261     1.398
[17559].in[5] (.names)                                           0.497     1.895
[17559].out[0] (.names)                                          0.261     2.156
nen24_7.in[1] (.names)                                           0.423     2.579
nen24_7.out[0] (.names)                                          0.261     2.840
[17719].in[2] (.names)                                           0.579     3.419
[17719].out[0] (.names)                                          0.261     3.680
[5291].in[3] (.names)                                            0.270     3.950
[5291].out[0] (.names)                                           0.261     4.211
[4442].in[3] (.names)                                            0.346     4.557
[4442].out[0] (.names)                                           0.261     4.818
[5173].in[3] (.names)                                            0.345     5.163
[5173].out[0] (.names)                                           0.261     5.424
[19520].in[4] (.names)                                           0.347     5.770
[19520].out[0] (.names)                                          0.261     6.031
[5162].in[4] (.names)                                            0.269     6.300
[5162].out[0] (.names)                                           0.261     6.561
[19490].in[4] (.names)                                           0.421     6.982
[19490].out[0] (.names)                                          0.261     7.243
[3481].in[4] (.names)                                            0.269     7.511
[3481].out[0] (.names)                                           0.261     7.772
[10349].in[4] (.names)                                           0.423     8.195
[10349].out[0] (.names)                                          0.261     8.456
[10340].D[0] (.latch)                                            0.000     8.456
data arrival time                                                          8.456

clock pclk (rise edge)                                           0.000     0.000
clock source latency                                             0.000     0.000
pclk.inpad[0] (.input)                                           0.000     0.000
[10340].clk[0] (.latch)                                          0.042     0.042
clock uncertainty                                                0.000     0.042
cell setup time                                                 -0.066    -0.024
data required time                                                        -0.024
--------------------------------------------------------------------------------
data required time                                                        -0.024
data arrival time                                                         -8.456
--------------------------------------------------------------------------------
slack (VIOLATED)                                                          -8.480


#Path 20
Startpoint: ppeaki_7_7_.Q[0] (.latch clocked by pclk)
Endpoint  : [10730].D[0] (.latch clocked by pclk)
Path Type : setup

Point                                                             Incr      Path
--------------------------------------------------------------------------------
clock pclk (rise edge)                                           0.000     0.000
clock source latency                                             0.000     0.000
pclk.inpad[0] (.input)                                           0.000     0.000
ppeaki_7_7_.clk[0] (.latch)                                      0.042     0.042
ppeaki_7_7_.Q[0] (.latch) [clock-to-output]                      0.124     0.166
[5541].in[3] (.names)                                            0.365     0.531
[5541].out[0] (.names)                                           0.261     0.792
[17555].in[0] (.names)                                           0.345     1.137
[17555].out[0] (.names)                                          0.261     1.398
[17559].in[5] (.names)                                           0.497     1.895
[17559].out[0] (.names)                                          0.261     2.156
nen24_7.in[1] (.names)                                           0.423     2.579
nen24_7.out[0] (.names)                                          0.261     2.840
[17925].in[2] (.names)                                           0.733     3.573
[17925].out[0] (.names)                                          0.261     3.834
[19153].in[5] (.names)                                           0.650     4.484
[19153].out[0] (.names)                                          0.261     4.745
[19157].in[2] (.names)                                           0.347     5.092
[19157].out[0] (.names)                                          0.261     5.353
[19221].in[2] (.names)                                           0.100     5.453
[19221].out[0] (.names)                                          0.261     5.714
[19227].in[2] (.names)                                           0.100     5.814
[19227].out[0] (.names)                                          0.261     6.075
[19232].in[2] (.names)                                           0.100     6.175
[19232].out[0] (.names)                                          0.261     6.436
[19215].in[2] (.names)                                           0.423     6.858
[19215].out[0] (.names)                                          0.261     7.119
[19068].in[5] (.names)                                           0.100     7.219
[19068].out[0] (.names)                                          0.261     7.480
[10739].in[4] (.names)                                           0.653     8.133
[10739].out[0] (.names)                                          0.261     8.394
[10730].D[0] (.latch)                                            0.000     8.394
data arrival time                                                          8.394

clock pclk (rise edge)                                           0.000     0.000
clock source latency                                             0.000     0.000
pclk.inpad[0] (.input)                                           0.000     0.000
[10730].clk[0] (.latch)                                          0.042     0.042
clock uncertainty                                                0.000     0.042
cell setup time                                                 -0.066    -0.024
data required time                                                        -0.024
--------------------------------------------------------------------------------
data required time                                                        -0.024
data arrival time                                                         -8.394
--------------------------------------------------------------------------------
slack (VIOLATED)                                                          -8.418


#Path 21
Startpoint: ppeaki_7_7_.Q[0] (.latch clocked by pclk)
Endpoint  : [10070].D[0] (.latch clocked by pclk)
Path Type : setup

Point                                                             Incr      Path
--------------------------------------------------------------------------------
clock pclk (rise edge)                                           0.000     0.000
clock source latency                                             0.000     0.000
pclk.inpad[0] (.input)                                           0.000     0.000
ppeaki_7_7_.clk[0] (.latch)                                      0.042     0.042
ppeaki_7_7_.Q[0] (.latch) [clock-to-output]                      0.124     0.166
[5541].in[3] (.names)                                            0.365     0.531
[5541].out[0] (.names)                                           0.261     0.792
[17555].in[0] (.names)                                           0.345     1.137
[17555].out[0] (.names)                                          0.261     1.398
[17559].in[5] (.names)                                           0.497     1.895
[17559].out[0] (.names)                                          0.261     2.156
nen24_7.in[1] (.names)                                           0.423     2.579
nen24_7.out[0] (.names)                                          0.261     2.840
[17925].in[2] (.names)                                           0.733     3.573
[17925].out[0] (.names)                                          0.261     3.834
[19153].in[5] (.names)                                           0.650     4.484
[19153].out[0] (.names)                                          0.261     4.745
[19157].in[2] (.names)                                           0.347     5.092
[19157].out[0] (.names)                                          0.261     5.353
[19221].in[2] (.names)                                           0.100     5.453
[19221].out[0] (.names)                                          0.261     5.714
[19227].in[2] (.names)                                           0.100     5.814
[19227].out[0] (.names)                                          0.261     6.075
[19232].in[2] (.names)                                           0.100     6.175
[19232].out[0] (.names)                                          0.261     6.436
[19215].in[2] (.names)                                           0.423     6.858
[19215].out[0] (.names)                                          0.261     7.119
[19068].in[5] (.names)                                           0.100     7.219
[19068].out[0] (.names)                                          0.261     7.480
[10079].in[4] (.names)                                           0.653     8.133
[10079].out[0] (.names)                                          0.261     8.394
[10070].D[0] (.latch)                                            0.000     8.394
data arrival time                                                          8.394

clock pclk (rise edge)                                           0.000     0.000
clock source latency                                             0.000     0.000
pclk.inpad[0] (.input)                                           0.000     0.000
[10070].clk[0] (.latch)                                          0.042     0.042
clock uncertainty                                                0.000     0.042
cell setup time                                                 -0.066    -0.024
data required time                                                        -0.024
--------------------------------------------------------------------------------
data required time                                                        -0.024
data arrival time                                                         -8.394
--------------------------------------------------------------------------------
slack (VIOLATED)                                                          -8.418


#Path 22
Startpoint: ppeaki_7_7_.Q[0] (.latch clocked by pclk)
Endpoint  : [14690].D[0] (.latch clocked by pclk)
Path Type : setup

Point                                                             Incr      Path
--------------------------------------------------------------------------------
clock pclk (rise edge)                                           0.000     0.000
clock source latency                                             0.000     0.000
pclk.inpad[0] (.input)                                           0.000     0.000
ppeaki_7_7_.clk[0] (.latch)                                      0.042     0.042
ppeaki_7_7_.Q[0] (.latch) [clock-to-output]                      0.124     0.166
[5541].in[3] (.names)                                            0.365     0.531
[5541].out[0] (.names)                                           0.261     0.792
[17555].in[0] (.names)                                           0.345     1.137
[17555].out[0] (.names)                                          0.261     1.398
[17559].in[5] (.names)                                           0.497     1.895
[17559].out[0] (.names)                                          0.261     2.156
nen24_7.in[1] (.names)                                           0.423     2.579
nen24_7.out[0] (.names)                                          0.261     2.840
[17925].in[2] (.names)                                           0.733     3.573
[17925].out[0] (.names)                                          0.261     3.834
[19153].in[5] (.names)                                           0.650     4.484
[19153].out[0] (.names)                                          0.261     4.745
[19157].in[2] (.names)                                           0.347     5.092
[19157].out[0] (.names)                                          0.261     5.353
[19221].in[2] (.names)                                           0.100     5.453
[19221].out[0] (.names)                                          0.261     5.714
[19227].in[2] (.names)                                           0.100     5.814
[19227].out[0] (.names)                                          0.261     6.075
[19232].in[2] (.names)                                           0.100     6.175
[19232].out[0] (.names)                                          0.261     6.436
[19215].in[2] (.names)                                           0.423     6.858
[19215].out[0] (.names)                                          0.261     7.119
[14699].in[4] (.names)                                           0.965     8.084
[14699].out[0] (.names)                                          0.261     8.345
[14690].D[0] (.latch)                                            0.000     8.345
data arrival time                                                          8.345

clock pclk (rise edge)                                           0.000     0.000
clock source latency                                             0.000     0.000
pclk.inpad[0] (.input)                                           0.000     0.000
[14690].clk[0] (.latch)                                          0.042     0.042
clock uncertainty                                                0.000     0.042
cell setup time                                                 -0.066    -0.024
data required time                                                        -0.024
--------------------------------------------------------------------------------
data required time                                                        -0.024
data arrival time                                                         -8.345
--------------------------------------------------------------------------------
slack (VIOLATED)                                                          -8.369


#Path 23
Startpoint: ppeaki_7_7_.Q[0] (.latch clocked by pclk)
Endpoint  : [9890].D[0] (.latch clocked by pclk)
Path Type : setup

Point                                                             Incr      Path
--------------------------------------------------------------------------------
clock pclk (rise edge)                                           0.000     0.000
clock source latency                                             0.000     0.000
pclk.inpad[0] (.input)                                           0.000     0.000
ppeaki_7_7_.clk[0] (.latch)                                      0.042     0.042
ppeaki_7_7_.Q[0] (.latch) [clock-to-output]                      0.124     0.166
[5541].in[3] (.names)                                            0.365     0.531
[5541].out[0] (.names)                                           0.261     0.792
[17555].in[0] (.names)                                           0.345     1.137
[17555].out[0] (.names)                                          0.261     1.398
[17559].in[5] (.names)                                           0.497     1.895
[17559].out[0] (.names)                                          0.261     2.156
nen24_7.in[1] (.names)                                           0.423     2.579
nen24_7.out[0] (.names)                                          0.261     2.840
[17925].in[2] (.names)                                           0.733     3.573
[17925].out[0] (.names)                                          0.261     3.834
[19153].in[5] (.names)                                           0.650     4.484
[19153].out[0] (.names)                                          0.261     4.745
[19157].in[2] (.names)                                           0.347     5.092
[19157].out[0] (.names)                                          0.261     5.353
[19221].in[2] (.names)                                           0.100     5.453
[19221].out[0] (.names)                                          0.261     5.714
[19227].in[2] (.names)                                           0.100     5.814
[19227].out[0] (.names)                                          0.261     6.075
[19232].in[2] (.names)                                           0.100     6.175
[19232].out[0] (.names)                                          0.261     6.436
[19215].in[2] (.names)                                           0.423     6.858
[19215].out[0] (.names)                                          0.261     7.119
[4388].in[3] (.names)                                            0.100     7.219
[4388].out[0] (.names)                                           0.261     7.480
[9899].in[4] (.names)                                            0.575     8.056
[9899].out[0] (.names)                                           0.261     8.317
[9890].D[0] (.latch)                                             0.000     8.317
data arrival time                                                          8.317

clock pclk (rise edge)                                           0.000     0.000
clock source latency                                             0.000     0.000
pclk.inpad[0] (.input)                                           0.000     0.000
[9890].clk[0] (.latch)                                           0.042     0.042
clock uncertainty                                                0.000     0.042
cell setup time                                                 -0.066    -0.024
data required time                                                        -0.024
--------------------------------------------------------------------------------
data required time                                                        -0.024
data arrival time                                                         -8.317
--------------------------------------------------------------------------------
slack (VIOLATED)                                                          -8.340


#Path 24
Startpoint: ppeaki_7_7_.Q[0] (.latch clocked by pclk)
Endpoint  : [9740].D[0] (.latch clocked by pclk)
Path Type : setup

Point                                                             Incr      Path
--------------------------------------------------------------------------------
clock pclk (rise edge)                                           0.000     0.000
clock source latency                                             0.000     0.000
pclk.inpad[0] (.input)                                           0.000     0.000
ppeaki_7_7_.clk[0] (.latch)                                      0.042     0.042
ppeaki_7_7_.Q[0] (.latch) [clock-to-output]                      0.124     0.166
[5541].in[3] (.names)                                            0.365     0.531
[5541].out[0] (.names)                                           0.261     0.792
[17555].in[0] (.names)                                           0.345     1.137
[17555].out[0] (.names)                                          0.261     1.398
[17559].in[5] (.names)                                           0.497     1.895
[17559].out[0] (.names)                                          0.261     2.156
nen24_7.in[1] (.names)                                           0.423     2.579
nen24_7.out[0] (.names)                                          0.261     2.840
[17719].in[2] (.names)                                           0.579     3.419
[17719].out[0] (.names)                                          0.261     3.680
[5291].in[3] (.names)                                            0.270     3.950
[5291].out[0] (.names)                                           0.261     4.211
[4442].in[3] (.names)                                            0.346     4.557
[4442].out[0] (.names)                                           0.261     4.818
[5173].in[3] (.names)                                            0.345     5.163
[5173].out[0] (.names)                                           0.261     5.424
[19520].in[4] (.names)                                           0.347     5.770
[19520].out[0] (.names)                                          0.261     6.031
[5162].in[4] (.names)                                            0.269     6.300
[5162].out[0] (.names)                                           0.261     6.561
[19490].in[4] (.names)                                           0.421     6.982
[19490].out[0] (.names)                                          0.261     7.243
[3557].in[4] (.names)                                            0.423     7.665
[3557].out[0] (.names)                                           0.261     7.926
[9749].in[4] (.names)                                            0.100     8.026
[9749].out[0] (.names)                                           0.261     8.287
[9740].D[0] (.latch)                                             0.000     8.287
data arrival time                                                          8.287

clock pclk (rise edge)                                           0.000     0.000
clock source latency                                             0.000     0.000
pclk.inpad[0] (.input)                                           0.000     0.000
[9740].clk[0] (.latch)                                           0.042     0.042
clock uncertainty                                                0.000     0.042
cell setup time                                                 -0.066    -0.024
data required time                                                        -0.024
--------------------------------------------------------------------------------
data required time                                                        -0.024
data arrival time                                                         -8.287
--------------------------------------------------------------------------------
slack (VIOLATED)                                                          -8.311


#Path 25
Startpoint: ppeaki_7_7_.Q[0] (.latch clocked by pclk)
Endpoint  : [5345].D[0] (.latch clocked by pclk)
Path Type : setup

Point                                                             Incr      Path
--------------------------------------------------------------------------------
clock pclk (rise edge)                                           0.000     0.000
clock source latency                                             0.000     0.000
pclk.inpad[0] (.input)                                           0.000     0.000
ppeaki_7_7_.clk[0] (.latch)                                      0.042     0.042
ppeaki_7_7_.Q[0] (.latch) [clock-to-output]                      0.124     0.166
[5541].in[3] (.names)                                            0.365     0.531
[5541].out[0] (.names)                                           0.261     0.792
[17555].in[0] (.names)                                           0.345     1.137
[17555].out[0] (.names)                                          0.261     1.398
[17559].in[5] (.names)                                           0.497     1.895
[17559].out[0] (.names)                                          0.261     2.156
nen24_7.in[1] (.names)                                           0.423     2.579
nen24_7.out[0] (.names)                                          0.261     2.840
[17719].in[2] (.names)                                           0.579     3.419
[17719].out[0] (.names)                                          0.261     3.680
[5291].in[3] (.names)                                            0.270     3.950
[5291].out[0] (.names)                                           0.261     4.211
[4442].in[3] (.names)                                            0.346     4.557
[4442].out[0] (.names)                                           0.261     4.818
[5173].in[3] (.names)                                            0.345     5.163
[5173].out[0] (.names)                                           0.261     5.424
[19520].in[4] (.names)                                           0.347     5.770
[19520].out[0] (.names)                                          0.261     6.031
[5162].in[4] (.names)                                            0.269     6.300
[5162].out[0] (.names)                                           0.261     6.561
[19490].in[4] (.names)                                           0.421     6.982
[19490].out[0] (.names)                                          0.261     7.243
[4697].in[4] (.names)                                            0.423     7.665
[4697].out[0] (.names)                                           0.261     7.926
[5354].in[3] (.names)                                            0.100     8.026
[5354].out[0] (.names)                                           0.261     8.287
[5345].D[0] (.latch)                                             0.000     8.287
data arrival time                                                          8.287

clock pclk (rise edge)                                           0.000     0.000
clock source latency                                             0.000     0.000
pclk.inpad[0] (.input)                                           0.000     0.000
[5345].clk[0] (.latch)                                           0.042     0.042
clock uncertainty                                                0.000     0.042
cell setup time                                                 -0.066    -0.024
data required time                                                        -0.024
--------------------------------------------------------------------------------
data required time                                                        -0.024
data arrival time                                                         -8.287
--------------------------------------------------------------------------------
slack (VIOLATED)                                                          -8.311


#Path 26
Startpoint: ppeaki_7_7_.Q[0] (.latch clocked by pclk)
Endpoint  : [11210].D[0] (.latch clocked by pclk)
Path Type : setup

Point                                                             Incr      Path
--------------------------------------------------------------------------------
clock pclk (rise edge)                                           0.000     0.000
clock source latency                                             0.000     0.000
pclk.inpad[0] (.input)                                           0.000     0.000
ppeaki_7_7_.clk[0] (.latch)                                      0.042     0.042
ppeaki_7_7_.Q[0] (.latch) [clock-to-output]                      0.124     0.166
[5541].in[3] (.names)                                            0.365     0.531
[5541].out[0] (.names)                                           0.261     0.792
[17555].in[0] (.names)                                           0.345     1.137
[17555].out[0] (.names)                                          0.261     1.398
[17559].in[5] (.names)                                           0.497     1.895
[17559].out[0] (.names)                                          0.261     2.156
nen24_7.in[1] (.names)                                           0.423     2.579
nen24_7.out[0] (.names)                                          0.261     2.840
[17925].in[2] (.names)                                           0.733     3.573
[17925].out[0] (.names)                                          0.261     3.834
[19153].in[5] (.names)                                           0.650     4.484
[19153].out[0] (.names)                                          0.261     4.745
[19157].in[2] (.names)                                           0.347     5.092
[19157].out[0] (.names)                                          0.261     5.353
[19221].in[2] (.names)                                           0.100     5.453
[19221].out[0] (.names)                                          0.261     5.714
[19227].in[2] (.names)                                           0.100     5.814
[19227].out[0] (.names)                                          0.261     6.075
[19232].in[2] (.names)                                           0.100     6.175
[19232].out[0] (.names)                                          0.261     6.436
[19091].in[5] (.names)                                           0.573     7.009
[19091].out[0] (.names)                                          0.261     7.270
[11219].in[4] (.names)                                           0.732     8.002
[11219].out[0] (.names)                                          0.261     8.263
[11210].D[0] (.latch)                                            0.000     8.263
data arrival time                                                          8.263

clock pclk (rise edge)                                           0.000     0.000
clock source latency                                             0.000     0.000
pclk.inpad[0] (.input)                                           0.000     0.000
[11210].clk[0] (.latch)                                          0.042     0.042
clock uncertainty                                                0.000     0.042
cell setup time                                                 -0.066    -0.024
data required time                                                        -0.024
--------------------------------------------------------------------------------
data required time                                                        -0.024
data arrival time                                                         -8.263
--------------------------------------------------------------------------------
slack (VIOLATED)                                                          -8.286


#Path 27
Startpoint: ppeaki_7_7_.Q[0] (.latch clocked by pclk)
Endpoint  : [11675].D[0] (.latch clocked by pclk)
Path Type : setup

Point                                                             Incr      Path
--------------------------------------------------------------------------------
clock pclk (rise edge)                                           0.000     0.000
clock source latency                                             0.000     0.000
pclk.inpad[0] (.input)                                           0.000     0.000
ppeaki_7_7_.clk[0] (.latch)                                      0.042     0.042
ppeaki_7_7_.Q[0] (.latch) [clock-to-output]                      0.124     0.166
[5541].in[3] (.names)                                            0.365     0.531
[5541].out[0] (.names)                                           0.261     0.792
[17555].in[0] (.names)                                           0.345     1.137
[17555].out[0] (.names)                                          0.261     1.398
[17559].in[5] (.names)                                           0.497     1.895
[17559].out[0] (.names)                                          0.261     2.156
nen24_7.in[1] (.names)                                           0.423     2.579
nen24_7.out[0] (.names)                                          0.261     2.840
[17925].in[2] (.names)                                           0.733     3.573
[17925].out[0] (.names)                                          0.261     3.834
[19153].in[5] (.names)                                           0.650     4.484
[19153].out[0] (.names)                                          0.261     4.745
[19157].in[2] (.names)                                           0.347     5.092
[19157].out[0] (.names)                                          0.261     5.353
[19221].in[2] (.names)                                           0.100     5.453
[19221].out[0] (.names)                                          0.261     5.714
[19227].in[2] (.names)                                           0.100     5.814
[19227].out[0] (.names)                                          0.261     6.075
[19232].in[2] (.names)                                           0.100     6.175
[19232].out[0] (.names)                                          0.261     6.436
[19215].in[2] (.names)                                           0.423     6.858
[19215].out[0] (.names)                                          0.261     7.119
[19068].in[5] (.names)                                           0.100     7.219
[19068].out[0] (.names)                                          0.261     7.480
[11684].in[4] (.names)                                           0.504     7.985
[11684].out[0] (.names)                                          0.261     8.246
[11675].D[0] (.latch)                                            0.000     8.246
data arrival time                                                          8.246

clock pclk (rise edge)                                           0.000     0.000
clock source latency                                             0.000     0.000
pclk.inpad[0] (.input)                                           0.000     0.000
[11675].clk[0] (.latch)                                          0.042     0.042
clock uncertainty                                                0.000     0.042
cell setup time                                                 -0.066    -0.024
data required time                                                        -0.024
--------------------------------------------------------------------------------
data required time                                                        -0.024
data arrival time                                                         -8.246
--------------------------------------------------------------------------------
slack (VIOLATED)                                                          -8.269


#Path 28
Startpoint: ppeaki_7_7_.Q[0] (.latch clocked by pclk)
Endpoint  : [12650].D[0] (.latch clocked by pclk)
Path Type : setup

Point                                                             Incr      Path
--------------------------------------------------------------------------------
clock pclk (rise edge)                                           0.000     0.000
clock source latency                                             0.000     0.000
pclk.inpad[0] (.input)                                           0.000     0.000
ppeaki_7_7_.clk[0] (.latch)                                      0.042     0.042
ppeaki_7_7_.Q[0] (.latch) [clock-to-output]                      0.124     0.166
[5541].in[3] (.names)                                            0.365     0.531
[5541].out[0] (.names)                                           0.261     0.792
[17555].in[0] (.names)                                           0.345     1.137
[17555].out[0] (.names)                                          0.261     1.398
[17559].in[5] (.names)                                           0.497     1.895
[17559].out[0] (.names)                                          0.261     2.156
nen24_7.in[1] (.names)                                           0.423     2.579
nen24_7.out[0] (.names)                                          0.261     2.840
[17925].in[2] (.names)                                           0.733     3.573
[17925].out[0] (.names)                                          0.261     3.834
[19153].in[5] (.names)                                           0.650     4.484
[19153].out[0] (.names)                                          0.261     4.745
[19157].in[2] (.names)                                           0.347     5.092
[19157].out[0] (.names)                                          0.261     5.353
[19221].in[2] (.names)                                           0.100     5.453
[19221].out[0] (.names)                                          0.261     5.714
[19227].in[2] (.names)                                           0.100     5.814
[19227].out[0] (.names)                                          0.261     6.075
[19232].in[2] (.names)                                           0.100     6.175
[19232].out[0] (.names)                                          0.261     6.436
[19215].in[2] (.names)                                           0.423     6.858
[19215].out[0] (.names)                                          0.261     7.119
[19068].in[5] (.names)                                           0.100     7.219
[19068].out[0] (.names)                                          0.261     7.480
[12659].in[3] (.names)                                           0.504     7.985
[12659].out[0] (.names)                                          0.261     8.246
[12650].D[0] (.latch)                                            0.000     8.246
data arrival time                                                          8.246

clock pclk (rise edge)                                           0.000     0.000
clock source latency                                             0.000     0.000
pclk.inpad[0] (.input)                                           0.000     0.000
[12650].clk[0] (.latch)                                          0.042     0.042
clock uncertainty                                                0.000     0.042
cell setup time                                                 -0.066    -0.024
data required time                                                        -0.024
--------------------------------------------------------------------------------
data required time                                                        -0.024
data arrival time                                                         -8.246
--------------------------------------------------------------------------------
slack (VIOLATED)                                                          -8.269


#Path 29
Startpoint: ppeaki_7_7_.Q[0] (.latch clocked by pclk)
Endpoint  : [8210].D[0] (.latch clocked by pclk)
Path Type : setup

Point                                                             Incr      Path
--------------------------------------------------------------------------------
clock pclk (rise edge)                                           0.000     0.000
clock source latency                                             0.000     0.000
pclk.inpad[0] (.input)                                           0.000     0.000
ppeaki_7_7_.clk[0] (.latch)                                      0.042     0.042
ppeaki_7_7_.Q[0] (.latch) [clock-to-output]                      0.124     0.166
[5541].in[3] (.names)                                            0.365     0.531
[5541].out[0] (.names)                                           0.261     0.792
[17555].in[0] (.names)                                           0.345     1.137
[17555].out[0] (.names)                                          0.261     1.398
[17559].in[5] (.names)                                           0.497     1.895
[17559].out[0] (.names)                                          0.261     2.156
nen24_7.in[1] (.names)                                           0.423     2.579
nen24_7.out[0] (.names)                                          0.261     2.840
[17925].in[2] (.names)                                           0.733     3.573
[17925].out[0] (.names)                                          0.261     3.834
[19153].in[5] (.names)                                           0.650     4.484
[19153].out[0] (.names)                                          0.261     4.745
[19157].in[2] (.names)                                           0.347     5.092
[19157].out[0] (.names)                                          0.261     5.353
[19221].in[2] (.names)                                           0.100     5.453
[19221].out[0] (.names)                                          0.261     5.714
[19227].in[2] (.names)                                           0.100     5.814
[19227].out[0] (.names)                                          0.261     6.075
[19232].in[2] (.names)                                           0.100     6.175
[19232].out[0] (.names)                                          0.261     6.436
[19215].in[2] (.names)                                           0.423     6.858
[19215].out[0] (.names)                                          0.261     7.119
[4388].in[3] (.names)                                            0.100     7.219
[4388].out[0] (.names)                                           0.261     7.480
[8219].in[4] (.names)                                            0.502     7.982
[8219].out[0] (.names)                                           0.261     8.243
[8210].D[0] (.latch)                                             0.000     8.243
data arrival time                                                          8.243

clock pclk (rise edge)                                           0.000     0.000
clock source latency                                             0.000     0.000
pclk.inpad[0] (.input)                                           0.000     0.000
[8210].clk[0] (.latch)                                           0.042     0.042
clock uncertainty                                                0.000     0.042
cell setup time                                                 -0.066    -0.024
data required time                                                        -0.024
--------------------------------------------------------------------------------
data required time                                                        -0.024
data arrival time                                                         -8.243
--------------------------------------------------------------------------------
slack (VIOLATED)                                                          -8.267


#Path 30
Startpoint: ppeaki_7_7_.Q[0] (.latch clocked by pclk)
Endpoint  : [6320].D[0] (.latch clocked by pclk)
Path Type : setup

Point                                                             Incr      Path
--------------------------------------------------------------------------------
clock pclk (rise edge)                                           0.000     0.000
clock source latency                                             0.000     0.000
pclk.inpad[0] (.input)                                           0.000     0.000
ppeaki_7_7_.clk[0] (.latch)                                      0.042     0.042
ppeaki_7_7_.Q[0] (.latch) [clock-to-output]                      0.124     0.166
[5541].in[3] (.names)                                            0.365     0.531
[5541].out[0] (.names)                                           0.261     0.792
[17555].in[0] (.names)                                           0.345     1.137
[17555].out[0] (.names)                                          0.261     1.398
[17559].in[5] (.names)                                           0.497     1.895
[17559].out[0] (.names)                                          0.261     2.156
nen24_7.in[1] (.names)                                           0.423     2.579
nen24_7.out[0] (.names)                                          0.261     2.840
[17925].in[2] (.names)                                           0.733     3.573
[17925].out[0] (.names)                                          0.261     3.834
[19153].in[5] (.names)                                           0.650     4.484
[19153].out[0] (.names)                                          0.261     4.745
[19157].in[2] (.names)                                           0.347     5.092
[19157].out[0] (.names)                                          0.261     5.353
[19221].in[2] (.names)                                           0.100     5.453
[19221].out[0] (.names)                                          0.261     5.714
[19227].in[2] (.names)                                           0.100     5.814
[19227].out[0] (.names)                                          0.261     6.075
[19232].in[2] (.names)                                           0.100     6.175
[19232].out[0] (.names)                                          0.261     6.436
[19215].in[2] (.names)                                           0.423     6.858
[19215].out[0] (.names)                                          0.261     7.119
[4388].in[3] (.names)                                            0.100     7.219
[4388].out[0] (.names)                                           0.261     7.480
[6329].in[4] (.names)                                            0.499     7.979
[6329].out[0] (.names)                                           0.261     8.240
[6320].D[0] (.latch)                                             0.000     8.240
data arrival time                                                          8.240

clock pclk (rise edge)                                           0.000     0.000
clock source latency                                             0.000     0.000
pclk.inpad[0] (.input)                                           0.000     0.000
[6320].clk[0] (.latch)                                           0.042     0.042
clock uncertainty                                                0.000     0.042
cell setup time                                                 -0.066    -0.024
data required time                                                        -0.024
--------------------------------------------------------------------------------
data required time                                                        -0.024
data arrival time                                                         -8.240
--------------------------------------------------------------------------------
slack (VIOLATED)                                                          -8.264


#Path 31
Startpoint: ppeaki_7_7_.Q[0] (.latch clocked by pclk)
Endpoint  : [6365].D[0] (.latch clocked by pclk)
Path Type : setup

Point                                                             Incr      Path
--------------------------------------------------------------------------------
clock pclk (rise edge)                                           0.000     0.000
clock source latency                                             0.000     0.000
pclk.inpad[0] (.input)                                           0.000     0.000
ppeaki_7_7_.clk[0] (.latch)                                      0.042     0.042
ppeaki_7_7_.Q[0] (.latch) [clock-to-output]                      0.124     0.166
[5541].in[3] (.names)                                            0.365     0.531
[5541].out[0] (.names)                                           0.261     0.792
[17555].in[0] (.names)                                           0.345     1.137
[17555].out[0] (.names)                                          0.261     1.398
[17559].in[5] (.names)                                           0.497     1.895
[17559].out[0] (.names)                                          0.261     2.156
nen24_7.in[1] (.names)                                           0.423     2.579
nen24_7.out[0] (.names)                                          0.261     2.840
[17925].in[2] (.names)                                           0.733     3.573
[17925].out[0] (.names)                                          0.261     3.834
[19153].in[5] (.names)                                           0.650     4.484
[19153].out[0] (.names)                                          0.261     4.745
[19157].in[2] (.names)                                           0.347     5.092
[19157].out[0] (.names)                                          0.261     5.353
[19221].in[2] (.names)                                           0.100     5.453
[19221].out[0] (.names)                                          0.261     5.714
[19227].in[2] (.names)                                           0.100     5.814
[19227].out[0] (.names)                                          0.261     6.075
[19232].in[2] (.names)                                           0.100     6.175
[19232].out[0] (.names)                                          0.261     6.436
[19215].in[2] (.names)                                           0.423     6.858
[19215].out[0] (.names)                                          0.261     7.119
[4388].in[3] (.names)                                            0.100     7.219
[4388].out[0] (.names)                                           0.261     7.480
[6374].in[4] (.names)                                            0.499     7.979
[6374].out[0] (.names)                                           0.261     8.240
[6365].D[0] (.latch)                                             0.000     8.240
data arrival time                                                          8.240

clock pclk (rise edge)                                           0.000     0.000
clock source latency                                             0.000     0.000
pclk.inpad[0] (.input)                                           0.000     0.000
[6365].clk[0] (.latch)                                           0.042     0.042
clock uncertainty                                                0.000     0.042
cell setup time                                                 -0.066    -0.024
data required time                                                        -0.024
--------------------------------------------------------------------------------
data required time                                                        -0.024
data arrival time                                                         -8.240
--------------------------------------------------------------------------------
slack (VIOLATED)                                                          -8.264


#Path 32
Startpoint: ppeaki_7_7_.Q[0] (.latch clocked by pclk)
Endpoint  : [13880].D[0] (.latch clocked by pclk)
Path Type : setup

Point                                                             Incr      Path
--------------------------------------------------------------------------------
clock pclk (rise edge)                                           0.000     0.000
clock source latency                                             0.000     0.000
pclk.inpad[0] (.input)                                           0.000     0.000
ppeaki_7_7_.clk[0] (.latch)                                      0.042     0.042
ppeaki_7_7_.Q[0] (.latch) [clock-to-output]                      0.124     0.166
[5541].in[3] (.names)                                            0.365     0.531
[5541].out[0] (.names)                                           0.261     0.792
[17555].in[0] (.names)                                           0.345     1.137
[17555].out[0] (.names)                                          0.261     1.398
[17559].in[5] (.names)                                           0.497     1.895
[17559].out[0] (.names)                                          0.261     2.156
nen24_7.in[1] (.names)                                           0.423     2.579
nen24_7.out[0] (.names)                                          0.261     2.840
[17925].in[2] (.names)                                           0.733     3.573
[17925].out[0] (.names)                                          0.261     3.834
[19153].in[5] (.names)                                           0.650     4.484
[19153].out[0] (.names)                                          0.261     4.745
[19157].in[2] (.names)                                           0.347     5.092
[19157].out[0] (.names)                                          0.261     5.353
[19221].in[2] (.names)                                           0.100     5.453
[19221].out[0] (.names)                                          0.261     5.714
[19227].in[2] (.names)                                           0.100     5.814
[19227].out[0] (.names)                                          0.261     6.075
[19232].in[2] (.names)                                           0.100     6.175
[19232].out[0] (.names)                                          0.261     6.436
[19215].in[2] (.names)                                           0.423     6.858
[19215].out[0] (.names)                                          0.261     7.119
[4388].in[3] (.names)                                            0.100     7.219
[4388].out[0] (.names)                                           0.261     7.480
[13889].in[4] (.names)                                           0.497     7.978
[13889].out[0] (.names)                                          0.261     8.239
[13880].D[0] (.latch)                                            0.000     8.239
data arrival time                                                          8.239

clock pclk (rise edge)                                           0.000     0.000
clock source latency                                             0.000     0.000
pclk.inpad[0] (.input)                                           0.000     0.000
[13880].clk[0] (.latch)                                          0.042     0.042
clock uncertainty                                                0.000     0.042
cell setup time                                                 -0.066    -0.024
data required time                                                        -0.024
--------------------------------------------------------------------------------
data required time                                                        -0.024
data arrival time                                                         -8.239
--------------------------------------------------------------------------------
slack (VIOLATED)                                                          -8.262


#Path 33
Startpoint: ppeaki_7_7_.Q[0] (.latch clocked by pclk)
Endpoint  : [10355].D[0] (.latch clocked by pclk)
Path Type : setup

Point                                                             Incr      Path
--------------------------------------------------------------------------------
clock pclk (rise edge)                                           0.000     0.000
clock source latency                                             0.000     0.000
pclk.inpad[0] (.input)                                           0.000     0.000
ppeaki_7_7_.clk[0] (.latch)                                      0.042     0.042
ppeaki_7_7_.Q[0] (.latch) [clock-to-output]                      0.124     0.166
[5541].in[3] (.names)                                            0.365     0.531
[5541].out[0] (.names)                                           0.261     0.792
[17555].in[0] (.names)                                           0.345     1.137
[17555].out[0] (.names)                                          0.261     1.398
[17559].in[5] (.names)                                           0.497     1.895
[17559].out[0] (.names)                                          0.261     2.156
nen24_7.in[1] (.names)                                           0.423     2.579
nen24_7.out[0] (.names)                                          0.261     2.840
[17925].in[2] (.names)                                           0.733     3.573
[17925].out[0] (.names)                                          0.261     3.834
[19153].in[5] (.names)                                           0.650     4.484
[19153].out[0] (.names)                                          0.261     4.745
[19157].in[2] (.names)                                           0.347     5.092
[19157].out[0] (.names)                                          0.261     5.353
[19221].in[2] (.names)                                           0.100     5.453
[19221].out[0] (.names)                                          0.261     5.714
[19227].in[2] (.names)                                           0.100     5.814
[19227].out[0] (.names)                                          0.261     6.075
[19232].in[2] (.names)                                           0.100     6.175
[19232].out[0] (.names)                                          0.261     6.436
[19215].in[2] (.names)                                           0.423     6.858
[19215].out[0] (.names)                                          0.261     7.119
[4388].in[3] (.names)                                            0.100     7.219
[4388].out[0] (.names)                                           0.261     7.480
[10364].in[4] (.names)                                           0.497     7.978
[10364].out[0] (.names)                                          0.261     8.239
[10355].D[0] (.latch)                                            0.000     8.239
data arrival time                                                          8.239

clock pclk (rise edge)                                           0.000     0.000
clock source latency                                             0.000     0.000
pclk.inpad[0] (.input)                                           0.000     0.000
[10355].clk[0] (.latch)                                          0.042     0.042
clock uncertainty                                                0.000     0.042
cell setup time                                                 -0.066    -0.024
data required time                                                        -0.024
--------------------------------------------------------------------------------
data required time                                                        -0.024
data arrival time                                                         -8.239
--------------------------------------------------------------------------------
slack (VIOLATED)                                                          -8.262


#Path 34
Startpoint: ppeaki_7_7_.Q[0] (.latch clocked by pclk)
Endpoint  : [6050].D[0] (.latch clocked by pclk)
Path Type : setup

Point                                                             Incr      Path
--------------------------------------------------------------------------------
clock pclk (rise edge)                                           0.000     0.000
clock source latency                                             0.000     0.000
pclk.inpad[0] (.input)                                           0.000     0.000
ppeaki_7_7_.clk[0] (.latch)                                      0.042     0.042
ppeaki_7_7_.Q[0] (.latch) [clock-to-output]                      0.124     0.166
[5541].in[3] (.names)                                            0.365     0.531
[5541].out[0] (.names)                                           0.261     0.792
[17555].in[0] (.names)                                           0.345     1.137
[17555].out[0] (.names)                                          0.261     1.398
[17559].in[5] (.names)                                           0.497     1.895
[17559].out[0] (.names)                                          0.261     2.156
nen24_7.in[1] (.names)                                           0.423     2.579
nen24_7.out[0] (.names)                                          0.261     2.840
[17719].in[2] (.names)                                           0.579     3.419
[17719].out[0] (.names)                                          0.261     3.680
[5291].in[3] (.names)                                            0.270     3.950
[5291].out[0] (.names)                                           0.261     4.211
[4442].in[3] (.names)                                            0.346     4.557
[4442].out[0] (.names)                                           0.261     4.818
[5173].in[3] (.names)                                            0.345     5.163
[5173].out[0] (.names)                                           0.261     5.424
[19520].in[4] (.names)                                           0.347     5.770
[19520].out[0] (.names)                                          0.261     6.031
[5162].in[4] (.names)                                            0.269     6.300
[5162].out[0] (.names)                                           0.261     6.561
[19490].in[4] (.names)                                           0.421     6.982
[19490].out[0] (.names)                                          0.261     7.243
[4494].in[4] (.names)                                            0.348     7.591
[4494].out[0] (.names)                                           0.261     7.852
[6059].in[4] (.names)                                            0.100     7.952
[6059].out[0] (.names)                                           0.261     8.213
[6050].D[0] (.latch)                                             0.000     8.213
data arrival time                                                          8.213

clock pclk (rise edge)                                           0.000     0.000
clock source latency                                             0.000     0.000
pclk.inpad[0] (.input)                                           0.000     0.000
[6050].clk[0] (.latch)                                           0.042     0.042
clock uncertainty                                                0.000     0.042
cell setup time                                                 -0.066    -0.024
data required time                                                        -0.024
--------------------------------------------------------------------------------
data required time                                                        -0.024
data arrival time                                                         -8.213
--------------------------------------------------------------------------------
slack (VIOLATED)                                                          -8.237


#Path 35
Startpoint: ppeaki_7_7_.Q[0] (.latch clocked by pclk)
Endpoint  : [6890].D[0] (.latch clocked by pclk)
Path Type : setup

Point                                                             Incr      Path
--------------------------------------------------------------------------------
clock pclk (rise edge)                                           0.000     0.000
clock source latency                                             0.000     0.000
pclk.inpad[0] (.input)                                           0.000     0.000
ppeaki_7_7_.clk[0] (.latch)                                      0.042     0.042
ppeaki_7_7_.Q[0] (.latch) [clock-to-output]                      0.124     0.166
[5541].in[3] (.names)                                            0.365     0.531
[5541].out[0] (.names)                                           0.261     0.792
[17555].in[0] (.names)                                           0.345     1.137
[17555].out[0] (.names)                                          0.261     1.398
[17559].in[5] (.names)                                           0.497     1.895
[17559].out[0] (.names)                                          0.261     2.156
nen24_7.in[1] (.names)                                           0.423     2.579
nen24_7.out[0] (.names)                                          0.261     2.840
[17719].in[2] (.names)                                           0.579     3.419
[17719].out[0] (.names)                                          0.261     3.680
[5291].in[3] (.names)                                            0.270     3.950
[5291].out[0] (.names)                                           0.261     4.211
[4442].in[3] (.names)                                            0.346     4.557
[4442].out[0] (.names)                                           0.261     4.818
[5173].in[3] (.names)                                            0.345     5.163
[5173].out[0] (.names)                                           0.261     5.424
[19520].in[4] (.names)                                           0.347     5.770
[19520].out[0] (.names)                                          0.261     6.031
[5162].in[4] (.names)                                            0.269     6.300
[5162].out[0] (.names)                                           0.261     6.561
[19490].in[4] (.names)                                           0.421     6.982
[19490].out[0] (.names)                                          0.261     7.243
[4065].in[4] (.names)                                            0.347     7.590
[4065].out[0] (.names)                                           0.261     7.851
[6899].in[4] (.names)                                            0.100     7.951
[6899].out[0] (.names)                                           0.261     8.212
[6890].D[0] (.latch)                                             0.000     8.212
data arrival time                                                          8.212

clock pclk (rise edge)                                           0.000     0.000
clock source latency                                             0.000     0.000
pclk.inpad[0] (.input)                                           0.000     0.000
[6890].clk[0] (.latch)                                           0.042     0.042
clock uncertainty                                                0.000     0.042
cell setup time                                                 -0.066    -0.024
data required time                                                        -0.024
--------------------------------------------------------------------------------
data required time                                                        -0.024
data arrival time                                                         -8.212
--------------------------------------------------------------------------------
slack (VIOLATED)                                                          -8.236


#Path 36
Startpoint: ppeaki_7_7_.Q[0] (.latch clocked by pclk)
Endpoint  : [8030].D[0] (.latch clocked by pclk)
Path Type : setup

Point                                                             Incr      Path
--------------------------------------------------------------------------------
clock pclk (rise edge)                                           0.000     0.000
clock source latency                                             0.000     0.000
pclk.inpad[0] (.input)                                           0.000     0.000
ppeaki_7_7_.clk[0] (.latch)                                      0.042     0.042
ppeaki_7_7_.Q[0] (.latch) [clock-to-output]                      0.124     0.166
[5541].in[3] (.names)                                            0.365     0.531
[5541].out[0] (.names)                                           0.261     0.792
[17555].in[0] (.names)                                           0.345     1.137
[17555].out[0] (.names)                                          0.261     1.398
[17559].in[5] (.names)                                           0.497     1.895
[17559].out[0] (.names)                                          0.261     2.156
nen24_7.in[1] (.names)                                           0.423     2.579
nen24_7.out[0] (.names)                                          0.261     2.840
[17719].in[2] (.names)                                           0.579     3.419
[17719].out[0] (.names)                                          0.261     3.680
[5291].in[3] (.names)                                            0.270     3.950
[5291].out[0] (.names)                                           0.261     4.211
[4442].in[3] (.names)                                            0.346     4.557
[4442].out[0] (.names)                                           0.261     4.818
[5173].in[3] (.names)                                            0.345     5.163
[5173].out[0] (.names)                                           0.261     5.424
[19520].in[4] (.names)                                           0.347     5.770
[19520].out[0] (.names)                                          0.261     6.031
[5162].in[4] (.names)                                            0.269     6.300
[5162].out[0] (.names)                                           0.261     6.561
[19490].in[4] (.names)                                           0.421     6.982
[19490].out[0] (.names)                                          0.261     7.243
[3858].in[4] (.names)                                            0.347     7.590
[3858].out[0] (.names)                                           0.261     7.851
[8039].in[4] (.names)                                            0.100     7.951
[8039].out[0] (.names)                                           0.261     8.212
[8030].D[0] (.latch)                                             0.000     8.212
data arrival time                                                          8.212

clock pclk (rise edge)                                           0.000     0.000
clock source latency                                             0.000     0.000
pclk.inpad[0] (.input)                                           0.000     0.000
[8030].clk[0] (.latch)                                           0.042     0.042
clock uncertainty                                                0.000     0.042
cell setup time                                                 -0.066    -0.024
data required time                                                        -0.024
--------------------------------------------------------------------------------
data required time                                                        -0.024
data arrival time                                                         -8.212
--------------------------------------------------------------------------------
slack (VIOLATED)                                                          -8.236


#Path 37
Startpoint: ppeaki_7_7_.Q[0] (.latch clocked by pclk)
Endpoint  : [4775].D[0] (.latch clocked by pclk)
Path Type : setup

Point                                                             Incr      Path
--------------------------------------------------------------------------------
clock pclk (rise edge)                                           0.000     0.000
clock source latency                                             0.000     0.000
pclk.inpad[0] (.input)                                           0.000     0.000
ppeaki_7_7_.clk[0] (.latch)                                      0.042     0.042
ppeaki_7_7_.Q[0] (.latch) [clock-to-output]                      0.124     0.166
[5541].in[3] (.names)                                            0.365     0.531
[5541].out[0] (.names)                                           0.261     0.792
[17555].in[0] (.names)                                           0.345     1.137
[17555].out[0] (.names)                                          0.261     1.398
[17559].in[5] (.names)                                           0.497     1.895
[17559].out[0] (.names)                                          0.261     2.156
nen24_7.in[1] (.names)                                           0.423     2.579
nen24_7.out[0] (.names)                                          0.261     2.840
[17719].in[2] (.names)                                           0.579     3.419
[17719].out[0] (.names)                                          0.261     3.680
[5291].in[3] (.names)                                            0.270     3.950
[5291].out[0] (.names)                                           0.261     4.211
[4442].in[3] (.names)                                            0.346     4.557
[4442].out[0] (.names)                                           0.261     4.818
[5173].in[3] (.names)                                            0.345     5.163
[5173].out[0] (.names)                                           0.261     5.424
[19520].in[4] (.names)                                           0.347     5.770
[19520].out[0] (.names)                                          0.261     6.031
[5162].in[4] (.names)                                            0.269     6.300
[5162].out[0] (.names)                                           0.261     6.561
[19490].in[4] (.names)                                           0.421     6.982
[19490].out[0] (.names)                                          0.261     7.243
[5063].in[4] (.names)                                            0.347     7.590
[5063].out[0] (.names)                                           0.261     7.851
[4784].in[4] (.names)                                            0.100     7.951
[4784].out[0] (.names)                                           0.261     8.212
[4775].D[0] (.latch)                                             0.000     8.212
data arrival time                                                          8.212

clock pclk (rise edge)                                           0.000     0.000
clock source latency                                             0.000     0.000
pclk.inpad[0] (.input)                                           0.000     0.000
[4775].clk[0] (.latch)                                           0.042     0.042
clock uncertainty                                                0.000     0.042
cell setup time                                                 -0.066    -0.024
data required time                                                        -0.024
--------------------------------------------------------------------------------
data required time                                                        -0.024
data arrival time                                                         -8.212
--------------------------------------------------------------------------------
slack (VIOLATED)                                                          -8.236


#Path 38
Startpoint: ppeaki_7_7_.Q[0] (.latch clocked by pclk)
Endpoint  : [4730].D[0] (.latch clocked by pclk)
Path Type : setup

Point                                                             Incr      Path
--------------------------------------------------------------------------------
clock pclk (rise edge)                                           0.000     0.000
clock source latency                                             0.000     0.000
pclk.inpad[0] (.input)                                           0.000     0.000
ppeaki_7_7_.clk[0] (.latch)                                      0.042     0.042
ppeaki_7_7_.Q[0] (.latch) [clock-to-output]                      0.124     0.166
[5541].in[3] (.names)                                            0.365     0.531
[5541].out[0] (.names)                                           0.261     0.792
[17555].in[0] (.names)                                           0.345     1.137
[17555].out[0] (.names)                                          0.261     1.398
[17559].in[5] (.names)                                           0.497     1.895
[17559].out[0] (.names)                                          0.261     2.156
nen24_7.in[1] (.names)                                           0.423     2.579
nen24_7.out[0] (.names)                                          0.261     2.840
[17719].in[2] (.names)                                           0.579     3.419
[17719].out[0] (.names)                                          0.261     3.680
[5291].in[3] (.names)                                            0.270     3.950
[5291].out[0] (.names)                                           0.261     4.211
[4442].in[3] (.names)                                            0.346     4.557
[4442].out[0] (.names)                                           0.261     4.818
[5173].in[3] (.names)                                            0.345     5.163
[5173].out[0] (.names)                                           0.261     5.424
[19520].in[4] (.names)                                           0.347     5.770
[19520].out[0] (.names)                                          0.261     6.031
[5162].in[4] (.names)                                            0.269     6.300
[5162].out[0] (.names)                                           0.261     6.561
[19490].in[4] (.names)                                           0.421     6.982
[19490].out[0] (.names)                                          0.261     7.243
[19474].in[3] (.names)                                           0.347     7.589
[19474].out[0] (.names)                                          0.261     7.850
[4739].in[3] (.names)                                            0.100     7.950
[4739].out[0] (.names)                                           0.261     8.211
[4730].D[0] (.latch)                                             0.000     8.211
data arrival time                                                          8.211

clock pclk (rise edge)                                           0.000     0.000
clock source latency                                             0.000     0.000
pclk.inpad[0] (.input)                                           0.000     0.000
[4730].clk[0] (.latch)                                           0.042     0.042
clock uncertainty                                                0.000     0.042
cell setup time                                                 -0.066    -0.024
data required time                                                        -0.024
--------------------------------------------------------------------------------
data required time                                                        -0.024
data arrival time                                                         -8.211
--------------------------------------------------------------------------------
slack (VIOLATED)                                                          -8.235


#Path 39
Startpoint: ppeaki_7_7_.Q[0] (.latch clocked by pclk)
Endpoint  : [15725].D[0] (.latch clocked by pclk)
Path Type : setup

Point                                                             Incr      Path
--------------------------------------------------------------------------------
clock pclk (rise edge)                                           0.000     0.000
clock source latency                                             0.000     0.000
pclk.inpad[0] (.input)                                           0.000     0.000
ppeaki_7_7_.clk[0] (.latch)                                      0.042     0.042
ppeaki_7_7_.Q[0] (.latch) [clock-to-output]                      0.124     0.166
[5541].in[3] (.names)                                            0.365     0.531
[5541].out[0] (.names)                                           0.261     0.792
[17555].in[0] (.names)                                           0.345     1.137
[17555].out[0] (.names)                                          0.261     1.398
[17559].in[5] (.names)                                           0.497     1.895
[17559].out[0] (.names)                                          0.261     2.156
nen24_7.in[1] (.names)                                           0.423     2.579
nen24_7.out[0] (.names)                                          0.261     2.840
[17719].in[2] (.names)                                           0.579     3.419
[17719].out[0] (.names)                                          0.261     3.680
[5291].in[3] (.names)                                            0.270     3.950
[5291].out[0] (.names)                                           0.261     4.211
[4442].in[3] (.names)                                            0.346     4.557
[4442].out[0] (.names)                                           0.261     4.818
[5173].in[3] (.names)                                            0.345     5.163
[5173].out[0] (.names)                                           0.261     5.424
[19520].in[4] (.names)                                           0.347     5.770
[19520].out[0] (.names)                                          0.261     6.031
[5162].in[4] (.names)                                            0.269     6.300
[5162].out[0] (.names)                                           0.261     6.561
[19490].in[4] (.names)                                           0.421     6.982
[19490].out[0] (.names)                                          0.261     7.243
[19474].in[3] (.names)                                           0.347     7.589
[19474].out[0] (.names)                                          0.261     7.850
[15734].in[3] (.names)                                           0.100     7.950
[15734].out[0] (.names)                                          0.261     8.211
[15725].D[0] (.latch)                                            0.000     8.211
data arrival time                                                          8.211

clock pclk (rise edge)                                           0.000     0.000
clock source latency                                             0.000     0.000
pclk.inpad[0] (.input)                                           0.000     0.000
[15725].clk[0] (.latch)                                          0.042     0.042
clock uncertainty                                                0.000     0.042
cell setup time                                                 -0.066    -0.024
data required time                                                        -0.024
--------------------------------------------------------------------------------
data required time                                                        -0.024
data arrival time                                                         -8.211
--------------------------------------------------------------------------------
slack (VIOLATED)                                                          -8.235


#Path 40
Startpoint: ppeaki_7_7_.Q[0] (.latch clocked by pclk)
Endpoint  : [8765].D[0] (.latch clocked by pclk)
Path Type : setup

Point                                                             Incr      Path
--------------------------------------------------------------------------------
clock pclk (rise edge)                                           0.000     0.000
clock source latency                                             0.000     0.000
pclk.inpad[0] (.input)                                           0.000     0.000
ppeaki_7_7_.clk[0] (.latch)                                      0.042     0.042
ppeaki_7_7_.Q[0] (.latch) [clock-to-output]                      0.124     0.166
[5541].in[3] (.names)                                            0.365     0.531
[5541].out[0] (.names)                                           0.261     0.792
[17555].in[0] (.names)                                           0.345     1.137
[17555].out[0] (.names)                                          0.261     1.398
[17559].in[5] (.names)                                           0.497     1.895
[17559].out[0] (.names)                                          0.261     2.156
nen24_7.in[1] (.names)                                           0.423     2.579
nen24_7.out[0] (.names)                                          0.261     2.840
[17719].in[2] (.names)                                           0.579     3.419
[17719].out[0] (.names)                                          0.261     3.680
[5291].in[3] (.names)                                            0.270     3.950
[5291].out[0] (.names)                                           0.261     4.211
[4442].in[3] (.names)                                            0.346     4.557
[4442].out[0] (.names)                                           0.261     4.818
[5173].in[3] (.names)                                            0.345     5.163
[5173].out[0] (.names)                                           0.261     5.424
[19520].in[4] (.names)                                           0.347     5.770
[19520].out[0] (.names)                                          0.261     6.031
[5162].in[4] (.names)                                            0.269     6.300
[5162].out[0] (.names)                                           0.261     6.561
[19490].in[4] (.names)                                           0.421     6.982
[19490].out[0] (.names)                                          0.261     7.243
[19474].in[3] (.names)                                           0.347     7.589
[19474].out[0] (.names)                                          0.261     7.850
[8774].in[3] (.names)                                            0.100     7.950
[8774].out[0] (.names)                                           0.261     8.211
[8765].D[0] (.latch)                                             0.000     8.211
data arrival time                                                          8.211

clock pclk (rise edge)                                           0.000     0.000
clock source latency                                             0.000     0.000
pclk.inpad[0] (.input)                                           0.000     0.000
[8765].clk[0] (.latch)                                           0.042     0.042
clock uncertainty                                                0.000     0.042
cell setup time                                                 -0.066    -0.024
data required time                                                        -0.024
--------------------------------------------------------------------------------
data required time                                                        -0.024
data arrival time                                                         -8.211
--------------------------------------------------------------------------------
slack (VIOLATED)                                                          -8.235


#Path 41
Startpoint: ppeaki_7_7_.Q[0] (.latch clocked by pclk)
Endpoint  : [9395].D[0] (.latch clocked by pclk)
Path Type : setup

Point                                                             Incr      Path
--------------------------------------------------------------------------------
clock pclk (rise edge)                                           0.000     0.000
clock source latency                                             0.000     0.000
pclk.inpad[0] (.input)                                           0.000     0.000
ppeaki_7_7_.clk[0] (.latch)                                      0.042     0.042
ppeaki_7_7_.Q[0] (.latch) [clock-to-output]                      0.124     0.166
[5541].in[3] (.names)                                            0.365     0.531
[5541].out[0] (.names)                                           0.261     0.792
[17555].in[0] (.names)                                           0.345     1.137
[17555].out[0] (.names)                                          0.261     1.398
[17559].in[5] (.names)                                           0.497     1.895
[17559].out[0] (.names)                                          0.261     2.156
nen24_7.in[1] (.names)                                           0.423     2.579
nen24_7.out[0] (.names)                                          0.261     2.840
[17719].in[2] (.names)                                           0.579     3.419
[17719].out[0] (.names)                                          0.261     3.680
[5291].in[3] (.names)                                            0.270     3.950
[5291].out[0] (.names)                                           0.261     4.211
[4442].in[3] (.names)                                            0.346     4.557
[4442].out[0] (.names)                                           0.261     4.818
[5173].in[3] (.names)                                            0.345     5.163
[5173].out[0] (.names)                                           0.261     5.424
[19520].in[4] (.names)                                           0.347     5.770
[19520].out[0] (.names)                                          0.261     6.031
[5162].in[4] (.names)                                            0.269     6.300
[5162].out[0] (.names)                                           0.261     6.561
[19490].in[4] (.names)                                           0.421     6.982
[19490].out[0] (.names)                                          0.261     7.243
[19474].in[3] (.names)                                           0.347     7.589
[19474].out[0] (.names)                                          0.261     7.850
[9404].in[3] (.names)                                            0.100     7.950
[9404].out[0] (.names)                                           0.261     8.211
[9395].D[0] (.latch)                                             0.000     8.211
data arrival time                                                          8.211

clock pclk (rise edge)                                           0.000     0.000
clock source latency                                             0.000     0.000
pclk.inpad[0] (.input)                                           0.000     0.000
[9395].clk[0] (.latch)                                           0.042     0.042
clock uncertainty                                                0.000     0.042
cell setup time                                                 -0.066    -0.024
data required time                                                        -0.024
--------------------------------------------------------------------------------
data required time                                                        -0.024
data arrival time                                                         -8.211
--------------------------------------------------------------------------------
slack (VIOLATED)                                                          -8.235


#Path 42
Startpoint: ppeaki_7_7_.Q[0] (.latch clocked by pclk)
Endpoint  : [10580].D[0] (.latch clocked by pclk)
Path Type : setup

Point                                                             Incr      Path
--------------------------------------------------------------------------------
clock pclk (rise edge)                                           0.000     0.000
clock source latency                                             0.000     0.000
pclk.inpad[0] (.input)                                           0.000     0.000
ppeaki_7_7_.clk[0] (.latch)                                      0.042     0.042
ppeaki_7_7_.Q[0] (.latch) [clock-to-output]                      0.124     0.166
[5541].in[3] (.names)                                            0.365     0.531
[5541].out[0] (.names)                                           0.261     0.792
[17555].in[0] (.names)                                           0.345     1.137
[17555].out[0] (.names)                                          0.261     1.398
[17559].in[5] (.names)                                           0.497     1.895
[17559].out[0] (.names)                                          0.261     2.156
nen24_7.in[1] (.names)                                           0.423     2.579
nen24_7.out[0] (.names)                                          0.261     2.840
[17719].in[2] (.names)                                           0.579     3.419
[17719].out[0] (.names)                                          0.261     3.680
[5291].in[3] (.names)                                            0.270     3.950
[5291].out[0] (.names)                                           0.261     4.211
[4442].in[3] (.names)                                            0.346     4.557
[4442].out[0] (.names)                                           0.261     4.818
[5173].in[3] (.names)                                            0.345     5.163
[5173].out[0] (.names)                                           0.261     5.424
[19520].in[4] (.names)                                           0.347     5.770
[19520].out[0] (.names)                                          0.261     6.031
[5162].in[4] (.names)                                            0.269     6.300
[5162].out[0] (.names)                                           0.261     6.561
[19490].in[4] (.names)                                           0.421     6.982
[19490].out[0] (.names)                                          0.261     7.243
[19474].in[3] (.names)                                           0.347     7.589
[19474].out[0] (.names)                                          0.261     7.850
[10589].in[3] (.names)                                           0.100     7.950
[10589].out[0] (.names)                                          0.261     8.211
[10580].D[0] (.latch)                                            0.000     8.211
data arrival time                                                          8.211

clock pclk (rise edge)                                           0.000     0.000
clock source latency                                             0.000     0.000
pclk.inpad[0] (.input)                                           0.000     0.000
[10580].clk[0] (.latch)                                          0.042     0.042
clock uncertainty                                                0.000     0.042
cell setup time                                                 -0.066    -0.024
data required time                                                        -0.024
--------------------------------------------------------------------------------
data required time                                                        -0.024
data arrival time                                                         -8.211
--------------------------------------------------------------------------------
slack (VIOLATED)                                                          -8.235


#Path 43
Startpoint: ppeaki_7_7_.Q[0] (.latch clocked by pclk)
Endpoint  : [11180].D[0] (.latch clocked by pclk)
Path Type : setup

Point                                                             Incr      Path
--------------------------------------------------------------------------------
clock pclk (rise edge)                                           0.000     0.000
clock source latency                                             0.000     0.000
pclk.inpad[0] (.input)                                           0.000     0.000
ppeaki_7_7_.clk[0] (.latch)                                      0.042     0.042
ppeaki_7_7_.Q[0] (.latch) [clock-to-output]                      0.124     0.166
[5541].in[3] (.names)                                            0.365     0.531
[5541].out[0] (.names)                                           0.261     0.792
[17555].in[0] (.names)                                           0.345     1.137
[17555].out[0] (.names)                                          0.261     1.398
[17559].in[5] (.names)                                           0.497     1.895
[17559].out[0] (.names)                                          0.261     2.156
nen24_7.in[1] (.names)                                           0.423     2.579
nen24_7.out[0] (.names)                                          0.261     2.840
[17719].in[2] (.names)                                           0.579     3.419
[17719].out[0] (.names)                                          0.261     3.680
[5291].in[3] (.names)                                            0.270     3.950
[5291].out[0] (.names)                                           0.261     4.211
[4442].in[3] (.names)                                            0.346     4.557
[4442].out[0] (.names)                                           0.261     4.818
[5173].in[3] (.names)                                            0.345     5.163
[5173].out[0] (.names)                                           0.261     5.424
[19520].in[4] (.names)                                           0.347     5.770
[19520].out[0] (.names)                                          0.261     6.031
[5162].in[4] (.names)                                            0.269     6.300
[5162].out[0] (.names)                                           0.261     6.561
[19490].in[4] (.names)                                           0.421     6.982
[19490].out[0] (.names)                                          0.261     7.243
[19474].in[3] (.names)                                           0.347     7.589
[19474].out[0] (.names)                                          0.261     7.850
[11189].in[3] (.names)                                           0.100     7.950
[11189].out[0] (.names)                                          0.261     8.211
[11180].D[0] (.latch)                                            0.000     8.211
data arrival time                                                          8.211

clock pclk (rise edge)                                           0.000     0.000
clock source latency                                             0.000     0.000
pclk.inpad[0] (.input)                                           0.000     0.000
[11180].clk[0] (.latch)                                          0.042     0.042
clock uncertainty                                                0.000     0.042
cell setup time                                                 -0.066    -0.024
data required time                                                        -0.024
--------------------------------------------------------------------------------
data required time                                                        -0.024
data arrival time                                                         -8.211
--------------------------------------------------------------------------------
slack (VIOLATED)                                                          -8.235


#Path 44
Startpoint: ppeaki_7_7_.Q[0] (.latch clocked by pclk)
Endpoint  : [12365].D[0] (.latch clocked by pclk)
Path Type : setup

Point                                                             Incr      Path
--------------------------------------------------------------------------------
clock pclk (rise edge)                                           0.000     0.000
clock source latency                                             0.000     0.000
pclk.inpad[0] (.input)                                           0.000     0.000
ppeaki_7_7_.clk[0] (.latch)                                      0.042     0.042
ppeaki_7_7_.Q[0] (.latch) [clock-to-output]                      0.124     0.166
[5541].in[3] (.names)                                            0.365     0.531
[5541].out[0] (.names)                                           0.261     0.792
[17555].in[0] (.names)                                           0.345     1.137
[17555].out[0] (.names)                                          0.261     1.398
[17559].in[5] (.names)                                           0.497     1.895
[17559].out[0] (.names)                                          0.261     2.156
nen24_7.in[1] (.names)                                           0.423     2.579
nen24_7.out[0] (.names)                                          0.261     2.840
[17719].in[2] (.names)                                           0.579     3.419
[17719].out[0] (.names)                                          0.261     3.680
[5291].in[3] (.names)                                            0.270     3.950
[5291].out[0] (.names)                                           0.261     4.211
[4442].in[3] (.names)                                            0.346     4.557
[4442].out[0] (.names)                                           0.261     4.818
[5173].in[3] (.names)                                            0.345     5.163
[5173].out[0] (.names)                                           0.261     5.424
[19520].in[4] (.names)                                           0.347     5.770
[19520].out[0] (.names)                                          0.261     6.031
[5162].in[4] (.names)                                            0.269     6.300
[5162].out[0] (.names)                                           0.261     6.561
[19490].in[4] (.names)                                           0.421     6.982
[19490].out[0] (.names)                                          0.261     7.243
[19474].in[3] (.names)                                           0.347     7.589
[19474].out[0] (.names)                                          0.261     7.850
[12374].in[3] (.names)                                           0.100     7.950
[12374].out[0] (.names)                                          0.261     8.211
[12365].D[0] (.latch)                                            0.000     8.211
data arrival time                                                          8.211

clock pclk (rise edge)                                           0.000     0.000
clock source latency                                             0.000     0.000
pclk.inpad[0] (.input)                                           0.000     0.000
[12365].clk[0] (.latch)                                          0.042     0.042
clock uncertainty                                                0.000     0.042
cell setup time                                                 -0.066    -0.024
data required time                                                        -0.024
--------------------------------------------------------------------------------
data required time                                                        -0.024
data arrival time                                                         -8.211
--------------------------------------------------------------------------------
slack (VIOLATED)                                                          -8.235


#Path 45
Startpoint: ppeaki_7_7_.Q[0] (.latch clocked by pclk)
Endpoint  : [13730].D[0] (.latch clocked by pclk)
Path Type : setup

Point                                                             Incr      Path
--------------------------------------------------------------------------------
clock pclk (rise edge)                                           0.000     0.000
clock source latency                                             0.000     0.000
pclk.inpad[0] (.input)                                           0.000     0.000
ppeaki_7_7_.clk[0] (.latch)                                      0.042     0.042
ppeaki_7_7_.Q[0] (.latch) [clock-to-output]                      0.124     0.166
[5541].in[3] (.names)                                            0.365     0.531
[5541].out[0] (.names)                                           0.261     0.792
[17555].in[0] (.names)                                           0.345     1.137
[17555].out[0] (.names)                                          0.261     1.398
[17559].in[5] (.names)                                           0.497     1.895
[17559].out[0] (.names)                                          0.261     2.156
nen24_7.in[1] (.names)                                           0.423     2.579
nen24_7.out[0] (.names)                                          0.261     2.840
[17719].in[2] (.names)                                           0.579     3.419
[17719].out[0] (.names)                                          0.261     3.680
[5291].in[3] (.names)                                            0.270     3.950
[5291].out[0] (.names)                                           0.261     4.211
[4442].in[3] (.names)                                            0.346     4.557
[4442].out[0] (.names)                                           0.261     4.818
[5173].in[3] (.names)                                            0.345     5.163
[5173].out[0] (.names)                                           0.261     5.424
[19520].in[4] (.names)                                           0.347     5.770
[19520].out[0] (.names)                                          0.261     6.031
[5162].in[4] (.names)                                            0.269     6.300
[5162].out[0] (.names)                                           0.261     6.561
[19490].in[4] (.names)                                           0.421     6.982
[19490].out[0] (.names)                                          0.261     7.243
[19474].in[3] (.names)                                           0.347     7.589
[19474].out[0] (.names)                                          0.261     7.850
[13739].in[3] (.names)                                           0.100     7.950
[13739].out[0] (.names)                                          0.261     8.211
[13730].D[0] (.latch)                                            0.000     8.211
data arrival time                                                          8.211

clock pclk (rise edge)                                           0.000     0.000
clock source latency                                             0.000     0.000
pclk.inpad[0] (.input)                                           0.000     0.000
[13730].clk[0] (.latch)                                          0.042     0.042
clock uncertainty                                                0.000     0.042
cell setup time                                                 -0.066    -0.024
data required time                                                        -0.024
--------------------------------------------------------------------------------
data required time                                                        -0.024
data arrival time                                                         -8.211
--------------------------------------------------------------------------------
slack (VIOLATED)                                                          -8.235


#Path 46
Startpoint: ppeaki_7_7_.Q[0] (.latch clocked by pclk)
Endpoint  : [15320].D[0] (.latch clocked by pclk)
Path Type : setup

Point                                                             Incr      Path
--------------------------------------------------------------------------------
clock pclk (rise edge)                                           0.000     0.000
clock source latency                                             0.000     0.000
pclk.inpad[0] (.input)                                           0.000     0.000
ppeaki_7_7_.clk[0] (.latch)                                      0.042     0.042
ppeaki_7_7_.Q[0] (.latch) [clock-to-output]                      0.124     0.166
[5541].in[3] (.names)                                            0.365     0.531
[5541].out[0] (.names)                                           0.261     0.792
[17555].in[0] (.names)                                           0.345     1.137
[17555].out[0] (.names)                                          0.261     1.398
[17559].in[5] (.names)                                           0.497     1.895
[17559].out[0] (.names)                                          0.261     2.156
nen24_7.in[1] (.names)                                           0.423     2.579
nen24_7.out[0] (.names)                                          0.261     2.840
[17719].in[2] (.names)                                           0.579     3.419
[17719].out[0] (.names)                                          0.261     3.680
[5291].in[3] (.names)                                            0.270     3.950
[5291].out[0] (.names)                                           0.261     4.211
[4442].in[3] (.names)                                            0.346     4.557
[4442].out[0] (.names)                                           0.261     4.818
[5173].in[3] (.names)                                            0.345     5.163
[5173].out[0] (.names)                                           0.261     5.424
[19520].in[4] (.names)                                           0.347     5.770
[19520].out[0] (.names)                                          0.261     6.031
[5162].in[4] (.names)                                            0.269     6.300
[5162].out[0] (.names)                                           0.261     6.561
[19490].in[4] (.names)                                           0.421     6.982
[19490].out[0] (.names)                                          0.261     7.243
[19474].in[3] (.names)                                           0.347     7.589
[19474].out[0] (.names)                                          0.261     7.850
[15329].in[3] (.names)                                           0.100     7.950
[15329].out[0] (.names)                                          0.261     8.211
[15320].D[0] (.latch)                                            0.000     8.211
data arrival time                                                          8.211

clock pclk (rise edge)                                           0.000     0.000
clock source latency                                             0.000     0.000
pclk.inpad[0] (.input)                                           0.000     0.000
[15320].clk[0] (.latch)                                          0.042     0.042
clock uncertainty                                                0.000     0.042
cell setup time                                                 -0.066    -0.024
data required time                                                        -0.024
--------------------------------------------------------------------------------
data required time                                                        -0.024
data arrival time                                                         -8.211
--------------------------------------------------------------------------------
slack (VIOLATED)                                                          -8.235


#Path 47
Startpoint: ppeaki_7_7_.Q[0] (.latch clocked by pclk)
Endpoint  : [10700].D[0] (.latch clocked by pclk)
Path Type : setup

Point                                                             Incr      Path
--------------------------------------------------------------------------------
clock pclk (rise edge)                                           0.000     0.000
clock source latency                                             0.000     0.000
pclk.inpad[0] (.input)                                           0.000     0.000
ppeaki_7_7_.clk[0] (.latch)                                      0.042     0.042
ppeaki_7_7_.Q[0] (.latch) [clock-to-output]                      0.124     0.166
[5541].in[3] (.names)                                            0.365     0.531
[5541].out[0] (.names)                                           0.261     0.792
[17555].in[0] (.names)                                           0.345     1.137
[17555].out[0] (.names)                                          0.261     1.398
[17559].in[5] (.names)                                           0.497     1.895
[17559].out[0] (.names)                                          0.261     2.156
nen24_7.in[1] (.names)                                           0.423     2.579
nen24_7.out[0] (.names)                                          0.261     2.840
[17925].in[2] (.names)                                           0.733     3.573
[17925].out[0] (.names)                                          0.261     3.834
[19153].in[5] (.names)                                           0.650     4.484
[19153].out[0] (.names)                                          0.261     4.745
[19157].in[2] (.names)                                           0.347     5.092
[19157].out[0] (.names)                                          0.261     5.353
[19221].in[2] (.names)                                           0.100     5.453
[19221].out[0] (.names)                                          0.261     5.714
[19227].in[2] (.names)                                           0.100     5.814
[19227].out[0] (.names)                                          0.261     6.075
[19232].in[2] (.names)                                           0.100     6.175
[19232].out[0] (.names)                                          0.261     6.436
[19215].in[2] (.names)                                           0.423     6.858
[19215].out[0] (.names)                                          0.261     7.119
[10709].in[4] (.names)                                           0.810     7.929
[10709].out[0] (.names)                                          0.261     8.190
[10700].D[0] (.latch)                                            0.000     8.190
data arrival time                                                          8.190

clock pclk (rise edge)                                           0.000     0.000
clock source latency                                             0.000     0.000
pclk.inpad[0] (.input)                                           0.000     0.000
[10700].clk[0] (.latch)                                          0.042     0.042
clock uncertainty                                                0.000     0.042
cell setup time                                                 -0.066    -0.024
data required time                                                        -0.024
--------------------------------------------------------------------------------
data required time                                                        -0.024
data arrival time                                                         -8.190
--------------------------------------------------------------------------------
slack (VIOLATED)                                                          -8.214


#Path 48
Startpoint: ppeaki_7_7_.Q[0] (.latch clocked by pclk)
Endpoint  : [10985].D[0] (.latch clocked by pclk)
Path Type : setup

Point                                                             Incr      Path
--------------------------------------------------------------------------------
clock pclk (rise edge)                                           0.000     0.000
clock source latency                                             0.000     0.000
pclk.inpad[0] (.input)                                           0.000     0.000
ppeaki_7_7_.clk[0] (.latch)                                      0.042     0.042
ppeaki_7_7_.Q[0] (.latch) [clock-to-output]                      0.124     0.166
[5541].in[3] (.names)                                            0.365     0.531
[5541].out[0] (.names)                                           0.261     0.792
[17555].in[0] (.names)                                           0.345     1.137
[17555].out[0] (.names)                                          0.261     1.398
[17559].in[5] (.names)                                           0.497     1.895
[17559].out[0] (.names)                                          0.261     2.156
nen24_7.in[1] (.names)                                           0.423     2.579
nen24_7.out[0] (.names)                                          0.261     2.840
[17925].in[2] (.names)                                           0.733     3.573
[17925].out[0] (.names)                                          0.261     3.834
[19153].in[5] (.names)                                           0.650     4.484
[19153].out[0] (.names)                                          0.261     4.745
[19157].in[2] (.names)                                           0.347     5.092
[19157].out[0] (.names)                                          0.261     5.353
[19221].in[2] (.names)                                           0.100     5.453
[19221].out[0] (.names)                                          0.261     5.714
[19227].in[2] (.names)                                           0.100     5.814
[19227].out[0] (.names)                                          0.261     6.075
[19232].in[2] (.names)                                           0.100     6.175
[19232].out[0] (.names)                                          0.261     6.436
[19215].in[2] (.names)                                           0.423     6.858
[19215].out[0] (.names)                                          0.261     7.119
[19068].in[5] (.names)                                           0.100     7.219
[19068].out[0] (.names)                                          0.261     7.480
[10994].in[3] (.names)                                           0.425     7.906
[10994].out[0] (.names)                                          0.261     8.167
[10985].D[0] (.latch)                                            0.000     8.167
data arrival time                                                          8.167

clock pclk (rise edge)                                           0.000     0.000
clock source latency                                             0.000     0.000
pclk.inpad[0] (.input)                                           0.000     0.000
[10985].clk[0] (.latch)                                          0.042     0.042
clock uncertainty                                                0.000     0.042
cell setup time                                                 -0.066    -0.024
data required time                                                        -0.024
--------------------------------------------------------------------------------
data required time                                                        -0.024
data arrival time                                                         -8.167
--------------------------------------------------------------------------------
slack (VIOLATED)                                                          -8.190


#Path 49
Startpoint: ppeaki_7_7_.Q[0] (.latch clocked by pclk)
Endpoint  : [15410].D[0] (.latch clocked by pclk)
Path Type : setup

Point                                                             Incr      Path
--------------------------------------------------------------------------------
clock pclk (rise edge)                                           0.000     0.000
clock source latency                                             0.000     0.000
pclk.inpad[0] (.input)                                           0.000     0.000
ppeaki_7_7_.clk[0] (.latch)                                      0.042     0.042
ppeaki_7_7_.Q[0] (.latch) [clock-to-output]                      0.124     0.166
[5541].in[3] (.names)                                            0.365     0.531
[5541].out[0] (.names)                                           0.261     0.792
[17555].in[0] (.names)                                           0.345     1.137
[17555].out[0] (.names)                                          0.261     1.398
[17559].in[5] (.names)                                           0.497     1.895
[17559].out[0] (.names)                                          0.261     2.156
nen24_7.in[1] (.names)                                           0.423     2.579
nen24_7.out[0] (.names)                                          0.261     2.840
[17925].in[2] (.names)                                           0.733     3.573
[17925].out[0] (.names)                                          0.261     3.834
[19153].in[5] (.names)                                           0.650     4.484
[19153].out[0] (.names)                                          0.261     4.745
[19157].in[2] (.names)                                           0.347     5.092
[19157].out[0] (.names)                                          0.261     5.353
[19221].in[2] (.names)                                           0.100     5.453
[19221].out[0] (.names)                                          0.261     5.714
[19227].in[2] (.names)                                           0.100     5.814
[19227].out[0] (.names)                                          0.261     6.075
[19232].in[2] (.names)                                           0.100     6.175
[19232].out[0] (.names)                                          0.261     6.436
[19215].in[2] (.names)                                           0.423     6.858
[19215].out[0] (.names)                                          0.261     7.119
[19068].in[5] (.names)                                           0.100     7.219
[19068].out[0] (.names)                                          0.261     7.480
[15419].in[4] (.names)                                           0.425     7.906
[15419].out[0] (.names)                                          0.261     8.167
[15410].D[0] (.latch)                                            0.000     8.167
data arrival time                                                          8.167

clock pclk (rise edge)                                           0.000     0.000
clock source latency                                             0.000     0.000
pclk.inpad[0] (.input)                                           0.000     0.000
[15410].clk[0] (.latch)                                          0.042     0.042
clock uncertainty                                                0.000     0.042
cell setup time                                                 -0.066    -0.024
data required time                                                        -0.024
--------------------------------------------------------------------------------
data required time                                                        -0.024
data arrival time                                                         -8.167
--------------------------------------------------------------------------------
slack (VIOLATED)                                                          -8.190


#Path 50
Startpoint: ppeaki_7_7_.Q[0] (.latch clocked by pclk)
Endpoint  : [12815].D[0] (.latch clocked by pclk)
Path Type : setup

Point                                                             Incr      Path
--------------------------------------------------------------------------------
clock pclk (rise edge)                                           0.000     0.000
clock source latency                                             0.000     0.000
pclk.inpad[0] (.input)                                           0.000     0.000
ppeaki_7_7_.clk[0] (.latch)                                      0.042     0.042
ppeaki_7_7_.Q[0] (.latch) [clock-to-output]                      0.124     0.166
[5541].in[3] (.names)                                            0.365     0.531
[5541].out[0] (.names)                                           0.261     0.792
[17555].in[0] (.names)                                           0.345     1.137
[17555].out[0] (.names)                                          0.261     1.398
[17559].in[5] (.names)                                           0.497     1.895
[17559].out[0] (.names)                                          0.261     2.156
nen24_7.in[1] (.names)                                           0.423     2.579
nen24_7.out[0] (.names)                                          0.261     2.840
[17719].in[2] (.names)                                           0.579     3.419
[17719].out[0] (.names)                                          0.261     3.680
[5291].in[3] (.names)                                            0.270     3.950
[5291].out[0] (.names)                                           0.261     4.211
[4442].in[3] (.names)                                            0.346     4.557
[4442].out[0] (.names)                                           0.261     4.818
[5173].in[3] (.names)                                            0.345     5.163
[5173].out[0] (.names)                                           0.261     5.424
[19520].in[4] (.names)                                           0.347     5.770
[19520].out[0] (.names)                                          0.261     6.031
[5162].in[4] (.names)                                            0.269     6.300
[5162].out[0] (.names)                                           0.261     6.561
[19490].in[4] (.names)                                           0.421     6.982
[19490].out[0] (.names)                                          0.261     7.243
[3140].in[4] (.names)                                            0.269     7.511
[3140].out[0] (.names)                                           0.261     7.772
[12824].in[3] (.names)                                           0.100     7.872
[12824].out[0] (.names)                                          0.261     8.133
[12815].D[0] (.latch)                                            0.000     8.133
data arrival time                                                          8.133

clock pclk (rise edge)                                           0.000     0.000
clock source latency                                             0.000     0.000
pclk.inpad[0] (.input)                                           0.000     0.000
[12815].clk[0] (.latch)                                          0.042     0.042
clock uncertainty                                                0.000     0.042
cell setup time                                                 -0.066    -0.024
data required time                                                        -0.024
--------------------------------------------------------------------------------
data required time                                                        -0.024
data arrival time                                                         -8.133
--------------------------------------------------------------------------------
slack (VIOLATED)                                                          -8.157


#Path 51
Startpoint: ppeaki_7_7_.Q[0] (.latch clocked by pclk)
Endpoint  : [8705].D[0] (.latch clocked by pclk)
Path Type : setup

Point                                                             Incr      Path
--------------------------------------------------------------------------------
clock pclk (rise edge)                                           0.000     0.000
clock source latency                                             0.000     0.000
pclk.inpad[0] (.input)                                           0.000     0.000
ppeaki_7_7_.clk[0] (.latch)                                      0.042     0.042
ppeaki_7_7_.Q[0] (.latch) [clock-to-output]                      0.124     0.166
[5541].in[3] (.names)                                            0.365     0.531
[5541].out[0] (.names)                                           0.261     0.792
[17555].in[0] (.names)                                           0.345     1.137
[17555].out[0] (.names)                                          0.261     1.398
[17559].in[5] (.names)                                           0.497     1.895
[17559].out[0] (.names)                                          0.261     2.156
nen24_7.in[1] (.names)                                           0.423     2.579
nen24_7.out[0] (.names)                                          0.261     2.840
[17719].in[2] (.names)                                           0.579     3.419
[17719].out[0] (.names)                                          0.261     3.680
[5291].in[3] (.names)                                            0.270     3.950
[5291].out[0] (.names)                                           0.261     4.211
[4442].in[3] (.names)                                            0.346     4.557
[4442].out[0] (.names)                                           0.261     4.818
[5173].in[3] (.names)                                            0.345     5.163
[5173].out[0] (.names)                                           0.261     5.424
[19520].in[4] (.names)                                           0.347     5.770
[19520].out[0] (.names)                                          0.261     6.031
[5162].in[4] (.names)                                            0.269     6.300
[5162].out[0] (.names)                                           0.261     6.561
[19490].in[4] (.names)                                           0.421     6.982
[19490].out[0] (.names)                                          0.261     7.243
[3735].in[4] (.names)                                            0.269     7.511
[3735].out[0] (.names)                                           0.261     7.772
[8714].in[4] (.names)                                            0.100     7.872
[8714].out[0] (.names)                                           0.261     8.133
[8705].D[0] (.latch)                                             0.000     8.133
data arrival time                                                          8.133

clock pclk (rise edge)                                           0.000     0.000
clock source latency                                             0.000     0.000
pclk.inpad[0] (.input)                                           0.000     0.000
[8705].clk[0] (.latch)                                           0.042     0.042
clock uncertainty                                                0.000     0.042
cell setup time                                                 -0.066    -0.024
data required time                                                        -0.024
--------------------------------------------------------------------------------
data required time                                                        -0.024
data arrival time                                                         -8.133
--------------------------------------------------------------------------------
slack (VIOLATED)                                                          -8.157


#Path 52
Startpoint: ppeaki_7_7_.Q[0] (.latch clocked by pclk)
Endpoint  : [14240].D[0] (.latch clocked by pclk)
Path Type : setup

Point                                                             Incr      Path
--------------------------------------------------------------------------------
clock pclk (rise edge)                                           0.000     0.000
clock source latency                                             0.000     0.000
pclk.inpad[0] (.input)                                           0.000     0.000
ppeaki_7_7_.clk[0] (.latch)                                      0.042     0.042
ppeaki_7_7_.Q[0] (.latch) [clock-to-output]                      0.124     0.166
[5541].in[3] (.names)                                            0.365     0.531
[5541].out[0] (.names)                                           0.261     0.792
[17555].in[0] (.names)                                           0.345     1.137
[17555].out[0] (.names)                                          0.261     1.398
[17559].in[5] (.names)                                           0.497     1.895
[17559].out[0] (.names)                                          0.261     2.156
nen24_7.in[1] (.names)                                           0.423     2.579
nen24_7.out[0] (.names)                                          0.261     2.840
[17925].in[2] (.names)                                           0.733     3.573
[17925].out[0] (.names)                                          0.261     3.834
[19153].in[5] (.names)                                           0.650     4.484
[19153].out[0] (.names)                                          0.261     4.745
[19157].in[2] (.names)                                           0.347     5.092
[19157].out[0] (.names)                                          0.261     5.353
[19221].in[2] (.names)                                           0.100     5.453
[19221].out[0] (.names)                                          0.261     5.714
[19227].in[2] (.names)                                           0.100     5.814
[19227].out[0] (.names)                                          0.261     6.075
[19232].in[2] (.names)                                           0.100     6.175
[19232].out[0] (.names)                                          0.261     6.436
[19215].in[2] (.names)                                           0.423     6.858
[19215].out[0] (.names)                                          0.261     7.119
[14249].in[4] (.names)                                           0.656     7.775
[14249].out[0] (.names)                                          0.261     8.036
[14240].D[0] (.latch)                                            0.000     8.036
data arrival time                                                          8.036

clock pclk (rise edge)                                           0.000     0.000
clock source latency                                             0.000     0.000
pclk.inpad[0] (.input)                                           0.000     0.000
[14240].clk[0] (.latch)                                          0.042     0.042
clock uncertainty                                                0.000     0.042
cell setup time                                                 -0.066    -0.024
data required time                                                        -0.024
--------------------------------------------------------------------------------
data required time                                                        -0.024
data arrival time                                                         -8.036
--------------------------------------------------------------------------------
slack (VIOLATED)                                                          -8.060


#Path 53
Startpoint: ppeaki_7_7_.Q[0] (.latch clocked by pclk)
Endpoint  : [9800].D[0] (.latch clocked by pclk)
Path Type : setup

Point                                                             Incr      Path
--------------------------------------------------------------------------------
clock pclk (rise edge)                                           0.000     0.000
clock source latency                                             0.000     0.000
pclk.inpad[0] (.input)                                           0.000     0.000
ppeaki_7_7_.clk[0] (.latch)                                      0.042     0.042
ppeaki_7_7_.Q[0] (.latch) [clock-to-output]                      0.124     0.166
[5541].in[3] (.names)                                            0.365     0.531
[5541].out[0] (.names)                                           0.261     0.792
[17555].in[0] (.names)                                           0.345     1.137
[17555].out[0] (.names)                                          0.261     1.398
[17559].in[5] (.names)                                           0.497     1.895
[17559].out[0] (.names)                                          0.261     2.156
nen24_7.in[1] (.names)                                           0.423     2.579
nen24_7.out[0] (.names)                                          0.261     2.840
[17925].in[2] (.names)                                           0.733     3.573
[17925].out[0] (.names)                                          0.261     3.834
[19153].in[5] (.names)                                           0.650     4.484
[19153].out[0] (.names)                                          0.261     4.745
[19157].in[2] (.names)                                           0.347     5.092
[19157].out[0] (.names)                                          0.261     5.353
[19221].in[2] (.names)                                           0.100     5.453
[19221].out[0] (.names)                                          0.261     5.714
[19227].in[2] (.names)                                           0.100     5.814
[19227].out[0] (.names)                                          0.261     6.075
[19232].in[2] (.names)                                           0.100     6.175
[19232].out[0] (.names)                                          0.261     6.436
[19215].in[2] (.names)                                           0.423     6.858
[19215].out[0] (.names)                                          0.261     7.119
[9809].in[4] (.names)                                            0.653     7.772
[9809].out[0] (.names)                                           0.261     8.033
[9800].D[0] (.latch)                                             0.000     8.033
data arrival time                                                          8.033

clock pclk (rise edge)                                           0.000     0.000
clock source latency                                             0.000     0.000
pclk.inpad[0] (.input)                                           0.000     0.000
[9800].clk[0] (.latch)                                           0.042     0.042
clock uncertainty                                                0.000     0.042
cell setup time                                                 -0.066    -0.024
data required time                                                        -0.024
--------------------------------------------------------------------------------
data required time                                                        -0.024
data arrival time                                                         -8.033
--------------------------------------------------------------------------------
slack (VIOLATED)                                                          -8.057


#Path 54
Startpoint: ppeaki_7_7_.Q[0] (.latch clocked by pclk)
Endpoint  : [15065].D[0] (.latch clocked by pclk)
Path Type : setup

Point                                                             Incr      Path
--------------------------------------------------------------------------------
clock pclk (rise edge)                                           0.000     0.000
clock source latency                                             0.000     0.000
pclk.inpad[0] (.input)                                           0.000     0.000
ppeaki_7_7_.clk[0] (.latch)                                      0.042     0.042
ppeaki_7_7_.Q[0] (.latch) [clock-to-output]                      0.124     0.166
[5541].in[3] (.names)                                            0.365     0.531
[5541].out[0] (.names)                                           0.261     0.792
[17555].in[0] (.names)                                           0.345     1.137
[17555].out[0] (.names)                                          0.261     1.398
[17559].in[5] (.names)                                           0.497     1.895
[17559].out[0] (.names)                                          0.261     2.156
nen24_7.in[1] (.names)                                           0.423     2.579
nen24_7.out[0] (.names)                                          0.261     2.840
[17925].in[2] (.names)                                           0.733     3.573
[17925].out[0] (.names)                                          0.261     3.834
[19153].in[5] (.names)                                           0.650     4.484
[19153].out[0] (.names)                                          0.261     4.745
[19157].in[2] (.names)                                           0.347     5.092
[19157].out[0] (.names)                                          0.261     5.353
[19221].in[2] (.names)                                           0.100     5.453
[19221].out[0] (.names)                                          0.261     5.714
[19227].in[2] (.names)                                           0.100     5.814
[19227].out[0] (.names)                                          0.261     6.075
[19232].in[2] (.names)                                           0.100     6.175
[19232].out[0] (.names)                                          0.261     6.436
[19091].in[5] (.names)                                           0.573     7.009
[19091].out[0] (.names)                                          0.261     7.270
[15074].in[3] (.names)                                           0.502     7.772
[15074].out[0] (.names)                                          0.261     8.033
[15065].D[0] (.latch)                                            0.000     8.033
data arrival time                                                          8.033

clock pclk (rise edge)                                           0.000     0.000
clock source latency                                             0.000     0.000
pclk.inpad[0] (.input)                                           0.000     0.000
[15065].clk[0] (.latch)                                          0.042     0.042
clock uncertainty                                                0.000     0.042
cell setup time                                                 -0.066    -0.024
data required time                                                        -0.024
--------------------------------------------------------------------------------
data required time                                                        -0.024
data arrival time                                                         -8.033
--------------------------------------------------------------------------------
slack (VIOLATED)                                                          -8.057


#Path 55
Startpoint: ppeaki_7_7_.Q[0] (.latch clocked by pclk)
Endpoint  : [10415].D[0] (.latch clocked by pclk)
Path Type : setup

Point                                                             Incr      Path
--------------------------------------------------------------------------------
clock pclk (rise edge)                                           0.000     0.000
clock source latency                                             0.000     0.000
pclk.inpad[0] (.input)                                           0.000     0.000
ppeaki_7_7_.clk[0] (.latch)                                      0.042     0.042
ppeaki_7_7_.Q[0] (.latch) [clock-to-output]                      0.124     0.166
[5541].in[3] (.names)                                            0.365     0.531
[5541].out[0] (.names)                                           0.261     0.792
[17555].in[0] (.names)                                           0.345     1.137
[17555].out[0] (.names)                                          0.261     1.398
[17559].in[5] (.names)                                           0.497     1.895
[17559].out[0] (.names)                                          0.261     2.156
nen24_7.in[1] (.names)                                           0.423     2.579
nen24_7.out[0] (.names)                                          0.261     2.840
[17925].in[2] (.names)                                           0.733     3.573
[17925].out[0] (.names)                                          0.261     3.834
[19153].in[5] (.names)                                           0.650     4.484
[19153].out[0] (.names)                                          0.261     4.745
[19157].in[2] (.names)                                           0.347     5.092
[19157].out[0] (.names)                                          0.261     5.353
[19221].in[2] (.names)                                           0.100     5.453
[19221].out[0] (.names)                                          0.261     5.714
[19227].in[2] (.names)                                           0.100     5.814
[19227].out[0] (.names)                                          0.261     6.075
[19232].in[2] (.names)                                           0.100     6.175
[19232].out[0] (.names)                                          0.261     6.436
[19091].in[5] (.names)                                           0.573     7.009
[19091].out[0] (.names)                                          0.261     7.270
[10424].in[3] (.names)                                           0.502     7.772
[10424].out[0] (.names)                                          0.261     8.033
[10415].D[0] (.latch)                                            0.000     8.033
data arrival time                                                          8.033

clock pclk (rise edge)                                           0.000     0.000
clock source latency                                             0.000     0.000
pclk.inpad[0] (.input)                                           0.000     0.000
[10415].clk[0] (.latch)                                          0.042     0.042
clock uncertainty                                                0.000     0.042
cell setup time                                                 -0.066    -0.024
data required time                                                        -0.024
--------------------------------------------------------------------------------
data required time                                                        -0.024
data arrival time                                                         -8.033
--------------------------------------------------------------------------------
slack (VIOLATED)                                                          -8.057


#Path 56
Startpoint: ppeaki_7_7_.Q[0] (.latch clocked by pclk)
Endpoint  : [9845].D[0] (.latch clocked by pclk)
Path Type : setup

Point                                                             Incr      Path
--------------------------------------------------------------------------------
clock pclk (rise edge)                                           0.000     0.000
clock source latency                                             0.000     0.000
pclk.inpad[0] (.input)                                           0.000     0.000
ppeaki_7_7_.clk[0] (.latch)                                      0.042     0.042
ppeaki_7_7_.Q[0] (.latch) [clock-to-output]                      0.124     0.166
[5541].in[3] (.names)                                            0.365     0.531
[5541].out[0] (.names)                                           0.261     0.792
[17555].in[0] (.names)                                           0.345     1.137
[17555].out[0] (.names)                                          0.261     1.398
[17559].in[5] (.names)                                           0.497     1.895
[17559].out[0] (.names)                                          0.261     2.156
nen24_7.in[1] (.names)                                           0.423     2.579
nen24_7.out[0] (.names)                                          0.261     2.840
[17925].in[2] (.names)                                           0.733     3.573
[17925].out[0] (.names)                                          0.261     3.834
[19153].in[5] (.names)                                           0.650     4.484
[19153].out[0] (.names)                                          0.261     4.745
[19157].in[2] (.names)                                           0.347     5.092
[19157].out[0] (.names)                                          0.261     5.353
[19221].in[2] (.names)                                           0.100     5.453
[19221].out[0] (.names)                                          0.261     5.714
[19227].in[2] (.names)                                           0.100     5.814
[19227].out[0] (.names)                                          0.261     6.075
[19232].in[2] (.names)                                           0.100     6.175
[19232].out[0] (.names)                                          0.261     6.436
[19091].in[5] (.names)                                           0.573     7.009
[19091].out[0] (.names)                                          0.261     7.270
[9854].in[3] (.names)                                            0.501     7.771
[9854].out[0] (.names)                                           0.261     8.032
[9845].D[0] (.latch)                                             0.000     8.032
data arrival time                                                          8.032

clock pclk (rise edge)                                           0.000     0.000
clock source latency                                             0.000     0.000
pclk.inpad[0] (.input)                                           0.000     0.000
[9845].clk[0] (.latch)                                           0.042     0.042
clock uncertainty                                                0.000     0.042
cell setup time                                                 -0.066    -0.024
data required time                                                        -0.024
--------------------------------------------------------------------------------
data required time                                                        -0.024
data arrival time                                                         -8.032
--------------------------------------------------------------------------------
slack (VIOLATED)                                                          -8.055


#Path 57
Startpoint: ppeaki_7_7_.Q[0] (.latch clocked by pclk)
Endpoint  : [4880].D[0] (.latch clocked by pclk)
Path Type : setup

Point                                                             Incr      Path
--------------------------------------------------------------------------------
clock pclk (rise edge)                                           0.000     0.000
clock source latency                                             0.000     0.000
pclk.inpad[0] (.input)                                           0.000     0.000
ppeaki_7_7_.clk[0] (.latch)                                      0.042     0.042
ppeaki_7_7_.Q[0] (.latch) [clock-to-output]                      0.124     0.166
[5541].in[3] (.names)                                            0.365     0.531
[5541].out[0] (.names)                                           0.261     0.792
[17555].in[0] (.names)                                           0.345     1.137
[17555].out[0] (.names)                                          0.261     1.398
[17559].in[5] (.names)                                           0.497     1.895
[17559].out[0] (.names)                                          0.261     2.156
nen24_7.in[1] (.names)                                           0.423     2.579
nen24_7.out[0] (.names)                                          0.261     2.840
[17925].in[2] (.names)                                           0.733     3.573
[17925].out[0] (.names)                                          0.261     3.834
[19153].in[5] (.names)                                           0.650     4.484
[19153].out[0] (.names)                                          0.261     4.745
[19157].in[2] (.names)                                           0.347     5.092
[19157].out[0] (.names)                                          0.261     5.353
[19221].in[2] (.names)                                           0.100     5.453
[19221].out[0] (.names)                                          0.261     5.714
[19227].in[2] (.names)                                           0.100     5.814
[19227].out[0] (.names)                                          0.261     6.075
[19232].in[2] (.names)                                           0.100     6.175
[19232].out[0] (.names)                                          0.261     6.436
[19215].in[2] (.names)                                           0.423     6.858
[19215].out[0] (.names)                                          0.261     7.119
[4388].in[3] (.names)                                            0.100     7.219
[4388].out[0] (.names)                                           0.261     7.480
[4889].in[4] (.names)                                            0.270     7.751
[4889].out[0] (.names)                                           0.261     8.012
[4880].D[0] (.latch)                                             0.000     8.012
data arrival time                                                          8.012

clock pclk (rise edge)                                           0.000     0.000
clock source latency                                             0.000     0.000
pclk.inpad[0] (.input)                                           0.000     0.000
[4880].clk[0] (.latch)                                           0.042     0.042
clock uncertainty                                                0.000     0.042
cell setup time                                                 -0.066    -0.024
data required time                                                        -0.024
--------------------------------------------------------------------------------
data required time                                                        -0.024
data arrival time                                                         -8.012
--------------------------------------------------------------------------------
slack (VIOLATED)                                                          -8.035


#Path 58
Startpoint: ppeaki_7_7_.Q[0] (.latch clocked by pclk)
Endpoint  : [15050].D[0] (.latch clocked by pclk)
Path Type : setup

Point                                                             Incr      Path
--------------------------------------------------------------------------------
clock pclk (rise edge)                                           0.000     0.000
clock source latency                                             0.000     0.000
pclk.inpad[0] (.input)                                           0.000     0.000
ppeaki_7_7_.clk[0] (.latch)                                      0.042     0.042
ppeaki_7_7_.Q[0] (.latch) [clock-to-output]                      0.124     0.166
[5541].in[3] (.names)                                            0.365     0.531
[5541].out[0] (.names)                                           0.261     0.792
[17555].in[0] (.names)                                           0.345     1.137
[17555].out[0] (.names)                                          0.261     1.398
[17559].in[5] (.names)                                           0.497     1.895
[17559].out[0] (.names)                                          0.261     2.156
nen24_7.in[1] (.names)                                           0.423     2.579
nen24_7.out[0] (.names)                                          0.261     2.840
[17925].in[2] (.names)                                           0.733     3.573
[17925].out[0] (.names)                                          0.261     3.834
[19153].in[5] (.names)                                           0.650     4.484
[19153].out[0] (.names)                                          0.261     4.745
[19157].in[2] (.names)                                           0.347     5.092
[19157].out[0] (.names)                                          0.261     5.353
[19221].in[2] (.names)                                           0.100     5.453
[19221].out[0] (.names)                                          0.261     5.714
[19227].in[2] (.names)                                           0.100     5.814
[19227].out[0] (.names)                                          0.261     6.075
[19232].in[2] (.names)                                           0.100     6.175
[19232].out[0] (.names)                                          0.261     6.436
[19215].in[2] (.names)                                           0.423     6.858
[19215].out[0] (.names)                                          0.261     7.119
[4388].in[3] (.names)                                            0.100     7.219
[4388].out[0] (.names)                                           0.261     7.480
[15059].in[4] (.names)                                           0.270     7.751
[15059].out[0] (.names)                                          0.261     8.012
[15050].D[0] (.latch)                                            0.000     8.012
data arrival time                                                          8.012

clock pclk (rise edge)                                           0.000     0.000
clock source latency                                             0.000     0.000
pclk.inpad[0] (.input)                                           0.000     0.000
[15050].clk[0] (.latch)                                          0.042     0.042
clock uncertainty                                                0.000     0.042
cell setup time                                                 -0.066    -0.024
data required time                                                        -0.024
--------------------------------------------------------------------------------
data required time                                                        -0.024
data arrival time                                                         -8.012
--------------------------------------------------------------------------------
slack (VIOLATED)                                                          -8.035


#Path 59
Startpoint: ppeaki_7_7_.Q[0] (.latch clocked by pclk)
Endpoint  : [9365].D[0] (.latch clocked by pclk)
Path Type : setup

Point                                                             Incr      Path
--------------------------------------------------------------------------------
clock pclk (rise edge)                                           0.000     0.000
clock source latency                                             0.000     0.000
pclk.inpad[0] (.input)                                           0.000     0.000
ppeaki_7_7_.clk[0] (.latch)                                      0.042     0.042
ppeaki_7_7_.Q[0] (.latch) [clock-to-output]                      0.124     0.166
[5541].in[3] (.names)                                            0.365     0.531
[5541].out[0] (.names)                                           0.261     0.792
[17555].in[0] (.names)                                           0.345     1.137
[17555].out[0] (.names)                                          0.261     1.398
[17559].in[5] (.names)                                           0.497     1.895
[17559].out[0] (.names)                                          0.261     2.156
nen24_7.in[1] (.names)                                           0.423     2.579
nen24_7.out[0] (.names)                                          0.261     2.840
[17719].in[2] (.names)                                           0.579     3.419
[17719].out[0] (.names)                                          0.261     3.680
[5291].in[3] (.names)                                            0.270     3.950
[5291].out[0] (.names)                                           0.261     4.211
[4442].in[3] (.names)                                            0.346     4.557
[4442].out[0] (.names)                                           0.261     4.818
[5173].in[3] (.names)                                            0.345     5.163
[5173].out[0] (.names)                                           0.261     5.424
[19520].in[4] (.names)                                           0.347     5.770
[19520].out[0] (.names)                                          0.261     6.031
[5162].in[4] (.names)                                            0.269     6.300
[5162].out[0] (.names)                                           0.261     6.561
[19490].in[4] (.names)                                           0.421     6.982
[19490].out[0] (.names)                                          0.261     7.243
[9374].in[3] (.names)                                            0.502     7.744
[9374].out[0] (.names)                                           0.261     8.005
[9365].D[0] (.latch)                                             0.000     8.005
data arrival time                                                          8.005

clock pclk (rise edge)                                           0.000     0.000
clock source latency                                             0.000     0.000
pclk.inpad[0] (.input)                                           0.000     0.000
[9365].clk[0] (.latch)                                           0.042     0.042
clock uncertainty                                                0.000     0.042
cell setup time                                                 -0.066    -0.024
data required time                                                        -0.024
--------------------------------------------------------------------------------
data required time                                                        -0.024
data arrival time                                                         -8.005
--------------------------------------------------------------------------------
slack (VIOLATED)                                                          -8.029


#Path 60
Startpoint: ppeaki_7_7_.Q[0] (.latch clocked by pclk)
Endpoint  : [8675].D[0] (.latch clocked by pclk)
Path Type : setup

Point                                                             Incr      Path
--------------------------------------------------------------------------------
clock pclk (rise edge)                                           0.000     0.000
clock source latency                                             0.000     0.000
pclk.inpad[0] (.input)                                           0.000     0.000
ppeaki_7_7_.clk[0] (.latch)                                      0.042     0.042
ppeaki_7_7_.Q[0] (.latch) [clock-to-output]                      0.124     0.166
[5541].in[3] (.names)                                            0.365     0.531
[5541].out[0] (.names)                                           0.261     0.792
[17555].in[0] (.names)                                           0.345     1.137
[17555].out[0] (.names)                                          0.261     1.398
[17559].in[5] (.names)                                           0.497     1.895
[17559].out[0] (.names)                                          0.261     2.156
nen24_7.in[1] (.names)                                           0.423     2.579
nen24_7.out[0] (.names)                                          0.261     2.840
[17719].in[2] (.names)                                           0.579     3.419
[17719].out[0] (.names)                                          0.261     3.680
[5291].in[3] (.names)                                            0.270     3.950
[5291].out[0] (.names)                                           0.261     4.211
[4442].in[3] (.names)                                            0.346     4.557
[4442].out[0] (.names)                                           0.261     4.818
[5173].in[3] (.names)                                            0.345     5.163
[5173].out[0] (.names)                                           0.261     5.424
[19520].in[4] (.names)                                           0.347     5.770
[19520].out[0] (.names)                                          0.261     6.031
[5162].in[4] (.names)                                            0.269     6.300
[5162].out[0] (.names)                                           0.261     6.561
[19490].in[4] (.names)                                           0.421     6.982
[19490].out[0] (.names)                                          0.261     7.243
[8684].in[3] (.names)                                            0.502     7.744
[8684].out[0] (.names)                                           0.261     8.005
[8675].D[0] (.latch)                                             0.000     8.005
data arrival time                                                          8.005

clock pclk (rise edge)                                           0.000     0.000
clock source latency                                             0.000     0.000
pclk.inpad[0] (.input)                                           0.000     0.000
[8675].clk[0] (.latch)                                           0.042     0.042
clock uncertainty                                                0.000     0.042
cell setup time                                                 -0.066    -0.024
data required time                                                        -0.024
--------------------------------------------------------------------------------
data required time                                                        -0.024
data arrival time                                                         -8.005
--------------------------------------------------------------------------------
slack (VIOLATED)                                                          -8.029


#Path 61
Startpoint: ppeaki_7_7_.Q[0] (.latch clocked by pclk)
Endpoint  : [6860].D[0] (.latch clocked by pclk)
Path Type : setup

Point                                                             Incr      Path
--------------------------------------------------------------------------------
clock pclk (rise edge)                                           0.000     0.000
clock source latency                                             0.000     0.000
pclk.inpad[0] (.input)                                           0.000     0.000
ppeaki_7_7_.clk[0] (.latch)                                      0.042     0.042
ppeaki_7_7_.Q[0] (.latch) [clock-to-output]                      0.124     0.166
[5541].in[3] (.names)                                            0.365     0.531
[5541].out[0] (.names)                                           0.261     0.792
[17555].in[0] (.names)                                           0.345     1.137
[17555].out[0] (.names)                                          0.261     1.398
[17559].in[5] (.names)                                           0.497     1.895
[17559].out[0] (.names)                                          0.261     2.156
nen24_7.in[1] (.names)                                           0.423     2.579
nen24_7.out[0] (.names)                                          0.261     2.840
[17719].in[2] (.names)                                           0.579     3.419
[17719].out[0] (.names)                                          0.261     3.680
[5291].in[3] (.names)                                            0.270     3.950
[5291].out[0] (.names)                                           0.261     4.211
[4442].in[3] (.names)                                            0.346     4.557
[4442].out[0] (.names)                                           0.261     4.818
[5173].in[3] (.names)                                            0.345     5.163
[5173].out[0] (.names)                                           0.261     5.424
[19520].in[4] (.names)                                           0.347     5.770
[19520].out[0] (.names)                                          0.261     6.031
[5162].in[4] (.names)                                            0.269     6.300
[5162].out[0] (.names)                                           0.261     6.561
[19490].in[4] (.names)                                           0.421     6.982
[19490].out[0] (.names)                                          0.261     7.243
[6869].in[3] (.names)                                            0.502     7.744
[6869].out[0] (.names)                                           0.261     8.005
[6860].D[0] (.latch)                                             0.000     8.005
data arrival time                                                          8.005

clock pclk (rise edge)                                           0.000     0.000
clock source latency                                             0.000     0.000
pclk.inpad[0] (.input)                                           0.000     0.000
[6860].clk[0] (.latch)                                           0.042     0.042
clock uncertainty                                                0.000     0.042
cell setup time                                                 -0.066    -0.024
data required time                                                        -0.024
--------------------------------------------------------------------------------
data required time                                                        -0.024
data arrival time                                                         -8.005
--------------------------------------------------------------------------------
slack (VIOLATED)                                                          -8.029


#Path 62
Startpoint: ppeaki_7_7_.Q[0] (.latch clocked by pclk)
Endpoint  : [4820].D[0] (.latch clocked by pclk)
Path Type : setup

Point                                                             Incr      Path
--------------------------------------------------------------------------------
clock pclk (rise edge)                                           0.000     0.000
clock source latency                                             0.000     0.000
pclk.inpad[0] (.input)                                           0.000     0.000
ppeaki_7_7_.clk[0] (.latch)                                      0.042     0.042
ppeaki_7_7_.Q[0] (.latch) [clock-to-output]                      0.124     0.166
[5541].in[3] (.names)                                            0.365     0.531
[5541].out[0] (.names)                                           0.261     0.792
[17555].in[0] (.names)                                           0.345     1.137
[17555].out[0] (.names)                                          0.261     1.398
[17559].in[5] (.names)                                           0.497     1.895
[17559].out[0] (.names)                                          0.261     2.156
nen24_7.in[1] (.names)                                           0.423     2.579
nen24_7.out[0] (.names)                                          0.261     2.840
[17719].in[2] (.names)                                           0.579     3.419
[17719].out[0] (.names)                                          0.261     3.680
[5291].in[3] (.names)                                            0.270     3.950
[5291].out[0] (.names)                                           0.261     4.211
[4442].in[3] (.names)                                            0.346     4.557
[4442].out[0] (.names)                                           0.261     4.818
[5173].in[3] (.names)                                            0.345     5.163
[5173].out[0] (.names)                                           0.261     5.424
[19520].in[4] (.names)                                           0.347     5.770
[19520].out[0] (.names)                                          0.261     6.031
[5162].in[4] (.names)                                            0.269     6.300
[5162].out[0] (.names)                                           0.261     6.561
[19490].in[4] (.names)                                           0.421     6.982
[19490].out[0] (.names)                                          0.261     7.243
[4829].in[3] (.names)                                            0.502     7.744
[4829].out[0] (.names)                                           0.261     8.005
[4820].D[0] (.latch)                                             0.000     8.005
data arrival time                                                          8.005

clock pclk (rise edge)                                           0.000     0.000
clock source latency                                             0.000     0.000
pclk.inpad[0] (.input)                                           0.000     0.000
[4820].clk[0] (.latch)                                           0.042     0.042
clock uncertainty                                                0.000     0.042
cell setup time                                                 -0.066    -0.024
data required time                                                        -0.024
--------------------------------------------------------------------------------
data required time                                                        -0.024
data arrival time                                                         -8.005
--------------------------------------------------------------------------------
slack (VIOLATED)                                                          -8.029


#Path 63
Startpoint: ppeaki_7_7_.Q[0] (.latch clocked by pclk)
Endpoint  : [10625].D[0] (.latch clocked by pclk)
Path Type : setup

Point                                                             Incr      Path
--------------------------------------------------------------------------------
clock pclk (rise edge)                                           0.000     0.000
clock source latency                                             0.000     0.000
pclk.inpad[0] (.input)                                           0.000     0.000
ppeaki_7_7_.clk[0] (.latch)                                      0.042     0.042
ppeaki_7_7_.Q[0] (.latch) [clock-to-output]                      0.124     0.166
[5541].in[3] (.names)                                            0.365     0.531
[5541].out[0] (.names)                                           0.261     0.792
[17555].in[0] (.names)                                           0.345     1.137
[17555].out[0] (.names)                                          0.261     1.398
[17559].in[5] (.names)                                           0.497     1.895
[17559].out[0] (.names)                                          0.261     2.156
nen24_7.in[1] (.names)                                           0.423     2.579
nen24_7.out[0] (.names)                                          0.261     2.840
[17719].in[2] (.names)                                           0.579     3.419
[17719].out[0] (.names)                                          0.261     3.680
[5291].in[3] (.names)                                            0.270     3.950
[5291].out[0] (.names)                                           0.261     4.211
[4442].in[3] (.names)                                            0.346     4.557
[4442].out[0] (.names)                                           0.261     4.818
[5173].in[3] (.names)                                            0.345     5.163
[5173].out[0] (.names)                                           0.261     5.424
[19520].in[4] (.names)                                           0.347     5.770
[19520].out[0] (.names)                                          0.261     6.031
[5162].in[4] (.names)                                            0.269     6.300
[5162].out[0] (.names)                                           0.261     6.561
[19490].in[4] (.names)                                           0.421     6.982
[19490].out[0] (.names)                                          0.261     7.243
[10634].in[3] (.names)                                           0.502     7.744
[10634].out[0] (.names)                                          0.261     8.005
[10625].D[0] (.latch)                                            0.000     8.005
data arrival time                                                          8.005

clock pclk (rise edge)                                           0.000     0.000
clock source latency                                             0.000     0.000
pclk.inpad[0] (.input)                                           0.000     0.000
[10625].clk[0] (.latch)                                          0.042     0.042
clock uncertainty                                                0.000     0.042
cell setup time                                                 -0.066    -0.024
data required time                                                        -0.024
--------------------------------------------------------------------------------
data required time                                                        -0.024
data arrival time                                                         -8.005
--------------------------------------------------------------------------------
slack (VIOLATED)                                                          -8.029


#Path 64
Startpoint: ppeaki_7_7_.Q[0] (.latch clocked by pclk)
Endpoint  : [14990].D[0] (.latch clocked by pclk)
Path Type : setup

Point                                                             Incr      Path
--------------------------------------------------------------------------------
clock pclk (rise edge)                                           0.000     0.000
clock source latency                                             0.000     0.000
pclk.inpad[0] (.input)                                           0.000     0.000
ppeaki_7_7_.clk[0] (.latch)                                      0.042     0.042
ppeaki_7_7_.Q[0] (.latch) [clock-to-output]                      0.124     0.166
[5541].in[3] (.names)                                            0.365     0.531
[5541].out[0] (.names)                                           0.261     0.792
[17555].in[0] (.names)                                           0.345     1.137
[17555].out[0] (.names)                                          0.261     1.398
[17559].in[5] (.names)                                           0.497     1.895
[17559].out[0] (.names)                                          0.261     2.156
nen24_7.in[1] (.names)                                           0.423     2.579
nen24_7.out[0] (.names)                                          0.261     2.840
[17719].in[2] (.names)                                           0.579     3.419
[17719].out[0] (.names)                                          0.261     3.680
[5291].in[3] (.names)                                            0.270     3.950
[5291].out[0] (.names)                                           0.261     4.211
[4442].in[3] (.names)                                            0.346     4.557
[4442].out[0] (.names)                                           0.261     4.818
[5173].in[3] (.names)                                            0.345     5.163
[5173].out[0] (.names)                                           0.261     5.424
[19520].in[4] (.names)                                           0.347     5.770
[19520].out[0] (.names)                                          0.261     6.031
[5162].in[4] (.names)                                            0.269     6.300
[5162].out[0] (.names)                                           0.261     6.561
[19490].in[4] (.names)                                           0.421     6.982
[19490].out[0] (.names)                                          0.261     7.243
[2702].in[4] (.names)                                            0.100     7.343
[2702].out[0] (.names)                                           0.261     7.604
[14999].in[3] (.names)                                           0.100     7.704
[14999].out[0] (.names)                                          0.261     7.965
[14990].D[0] (.latch)                                            0.000     7.965
data arrival time                                                          7.965

clock pclk (rise edge)                                           0.000     0.000
clock source latency                                             0.000     0.000
pclk.inpad[0] (.input)                                           0.000     0.000
[14990].clk[0] (.latch)                                          0.042     0.042
clock uncertainty                                                0.000     0.042
cell setup time                                                 -0.066    -0.024
data required time                                                        -0.024
--------------------------------------------------------------------------------
data required time                                                        -0.024
data arrival time                                                         -7.965
--------------------------------------------------------------------------------
slack (VIOLATED)                                                          -7.988


#Path 65
Startpoint: ppeaki_7_7_.Q[0] (.latch clocked by pclk)
Endpoint  : [14540].D[0] (.latch clocked by pclk)
Path Type : setup

Point                                                             Incr      Path
--------------------------------------------------------------------------------
clock pclk (rise edge)                                           0.000     0.000
clock source latency                                             0.000     0.000
pclk.inpad[0] (.input)                                           0.000     0.000
ppeaki_7_7_.clk[0] (.latch)                                      0.042     0.042
ppeaki_7_7_.Q[0] (.latch) [clock-to-output]                      0.124     0.166
[5541].in[3] (.names)                                            0.365     0.531
[5541].out[0] (.names)                                           0.261     0.792
[17555].in[0] (.names)                                           0.345     1.137
[17555].out[0] (.names)                                          0.261     1.398
[17559].in[5] (.names)                                           0.497     1.895
[17559].out[0] (.names)                                          0.261     2.156
nen24_7.in[1] (.names)                                           0.423     2.579
nen24_7.out[0] (.names)                                          0.261     2.840
[17719].in[2] (.names)                                           0.579     3.419
[17719].out[0] (.names)                                          0.261     3.680
[5291].in[3] (.names)                                            0.270     3.950
[5291].out[0] (.names)                                           0.261     4.211
[4442].in[3] (.names)                                            0.346     4.557
[4442].out[0] (.names)                                           0.261     4.818
[5173].in[3] (.names)                                            0.345     5.163
[5173].out[0] (.names)                                           0.261     5.424
[19520].in[4] (.names)                                           0.347     5.770
[19520].out[0] (.names)                                          0.261     6.031
[5162].in[4] (.names)                                            0.269     6.300
[5162].out[0] (.names)                                           0.261     6.561
[19490].in[4] (.names)                                           0.421     6.982
[19490].out[0] (.names)                                          0.261     7.243
[2812].in[4] (.names)                                            0.100     7.343
[2812].out[0] (.names)                                           0.261     7.604
[14549].in[3] (.names)                                           0.100     7.704
[14549].out[0] (.names)                                          0.261     7.965
[14540].D[0] (.latch)                                            0.000     7.965
data arrival time                                                          7.965

clock pclk (rise edge)                                           0.000     0.000
clock source latency                                             0.000     0.000
pclk.inpad[0] (.input)                                           0.000     0.000
[14540].clk[0] (.latch)                                          0.042     0.042
clock uncertainty                                                0.000     0.042
cell setup time                                                 -0.066    -0.024
data required time                                                        -0.024
--------------------------------------------------------------------------------
data required time                                                        -0.024
data arrival time                                                         -7.965
--------------------------------------------------------------------------------
slack (VIOLATED)                                                          -7.988


#Path 66
Startpoint: ppeaki_7_7_.Q[0] (.latch clocked by pclk)
Endpoint  : [8090].D[0] (.latch clocked by pclk)
Path Type : setup

Point                                                             Incr      Path
--------------------------------------------------------------------------------
clock pclk (rise edge)                                           0.000     0.000
clock source latency                                             0.000     0.000
pclk.inpad[0] (.input)                                           0.000     0.000
ppeaki_7_7_.clk[0] (.latch)                                      0.042     0.042
ppeaki_7_7_.Q[0] (.latch) [clock-to-output]                      0.124     0.166
[5541].in[3] (.names)                                            0.365     0.531
[5541].out[0] (.names)                                           0.261     0.792
[17555].in[0] (.names)                                           0.345     1.137
[17555].out[0] (.names)                                          0.261     1.398
[17559].in[5] (.names)                                           0.497     1.895
[17559].out[0] (.names)                                          0.261     2.156
nen24_7.in[1] (.names)                                           0.423     2.579
nen24_7.out[0] (.names)                                          0.261     2.840
[17719].in[2] (.names)                                           0.579     3.419
[17719].out[0] (.names)                                          0.261     3.680
[5291].in[3] (.names)                                            0.270     3.950
[5291].out[0] (.names)                                           0.261     4.211
[4442].in[3] (.names)                                            0.346     4.557
[4442].out[0] (.names)                                           0.261     4.818
[5173].in[3] (.names)                                            0.345     5.163
[5173].out[0] (.names)                                           0.261     5.424
[19520].in[4] (.names)                                           0.347     5.770
[19520].out[0] (.names)                                          0.261     6.031
[5162].in[4] (.names)                                            0.269     6.300
[5162].out[0] (.names)                                           0.261     6.561
[19490].in[4] (.names)                                           0.421     6.982
[19490].out[0] (.names)                                          0.261     7.243
[3850].in[4] (.names)                                            0.100     7.343
[3850].out[0] (.names)                                           0.261     7.604
[8099].in[3] (.names)                                            0.100     7.704
[8099].out[0] (.names)                                           0.261     7.965
[8090].D[0] (.latch)                                             0.000     7.965
data arrival time                                                          7.965

clock pclk (rise edge)                                           0.000     0.000
clock source latency                                             0.000     0.000
pclk.inpad[0] (.input)                                           0.000     0.000
[8090].clk[0] (.latch)                                           0.042     0.042
clock uncertainty                                                0.000     0.042
cell setup time                                                 -0.066    -0.024
data required time                                                        -0.024
--------------------------------------------------------------------------------
data required time                                                        -0.024
data arrival time                                                         -7.965
--------------------------------------------------------------------------------
slack (VIOLATED)                                                          -7.988


#Path 67
Startpoint: ppeaki_7_7_.Q[0] (.latch clocked by pclk)
Endpoint  : [12620].D[0] (.latch clocked by pclk)
Path Type : setup

Point                                                             Incr      Path
--------------------------------------------------------------------------------
clock pclk (rise edge)                                           0.000     0.000
clock source latency                                             0.000     0.000
pclk.inpad[0] (.input)                                           0.000     0.000
ppeaki_7_7_.clk[0] (.latch)                                      0.042     0.042
ppeaki_7_7_.Q[0] (.latch) [clock-to-output]                      0.124     0.166
[5541].in[3] (.names)                                            0.365     0.531
[5541].out[0] (.names)                                           0.261     0.792
[17555].in[0] (.names)                                           0.345     1.137
[17555].out[0] (.names)                                          0.261     1.398
[17559].in[5] (.names)                                           0.497     1.895
[17559].out[0] (.names)                                          0.261     2.156
nen24_7.in[1] (.names)                                           0.423     2.579
nen24_7.out[0] (.names)                                          0.261     2.840
[17925].in[2] (.names)                                           0.733     3.573
[17925].out[0] (.names)                                          0.261     3.834
[19153].in[5] (.names)                                           0.650     4.484
[19153].out[0] (.names)                                          0.261     4.745
[19157].in[2] (.names)                                           0.347     5.092
[19157].out[0] (.names)                                          0.261     5.353
[19221].in[2] (.names)                                           0.100     5.453
[19221].out[0] (.names)                                          0.261     5.714
[19227].in[2] (.names)                                           0.100     5.814
[19227].out[0] (.names)                                          0.261     6.075
[19232].in[2] (.names)                                           0.100     6.175
[19232].out[0] (.names)                                          0.261     6.436
[19215].in[2] (.names)                                           0.423     6.858
[19215].out[0] (.names)                                          0.261     7.119
[12629].in[4] (.names)                                           0.578     7.697
[12629].out[0] (.names)                                          0.261     7.958
[12620].D[0] (.latch)                                            0.000     7.958
data arrival time                                                          7.958

clock pclk (rise edge)                                           0.000     0.000
clock source latency                                             0.000     0.000
pclk.inpad[0] (.input)                                           0.000     0.000
[12620].clk[0] (.latch)                                          0.042     0.042
clock uncertainty                                                0.000     0.042
cell setup time                                                 -0.066    -0.024
data required time                                                        -0.024
--------------------------------------------------------------------------------
data required time                                                        -0.024
data arrival time                                                         -7.958
--------------------------------------------------------------------------------
slack (VIOLATED)                                                          -7.982


#Path 68
Startpoint: ppeaki_7_7_.Q[0] (.latch clocked by pclk)
Endpoint  : [10445].D[0] (.latch clocked by pclk)
Path Type : setup

Point                                                             Incr      Path
--------------------------------------------------------------------------------
clock pclk (rise edge)                                           0.000     0.000
clock source latency                                             0.000     0.000
pclk.inpad[0] (.input)                                           0.000     0.000
ppeaki_7_7_.clk[0] (.latch)                                      0.042     0.042
ppeaki_7_7_.Q[0] (.latch) [clock-to-output]                      0.124     0.166
[5541].in[3] (.names)                                            0.365     0.531
[5541].out[0] (.names)                                           0.261     0.792
[17555].in[0] (.names)                                           0.345     1.137
[17555].out[0] (.names)                                          0.261     1.398
[17559].in[5] (.names)                                           0.497     1.895
[17559].out[0] (.names)                                          0.261     2.156
nen24_7.in[1] (.names)                                           0.423     2.579
nen24_7.out[0] (.names)                                          0.261     2.840
[17925].in[2] (.names)                                           0.733     3.573
[17925].out[0] (.names)                                          0.261     3.834
[19153].in[5] (.names)                                           0.650     4.484
[19153].out[0] (.names)                                          0.261     4.745
[19157].in[2] (.names)                                           0.347     5.092
[19157].out[0] (.names)                                          0.261     5.353
[19221].in[2] (.names)                                           0.100     5.453
[19221].out[0] (.names)                                          0.261     5.714
[19227].in[2] (.names)                                           0.100     5.814
[19227].out[0] (.names)                                          0.261     6.075
[19232].in[2] (.names)                                           0.100     6.175
[19232].out[0] (.names)                                          0.261     6.436
[19215].in[2] (.names)                                           0.423     6.858
[19215].out[0] (.names)                                          0.261     7.119
[10454].in[4] (.names)                                           0.578     7.697
[10454].out[0] (.names)                                          0.261     7.958
[10445].D[0] (.latch)                                            0.000     7.958
data arrival time                                                          7.958

clock pclk (rise edge)                                           0.000     0.000
clock source latency                                             0.000     0.000
pclk.inpad[0] (.input)                                           0.000     0.000
[10445].clk[0] (.latch)                                          0.042     0.042
clock uncertainty                                                0.000     0.042
cell setup time                                                 -0.066    -0.024
data required time                                                        -0.024
--------------------------------------------------------------------------------
data required time                                                        -0.024
data arrival time                                                         -7.958
--------------------------------------------------------------------------------
slack (VIOLATED)                                                          -7.982


#Path 69
Startpoint: ppeaki_7_7_.Q[0] (.latch clocked by pclk)
Endpoint  : [5645].D[0] (.latch clocked by pclk)
Path Type : setup

Point                                                             Incr      Path
--------------------------------------------------------------------------------
clock pclk (rise edge)                                           0.000     0.000
clock source latency                                             0.000     0.000
pclk.inpad[0] (.input)                                           0.000     0.000
ppeaki_7_7_.clk[0] (.latch)                                      0.042     0.042
ppeaki_7_7_.Q[0] (.latch) [clock-to-output]                      0.124     0.166
[5541].in[3] (.names)                                            0.365     0.531
[5541].out[0] (.names)                                           0.261     0.792
[17555].in[0] (.names)                                           0.345     1.137
[17555].out[0] (.names)                                          0.261     1.398
[17559].in[5] (.names)                                           0.497     1.895
[17559].out[0] (.names)                                          0.261     2.156
nen24_7.in[1] (.names)                                           0.423     2.579
nen24_7.out[0] (.names)                                          0.261     2.840
[17925].in[2] (.names)                                           0.733     3.573
[17925].out[0] (.names)                                          0.261     3.834
[19153].in[5] (.names)                                           0.650     4.484
[19153].out[0] (.names)                                          0.261     4.745
[19157].in[2] (.names)                                           0.347     5.092
[19157].out[0] (.names)                                          0.261     5.353
[19221].in[2] (.names)                                           0.100     5.453
[19221].out[0] (.names)                                          0.261     5.714
[19227].in[2] (.names)                                           0.100     5.814
[19227].out[0] (.names)                                          0.261     6.075
[19232].in[2] (.names)                                           0.100     6.175
[19232].out[0] (.names)                                          0.261     6.436
[19215].in[2] (.names)                                           0.423     6.858
[19215].out[0] (.names)                                          0.261     7.119
[5654].in[5] (.names)                                            0.577     7.696
[5654].out[0] (.names)                                           0.261     7.957
[5645].D[0] (.latch)                                             0.000     7.957
data arrival time                                                          7.957

clock pclk (rise edge)                                           0.000     0.000
clock source latency                                             0.000     0.000
pclk.inpad[0] (.input)                                           0.000     0.000
[5645].clk[0] (.latch)                                           0.042     0.042
clock uncertainty                                                0.000     0.042
cell setup time                                                 -0.066    -0.024
data required time                                                        -0.024
--------------------------------------------------------------------------------
data required time                                                        -0.024
data arrival time                                                         -7.957
--------------------------------------------------------------------------------
slack (VIOLATED)                                                          -7.981


#Path 70
Startpoint: ppeaki_7_7_.Q[0] (.latch clocked by pclk)
Endpoint  : [11510].D[0] (.latch clocked by pclk)
Path Type : setup

Point                                                             Incr      Path
--------------------------------------------------------------------------------
clock pclk (rise edge)                                           0.000     0.000
clock source latency                                             0.000     0.000
pclk.inpad[0] (.input)                                           0.000     0.000
ppeaki_7_7_.clk[0] (.latch)                                      0.042     0.042
ppeaki_7_7_.Q[0] (.latch) [clock-to-output]                      0.124     0.166
[5541].in[3] (.names)                                            0.365     0.531
[5541].out[0] (.names)                                           0.261     0.792
[17555].in[0] (.names)                                           0.345     1.137
[17555].out[0] (.names)                                          0.261     1.398
[17559].in[5] (.names)                                           0.497     1.895
[17559].out[0] (.names)                                          0.261     2.156
nen24_7.in[1] (.names)                                           0.423     2.579
nen24_7.out[0] (.names)                                          0.261     2.840
[17925].in[2] (.names)                                           0.733     3.573
[17925].out[0] (.names)                                          0.261     3.834
[19153].in[5] (.names)                                           0.650     4.484
[19153].out[0] (.names)                                          0.261     4.745
[19157].in[2] (.names)                                           0.347     5.092
[19157].out[0] (.names)                                          0.261     5.353
[19221].in[2] (.names)                                           0.100     5.453
[19221].out[0] (.names)                                          0.261     5.714
[19227].in[2] (.names)                                           0.100     5.814
[19227].out[0] (.names)                                          0.261     6.075
[19232].in[2] (.names)                                           0.100     6.175
[19232].out[0] (.names)                                          0.261     6.436
[19091].in[5] (.names)                                           0.573     7.009
[19091].out[0] (.names)                                          0.261     7.270
[11519].in[3] (.names)                                           0.425     7.695
[11519].out[0] (.names)                                          0.261     7.956
[11510].D[0] (.latch)                                            0.000     7.956
data arrival time                                                          7.956

clock pclk (rise edge)                                           0.000     0.000
clock source latency                                             0.000     0.000
pclk.inpad[0] (.input)                                           0.000     0.000
[11510].clk[0] (.latch)                                          0.042     0.042
clock uncertainty                                                0.000     0.042
cell setup time                                                 -0.066    -0.024
data required time                                                        -0.024
--------------------------------------------------------------------------------
data required time                                                        -0.024
data arrival time                                                         -7.956
--------------------------------------------------------------------------------
slack (VIOLATED)                                                          -7.979


#Path 71
Startpoint: ppeaki_7_7_.Q[0] (.latch clocked by pclk)
Endpoint  : [14660].D[0] (.latch clocked by pclk)
Path Type : setup

Point                                                             Incr      Path
--------------------------------------------------------------------------------
clock pclk (rise edge)                                           0.000     0.000
clock source latency                                             0.000     0.000
pclk.inpad[0] (.input)                                           0.000     0.000
ppeaki_7_7_.clk[0] (.latch)                                      0.042     0.042
ppeaki_7_7_.Q[0] (.latch) [clock-to-output]                      0.124     0.166
[5541].in[3] (.names)                                            0.365     0.531
[5541].out[0] (.names)                                           0.261     0.792
[17555].in[0] (.names)                                           0.345     1.137
[17555].out[0] (.names)                                          0.261     1.398
[17559].in[5] (.names)                                           0.497     1.895
[17559].out[0] (.names)                                          0.261     2.156
nen24_7.in[1] (.names)                                           0.423     2.579
nen24_7.out[0] (.names)                                          0.261     2.840
[17925].in[2] (.names)                                           0.733     3.573
[17925].out[0] (.names)                                          0.261     3.834
[19153].in[5] (.names)                                           0.650     4.484
[19153].out[0] (.names)                                          0.261     4.745
[19157].in[2] (.names)                                           0.347     5.092
[19157].out[0] (.names)                                          0.261     5.353
[19221].in[2] (.names)                                           0.100     5.453
[19221].out[0] (.names)                                          0.261     5.714
[19227].in[2] (.names)                                           0.100     5.814
[19227].out[0] (.names)                                          0.261     6.075
[19232].in[2] (.names)                                           0.100     6.175
[19232].out[0] (.names)                                          0.261     6.436
[19091].in[5] (.names)                                           0.573     7.009
[19091].out[0] (.names)                                          0.261     7.270
[14669].in[3] (.names)                                           0.425     7.695
[14669].out[0] (.names)                                          0.261     7.956
[14660].D[0] (.latch)                                            0.000     7.956
data arrival time                                                          7.956

clock pclk (rise edge)                                           0.000     0.000
clock source latency                                             0.000     0.000
pclk.inpad[0] (.input)                                           0.000     0.000
[14660].clk[0] (.latch)                                          0.042     0.042
clock uncertainty                                                0.000     0.042
cell setup time                                                 -0.066    -0.024
data required time                                                        -0.024
--------------------------------------------------------------------------------
data required time                                                        -0.024
data arrival time                                                         -7.956
--------------------------------------------------------------------------------
slack (VIOLATED)                                                          -7.979


#Path 72
Startpoint: ppeaki_7_7_.Q[0] (.latch clocked by pclk)
Endpoint  : [5360].D[0] (.latch clocked by pclk)
Path Type : setup

Point                                                             Incr      Path
--------------------------------------------------------------------------------
clock pclk (rise edge)                                           0.000     0.000
clock source latency                                             0.000     0.000
pclk.inpad[0] (.input)                                           0.000     0.000
ppeaki_7_7_.clk[0] (.latch)                                      0.042     0.042
ppeaki_7_7_.Q[0] (.latch) [clock-to-output]                      0.124     0.166
[5541].in[3] (.names)                                            0.365     0.531
[5541].out[0] (.names)                                           0.261     0.792
[17555].in[0] (.names)                                           0.345     1.137
[17555].out[0] (.names)                                          0.261     1.398
[17559].in[5] (.names)                                           0.497     1.895
[17559].out[0] (.names)                                          0.261     2.156
nen24_7.in[1] (.names)                                           0.423     2.579
nen24_7.out[0] (.names)                                          0.261     2.840
[17719].in[2] (.names)                                           0.579     3.419
[17719].out[0] (.names)                                          0.261     3.680
[5291].in[3] (.names)                                            0.270     3.950
[5291].out[0] (.names)                                           0.261     4.211
[4442].in[3] (.names)                                            0.346     4.557
[4442].out[0] (.names)                                           0.261     4.818
[5173].in[3] (.names)                                            0.345     5.163
[5173].out[0] (.names)                                           0.261     5.424
[19520].in[4] (.names)                                           0.347     5.770
[19520].out[0] (.names)                                          0.261     6.031
[5162].in[4] (.names)                                            0.269     6.300
[5162].out[0] (.names)                                           0.261     6.561
[19490].in[4] (.names)                                           0.421     6.982
[19490].out[0] (.names)                                          0.261     7.243
[5369].in[3] (.names)                                            0.425     7.668
[5369].out[0] (.names)                                           0.261     7.929
[5360].D[0] (.latch)                                             0.000     7.929
data arrival time                                                          7.929

clock pclk (rise edge)                                           0.000     0.000
clock source latency                                             0.000     0.000
pclk.inpad[0] (.input)                                           0.000     0.000
[5360].clk[0] (.latch)                                           0.042     0.042
clock uncertainty                                                0.000     0.042
cell setup time                                                 -0.066    -0.024
data required time                                                        -0.024
--------------------------------------------------------------------------------
data required time                                                        -0.024
data arrival time                                                         -7.929
--------------------------------------------------------------------------------
slack (VIOLATED)                                                          -7.953


#Path 73
Startpoint: ppeaki_7_7_.Q[0] (.latch clocked by pclk)
Endpoint  : [14120].D[0] (.latch clocked by pclk)
Path Type : setup

Point                                                             Incr      Path
--------------------------------------------------------------------------------
clock pclk (rise edge)                                           0.000     0.000
clock source latency                                             0.000     0.000
pclk.inpad[0] (.input)                                           0.000     0.000
ppeaki_7_7_.clk[0] (.latch)                                      0.042     0.042
ppeaki_7_7_.Q[0] (.latch) [clock-to-output]                      0.124     0.166
[5541].in[3] (.names)                                            0.365     0.531
[5541].out[0] (.names)                                           0.261     0.792
[17555].in[0] (.names)                                           0.345     1.137
[17555].out[0] (.names)                                          0.261     1.398
[17559].in[5] (.names)                                           0.497     1.895
[17559].out[0] (.names)                                          0.261     2.156
nen24_7.in[1] (.names)                                           0.423     2.579
nen24_7.out[0] (.names)                                          0.261     2.840
[17719].in[2] (.names)                                           0.579     3.419
[17719].out[0] (.names)                                          0.261     3.680
[5291].in[3] (.names)                                            0.270     3.950
[5291].out[0] (.names)                                           0.261     4.211
[4442].in[3] (.names)                                            0.346     4.557
[4442].out[0] (.names)                                           0.261     4.818
[5173].in[3] (.names)                                            0.345     5.163
[5173].out[0] (.names)                                           0.261     5.424
[19520].in[4] (.names)                                           0.347     5.770
[19520].out[0] (.names)                                          0.261     6.031
[5162].in[4] (.names)                                            0.269     6.300
[5162].out[0] (.names)                                           0.261     6.561
[19490].in[4] (.names)                                           0.421     6.982
[19490].out[0] (.names)                                          0.261     7.243
[14129].in[3] (.names)                                           0.425     7.668
[14129].out[0] (.names)                                          0.261     7.929
[14120].D[0] (.latch)                                            0.000     7.929
data arrival time                                                          7.929

clock pclk (rise edge)                                           0.000     0.000
clock source latency                                             0.000     0.000
pclk.inpad[0] (.input)                                           0.000     0.000
[14120].clk[0] (.latch)                                          0.042     0.042
clock uncertainty                                                0.000     0.042
cell setup time                                                 -0.066    -0.024
data required time                                                        -0.024
--------------------------------------------------------------------------------
data required time                                                        -0.024
data arrival time                                                         -7.929
--------------------------------------------------------------------------------
slack (VIOLATED)                                                          -7.953


#Path 74
Startpoint: ppeaki_7_7_.Q[0] (.latch clocked by pclk)
Endpoint  : [7460].D[0] (.latch clocked by pclk)
Path Type : setup

Point                                                             Incr      Path
--------------------------------------------------------------------------------
clock pclk (rise edge)                                           0.000     0.000
clock source latency                                             0.000     0.000
pclk.inpad[0] (.input)                                           0.000     0.000
ppeaki_7_7_.clk[0] (.latch)                                      0.042     0.042
ppeaki_7_7_.Q[0] (.latch) [clock-to-output]                      0.124     0.166
[5541].in[3] (.names)                                            0.365     0.531
[5541].out[0] (.names)                                           0.261     0.792
[17555].in[0] (.names)                                           0.345     1.137
[17555].out[0] (.names)                                          0.261     1.398
[17559].in[5] (.names)                                           0.497     1.895
[17559].out[0] (.names)                                          0.261     2.156
nen24_7.in[1] (.names)                                           0.423     2.579
nen24_7.out[0] (.names)                                          0.261     2.840
[17719].in[2] (.names)                                           0.579     3.419
[17719].out[0] (.names)                                          0.261     3.680
[5291].in[3] (.names)                                            0.270     3.950
[5291].out[0] (.names)                                           0.261     4.211
[4442].in[3] (.names)                                            0.346     4.557
[4442].out[0] (.names)                                           0.261     4.818
[5173].in[3] (.names)                                            0.345     5.163
[5173].out[0] (.names)                                           0.261     5.424
[19520].in[4] (.names)                                           0.347     5.770
[19520].out[0] (.names)                                          0.261     6.031
[5162].in[4] (.names)                                            0.269     6.300
[5162].out[0] (.names)                                           0.261     6.561
[19490].in[4] (.names)                                           0.421     6.982
[19490].out[0] (.names)                                          0.261     7.243
[7469].in[5] (.names)                                            0.425     7.667
[7469].out[0] (.names)                                           0.261     7.928
[7460].D[0] (.latch)                                             0.000     7.928
data arrival time                                                          7.928

clock pclk (rise edge)                                           0.000     0.000
clock source latency                                             0.000     0.000
pclk.inpad[0] (.input)                                           0.000     0.000
[7460].clk[0] (.latch)                                           0.042     0.042
clock uncertainty                                                0.000     0.042
cell setup time                                                 -0.066    -0.024
data required time                                                        -0.024
--------------------------------------------------------------------------------
data required time                                                        -0.024
data arrival time                                                         -7.928
--------------------------------------------------------------------------------
slack (VIOLATED)                                                          -7.952


#Path 75
Startpoint: ppeaki_7_7_.Q[0] (.latch clocked by pclk)
Endpoint  : [11615].D[0] (.latch clocked by pclk)
Path Type : setup

Point                                                             Incr      Path
--------------------------------------------------------------------------------
clock pclk (rise edge)                                           0.000     0.000
clock source latency                                             0.000     0.000
pclk.inpad[0] (.input)                                           0.000     0.000
ppeaki_7_7_.clk[0] (.latch)                                      0.042     0.042
ppeaki_7_7_.Q[0] (.latch) [clock-to-output]                      0.124     0.166
[5541].in[3] (.names)                                            0.365     0.531
[5541].out[0] (.names)                                           0.261     0.792
[17555].in[0] (.names)                                           0.345     1.137
[17555].out[0] (.names)                                          0.261     1.398
[17559].in[5] (.names)                                           0.497     1.895
[17559].out[0] (.names)                                          0.261     2.156
nen24_7.in[1] (.names)                                           0.423     2.579
nen24_7.out[0] (.names)                                          0.261     2.840
[17719].in[2] (.names)                                           0.579     3.419
[17719].out[0] (.names)                                          0.261     3.680
[5291].in[3] (.names)                                            0.270     3.950
[5291].out[0] (.names)                                           0.261     4.211
[4442].in[3] (.names)                                            0.346     4.557
[4442].out[0] (.names)                                           0.261     4.818
[5173].in[3] (.names)                                            0.345     5.163
[5173].out[0] (.names)                                           0.261     5.424
[19520].in[4] (.names)                                           0.347     5.770
[19520].out[0] (.names)                                          0.261     6.031
[5162].in[4] (.names)                                            0.269     6.300
[5162].out[0] (.names)                                           0.261     6.561
[19490].in[4] (.names)                                           0.421     6.982
[19490].out[0] (.names)                                          0.261     7.243
[11624].in[5] (.names)                                           0.425     7.667
[11624].out[0] (.names)                                          0.261     7.928
[11615].D[0] (.latch)                                            0.000     7.928
data arrival time                                                          7.928

clock pclk (rise edge)                                           0.000     0.000
clock source latency                                             0.000     0.000
pclk.inpad[0] (.input)                                           0.000     0.000
[11615].clk[0] (.latch)                                          0.042     0.042
clock uncertainty                                                0.000     0.042
cell setup time                                                 -0.066    -0.024
data required time                                                        -0.024
--------------------------------------------------------------------------------
data required time                                                        -0.024
data arrival time                                                         -7.928
--------------------------------------------------------------------------------
slack (VIOLATED)                                                          -7.952


#Path 76
Startpoint: ppeaki_7_7_.Q[0] (.latch clocked by pclk)
Endpoint  : [13775].D[0] (.latch clocked by pclk)
Path Type : setup

Point                                                             Incr      Path
--------------------------------------------------------------------------------
clock pclk (rise edge)                                           0.000     0.000
clock source latency                                             0.000     0.000
pclk.inpad[0] (.input)                                           0.000     0.000
ppeaki_7_7_.clk[0] (.latch)                                      0.042     0.042
ppeaki_7_7_.Q[0] (.latch) [clock-to-output]                      0.124     0.166
[5541].in[3] (.names)                                            0.365     0.531
[5541].out[0] (.names)                                           0.261     0.792
[17555].in[0] (.names)                                           0.345     1.137
[17555].out[0] (.names)                                          0.261     1.398
[17559].in[5] (.names)                                           0.497     1.895
[17559].out[0] (.names)                                          0.261     2.156
nen24_7.in[1] (.names)                                           0.423     2.579
nen24_7.out[0] (.names)                                          0.261     2.840
[17719].in[2] (.names)                                           0.579     3.419
[17719].out[0] (.names)                                          0.261     3.680
[5291].in[3] (.names)                                            0.270     3.950
[5291].out[0] (.names)                                           0.261     4.211
[4442].in[3] (.names)                                            0.346     4.557
[4442].out[0] (.names)                                           0.261     4.818
[5173].in[3] (.names)                                            0.345     5.163
[5173].out[0] (.names)                                           0.261     5.424
[19520].in[4] (.names)                                           0.347     5.770
[19520].out[0] (.names)                                          0.261     6.031
[5162].in[4] (.names)                                            0.269     6.300
[5162].out[0] (.names)                                           0.261     6.561
[19490].in[4] (.names)                                           0.421     6.982
[19490].out[0] (.names)                                          0.261     7.243
[13784].in[5] (.names)                                           0.425     7.667
[13784].out[0] (.names)                                          0.261     7.928
[13775].D[0] (.latch)                                            0.000     7.928
data arrival time                                                          7.928

clock pclk (rise edge)                                           0.000     0.000
clock source latency                                             0.000     0.000
pclk.inpad[0] (.input)                                           0.000     0.000
[13775].clk[0] (.latch)                                          0.042     0.042
clock uncertainty                                                0.000     0.042
cell setup time                                                 -0.066    -0.024
data required time                                                        -0.024
--------------------------------------------------------------------------------
data required time                                                        -0.024
data arrival time                                                         -7.928
--------------------------------------------------------------------------------
slack (VIOLATED)                                                          -7.952


#Path 77
Startpoint: ppeaki_7_7_.Q[0] (.latch clocked by pclk)
Endpoint  : [4640].D[0] (.latch clocked by pclk)
Path Type : setup

Point                                                             Incr      Path
--------------------------------------------------------------------------------
clock pclk (rise edge)                                           0.000     0.000
clock source latency                                             0.000     0.000
pclk.inpad[0] (.input)                                           0.000     0.000
ppeaki_7_7_.clk[0] (.latch)                                      0.042     0.042
ppeaki_7_7_.Q[0] (.latch) [clock-to-output]                      0.124     0.166
[5541].in[3] (.names)                                            0.365     0.531
[5541].out[0] (.names)                                           0.261     0.792
[17555].in[0] (.names)                                           0.345     1.137
[17555].out[0] (.names)                                          0.261     1.398
[17559].in[5] (.names)                                           0.497     1.895
[17559].out[0] (.names)                                          0.261     2.156
nen24_7.in[1] (.names)                                           0.423     2.579
nen24_7.out[0] (.names)                                          0.261     2.840
[17719].in[2] (.names)                                           0.579     3.419
[17719].out[0] (.names)                                          0.261     3.680
[5291].in[3] (.names)                                            0.270     3.950
[5291].out[0] (.names)                                           0.261     4.211
[4442].in[3] (.names)                                            0.346     4.557
[4442].out[0] (.names)                                           0.261     4.818
[5173].in[3] (.names)                                            0.345     5.163
[5173].out[0] (.names)                                           0.261     5.424
[19520].in[4] (.names)                                           0.347     5.770
[19520].out[0] (.names)                                          0.261     6.031
[5162].in[4] (.names)                                            0.269     6.300
[5162].out[0] (.names)                                           0.261     6.561
[19490].in[4] (.names)                                           0.421     6.982
[19490].out[0] (.names)                                          0.261     7.243
[4649].in[3] (.names)                                            0.423     7.665
[4649].out[0] (.names)                                           0.261     7.926
[4640].D[0] (.latch)                                             0.000     7.926
data arrival time                                                          7.926

clock pclk (rise edge)                                           0.000     0.000
clock source latency                                             0.000     0.000
pclk.inpad[0] (.input)                                           0.000     0.000
[4640].clk[0] (.latch)                                           0.042     0.042
clock uncertainty                                                0.000     0.042
cell setup time                                                 -0.066    -0.024
data required time                                                        -0.024
--------------------------------------------------------------------------------
data required time                                                        -0.024
data arrival time                                                         -7.926
--------------------------------------------------------------------------------
slack (VIOLATED)                                                          -7.950


#Path 78
Startpoint: ppeaki_7_7_.Q[0] (.latch clocked by pclk)
Endpoint  : [10010].D[0] (.latch clocked by pclk)
Path Type : setup

Point                                                             Incr      Path
--------------------------------------------------------------------------------
clock pclk (rise edge)                                           0.000     0.000
clock source latency                                             0.000     0.000
pclk.inpad[0] (.input)                                           0.000     0.000
ppeaki_7_7_.clk[0] (.latch)                                      0.042     0.042
ppeaki_7_7_.Q[0] (.latch) [clock-to-output]                      0.124     0.166
[5541].in[3] (.names)                                            0.365     0.531
[5541].out[0] (.names)                                           0.261     0.792
[17555].in[0] (.names)                                           0.345     1.137
[17555].out[0] (.names)                                          0.261     1.398
[17559].in[5] (.names)                                           0.497     1.895
[17559].out[0] (.names)                                          0.261     2.156
nen24_7.in[1] (.names)                                           0.423     2.579
nen24_7.out[0] (.names)                                          0.261     2.840
[17719].in[2] (.names)                                           0.579     3.419
[17719].out[0] (.names)                                          0.261     3.680
[5291].in[3] (.names)                                            0.270     3.950
[5291].out[0] (.names)                                           0.261     4.211
[4442].in[3] (.names)                                            0.346     4.557
[4442].out[0] (.names)                                           0.261     4.818
[5173].in[3] (.names)                                            0.345     5.163
[5173].out[0] (.names)                                           0.261     5.424
[19520].in[4] (.names)                                           0.347     5.770
[19520].out[0] (.names)                                          0.261     6.031
[5162].in[4] (.names)                                            0.269     6.300
[5162].out[0] (.names)                                           0.261     6.561
[19490].in[4] (.names)                                           0.421     6.982
[19490].out[0] (.names)                                          0.261     7.243
[10019].in[3] (.names)                                           0.423     7.665
[10019].out[0] (.names)                                          0.261     7.926
[10010].D[0] (.latch)                                            0.000     7.926
data arrival time                                                          7.926

clock pclk (rise edge)                                           0.000     0.000
clock source latency                                             0.000     0.000
pclk.inpad[0] (.input)                                           0.000     0.000
[10010].clk[0] (.latch)                                          0.042     0.042
clock uncertainty                                                0.000     0.042
cell setup time                                                 -0.066    -0.024
data required time                                                        -0.024
--------------------------------------------------------------------------------
data required time                                                        -0.024
data arrival time                                                         -7.926
--------------------------------------------------------------------------------
slack (VIOLATED)                                                          -7.950


#Path 79
Startpoint: ppeaki_7_7_.Q[0] (.latch clocked by pclk)
Endpoint  : [5525].D[0] (.latch clocked by pclk)
Path Type : setup

Point                                                             Incr      Path
--------------------------------------------------------------------------------
clock pclk (rise edge)                                           0.000     0.000
clock source latency                                             0.000     0.000
pclk.inpad[0] (.input)                                           0.000     0.000
ppeaki_7_7_.clk[0] (.latch)                                      0.042     0.042
ppeaki_7_7_.Q[0] (.latch) [clock-to-output]                      0.124     0.166
[5541].in[3] (.names)                                            0.365     0.531
[5541].out[0] (.names)                                           0.261     0.792
[17555].in[0] (.names)                                           0.345     1.137
[17555].out[0] (.names)                                          0.261     1.398
[17559].in[5] (.names)                                           0.497     1.895
[17559].out[0] (.names)                                          0.261     2.156
nen24_7.in[1] (.names)                                           0.423     2.579
nen24_7.out[0] (.names)                                          0.261     2.840
[17719].in[2] (.names)                                           0.579     3.419
[17719].out[0] (.names)                                          0.261     3.680
n_n2471.in[4] (.names)                                           0.348     4.028
n_n2471.out[0] (.names)                                          0.261     4.289
[5283].in[2] (.names)                                            0.346     4.635
[5283].out[0] (.names)                                           0.261     4.896
[5280].in[3] (.names)                                            0.347     5.242
[5280].out[0] (.names)                                           0.261     5.503
[17755].in[2] (.names)                                           0.347     5.850
[17755].out[0] (.names)                                          0.261     6.111
[19741].in[5] (.names)                                           0.100     6.211
[19741].out[0] (.names)                                          0.261     6.472
[19395].in[2] (.names)                                           0.579     7.050
[19395].out[0] (.names)                                          0.261     7.311
[5534].in[3] (.names)                                            0.345     7.656
[5534].out[0] (.names)                                           0.261     7.917
[5525].D[0] (.latch)                                             0.000     7.917
data arrival time                                                          7.917

clock pclk (rise edge)                                           0.000     0.000
clock source latency                                             0.000     0.000
pclk.inpad[0] (.input)                                           0.000     0.000
[5525].clk[0] (.latch)                                           0.042     0.042
clock uncertainty                                                0.000     0.042
cell setup time                                                 -0.066    -0.024
data required time                                                        -0.024
--------------------------------------------------------------------------------
data required time                                                        -0.024
data arrival time                                                         -7.917
--------------------------------------------------------------------------------
slack (VIOLATED)                                                          -7.941


#Path 80
Startpoint: ppeaki_7_7_.Q[0] (.latch clocked by pclk)
Endpoint  : [6710].D[0] (.latch clocked by pclk)
Path Type : setup

Point                                                             Incr      Path
--------------------------------------------------------------------------------
clock pclk (rise edge)                                           0.000     0.000
clock source latency                                             0.000     0.000
pclk.inpad[0] (.input)                                           0.000     0.000
ppeaki_7_7_.clk[0] (.latch)                                      0.042     0.042
ppeaki_7_7_.Q[0] (.latch) [clock-to-output]                      0.124     0.166
[5541].in[3] (.names)                                            0.365     0.531
[5541].out[0] (.names)                                           0.261     0.792
[17555].in[0] (.names)                                           0.345     1.137
[17555].out[0] (.names)                                          0.261     1.398
[17559].in[5] (.names)                                           0.497     1.895
[17559].out[0] (.names)                                          0.261     2.156
nen24_7.in[1] (.names)                                           0.423     2.579
nen24_7.out[0] (.names)                                          0.261     2.840
[17719].in[2] (.names)                                           0.579     3.419
[17719].out[0] (.names)                                          0.261     3.680
n_n2471.in[4] (.names)                                           0.348     4.028
n_n2471.out[0] (.names)                                          0.261     4.289
[5283].in[2] (.names)                                            0.346     4.635
[5283].out[0] (.names)                                           0.261     4.896
[5280].in[3] (.names)                                            0.347     5.242
[5280].out[0] (.names)                                           0.261     5.503
[17755].in[2] (.names)                                           0.347     5.850
[17755].out[0] (.names)                                          0.261     6.111
[19741].in[5] (.names)                                           0.100     6.211
[19741].out[0] (.names)                                          0.261     6.472
[19395].in[2] (.names)                                           0.579     7.050
[19395].out[0] (.names)                                          0.261     7.311
[6719].in[2] (.names)                                            0.345     7.656
[6719].out[0] (.names)                                           0.261     7.917
[6710].D[0] (.latch)                                             0.000     7.917
data arrival time                                                          7.917

clock pclk (rise edge)                                           0.000     0.000
clock source latency                                             0.000     0.000
pclk.inpad[0] (.input)                                           0.000     0.000
[6710].clk[0] (.latch)                                           0.042     0.042
clock uncertainty                                                0.000     0.042
cell setup time                                                 -0.066    -0.024
data required time                                                        -0.024
--------------------------------------------------------------------------------
data required time                                                        -0.024
data arrival time                                                         -7.917
--------------------------------------------------------------------------------
slack (VIOLATED)                                                          -7.941


#Path 81
Startpoint: ppeaki_7_7_.Q[0] (.latch clocked by pclk)
Endpoint  : [7430].D[0] (.latch clocked by pclk)
Path Type : setup

Point                                                             Incr      Path
--------------------------------------------------------------------------------
clock pclk (rise edge)                                           0.000     0.000
clock source latency                                             0.000     0.000
pclk.inpad[0] (.input)                                           0.000     0.000
ppeaki_7_7_.clk[0] (.latch)                                      0.042     0.042
ppeaki_7_7_.Q[0] (.latch) [clock-to-output]                      0.124     0.166
[5541].in[3] (.names)                                            0.365     0.531
[5541].out[0] (.names)                                           0.261     0.792
[17555].in[0] (.names)                                           0.345     1.137
[17555].out[0] (.names)                                          0.261     1.398
[17559].in[5] (.names)                                           0.497     1.895
[17559].out[0] (.names)                                          0.261     2.156
nen24_7.in[1] (.names)                                           0.423     2.579
nen24_7.out[0] (.names)                                          0.261     2.840
[17719].in[2] (.names)                                           0.579     3.419
[17719].out[0] (.names)                                          0.261     3.680
n_n2471.in[4] (.names)                                           0.348     4.028
n_n2471.out[0] (.names)                                          0.261     4.289
[5283].in[2] (.names)                                            0.346     4.635
[5283].out[0] (.names)                                           0.261     4.896
[5280].in[3] (.names)                                            0.347     5.242
[5280].out[0] (.names)                                           0.261     5.503
[17755].in[2] (.names)                                           0.347     5.850
[17755].out[0] (.names)                                          0.261     6.111
[19741].in[5] (.names)                                           0.100     6.211
[19741].out[0] (.names)                                          0.261     6.472
[19395].in[2] (.names)                                           0.579     7.050
[19395].out[0] (.names)                                          0.261     7.311
[7439].in[3] (.names)                                            0.345     7.656
[7439].out[0] (.names)                                           0.261     7.917
[7430].D[0] (.latch)                                             0.000     7.917
data arrival time                                                          7.917

clock pclk (rise edge)                                           0.000     0.000
clock source latency                                             0.000     0.000
pclk.inpad[0] (.input)                                           0.000     0.000
[7430].clk[0] (.latch)                                           0.042     0.042
clock uncertainty                                                0.000     0.042
cell setup time                                                 -0.066    -0.024
data required time                                                        -0.024
--------------------------------------------------------------------------------
data required time                                                        -0.024
data arrival time                                                         -7.917
--------------------------------------------------------------------------------
slack (VIOLATED)                                                          -7.941


#Path 82
Startpoint: ppeaki_7_7_.Q[0] (.latch clocked by pclk)
Endpoint  : [11015].D[0] (.latch clocked by pclk)
Path Type : setup

Point                                                             Incr      Path
--------------------------------------------------------------------------------
clock pclk (rise edge)                                           0.000     0.000
clock source latency                                             0.000     0.000
pclk.inpad[0] (.input)                                           0.000     0.000
ppeaki_7_7_.clk[0] (.latch)                                      0.042     0.042
ppeaki_7_7_.Q[0] (.latch) [clock-to-output]                      0.124     0.166
[5541].in[3] (.names)                                            0.365     0.531
[5541].out[0] (.names)                                           0.261     0.792
[17555].in[0] (.names)                                           0.345     1.137
[17555].out[0] (.names)                                          0.261     1.398
[17559].in[5] (.names)                                           0.497     1.895
[17559].out[0] (.names)                                          0.261     2.156
nen24_7.in[1] (.names)                                           0.423     2.579
nen24_7.out[0] (.names)                                          0.261     2.840
[17925].in[2] (.names)                                           0.733     3.573
[17925].out[0] (.names)                                          0.261     3.834
[19153].in[5] (.names)                                           0.650     4.484
[19153].out[0] (.names)                                          0.261     4.745
[19157].in[2] (.names)                                           0.347     5.092
[19157].out[0] (.names)                                          0.261     5.353
[19221].in[2] (.names)                                           0.100     5.453
[19221].out[0] (.names)                                          0.261     5.714
[19227].in[2] (.names)                                           0.100     5.814
[19227].out[0] (.names)                                          0.261     6.075
[19092].in[5] (.names)                                           0.581     6.656
[19092].out[0] (.names)                                          0.261     6.917
[11024].in[3] (.names)                                           0.731     7.648
[11024].out[0] (.names)                                          0.261     7.909
[11015].D[0] (.latch)                                            0.000     7.909
data arrival time                                                          7.909

clock pclk (rise edge)                                           0.000     0.000
clock source latency                                             0.000     0.000
pclk.inpad[0] (.input)                                           0.000     0.000
[11015].clk[0] (.latch)                                          0.042     0.042
clock uncertainty                                                0.000     0.042
cell setup time                                                 -0.066    -0.024
data required time                                                        -0.024
--------------------------------------------------------------------------------
data required time                                                        -0.024
data arrival time                                                         -7.909
--------------------------------------------------------------------------------
slack (VIOLATED)                                                          -7.932


#Path 83
Startpoint: ppeaki_7_7_.Q[0] (.latch clocked by pclk)
Endpoint  : [8885].D[0] (.latch clocked by pclk)
Path Type : setup

Point                                                             Incr      Path
--------------------------------------------------------------------------------
clock pclk (rise edge)                                           0.000     0.000
clock source latency                                             0.000     0.000
pclk.inpad[0] (.input)                                           0.000     0.000
ppeaki_7_7_.clk[0] (.latch)                                      0.042     0.042
ppeaki_7_7_.Q[0] (.latch) [clock-to-output]                      0.124     0.166
[5541].in[3] (.names)                                            0.365     0.531
[5541].out[0] (.names)                                           0.261     0.792
[17555].in[0] (.names)                                           0.345     1.137
[17555].out[0] (.names)                                          0.261     1.398
[17559].in[5] (.names)                                           0.497     1.895
[17559].out[0] (.names)                                          0.261     2.156
nen24_7.in[1] (.names)                                           0.423     2.579
nen24_7.out[0] (.names)                                          0.261     2.840
[17925].in[2] (.names)                                           0.733     3.573
[17925].out[0] (.names)                                          0.261     3.834
[19153].in[5] (.names)                                           0.650     4.484
[19153].out[0] (.names)                                          0.261     4.745
[19157].in[2] (.names)                                           0.347     5.092
[19157].out[0] (.names)                                          0.261     5.353
[19221].in[2] (.names)                                           0.100     5.453
[19221].out[0] (.names)                                          0.261     5.714
[19227].in[2] (.names)                                           0.100     5.814
[19227].out[0] (.names)                                          0.261     6.075
[19232].in[2] (.names)                                           0.100     6.175
[19232].out[0] (.names)                                          0.261     6.436
[19215].in[2] (.names)                                           0.423     6.858
[19215].out[0] (.names)                                          0.261     7.119
[8894].in[4] (.names)                                            0.501     7.620
[8894].out[0] (.names)                                           0.261     7.881
[8885].D[0] (.latch)                                             0.000     7.881
data arrival time                                                          7.881

clock pclk (rise edge)                                           0.000     0.000
clock source latency                                             0.000     0.000
pclk.inpad[0] (.input)                                           0.000     0.000
[8885].clk[0] (.latch)                                           0.042     0.042
clock uncertainty                                                0.000     0.042
cell setup time                                                 -0.066    -0.024
data required time                                                        -0.024
--------------------------------------------------------------------------------
data required time                                                        -0.024
data arrival time                                                         -7.881
--------------------------------------------------------------------------------
slack (VIOLATED)                                                          -7.905


#Path 84
Startpoint: ppeaki_7_7_.Q[0] (.latch clocked by pclk)
Endpoint  : [13805].D[0] (.latch clocked by pclk)
Path Type : setup

Point                                                             Incr      Path
--------------------------------------------------------------------------------
clock pclk (rise edge)                                           0.000     0.000
clock source latency                                             0.000     0.000
pclk.inpad[0] (.input)                                           0.000     0.000
ppeaki_7_7_.clk[0] (.latch)                                      0.042     0.042
ppeaki_7_7_.Q[0] (.latch) [clock-to-output]                      0.124     0.166
[5541].in[3] (.names)                                            0.365     0.531
[5541].out[0] (.names)                                           0.261     0.792
[17555].in[0] (.names)                                           0.345     1.137
[17555].out[0] (.names)                                          0.261     1.398
[17559].in[5] (.names)                                           0.497     1.895
[17559].out[0] (.names)                                          0.261     2.156
nen24_7.in[1] (.names)                                           0.423     2.579
nen24_7.out[0] (.names)                                          0.261     2.840
[17925].in[2] (.names)                                           0.733     3.573
[17925].out[0] (.names)                                          0.261     3.834
[19153].in[5] (.names)                                           0.650     4.484
[19153].out[0] (.names)                                          0.261     4.745
[19157].in[2] (.names)                                           0.347     5.092
[19157].out[0] (.names)                                          0.261     5.353
[19221].in[2] (.names)                                           0.100     5.453
[19221].out[0] (.names)                                          0.261     5.714
[19227].in[2] (.names)                                           0.100     5.814
[19227].out[0] (.names)                                          0.261     6.075
[19232].in[2] (.names)                                           0.100     6.175
[19232].out[0] (.names)                                          0.261     6.436
[19215].in[2] (.names)                                           0.423     6.858
[19215].out[0] (.names)                                          0.261     7.119
[13814].in[4] (.names)                                           0.501     7.620
[13814].out[0] (.names)                                          0.261     7.881
[13805].D[0] (.latch)                                            0.000     7.881
data arrival time                                                          7.881

clock pclk (rise edge)                                           0.000     0.000
clock source latency                                             0.000     0.000
pclk.inpad[0] (.input)                                           0.000     0.000
[13805].clk[0] (.latch)                                          0.042     0.042
clock uncertainty                                                0.000     0.042
cell setup time                                                 -0.066    -0.024
data required time                                                        -0.024
--------------------------------------------------------------------------------
data required time                                                        -0.024
data arrival time                                                         -7.881
--------------------------------------------------------------------------------
slack (VIOLATED)                                                          -7.905


#Path 85
Startpoint: ppeaki_7_7_.Q[0] (.latch clocked by pclk)
Endpoint  : [9530].D[0] (.latch clocked by pclk)
Path Type : setup

Point                                                             Incr      Path
--------------------------------------------------------------------------------
clock pclk (rise edge)                                           0.000     0.000
clock source latency                                             0.000     0.000
pclk.inpad[0] (.input)                                           0.000     0.000
ppeaki_7_7_.clk[0] (.latch)                                      0.042     0.042
ppeaki_7_7_.Q[0] (.latch) [clock-to-output]                      0.124     0.166
[5541].in[3] (.names)                                            0.365     0.531
[5541].out[0] (.names)                                           0.261     0.792
[17555].in[0] (.names)                                           0.345     1.137
[17555].out[0] (.names)                                          0.261     1.398
[17559].in[5] (.names)                                           0.497     1.895
[17559].out[0] (.names)                                          0.261     2.156
nen24_7.in[1] (.names)                                           0.423     2.579
nen24_7.out[0] (.names)                                          0.261     2.840
[17925].in[2] (.names)                                           0.733     3.573
[17925].out[0] (.names)                                          0.261     3.834
[19153].in[5] (.names)                                           0.650     4.484
[19153].out[0] (.names)                                          0.261     4.745
[19157].in[2] (.names)                                           0.347     5.092
[19157].out[0] (.names)                                          0.261     5.353
[19221].in[2] (.names)                                           0.100     5.453
[19221].out[0] (.names)                                          0.261     5.714
[19227].in[2] (.names)                                           0.100     5.814
[19227].out[0] (.names)                                          0.261     6.075
[19232].in[2] (.names)                                           0.100     6.175
[19232].out[0] (.names)                                          0.261     6.436
[19215].in[2] (.names)                                           0.423     6.858
[19215].out[0] (.names)                                          0.261     7.119
[9539].in[4] (.names)                                            0.501     7.620
[9539].out[0] (.names)                                           0.261     7.881
[9530].D[0] (.latch)                                             0.000     7.881
data arrival time                                                          7.881

clock pclk (rise edge)                                           0.000     0.000
clock source latency                                             0.000     0.000
pclk.inpad[0] (.input)                                           0.000     0.000
[9530].clk[0] (.latch)                                           0.042     0.042
clock uncertainty                                                0.000     0.042
cell setup time                                                 -0.066    -0.024
data required time                                                        -0.024
--------------------------------------------------------------------------------
data required time                                                        -0.024
data arrival time                                                         -7.881
--------------------------------------------------------------------------------
slack (VIOLATED)                                                          -7.905


#Path 86
Startpoint: ppeaki_7_7_.Q[0] (.latch clocked by pclk)
Endpoint  : [12395].D[0] (.latch clocked by pclk)
Path Type : setup

Point                                                             Incr      Path
--------------------------------------------------------------------------------
clock pclk (rise edge)                                           0.000     0.000
clock source latency                                             0.000     0.000
pclk.inpad[0] (.input)                                           0.000     0.000
ppeaki_7_7_.clk[0] (.latch)                                      0.042     0.042
ppeaki_7_7_.Q[0] (.latch) [clock-to-output]                      0.124     0.166
[5541].in[3] (.names)                                            0.365     0.531
[5541].out[0] (.names)                                           0.261     0.792
[17555].in[0] (.names)                                           0.345     1.137
[17555].out[0] (.names)                                          0.261     1.398
[17559].in[5] (.names)                                           0.497     1.895
[17559].out[0] (.names)                                          0.261     2.156
nen24_7.in[1] (.names)                                           0.423     2.579
nen24_7.out[0] (.names)                                          0.261     2.840
[17925].in[2] (.names)                                           0.733     3.573
[17925].out[0] (.names)                                          0.261     3.834
[19153].in[5] (.names)                                           0.650     4.484
[19153].out[0] (.names)                                          0.261     4.745
[19157].in[2] (.names)                                           0.347     5.092
[19157].out[0] (.names)                                          0.261     5.353
[19221].in[2] (.names)                                           0.100     5.453
[19221].out[0] (.names)                                          0.261     5.714
[19227].in[2] (.names)                                           0.100     5.814
[19227].out[0] (.names)                                          0.261     6.075
[19232].in[2] (.names)                                           0.100     6.175
[19232].out[0] (.names)                                          0.261     6.436
[19091].in[5] (.names)                                           0.573     7.009
[19091].out[0] (.names)                                          0.261     7.270
[12404].in[4] (.names)                                           0.347     7.617
[12404].out[0] (.names)                                          0.261     7.878
[12395].D[0] (.latch)                                            0.000     7.878
data arrival time                                                          7.878

clock pclk (rise edge)                                           0.000     0.000
clock source latency                                             0.000     0.000
pclk.inpad[0] (.input)                                           0.000     0.000
[12395].clk[0] (.latch)                                          0.042     0.042
clock uncertainty                                                0.000     0.042
cell setup time                                                 -0.066    -0.024
data required time                                                        -0.024
--------------------------------------------------------------------------------
data required time                                                        -0.024
data arrival time                                                         -7.878
--------------------------------------------------------------------------------
slack (VIOLATED)                                                          -7.901


#Path 87
Startpoint: ppeaki_7_7_.Q[0] (.latch clocked by pclk)
Endpoint  : [10175].D[0] (.latch clocked by pclk)
Path Type : setup

Point                                                             Incr      Path
--------------------------------------------------------------------------------
clock pclk (rise edge)                                           0.000     0.000
clock source latency                                             0.000     0.000
pclk.inpad[0] (.input)                                           0.000     0.000
ppeaki_7_7_.clk[0] (.latch)                                      0.042     0.042
ppeaki_7_7_.Q[0] (.latch) [clock-to-output]                      0.124     0.166
[5541].in[3] (.names)                                            0.365     0.531
[5541].out[0] (.names)                                           0.261     0.792
[17555].in[0] (.names)                                           0.345     1.137
[17555].out[0] (.names)                                          0.261     1.398
[17559].in[5] (.names)                                           0.497     1.895
[17559].out[0] (.names)                                          0.261     2.156
nen24_7.in[1] (.names)                                           0.423     2.579
nen24_7.out[0] (.names)                                          0.261     2.840
[17925].in[2] (.names)                                           0.733     3.573
[17925].out[0] (.names)                                          0.261     3.834
[19153].in[5] (.names)                                           0.650     4.484
[19153].out[0] (.names)                                          0.261     4.745
[19157].in[2] (.names)                                           0.347     5.092
[19157].out[0] (.names)                                          0.261     5.353
[19221].in[2] (.names)                                           0.100     5.453
[19221].out[0] (.names)                                          0.261     5.714
[19072].in[5] (.names)                                           0.347     6.060
[19072].out[0] (.names)                                          0.261     6.321
[10184].in[3] (.names)                                           1.271     7.592
[10184].out[0] (.names)                                          0.261     7.853
[10175].D[0] (.latch)                                            0.000     7.853
data arrival time                                                          7.853

clock pclk (rise edge)                                           0.000     0.000
clock source latency                                             0.000     0.000
pclk.inpad[0] (.input)                                           0.000     0.000
[10175].clk[0] (.latch)                                          0.042     0.042
clock uncertainty                                                0.000     0.042
cell setup time                                                 -0.066    -0.024
data required time                                                        -0.024
--------------------------------------------------------------------------------
data required time                                                        -0.024
data arrival time                                                         -7.853
--------------------------------------------------------------------------------
slack (VIOLATED)                                                          -7.877


#Path 88
Startpoint: ppeaki_7_7_.Q[0] (.latch clocked by pclk)
Endpoint  : [7010].D[0] (.latch clocked by pclk)
Path Type : setup

Point                                                             Incr      Path
--------------------------------------------------------------------------------
clock pclk (rise edge)                                           0.000     0.000
clock source latency                                             0.000     0.000
pclk.inpad[0] (.input)                                           0.000     0.000
ppeaki_7_7_.clk[0] (.latch)                                      0.042     0.042
ppeaki_7_7_.Q[0] (.latch) [clock-to-output]                      0.124     0.166
[5541].in[3] (.names)                                            0.365     0.531
[5541].out[0] (.names)                                           0.261     0.792
[17555].in[0] (.names)                                           0.345     1.137
[17555].out[0] (.names)                                          0.261     1.398
[17559].in[5] (.names)                                           0.497     1.895
[17559].out[0] (.names)                                          0.261     2.156
nen24_7.in[1] (.names)                                           0.423     2.579
nen24_7.out[0] (.names)                                          0.261     2.840
[17925].in[2] (.names)                                           0.733     3.573
[17925].out[0] (.names)                                          0.261     3.834
[19153].in[5] (.names)                                           0.650     4.484
[19153].out[0] (.names)                                          0.261     4.745
[19157].in[2] (.names)                                           0.347     5.092
[19157].out[0] (.names)                                          0.261     5.353
[19221].in[2] (.names)                                           0.100     5.453
[19221].out[0] (.names)                                          0.261     5.714
[19227].in[2] (.names)                                           0.100     5.814
[19227].out[0] (.names)                                          0.261     6.075
[19232].in[2] (.names)                                           0.100     6.175
[19232].out[0] (.names)                                          0.261     6.436
[19215].in[2] (.names)                                           0.423     6.858
[19215].out[0] (.names)                                          0.261     7.119
[4388].in[3] (.names)                                            0.100     7.219
[4388].out[0] (.names)                                           0.261     7.480
[7019].in[5] (.names)                                            0.100     7.580
[7019].out[0] (.names)                                           0.261     7.841
[7010].D[0] (.latch)                                             0.000     7.841
data arrival time                                                          7.841

clock pclk (rise edge)                                           0.000     0.000
clock source latency                                             0.000     0.000
pclk.inpad[0] (.input)                                           0.000     0.000
[7010].clk[0] (.latch)                                           0.042     0.042
clock uncertainty                                                0.000     0.042
cell setup time                                                 -0.066    -0.024
data required time                                                        -0.024
--------------------------------------------------------------------------------
data required time                                                        -0.024
data arrival time                                                         -7.841
--------------------------------------------------------------------------------
slack (VIOLATED)                                                          -7.865


#Path 89
Startpoint: ppeaki_7_7_.Q[0] (.latch clocked by pclk)
Endpoint  : [6335].D[0] (.latch clocked by pclk)
Path Type : setup

Point                                                             Incr      Path
--------------------------------------------------------------------------------
clock pclk (rise edge)                                           0.000     0.000
clock source latency                                             0.000     0.000
pclk.inpad[0] (.input)                                           0.000     0.000
ppeaki_7_7_.clk[0] (.latch)                                      0.042     0.042
ppeaki_7_7_.Q[0] (.latch) [clock-to-output]                      0.124     0.166
[5541].in[3] (.names)                                            0.365     0.531
[5541].out[0] (.names)                                           0.261     0.792
[17555].in[0] (.names)                                           0.345     1.137
[17555].out[0] (.names)                                          0.261     1.398
[17559].in[5] (.names)                                           0.497     1.895
[17559].out[0] (.names)                                          0.261     2.156
nen24_7.in[1] (.names)                                           0.423     2.579
nen24_7.out[0] (.names)                                          0.261     2.840
[17925].in[2] (.names)                                           0.733     3.573
[17925].out[0] (.names)                                          0.261     3.834
[19153].in[5] (.names)                                           0.650     4.484
[19153].out[0] (.names)                                          0.261     4.745
[19157].in[2] (.names)                                           0.347     5.092
[19157].out[0] (.names)                                          0.261     5.353
[19221].in[2] (.names)                                           0.100     5.453
[19221].out[0] (.names)                                          0.261     5.714
[19227].in[2] (.names)                                           0.100     5.814
[19227].out[0] (.names)                                          0.261     6.075
[19232].in[2] (.names)                                           0.100     6.175
[19232].out[0] (.names)                                          0.261     6.436
[19215].in[2] (.names)                                           0.423     6.858
[19215].out[0] (.names)                                          0.261     7.119
[19068].in[5] (.names)                                           0.100     7.219
[19068].out[0] (.names)                                          0.261     7.480
[6344].in[3] (.names)                                            0.100     7.580
[6344].out[0] (.names)                                           0.261     7.841
[6335].D[0] (.latch)                                             0.000     7.841
data arrival time                                                          7.841

clock pclk (rise edge)                                           0.000     0.000
clock source latency                                             0.000     0.000
pclk.inpad[0] (.input)                                           0.000     0.000
[6335].clk[0] (.latch)                                           0.042     0.042
clock uncertainty                                                0.000     0.042
cell setup time                                                 -0.066    -0.024
data required time                                                        -0.024
--------------------------------------------------------------------------------
data required time                                                        -0.024
data arrival time                                                         -7.841
--------------------------------------------------------------------------------
slack (VIOLATED)                                                          -7.865


#Path 90
Startpoint: ppeaki_7_7_.Q[0] (.latch clocked by pclk)
Endpoint  : [7580].D[0] (.latch clocked by pclk)
Path Type : setup

Point                                                             Incr      Path
--------------------------------------------------------------------------------
clock pclk (rise edge)                                           0.000     0.000
clock source latency                                             0.000     0.000
pclk.inpad[0] (.input)                                           0.000     0.000
ppeaki_7_7_.clk[0] (.latch)                                      0.042     0.042
ppeaki_7_7_.Q[0] (.latch) [clock-to-output]                      0.124     0.166
[5541].in[3] (.names)                                            0.365     0.531
[5541].out[0] (.names)                                           0.261     0.792
[17555].in[0] (.names)                                           0.345     1.137
[17555].out[0] (.names)                                          0.261     1.398
[17559].in[5] (.names)                                           0.497     1.895
[17559].out[0] (.names)                                          0.261     2.156
nen24_7.in[1] (.names)                                           0.423     2.579
nen24_7.out[0] (.names)                                          0.261     2.840
[17925].in[2] (.names)                                           0.733     3.573
[17925].out[0] (.names)                                          0.261     3.834
[19153].in[5] (.names)                                           0.650     4.484
[19153].out[0] (.names)                                          0.261     4.745
[19157].in[2] (.names)                                           0.347     5.092
[19157].out[0] (.names)                                          0.261     5.353
[19221].in[2] (.names)                                           0.100     5.453
[19221].out[0] (.names)                                          0.261     5.714
[19227].in[2] (.names)                                           0.100     5.814
[19227].out[0] (.names)                                          0.261     6.075
[19232].in[2] (.names)                                           0.100     6.175
[19232].out[0] (.names)                                          0.261     6.436
[19215].in[2] (.names)                                           0.423     6.858
[19215].out[0] (.names)                                          0.261     7.119
[19068].in[5] (.names)                                           0.100     7.219
[19068].out[0] (.names)                                          0.261     7.480
[7589].in[4] (.names)                                            0.100     7.580
[7589].out[0] (.names)                                           0.261     7.841
[7580].D[0] (.latch)                                             0.000     7.841
data arrival time                                                          7.841

clock pclk (rise edge)                                           0.000     0.000
clock source latency                                             0.000     0.000
pclk.inpad[0] (.input)                                           0.000     0.000
[7580].clk[0] (.latch)                                           0.042     0.042
clock uncertainty                                                0.000     0.042
cell setup time                                                 -0.066    -0.024
data required time                                                        -0.024
--------------------------------------------------------------------------------
data required time                                                        -0.024
data arrival time                                                         -7.841
--------------------------------------------------------------------------------
slack (VIOLATED)                                                          -7.865


#Path 91
Startpoint: ppeaki_7_7_.Q[0] (.latch clocked by pclk)
Endpoint  : [14615].D[0] (.latch clocked by pclk)
Path Type : setup

Point                                                             Incr      Path
--------------------------------------------------------------------------------
clock pclk (rise edge)                                           0.000     0.000
clock source latency                                             0.000     0.000
pclk.inpad[0] (.input)                                           0.000     0.000
ppeaki_7_7_.clk[0] (.latch)                                      0.042     0.042
ppeaki_7_7_.Q[0] (.latch) [clock-to-output]                      0.124     0.166
[5541].in[3] (.names)                                            0.365     0.531
[5541].out[0] (.names)                                           0.261     0.792
[17555].in[0] (.names)                                           0.345     1.137
[17555].out[0] (.names)                                          0.261     1.398
[17559].in[5] (.names)                                           0.497     1.895
[17559].out[0] (.names)                                          0.261     2.156
nen24_7.in[1] (.names)                                           0.423     2.579
nen24_7.out[0] (.names)                                          0.261     2.840
[17925].in[2] (.names)                                           0.733     3.573
[17925].out[0] (.names)                                          0.261     3.834
[19153].in[5] (.names)                                           0.650     4.484
[19153].out[0] (.names)                                          0.261     4.745
[19157].in[2] (.names)                                           0.347     5.092
[19157].out[0] (.names)                                          0.261     5.353
[19221].in[2] (.names)                                           0.100     5.453
[19221].out[0] (.names)                                          0.261     5.714
[19227].in[2] (.names)                                           0.100     5.814
[19227].out[0] (.names)                                          0.261     6.075
[19232].in[2] (.names)                                           0.100     6.175
[19232].out[0] (.names)                                          0.261     6.436
[19215].in[2] (.names)                                           0.423     6.858
[19215].out[0] (.names)                                          0.261     7.119
[4388].in[3] (.names)                                            0.100     7.219
[4388].out[0] (.names)                                           0.261     7.480
[14624].in[4] (.names)                                           0.100     7.580
[14624].out[0] (.names)                                          0.261     7.841
[14615].D[0] (.latch)                                            0.000     7.841
data arrival time                                                          7.841

clock pclk (rise edge)                                           0.000     0.000
clock source latency                                             0.000     0.000
pclk.inpad[0] (.input)                                           0.000     0.000
[14615].clk[0] (.latch)                                          0.042     0.042
clock uncertainty                                                0.000     0.042
cell setup time                                                 -0.066    -0.024
data required time                                                        -0.024
--------------------------------------------------------------------------------
data required time                                                        -0.024
data arrival time                                                         -7.841
--------------------------------------------------------------------------------
slack (VIOLATED)                                                          -7.865


#Path 92
Startpoint: ppeaki_7_7_.Q[0] (.latch clocked by pclk)
Endpoint  : [8315].D[0] (.latch clocked by pclk)
Path Type : setup

Point                                                             Incr      Path
--------------------------------------------------------------------------------
clock pclk (rise edge)                                           0.000     0.000
clock source latency                                             0.000     0.000
pclk.inpad[0] (.input)                                           0.000     0.000
ppeaki_7_7_.clk[0] (.latch)                                      0.042     0.042
ppeaki_7_7_.Q[0] (.latch) [clock-to-output]                      0.124     0.166
[5541].in[3] (.names)                                            0.365     0.531
[5541].out[0] (.names)                                           0.261     0.792
[17555].in[0] (.names)                                           0.345     1.137
[17555].out[0] (.names)                                          0.261     1.398
[17559].in[5] (.names)                                           0.497     1.895
[17559].out[0] (.names)                                          0.261     2.156
nen24_7.in[1] (.names)                                           0.423     2.579
nen24_7.out[0] (.names)                                          0.261     2.840
[17925].in[2] (.names)                                           0.733     3.573
[17925].out[0] (.names)                                          0.261     3.834
[19153].in[5] (.names)                                           0.650     4.484
[19153].out[0] (.names)                                          0.261     4.745
[19157].in[2] (.names)                                           0.347     5.092
[19157].out[0] (.names)                                          0.261     5.353
[19221].in[2] (.names)                                           0.100     5.453
[19221].out[0] (.names)                                          0.261     5.714
[19227].in[2] (.names)                                           0.100     5.814
[19227].out[0] (.names)                                          0.261     6.075
[19232].in[2] (.names)                                           0.100     6.175
[19232].out[0] (.names)                                          0.261     6.436
[19215].in[2] (.names)                                           0.423     6.858
[19215].out[0] (.names)                                          0.261     7.119
[19068].in[5] (.names)                                           0.100     7.219
[19068].out[0] (.names)                                          0.261     7.480
[8324].in[3] (.names)                                            0.100     7.580
[8324].out[0] (.names)                                           0.261     7.841
[8315].D[0] (.latch)                                             0.000     7.841
data arrival time                                                          7.841

clock pclk (rise edge)                                           0.000     0.000
clock source latency                                             0.000     0.000
pclk.inpad[0] (.input)                                           0.000     0.000
[8315].clk[0] (.latch)                                           0.042     0.042
clock uncertainty                                                0.000     0.042
cell setup time                                                 -0.066    -0.024
data required time                                                        -0.024
--------------------------------------------------------------------------------
data required time                                                        -0.024
data arrival time                                                         -7.841
--------------------------------------------------------------------------------
slack (VIOLATED)                                                          -7.865


#Path 93
Startpoint: ppeaki_7_7_.Q[0] (.latch clocked by pclk)
Endpoint  : [13445].D[0] (.latch clocked by pclk)
Path Type : setup

Point                                                             Incr      Path
--------------------------------------------------------------------------------
clock pclk (rise edge)                                           0.000     0.000
clock source latency                                             0.000     0.000
pclk.inpad[0] (.input)                                           0.000     0.000
ppeaki_7_7_.clk[0] (.latch)                                      0.042     0.042
ppeaki_7_7_.Q[0] (.latch) [clock-to-output]                      0.124     0.166
[5541].in[3] (.names)                                            0.365     0.531
[5541].out[0] (.names)                                           0.261     0.792
[17555].in[0] (.names)                                           0.345     1.137
[17555].out[0] (.names)                                          0.261     1.398
[17559].in[5] (.names)                                           0.497     1.895
[17559].out[0] (.names)                                          0.261     2.156
nen24_7.in[1] (.names)                                           0.423     2.579
nen24_7.out[0] (.names)                                          0.261     2.840
[17925].in[2] (.names)                                           0.733     3.573
[17925].out[0] (.names)                                          0.261     3.834
[19153].in[5] (.names)                                           0.650     4.484
[19153].out[0] (.names)                                          0.261     4.745
[19157].in[2] (.names)                                           0.347     5.092
[19157].out[0] (.names)                                          0.261     5.353
[19221].in[2] (.names)                                           0.100     5.453
[19221].out[0] (.names)                                          0.261     5.714
[19227].in[2] (.names)                                           0.100     5.814
[19227].out[0] (.names)                                          0.261     6.075
[19232].in[2] (.names)                                           0.100     6.175
[19232].out[0] (.names)                                          0.261     6.436
[19215].in[2] (.names)                                           0.423     6.858
[19215].out[0] (.names)                                          0.261     7.119
[19068].in[5] (.names)                                           0.100     7.219
[19068].out[0] (.names)                                          0.261     7.480
[13454].in[1] (.names)                                           0.100     7.580
[13454].out[0] (.names)                                          0.261     7.841
[13445].D[0] (.latch)                                            0.000     7.841
data arrival time                                                          7.841

clock pclk (rise edge)                                           0.000     0.000
clock source latency                                             0.000     0.000
pclk.inpad[0] (.input)                                           0.000     0.000
[13445].clk[0] (.latch)                                          0.042     0.042
clock uncertainty                                                0.000     0.042
cell setup time                                                 -0.066    -0.024
data required time                                                        -0.024
--------------------------------------------------------------------------------
data required time                                                        -0.024
data arrival time                                                         -7.841
--------------------------------------------------------------------------------
slack (VIOLATED)                                                          -7.865


#Path 94
Startpoint: ppeaki_7_7_.Q[0] (.latch clocked by pclk)
Endpoint  : [9560].D[0] (.latch clocked by pclk)
Path Type : setup

Point                                                             Incr      Path
--------------------------------------------------------------------------------
clock pclk (rise edge)                                           0.000     0.000
clock source latency                                             0.000     0.000
pclk.inpad[0] (.input)                                           0.000     0.000
ppeaki_7_7_.clk[0] (.latch)                                      0.042     0.042
ppeaki_7_7_.Q[0] (.latch) [clock-to-output]                      0.124     0.166
[5541].in[3] (.names)                                            0.365     0.531
[5541].out[0] (.names)                                           0.261     0.792
[17555].in[0] (.names)                                           0.345     1.137
[17555].out[0] (.names)                                          0.261     1.398
[17559].in[5] (.names)                                           0.497     1.895
[17559].out[0] (.names)                                          0.261     2.156
nen24_7.in[1] (.names)                                           0.423     2.579
nen24_7.out[0] (.names)                                          0.261     2.840
[17925].in[2] (.names)                                           0.733     3.573
[17925].out[0] (.names)                                          0.261     3.834
[19153].in[5] (.names)                                           0.650     4.484
[19153].out[0] (.names)                                          0.261     4.745
[19157].in[2] (.names)                                           0.347     5.092
[19157].out[0] (.names)                                          0.261     5.353
[19221].in[2] (.names)                                           0.100     5.453
[19221].out[0] (.names)                                          0.261     5.714
[19227].in[2] (.names)                                           0.100     5.814
[19227].out[0] (.names)                                          0.261     6.075
[19232].in[2] (.names)                                           0.100     6.175
[19232].out[0] (.names)                                          0.261     6.436
[19215].in[2] (.names)                                           0.423     6.858
[19215].out[0] (.names)                                          0.261     7.119
[19068].in[5] (.names)                                           0.100     7.219
[19068].out[0] (.names)                                          0.261     7.480
[9569].in[3] (.names)                                            0.100     7.580
[9569].out[0] (.names)                                           0.261     7.841
[9560].D[0] (.latch)                                             0.000     7.841
data arrival time                                                          7.841

clock pclk (rise edge)                                           0.000     0.000
clock source latency                                             0.000     0.000
pclk.inpad[0] (.input)                                           0.000     0.000
[9560].clk[0] (.latch)                                           0.042     0.042
clock uncertainty                                                0.000     0.042
cell setup time                                                 -0.066    -0.024
data required time                                                        -0.024
--------------------------------------------------------------------------------
data required time                                                        -0.024
data arrival time                                                         -7.841
--------------------------------------------------------------------------------
slack (VIOLATED)                                                          -7.865


#Path 95
Startpoint: ppeaki_7_7_.Q[0] (.latch clocked by pclk)
Endpoint  : [9860].D[0] (.latch clocked by pclk)
Path Type : setup

Point                                                             Incr      Path
--------------------------------------------------------------------------------
clock pclk (rise edge)                                           0.000     0.000
clock source latency                                             0.000     0.000
pclk.inpad[0] (.input)                                           0.000     0.000
ppeaki_7_7_.clk[0] (.latch)                                      0.042     0.042
ppeaki_7_7_.Q[0] (.latch) [clock-to-output]                      0.124     0.166
[5541].in[3] (.names)                                            0.365     0.531
[5541].out[0] (.names)                                           0.261     0.792
[17555].in[0] (.names)                                           0.345     1.137
[17555].out[0] (.names)                                          0.261     1.398
[17559].in[5] (.names)                                           0.497     1.895
[17559].out[0] (.names)                                          0.261     2.156
nen24_7.in[1] (.names)                                           0.423     2.579
nen24_7.out[0] (.names)                                          0.261     2.840
[17925].in[2] (.names)                                           0.733     3.573
[17925].out[0] (.names)                                          0.261     3.834
[19153].in[5] (.names)                                           0.650     4.484
[19153].out[0] (.names)                                          0.261     4.745
[19157].in[2] (.names)                                           0.347     5.092
[19157].out[0] (.names)                                          0.261     5.353
[19221].in[2] (.names)                                           0.100     5.453
[19221].out[0] (.names)                                          0.261     5.714
[19227].in[2] (.names)                                           0.100     5.814
[19227].out[0] (.names)                                          0.261     6.075
[19092].in[5] (.names)                                           0.581     6.656
[19092].out[0] (.names)                                          0.261     6.917
[9869].in[3] (.names)                                            0.660     7.577
[9869].out[0] (.names)                                           0.261     7.838
[9860].D[0] (.latch)                                             0.000     7.838
data arrival time                                                          7.838

clock pclk (rise edge)                                           0.000     0.000
clock source latency                                             0.000     0.000
pclk.inpad[0] (.input)                                           0.000     0.000
[9860].clk[0] (.latch)                                           0.042     0.042
clock uncertainty                                                0.000     0.042
cell setup time                                                 -0.066    -0.024
data required time                                                        -0.024
--------------------------------------------------------------------------------
data required time                                                        -0.024
data arrival time                                                         -7.838
--------------------------------------------------------------------------------
slack (VIOLATED)                                                          -7.862


#Path 96
Startpoint: ppeaki_7_7_.Q[0] (.latch clocked by pclk)
Endpoint  : [6965].D[0] (.latch clocked by pclk)
Path Type : setup

Point                                                             Incr      Path
--------------------------------------------------------------------------------
clock pclk (rise edge)                                           0.000     0.000
clock source latency                                             0.000     0.000
pclk.inpad[0] (.input)                                           0.000     0.000
ppeaki_7_7_.clk[0] (.latch)                                      0.042     0.042
ppeaki_7_7_.Q[0] (.latch) [clock-to-output]                      0.124     0.166
[5541].in[3] (.names)                                            0.365     0.531
[5541].out[0] (.names)                                           0.261     0.792
[17555].in[0] (.names)                                           0.345     1.137
[17555].out[0] (.names)                                          0.261     1.398
[17559].in[5] (.names)                                           0.497     1.895
[17559].out[0] (.names)                                          0.261     2.156
nen24_7.in[1] (.names)                                           0.423     2.579
nen24_7.out[0] (.names)                                          0.261     2.840
[17925].in[2] (.names)                                           0.733     3.573
[17925].out[0] (.names)                                          0.261     3.834
[19153].in[5] (.names)                                           0.650     4.484
[19153].out[0] (.names)                                          0.261     4.745
[19157].in[2] (.names)                                           0.347     5.092
[19157].out[0] (.names)                                          0.261     5.353
[19221].in[2] (.names)                                           0.100     5.453
[19221].out[0] (.names)                                          0.261     5.714
[19227].in[2] (.names)                                           0.100     5.814
[19227].out[0] (.names)                                          0.261     6.075
[19092].in[5] (.names)                                           0.581     6.656
[19092].out[0] (.names)                                          0.261     6.917
[6974].in[4] (.names)                                            0.654     7.571
[6974].out[0] (.names)                                           0.261     7.832
[6965].D[0] (.latch)                                             0.000     7.832
data arrival time                                                          7.832

clock pclk (rise edge)                                           0.000     0.000
clock source latency                                             0.000     0.000
pclk.inpad[0] (.input)                                           0.000     0.000
[6965].clk[0] (.latch)                                           0.042     0.042
clock uncertainty                                                0.000     0.042
cell setup time                                                 -0.066    -0.024
data required time                                                        -0.024
--------------------------------------------------------------------------------
data required time                                                        -0.024
data arrival time                                                         -7.832
--------------------------------------------------------------------------------
slack (VIOLATED)                                                          -7.855


#Path 97
Startpoint: ppeaki_7_7_.Q[0] (.latch clocked by pclk)
Endpoint  : [8180].D[0] (.latch clocked by pclk)
Path Type : setup

Point                                                             Incr      Path
--------------------------------------------------------------------------------
clock pclk (rise edge)                                           0.000     0.000
clock source latency                                             0.000     0.000
pclk.inpad[0] (.input)                                           0.000     0.000
ppeaki_7_7_.clk[0] (.latch)                                      0.042     0.042
ppeaki_7_7_.Q[0] (.latch) [clock-to-output]                      0.124     0.166
[5541].in[3] (.names)                                            0.365     0.531
[5541].out[0] (.names)                                           0.261     0.792
[17555].in[0] (.names)                                           0.345     1.137
[17555].out[0] (.names)                                          0.261     1.398
[17559].in[5] (.names)                                           0.497     1.895
[17559].out[0] (.names)                                          0.261     2.156
nen24_7.in[1] (.names)                                           0.423     2.579
nen24_7.out[0] (.names)                                          0.261     2.840
[17925].in[2] (.names)                                           0.733     3.573
[17925].out[0] (.names)                                          0.261     3.834
[19153].in[5] (.names)                                           0.650     4.484
[19153].out[0] (.names)                                          0.261     4.745
[19157].in[2] (.names)                                           0.347     5.092
[19157].out[0] (.names)                                          0.261     5.353
[19221].in[2] (.names)                                           0.100     5.453
[19221].out[0] (.names)                                          0.261     5.714
[19227].in[2] (.names)                                           0.100     5.814
[19227].out[0] (.names)                                          0.261     6.075
[19092].in[5] (.names)                                           0.581     6.656
[19092].out[0] (.names)                                          0.261     6.917
[8189].in[4] (.names)                                            0.654     7.571
[8189].out[0] (.names)                                           0.261     7.832
[8180].D[0] (.latch)                                             0.000     7.832
data arrival time                                                          7.832

clock pclk (rise edge)                                           0.000     0.000
clock source latency                                             0.000     0.000
pclk.inpad[0] (.input)                                           0.000     0.000
[8180].clk[0] (.latch)                                           0.042     0.042
clock uncertainty                                                0.000     0.042
cell setup time                                                 -0.066    -0.024
data required time                                                        -0.024
--------------------------------------------------------------------------------
data required time                                                        -0.024
data arrival time                                                         -7.832
--------------------------------------------------------------------------------
slack (VIOLATED)                                                          -7.855


#Path 98
Startpoint: ppeaki_7_7_.Q[0] (.latch clocked by pclk)
Endpoint  : [4850].D[0] (.latch clocked by pclk)
Path Type : setup

Point                                                             Incr      Path
--------------------------------------------------------------------------------
clock pclk (rise edge)                                           0.000     0.000
clock source latency                                             0.000     0.000
pclk.inpad[0] (.input)                                           0.000     0.000
ppeaki_7_7_.clk[0] (.latch)                                      0.042     0.042
ppeaki_7_7_.Q[0] (.latch) [clock-to-output]                      0.124     0.166
[5541].in[3] (.names)                                            0.365     0.531
[5541].out[0] (.names)                                           0.261     0.792
[17555].in[0] (.names)                                           0.345     1.137
[17555].out[0] (.names)                                          0.261     1.398
[17559].in[5] (.names)                                           0.497     1.895
[17559].out[0] (.names)                                          0.261     2.156
nen24_7.in[1] (.names)                                           0.423     2.579
nen24_7.out[0] (.names)                                          0.261     2.840
[17925].in[2] (.names)                                           0.733     3.573
[17925].out[0] (.names)                                          0.261     3.834
[19153].in[5] (.names)                                           0.650     4.484
[19153].out[0] (.names)                                          0.261     4.745
[19157].in[2] (.names)                                           0.347     5.092
[19157].out[0] (.names)                                          0.261     5.353
[19221].in[2] (.names)                                           0.100     5.453
[19221].out[0] (.names)                                          0.261     5.714
[19227].in[2] (.names)                                           0.100     5.814
[19227].out[0] (.names)                                          0.261     6.075
[19092].in[5] (.names)                                           0.581     6.656
[19092].out[0] (.names)                                          0.261     6.917
[4859].in[4] (.names)                                            0.654     7.571
[4859].out[0] (.names)                                           0.261     7.832
[4850].D[0] (.latch)                                             0.000     7.832
data arrival time                                                          7.832

clock pclk (rise edge)                                           0.000     0.000
clock source latency                                             0.000     0.000
pclk.inpad[0] (.input)                                           0.000     0.000
[4850].clk[0] (.latch)                                           0.042     0.042
clock uncertainty                                                0.000     0.042
cell setup time                                                 -0.066    -0.024
data required time                                                        -0.024
--------------------------------------------------------------------------------
data required time                                                        -0.024
data arrival time                                                         -7.832
--------------------------------------------------------------------------------
slack (VIOLATED)                                                          -7.855


#Path 99
Startpoint: ppeaki_7_7_.Q[0] (.latch clocked by pclk)
Endpoint  : [9620].D[0] (.latch clocked by pclk)
Path Type : setup

Point                                                             Incr      Path
--------------------------------------------------------------------------------
clock pclk (rise edge)                                           0.000     0.000
clock source latency                                             0.000     0.000
pclk.inpad[0] (.input)                                           0.000     0.000
ppeaki_7_7_.clk[0] (.latch)                                      0.042     0.042
ppeaki_7_7_.Q[0] (.latch) [clock-to-output]                      0.124     0.166
[5541].in[3] (.names)                                            0.365     0.531
[5541].out[0] (.names)                                           0.261     0.792
[17555].in[0] (.names)                                           0.345     1.137
[17555].out[0] (.names)                                          0.261     1.398
[17559].in[5] (.names)                                           0.497     1.895
[17559].out[0] (.names)                                          0.261     2.156
nen24_7.in[1] (.names)                                           0.423     2.579
nen24_7.out[0] (.names)                                          0.261     2.840
[17925].in[2] (.names)                                           0.733     3.573
[17925].out[0] (.names)                                          0.261     3.834
[19153].in[5] (.names)                                           0.650     4.484
[19153].out[0] (.names)                                          0.261     4.745
[19157].in[2] (.names)                                           0.347     5.092
[19157].out[0] (.names)                                          0.261     5.353
[19221].in[2] (.names)                                           0.100     5.453
[19221].out[0] (.names)                                          0.261     5.714
[19227].in[2] (.names)                                           0.100     5.814
[19227].out[0] (.names)                                          0.261     6.075
[19092].in[5] (.names)                                           0.581     6.656
[19092].out[0] (.names)                                          0.261     6.917
[9629].in[4] (.names)                                            0.654     7.571
[9629].out[0] (.names)                                           0.261     7.832
[9620].D[0] (.latch)                                             0.000     7.832
data arrival time                                                          7.832

clock pclk (rise edge)                                           0.000     0.000
clock source latency                                             0.000     0.000
pclk.inpad[0] (.input)                                           0.000     0.000
[9620].clk[0] (.latch)                                           0.042     0.042
clock uncertainty                                                0.000     0.042
cell setup time                                                 -0.066    -0.024
data required time                                                        -0.024
--------------------------------------------------------------------------------
data required time                                                        -0.024
data arrival time                                                         -7.832
--------------------------------------------------------------------------------
slack (VIOLATED)                                                          -7.855


#Path 100
Startpoint: ppeaki_7_7_.Q[0] (.latch clocked by pclk)
Endpoint  : [10955].D[0] (.latch clocked by pclk)
Path Type : setup

Point                                                             Incr      Path
--------------------------------------------------------------------------------
clock pclk (rise edge)                                           0.000     0.000
clock source latency                                             0.000     0.000
pclk.inpad[0] (.input)                                           0.000     0.000
ppeaki_7_7_.clk[0] (.latch)                                      0.042     0.042
ppeaki_7_7_.Q[0] (.latch) [clock-to-output]                      0.124     0.166
[5541].in[3] (.names)                                            0.365     0.531
[5541].out[0] (.names)                                           0.261     0.792
[17555].in[0] (.names)                                           0.345     1.137
[17555].out[0] (.names)                                          0.261     1.398
[17559].in[5] (.names)                                           0.497     1.895
[17559].out[0] (.names)                                          0.261     2.156
nen24_7.in[1] (.names)                                           0.423     2.579
nen24_7.out[0] (.names)                                          0.261     2.840
[17925].in[2] (.names)                                           0.733     3.573
[17925].out[0] (.names)                                          0.261     3.834
[19153].in[5] (.names)                                           0.650     4.484
[19153].out[0] (.names)                                          0.261     4.745
[19157].in[2] (.names)                                           0.347     5.092
[19157].out[0] (.names)                                          0.261     5.353
[19221].in[2] (.names)                                           0.100     5.453
[19221].out[0] (.names)                                          0.261     5.714
[19227].in[2] (.names)                                           0.100     5.814
[19227].out[0] (.names)                                          0.261     6.075
[19232].in[2] (.names)                                           0.100     6.175
[19232].out[0] (.names)                                          0.261     6.436
[19215].in[2] (.names)                                           0.423     6.858
[19215].out[0] (.names)                                          0.261     7.119
[10964].in[4] (.names)                                           0.424     7.543
[10964].out[0] (.names)                                          0.261     7.804
[10955].D[0] (.latch)                                            0.000     7.804
data arrival time                                                          7.804

clock pclk (rise edge)                                           0.000     0.000
clock source latency                                             0.000     0.000
pclk.inpad[0] (.input)                                           0.000     0.000
[10955].clk[0] (.latch)                                          0.042     0.042
clock uncertainty                                                0.000     0.042
cell setup time                                                 -0.066    -0.024
data required time                                                        -0.024
--------------------------------------------------------------------------------
data required time                                                        -0.024
data arrival time                                                         -7.804
--------------------------------------------------------------------------------
slack (VIOLATED)                                                          -7.828


#End of timing report
