#Timing report of worst 100 path(s)
# Unit scale: 1e-09 seconds
# Output precision: 3

#Path 1
Startpoint: [17752].Q[0] (.latch clocked by pclk)
Endpoint  : [10340].D[0] (.latch clocked by pclk)
Path Type : setup

Point                                                             Incr      Path
--------------------------------------------------------------------------------
clock pclk (rise edge)                                           0.000     0.000
clock source latency                                             0.000     0.000
pclk.inpad[0] (.input)                                           0.000     0.000
[17752].clk[0] (.latch)                                          0.042     0.042
[17752].Q[0] (.latch) [clock-to-output]                          0.124     0.166
[5553].in[4] (.names)                                            0.783     0.950
[5553].out[0] (.names)                                           0.261     1.211
[17552].in[3] (.names)                                           0.482     1.693
[17552].out[0] (.names)                                          0.261     1.954
[17560].in[2] (.names)                                           0.100     2.054
[17560].out[0] (.names)                                          0.261     2.315
nrq8_2.in[1] (.names)                                            0.481     2.796
nrq8_2.out[0] (.names)                                           0.261     3.057
[4265].in[2] (.names)                                            0.623     3.681
[4265].out[0] (.names)                                           0.261     3.942
[5291].in[0] (.names)                                            0.475     4.416
[5291].out[0] (.names)                                           0.261     4.677
[17748].in[2] (.names)                                           0.623     5.301
[17748].out[0] (.names)                                          0.261     5.562
[17751].in[3] (.names)                                           0.340     5.902
[17751].out[0] (.names)                                          0.261     6.163
[17755].in[3] (.names)                                           0.335     6.498
[17755].out[0] (.names)                                          0.261     6.759
[19741].in[5] (.names)                                           0.100     6.859
[19741].out[0] (.names)                                          0.261     7.120
[19490].in[2] (.names)                                           0.332     7.452
[19490].out[0] (.names)                                          0.261     7.713
[3481].in[4] (.names)                                            0.623     8.336
[3481].out[0] (.names)                                           0.261     8.597
[10349].in[4] (.names)                                           0.335     8.932
[10349].out[0] (.names)                                          0.261     9.193
[10340].D[0] (.latch)                                            0.000     9.193
data arrival time                                                          9.193

clock pclk (rise edge)                                           0.000     0.000
clock source latency                                             0.000     0.000
pclk.inpad[0] (.input)                                           0.000     0.000
[10340].clk[0] (.latch)                                          0.042     0.042
clock uncertainty                                                0.000     0.042
cell setup time                                                 -0.066    -0.024
data required time                                                        -0.024
--------------------------------------------------------------------------------
data required time                                                        -0.024
data arrival time                                                         -9.193
--------------------------------------------------------------------------------
slack (VIOLATED)                                                          -9.217


#Path 2
Startpoint: [17752].Q[0] (.latch clocked by pclk)
Endpoint  : [5480].D[0] (.latch clocked by pclk)
Path Type : setup

Point                                                             Incr      Path
--------------------------------------------------------------------------------
clock pclk (rise edge)                                           0.000     0.000
clock source latency                                             0.000     0.000
pclk.inpad[0] (.input)                                           0.000     0.000
[17752].clk[0] (.latch)                                          0.042     0.042
[17752].Q[0] (.latch) [clock-to-output]                          0.124     0.166
[5553].in[4] (.names)                                            0.783     0.950
[5553].out[0] (.names)                                           0.261     1.211
[17552].in[3] (.names)                                           0.482     1.693
[17552].out[0] (.names)                                          0.261     1.954
[17560].in[2] (.names)                                           0.100     2.054
[17560].out[0] (.names)                                          0.261     2.315
nrq8_2.in[1] (.names)                                            0.481     2.796
nrq8_2.out[0] (.names)                                           0.261     3.057
[4265].in[2] (.names)                                            0.623     3.681
[4265].out[0] (.names)                                           0.261     3.942
[5291].in[0] (.names)                                            0.475     4.416
[5291].out[0] (.names)                                           0.261     4.677
[17748].in[2] (.names)                                           0.623     5.301
[17748].out[0] (.names)                                          0.261     5.562
[17751].in[3] (.names)                                           0.340     5.902
[17751].out[0] (.names)                                          0.261     6.163
[17755].in[3] (.names)                                           0.335     6.498
[17755].out[0] (.names)                                          0.261     6.759
[19741].in[5] (.names)                                           0.100     6.859
[19741].out[0] (.names)                                          0.261     7.120
[19490].in[2] (.names)                                           0.332     7.452
[19490].out[0] (.names)                                          0.261     7.713
[19367].in[3] (.names)                                           0.623     8.336
[19367].out[0] (.names)                                          0.261     8.597
[5489].in[3] (.names)                                            0.332     8.930
[5489].out[0] (.names)                                           0.261     9.191
[5480].D[0] (.latch)                                             0.000     9.191
data arrival time                                                          9.191

clock pclk (rise edge)                                           0.000     0.000
clock source latency                                             0.000     0.000
pclk.inpad[0] (.input)                                           0.000     0.000
[5480].clk[0] (.latch)                                           0.042     0.042
clock uncertainty                                                0.000     0.042
cell setup time                                                 -0.066    -0.024
data required time                                                        -0.024
--------------------------------------------------------------------------------
data required time                                                        -0.024
data arrival time                                                         -9.191
--------------------------------------------------------------------------------
slack (VIOLATED)                                                          -9.214


#Path 3
Startpoint: [17752].Q[0] (.latch clocked by pclk)
Endpoint  : [11375].D[0] (.latch clocked by pclk)
Path Type : setup

Point                                                             Incr      Path
--------------------------------------------------------------------------------
clock pclk (rise edge)                                           0.000     0.000
clock source latency                                             0.000     0.000
pclk.inpad[0] (.input)                                           0.000     0.000
[17752].clk[0] (.latch)                                          0.042     0.042
[17752].Q[0] (.latch) [clock-to-output]                          0.124     0.166
[5553].in[4] (.names)                                            0.783     0.950
[5553].out[0] (.names)                                           0.261     1.211
[17552].in[3] (.names)                                           0.482     1.693
[17552].out[0] (.names)                                          0.261     1.954
[17560].in[2] (.names)                                           0.100     2.054
[17560].out[0] (.names)                                          0.261     2.315
nrq8_2.in[1] (.names)                                            0.481     2.796
nrq8_2.out[0] (.names)                                           0.261     3.057
[4265].in[2] (.names)                                            0.623     3.681
[4265].out[0] (.names)                                           0.261     3.942
[5291].in[0] (.names)                                            0.475     4.416
[5291].out[0] (.names)                                           0.261     4.677
[17748].in[2] (.names)                                           0.623     5.301
[17748].out[0] (.names)                                          0.261     5.562
[17751].in[3] (.names)                                           0.340     5.902
[17751].out[0] (.names)                                          0.261     6.163
[17755].in[3] (.names)                                           0.335     6.498
[17755].out[0] (.names)                                          0.261     6.759
[19741].in[5] (.names)                                           0.100     6.859
[19741].out[0] (.names)                                          0.261     7.120
[19490].in[2] (.names)                                           0.332     7.452
[19490].out[0] (.names)                                          0.261     7.713
[19367].in[3] (.names)                                           0.623     8.336
[19367].out[0] (.names)                                          0.261     8.597
[11384].in[2] (.names)                                           0.332     8.930
[11384].out[0] (.names)                                          0.261     9.191
[11375].D[0] (.latch)                                            0.000     9.191
data arrival time                                                          9.191

clock pclk (rise edge)                                           0.000     0.000
clock source latency                                             0.000     0.000
pclk.inpad[0] (.input)                                           0.000     0.000
[11375].clk[0] (.latch)                                          0.042     0.042
clock uncertainty                                                0.000     0.042
cell setup time                                                 -0.066    -0.024
data required time                                                        -0.024
--------------------------------------------------------------------------------
data required time                                                        -0.024
data arrival time                                                         -9.191
--------------------------------------------------------------------------------
slack (VIOLATED)                                                          -9.214


#Path 4
Startpoint: [17752].Q[0] (.latch clocked by pclk)
Endpoint  : [13070].D[0] (.latch clocked by pclk)
Path Type : setup

Point                                                             Incr      Path
--------------------------------------------------------------------------------
clock pclk (rise edge)                                           0.000     0.000
clock source latency                                             0.000     0.000
pclk.inpad[0] (.input)                                           0.000     0.000
[17752].clk[0] (.latch)                                          0.042     0.042
[17752].Q[0] (.latch) [clock-to-output]                          0.124     0.166
[5553].in[4] (.names)                                            0.783     0.950
[5553].out[0] (.names)                                           0.261     1.211
[17552].in[3] (.names)                                           0.482     1.693
[17552].out[0] (.names)                                          0.261     1.954
[17560].in[2] (.names)                                           0.100     2.054
[17560].out[0] (.names)                                          0.261     2.315
nrq8_2.in[1] (.names)                                            0.481     2.796
nrq8_2.out[0] (.names)                                           0.261     3.057
[4265].in[2] (.names)                                            0.623     3.681
[4265].out[0] (.names)                                           0.261     3.942
[5291].in[0] (.names)                                            0.475     4.416
[5291].out[0] (.names)                                           0.261     4.677
[17748].in[2] (.names)                                           0.623     5.301
[17748].out[0] (.names)                                          0.261     5.562
[17751].in[3] (.names)                                           0.340     5.902
[17751].out[0] (.names)                                          0.261     6.163
[17755].in[3] (.names)                                           0.335     6.498
[17755].out[0] (.names)                                          0.261     6.759
[19741].in[5] (.names)                                           0.100     6.859
[19741].out[0] (.names)                                          0.261     7.120
[19490].in[2] (.names)                                           0.332     7.452
[19490].out[0] (.names)                                          0.261     7.713
[19367].in[3] (.names)                                           0.623     8.336
[19367].out[0] (.names)                                          0.261     8.597
[13079].in[2] (.names)                                           0.332     8.930
[13079].out[0] (.names)                                          0.261     9.191
[13070].D[0] (.latch)                                            0.000     9.191
data arrival time                                                          9.191

clock pclk (rise edge)                                           0.000     0.000
clock source latency                                             0.000     0.000
pclk.inpad[0] (.input)                                           0.000     0.000
[13070].clk[0] (.latch)                                          0.042     0.042
clock uncertainty                                                0.000     0.042
cell setup time                                                 -0.066    -0.024
data required time                                                        -0.024
--------------------------------------------------------------------------------
data required time                                                        -0.024
data arrival time                                                         -9.191
--------------------------------------------------------------------------------
slack (VIOLATED)                                                          -9.214


#Path 5
Startpoint: [17752].Q[0] (.latch clocked by pclk)
Endpoint  : [13370].D[0] (.latch clocked by pclk)
Path Type : setup

Point                                                             Incr      Path
--------------------------------------------------------------------------------
clock pclk (rise edge)                                           0.000     0.000
clock source latency                                             0.000     0.000
pclk.inpad[0] (.input)                                           0.000     0.000
[17752].clk[0] (.latch)                                          0.042     0.042
[17752].Q[0] (.latch) [clock-to-output]                          0.124     0.166
[5553].in[4] (.names)                                            0.783     0.950
[5553].out[0] (.names)                                           0.261     1.211
[17552].in[3] (.names)                                           0.482     1.693
[17552].out[0] (.names)                                          0.261     1.954
[17560].in[2] (.names)                                           0.100     2.054
[17560].out[0] (.names)                                          0.261     2.315
nrq8_2.in[1] (.names)                                            0.481     2.796
nrq8_2.out[0] (.names)                                           0.261     3.057
[4265].in[2] (.names)                                            0.623     3.681
[4265].out[0] (.names)                                           0.261     3.942
[5291].in[0] (.names)                                            0.475     4.416
[5291].out[0] (.names)                                           0.261     4.677
[17748].in[2] (.names)                                           0.623     5.301
[17748].out[0] (.names)                                          0.261     5.562
[17751].in[3] (.names)                                           0.340     5.902
[17751].out[0] (.names)                                          0.261     6.163
[17755].in[3] (.names)                                           0.335     6.498
[17755].out[0] (.names)                                          0.261     6.759
[19741].in[5] (.names)                                           0.100     6.859
[19741].out[0] (.names)                                          0.261     7.120
[19490].in[2] (.names)                                           0.332     7.452
[19490].out[0] (.names)                                          0.261     7.713
[19367].in[3] (.names)                                           0.623     8.336
[19367].out[0] (.names)                                          0.261     8.597
[13379].in[2] (.names)                                           0.332     8.930
[13379].out[0] (.names)                                          0.261     9.191
[13370].D[0] (.latch)                                            0.000     9.191
data arrival time                                                          9.191

clock pclk (rise edge)                                           0.000     0.000
clock source latency                                             0.000     0.000
pclk.inpad[0] (.input)                                           0.000     0.000
[13370].clk[0] (.latch)                                          0.042     0.042
clock uncertainty                                                0.000     0.042
cell setup time                                                 -0.066    -0.024
data required time                                                        -0.024
--------------------------------------------------------------------------------
data required time                                                        -0.024
data arrival time                                                         -9.191
--------------------------------------------------------------------------------
slack (VIOLATED)                                                          -9.214


#Path 6
Startpoint: [17752].Q[0] (.latch clocked by pclk)
Endpoint  : [16070].D[0] (.latch clocked by pclk)
Path Type : setup

Point                                                             Incr      Path
--------------------------------------------------------------------------------
clock pclk (rise edge)                                           0.000     0.000
clock source latency                                             0.000     0.000
pclk.inpad[0] (.input)                                           0.000     0.000
[17752].clk[0] (.latch)                                          0.042     0.042
[17752].Q[0] (.latch) [clock-to-output]                          0.124     0.166
[5553].in[4] (.names)                                            0.783     0.950
[5553].out[0] (.names)                                           0.261     1.211
[17552].in[3] (.names)                                           0.482     1.693
[17552].out[0] (.names)                                          0.261     1.954
[17560].in[2] (.names)                                           0.100     2.054
[17560].out[0] (.names)                                          0.261     2.315
nrq8_2.in[1] (.names)                                            0.481     2.796
nrq8_2.out[0] (.names)                                           0.261     3.057
[4265].in[2] (.names)                                            0.623     3.681
[4265].out[0] (.names)                                           0.261     3.942
[5291].in[0] (.names)                                            0.475     4.416
[5291].out[0] (.names)                                           0.261     4.677
[17748].in[2] (.names)                                           0.623     5.301
[17748].out[0] (.names)                                          0.261     5.562
[17751].in[3] (.names)                                           0.340     5.902
[17751].out[0] (.names)                                          0.261     6.163
[17755].in[3] (.names)                                           0.335     6.498
[17755].out[0] (.names)                                          0.261     6.759
[19741].in[5] (.names)                                           0.100     6.859
[19741].out[0] (.names)                                          0.261     7.120
[19490].in[2] (.names)                                           0.332     7.452
[19490].out[0] (.names)                                          0.261     7.713
[19367].in[3] (.names)                                           0.623     8.336
[19367].out[0] (.names)                                          0.261     8.597
[16079].in[2] (.names)                                           0.332     8.930
[16079].out[0] (.names)                                          0.261     9.191
[16070].D[0] (.latch)                                            0.000     9.191
data arrival time                                                          9.191

clock pclk (rise edge)                                           0.000     0.000
clock source latency                                             0.000     0.000
pclk.inpad[0] (.input)                                           0.000     0.000
[16070].clk[0] (.latch)                                          0.042     0.042
clock uncertainty                                                0.000     0.042
cell setup time                                                 -0.066    -0.024
data required time                                                        -0.024
--------------------------------------------------------------------------------
data required time                                                        -0.024
data arrival time                                                         -9.191
--------------------------------------------------------------------------------
slack (VIOLATED)                                                          -9.214


#Path 7
Startpoint: [17752].Q[0] (.latch clocked by pclk)
Endpoint  : [10055].D[0] (.latch clocked by pclk)
Path Type : setup

Point                                                             Incr      Path
--------------------------------------------------------------------------------
clock pclk (rise edge)                                           0.000     0.000
clock source latency                                             0.000     0.000
pclk.inpad[0] (.input)                                           0.000     0.000
[17752].clk[0] (.latch)                                          0.042     0.042
[17752].Q[0] (.latch) [clock-to-output]                          0.124     0.166
[5553].in[4] (.names)                                            0.783     0.950
[5553].out[0] (.names)                                           0.261     1.211
[17552].in[3] (.names)                                           0.482     1.693
[17552].out[0] (.names)                                          0.261     1.954
[17560].in[2] (.names)                                           0.100     2.054
[17560].out[0] (.names)                                          0.261     2.315
nrq8_2.in[1] (.names)                                            0.481     2.796
nrq8_2.out[0] (.names)                                           0.261     3.057
[4265].in[2] (.names)                                            0.623     3.681
[4265].out[0] (.names)                                           0.261     3.942
[5291].in[0] (.names)                                            0.475     4.416
[5291].out[0] (.names)                                           0.261     4.677
[17748].in[2] (.names)                                           0.623     5.301
[17748].out[0] (.names)                                          0.261     5.562
[17751].in[3] (.names)                                           0.340     5.902
[17751].out[0] (.names)                                          0.261     6.163
[17755].in[3] (.names)                                           0.335     6.498
[17755].out[0] (.names)                                          0.261     6.759
[19741].in[5] (.names)                                           0.100     6.859
[19741].out[0] (.names)                                          0.261     7.120
[19490].in[2] (.names)                                           0.332     7.452
[19490].out[0] (.names)                                          0.261     7.713
[19367].in[3] (.names)                                           0.623     8.336
[19367].out[0] (.names)                                          0.261     8.597
[10064].in[4] (.names)                                           0.332     8.930
[10064].out[0] (.names)                                          0.261     9.191
[10055].D[0] (.latch)                                            0.000     9.191
data arrival time                                                          9.191

clock pclk (rise edge)                                           0.000     0.000
clock source latency                                             0.000     0.000
pclk.inpad[0] (.input)                                           0.000     0.000
[10055].clk[0] (.latch)                                          0.042     0.042
clock uncertainty                                                0.000     0.042
cell setup time                                                 -0.066    -0.024
data required time                                                        -0.024
--------------------------------------------------------------------------------
data required time                                                        -0.024
data arrival time                                                         -9.191
--------------------------------------------------------------------------------
slack (VIOLATED)                                                          -9.214


#Path 8
Startpoint: [17752].Q[0] (.latch clocked by pclk)
Endpoint  : [8735].D[0] (.latch clocked by pclk)
Path Type : setup

Point                                                             Incr      Path
--------------------------------------------------------------------------------
clock pclk (rise edge)                                           0.000     0.000
clock source latency                                             0.000     0.000
pclk.inpad[0] (.input)                                           0.000     0.000
[17752].clk[0] (.latch)                                          0.042     0.042
[17752].Q[0] (.latch) [clock-to-output]                          0.124     0.166
[5553].in[4] (.names)                                            0.783     0.950
[5553].out[0] (.names)                                           0.261     1.211
[17552].in[3] (.names)                                           0.482     1.693
[17552].out[0] (.names)                                          0.261     1.954
[17560].in[2] (.names)                                           0.100     2.054
[17560].out[0] (.names)                                          0.261     2.315
nrq8_2.in[1] (.names)                                            0.481     2.796
nrq8_2.out[0] (.names)                                           0.261     3.057
[4265].in[2] (.names)                                            0.623     3.681
[4265].out[0] (.names)                                           0.261     3.942
[5291].in[0] (.names)                                            0.475     4.416
[5291].out[0] (.names)                                           0.261     4.677
[17748].in[2] (.names)                                           0.623     5.301
[17748].out[0] (.names)                                          0.261     5.562
[17751].in[3] (.names)                                           0.340     5.902
[17751].out[0] (.names)                                          0.261     6.163
[17755].in[3] (.names)                                           0.335     6.498
[17755].out[0] (.names)                                          0.261     6.759
[19741].in[5] (.names)                                           0.100     6.859
[19741].out[0] (.names)                                          0.261     7.120
[19490].in[2] (.names)                                           0.332     7.452
[19490].out[0] (.names)                                          0.261     7.713
[19367].in[3] (.names)                                           0.623     8.336
[19367].out[0] (.names)                                          0.261     8.597
[8744].in[2] (.names)                                            0.332     8.930
[8744].out[0] (.names)                                           0.261     9.191
[8735].D[0] (.latch)                                             0.000     9.191
data arrival time                                                          9.191

clock pclk (rise edge)                                           0.000     0.000
clock source latency                                             0.000     0.000
pclk.inpad[0] (.input)                                           0.000     0.000
[8735].clk[0] (.latch)                                           0.042     0.042
clock uncertainty                                                0.000     0.042
cell setup time                                                 -0.066    -0.024
data required time                                                        -0.024
--------------------------------------------------------------------------------
data required time                                                        -0.024
data arrival time                                                         -9.191
--------------------------------------------------------------------------------
slack (VIOLATED)                                                          -9.214


#Path 9
Startpoint: [17752].Q[0] (.latch clocked by pclk)
Endpoint  : [7400].D[0] (.latch clocked by pclk)
Path Type : setup

Point                                                             Incr      Path
--------------------------------------------------------------------------------
clock pclk (rise edge)                                           0.000     0.000
clock source latency                                             0.000     0.000
pclk.inpad[0] (.input)                                           0.000     0.000
[17752].clk[0] (.latch)                                          0.042     0.042
[17752].Q[0] (.latch) [clock-to-output]                          0.124     0.166
[5553].in[4] (.names)                                            0.783     0.950
[5553].out[0] (.names)                                           0.261     1.211
[17552].in[3] (.names)                                           0.482     1.693
[17552].out[0] (.names)                                          0.261     1.954
[17560].in[2] (.names)                                           0.100     2.054
[17560].out[0] (.names)                                          0.261     2.315
nrq8_2.in[1] (.names)                                            0.481     2.796
nrq8_2.out[0] (.names)                                           0.261     3.057
[4265].in[2] (.names)                                            0.623     3.681
[4265].out[0] (.names)                                           0.261     3.942
[5291].in[0] (.names)                                            0.475     4.416
[5291].out[0] (.names)                                           0.261     4.677
[17748].in[2] (.names)                                           0.623     5.301
[17748].out[0] (.names)                                          0.261     5.562
[17751].in[3] (.names)                                           0.340     5.902
[17751].out[0] (.names)                                          0.261     6.163
[17755].in[3] (.names)                                           0.335     6.498
[17755].out[0] (.names)                                          0.261     6.759
[19741].in[5] (.names)                                           0.100     6.859
[19741].out[0] (.names)                                          0.261     7.120
[19490].in[2] (.names)                                           0.332     7.452
[19490].out[0] (.names)                                          0.261     7.713
[19367].in[3] (.names)                                           0.623     8.336
[19367].out[0] (.names)                                          0.261     8.597
[7409].in[4] (.names)                                            0.332     8.930
[7409].out[0] (.names)                                           0.261     9.191
[7400].D[0] (.latch)                                             0.000     9.191
data arrival time                                                          9.191

clock pclk (rise edge)                                           0.000     0.000
clock source latency                                             0.000     0.000
pclk.inpad[0] (.input)                                           0.000     0.000
[7400].clk[0] (.latch)                                           0.042     0.042
clock uncertainty                                                0.000     0.042
cell setup time                                                 -0.066    -0.024
data required time                                                        -0.024
--------------------------------------------------------------------------------
data required time                                                        -0.024
data arrival time                                                         -9.191
--------------------------------------------------------------------------------
slack (VIOLATED)                                                          -9.214


#Path 10
Startpoint: [17752].Q[0] (.latch clocked by pclk)
Endpoint  : [5435].D[0] (.latch clocked by pclk)
Path Type : setup

Point                                                             Incr      Path
--------------------------------------------------------------------------------
clock pclk (rise edge)                                           0.000     0.000
clock source latency                                             0.000     0.000
pclk.inpad[0] (.input)                                           0.000     0.000
[17752].clk[0] (.latch)                                          0.042     0.042
[17752].Q[0] (.latch) [clock-to-output]                          0.124     0.166
[5553].in[4] (.names)                                            0.783     0.950
[5553].out[0] (.names)                                           0.261     1.211
[17552].in[3] (.names)                                           0.482     1.693
[17552].out[0] (.names)                                          0.261     1.954
[17560].in[2] (.names)                                           0.100     2.054
[17560].out[0] (.names)                                          0.261     2.315
nrq8_2.in[1] (.names)                                            0.481     2.796
nrq8_2.out[0] (.names)                                           0.261     3.057
[4265].in[2] (.names)                                            0.623     3.681
[4265].out[0] (.names)                                           0.261     3.942
[5291].in[0] (.names)                                            0.475     4.416
[5291].out[0] (.names)                                           0.261     4.677
[17748].in[2] (.names)                                           0.623     5.301
[17748].out[0] (.names)                                          0.261     5.562
[17751].in[3] (.names)                                           0.340     5.902
[17751].out[0] (.names)                                          0.261     6.163
[17755].in[3] (.names)                                           0.335     6.498
[17755].out[0] (.names)                                          0.261     6.759
[19741].in[5] (.names)                                           0.100     6.859
[19741].out[0] (.names)                                          0.261     7.120
[19490].in[2] (.names)                                           0.332     7.452
[19490].out[0] (.names)                                          0.261     7.713
[19367].in[3] (.names)                                           0.623     8.336
[19367].out[0] (.names)                                          0.261     8.597
[5444].in[3] (.names)                                            0.332     8.930
[5444].out[0] (.names)                                           0.261     9.191
[5435].D[0] (.latch)                                             0.000     9.191
data arrival time                                                          9.191

clock pclk (rise edge)                                           0.000     0.000
clock source latency                                             0.000     0.000
pclk.inpad[0] (.input)                                           0.000     0.000
[5435].clk[0] (.latch)                                           0.042     0.042
clock uncertainty                                                0.000     0.042
cell setup time                                                 -0.066    -0.024
data required time                                                        -0.024
--------------------------------------------------------------------------------
data required time                                                        -0.024
data arrival time                                                         -9.191
--------------------------------------------------------------------------------
slack (VIOLATED)                                                          -9.214


#Path 11
Startpoint: [17752].Q[0] (.latch clocked by pclk)
Endpoint  : [6080].D[0] (.latch clocked by pclk)
Path Type : setup

Point                                                             Incr      Path
--------------------------------------------------------------------------------
clock pclk (rise edge)                                           0.000     0.000
clock source latency                                             0.000     0.000
pclk.inpad[0] (.input)                                           0.000     0.000
[17752].clk[0] (.latch)                                          0.042     0.042
[17752].Q[0] (.latch) [clock-to-output]                          0.124     0.166
[5553].in[4] (.names)                                            0.783     0.950
[5553].out[0] (.names)                                           0.261     1.211
[17552].in[3] (.names)                                           0.482     1.693
[17552].out[0] (.names)                                          0.261     1.954
[17560].in[2] (.names)                                           0.100     2.054
[17560].out[0] (.names)                                          0.261     2.315
nrq8_2.in[1] (.names)                                            0.481     2.796
nrq8_2.out[0] (.names)                                           0.261     3.057
[4265].in[2] (.names)                                            0.623     3.681
[4265].out[0] (.names)                                           0.261     3.942
[5291].in[0] (.names)                                            0.475     4.416
[5291].out[0] (.names)                                           0.261     4.677
[17748].in[2] (.names)                                           0.623     5.301
[17748].out[0] (.names)                                          0.261     5.562
[17751].in[3] (.names)                                           0.340     5.902
[17751].out[0] (.names)                                          0.261     6.163
[17755].in[3] (.names)                                           0.335     6.498
[17755].out[0] (.names)                                          0.261     6.759
[19741].in[5] (.names)                                           0.100     6.859
[19741].out[0] (.names)                                          0.261     7.120
[19490].in[2] (.names)                                           0.332     7.452
[19490].out[0] (.names)                                          0.261     7.713
[19367].in[3] (.names)                                           0.623     8.336
[19367].out[0] (.names)                                          0.261     8.597
[6089].in[3] (.names)                                            0.332     8.930
[6089].out[0] (.names)                                           0.261     9.191
[6080].D[0] (.latch)                                             0.000     9.191
data arrival time                                                          9.191

clock pclk (rise edge)                                           0.000     0.000
clock source latency                                             0.000     0.000
pclk.inpad[0] (.input)                                           0.000     0.000
[6080].clk[0] (.latch)                                           0.042     0.042
clock uncertainty                                                0.000     0.042
cell setup time                                                 -0.066    -0.024
data required time                                                        -0.024
--------------------------------------------------------------------------------
data required time                                                        -0.024
data arrival time                                                         -9.191
--------------------------------------------------------------------------------
slack (VIOLATED)                                                          -9.214


#Path 12
Startpoint: [17752].Q[0] (.latch clocked by pclk)
Endpoint  : [6215].D[0] (.latch clocked by pclk)
Path Type : setup

Point                                                             Incr      Path
--------------------------------------------------------------------------------
clock pclk (rise edge)                                           0.000     0.000
clock source latency                                             0.000     0.000
pclk.inpad[0] (.input)                                           0.000     0.000
[17752].clk[0] (.latch)                                          0.042     0.042
[17752].Q[0] (.latch) [clock-to-output]                          0.124     0.166
[5553].in[4] (.names)                                            0.783     0.950
[5553].out[0] (.names)                                           0.261     1.211
[17552].in[3] (.names)                                           0.482     1.693
[17552].out[0] (.names)                                          0.261     1.954
[17560].in[2] (.names)                                           0.100     2.054
[17560].out[0] (.names)                                          0.261     2.315
nrq8_2.in[1] (.names)                                            0.481     2.796
nrq8_2.out[0] (.names)                                           0.261     3.057
[4265].in[2] (.names)                                            0.623     3.681
[4265].out[0] (.names)                                           0.261     3.942
[5291].in[0] (.names)                                            0.475     4.416
[5291].out[0] (.names)                                           0.261     4.677
[17748].in[2] (.names)                                           0.623     5.301
[17748].out[0] (.names)                                          0.261     5.562
[17751].in[3] (.names)                                           0.340     5.902
[17751].out[0] (.names)                                          0.261     6.163
[17755].in[3] (.names)                                           0.335     6.498
[17755].out[0] (.names)                                          0.261     6.759
[19741].in[5] (.names)                                           0.100     6.859
[19741].out[0] (.names)                                          0.261     7.120
[19490].in[2] (.names)                                           0.332     7.452
[19490].out[0] (.names)                                          0.261     7.713
[19367].in[3] (.names)                                           0.623     8.336
[19367].out[0] (.names)                                          0.261     8.597
[6224].in[3] (.names)                                            0.332     8.930
[6224].out[0] (.names)                                           0.261     9.191
[6215].D[0] (.latch)                                             0.000     9.191
data arrival time                                                          9.191

clock pclk (rise edge)                                           0.000     0.000
clock source latency                                             0.000     0.000
pclk.inpad[0] (.input)                                           0.000     0.000
[6215].clk[0] (.latch)                                           0.042     0.042
clock uncertainty                                                0.000     0.042
cell setup time                                                 -0.066    -0.024
data required time                                                        -0.024
--------------------------------------------------------------------------------
data required time                                                        -0.024
data arrival time                                                         -9.191
--------------------------------------------------------------------------------
slack (VIOLATED)                                                          -9.214


#Path 13
Startpoint: [17752].Q[0] (.latch clocked by pclk)
Endpoint  : [6725].D[0] (.latch clocked by pclk)
Path Type : setup

Point                                                             Incr      Path
--------------------------------------------------------------------------------
clock pclk (rise edge)                                           0.000     0.000
clock source latency                                             0.000     0.000
pclk.inpad[0] (.input)                                           0.000     0.000
[17752].clk[0] (.latch)                                          0.042     0.042
[17752].Q[0] (.latch) [clock-to-output]                          0.124     0.166
[5553].in[4] (.names)                                            0.783     0.950
[5553].out[0] (.names)                                           0.261     1.211
[17552].in[3] (.names)                                           0.482     1.693
[17552].out[0] (.names)                                          0.261     1.954
[17560].in[2] (.names)                                           0.100     2.054
[17560].out[0] (.names)                                          0.261     2.315
nrq8_2.in[1] (.names)                                            0.481     2.796
nrq8_2.out[0] (.names)                                           0.261     3.057
[4265].in[2] (.names)                                            0.623     3.681
[4265].out[0] (.names)                                           0.261     3.942
[5291].in[0] (.names)                                            0.475     4.416
[5291].out[0] (.names)                                           0.261     4.677
[17748].in[2] (.names)                                           0.623     5.301
[17748].out[0] (.names)                                          0.261     5.562
[17751].in[3] (.names)                                           0.340     5.902
[17751].out[0] (.names)                                          0.261     6.163
[17755].in[3] (.names)                                           0.335     6.498
[17755].out[0] (.names)                                          0.261     6.759
[19741].in[5] (.names)                                           0.100     6.859
[19741].out[0] (.names)                                          0.261     7.120
[19490].in[2] (.names)                                           0.332     7.452
[19490].out[0] (.names)                                          0.261     7.713
[19367].in[3] (.names)                                           0.623     8.336
[19367].out[0] (.names)                                          0.261     8.597
[6734].in[4] (.names)                                            0.332     8.930
[6734].out[0] (.names)                                           0.261     9.191
[6725].D[0] (.latch)                                             0.000     9.191
data arrival time                                                          9.191

clock pclk (rise edge)                                           0.000     0.000
clock source latency                                             0.000     0.000
pclk.inpad[0] (.input)                                           0.000     0.000
[6725].clk[0] (.latch)                                           0.042     0.042
clock uncertainty                                                0.000     0.042
cell setup time                                                 -0.066    -0.024
data required time                                                        -0.024
--------------------------------------------------------------------------------
data required time                                                        -0.024
data arrival time                                                         -9.191
--------------------------------------------------------------------------------
slack (VIOLATED)                                                          -9.214


#Path 14
Startpoint: [17752].Q[0] (.latch clocked by pclk)
Endpoint  : [15725].D[0] (.latch clocked by pclk)
Path Type : setup

Point                                                             Incr      Path
--------------------------------------------------------------------------------
clock pclk (rise edge)                                           0.000     0.000
clock source latency                                             0.000     0.000
pclk.inpad[0] (.input)                                           0.000     0.000
[17752].clk[0] (.latch)                                          0.042     0.042
[17752].Q[0] (.latch) [clock-to-output]                          0.124     0.166
[5553].in[4] (.names)                                            0.783     0.950
[5553].out[0] (.names)                                           0.261     1.211
[17552].in[3] (.names)                                           0.482     1.693
[17552].out[0] (.names)                                          0.261     1.954
[17560].in[2] (.names)                                           0.100     2.054
[17560].out[0] (.names)                                          0.261     2.315
nrq8_2.in[1] (.names)                                            0.481     2.796
nrq8_2.out[0] (.names)                                           0.261     3.057
[4265].in[2] (.names)                                            0.623     3.681
[4265].out[0] (.names)                                           0.261     3.942
[5291].in[0] (.names)                                            0.475     4.416
[5291].out[0] (.names)                                           0.261     4.677
[17748].in[2] (.names)                                           0.623     5.301
[17748].out[0] (.names)                                          0.261     5.562
[17751].in[3] (.names)                                           0.340     5.902
[17751].out[0] (.names)                                          0.261     6.163
[5274].in[5] (.names)                                            0.335     6.498
[5274].out[0] (.names)                                           0.261     6.759
[18913].in[4] (.names)                                           1.149     7.908
[18913].out[0] (.names)                                          0.261     8.169
[4301].in[5] (.names)                                            0.100     8.269
[4301].out[0] (.names)                                           0.261     8.530
[15734].in[4] (.names)                                           0.338     8.868
[15734].out[0] (.names)                                          0.261     9.129
[15725].D[0] (.latch)                                            0.000     9.129
data arrival time                                                          9.129

clock pclk (rise edge)                                           0.000     0.000
clock source latency                                             0.000     0.000
pclk.inpad[0] (.input)                                           0.000     0.000
[15725].clk[0] (.latch)                                          0.042     0.042
clock uncertainty                                                0.000     0.042
cell setup time                                                 -0.066    -0.024
data required time                                                        -0.024
--------------------------------------------------------------------------------
data required time                                                        -0.024
data arrival time                                                         -9.129
--------------------------------------------------------------------------------
slack (VIOLATED)                                                          -9.153


#Path 15
Startpoint: [17752].Q[0] (.latch clocked by pclk)
Endpoint  : [15320].D[0] (.latch clocked by pclk)
Path Type : setup

Point                                                             Incr      Path
--------------------------------------------------------------------------------
clock pclk (rise edge)                                           0.000     0.000
clock source latency                                             0.000     0.000
pclk.inpad[0] (.input)                                           0.000     0.000
[17752].clk[0] (.latch)                                          0.042     0.042
[17752].Q[0] (.latch) [clock-to-output]                          0.124     0.166
[5553].in[4] (.names)                                            0.783     0.950
[5553].out[0] (.names)                                           0.261     1.211
[17552].in[3] (.names)                                           0.482     1.693
[17552].out[0] (.names)                                          0.261     1.954
[17560].in[2] (.names)                                           0.100     2.054
[17560].out[0] (.names)                                          0.261     2.315
nrq8_2.in[1] (.names)                                            0.481     2.796
nrq8_2.out[0] (.names)                                           0.261     3.057
[4265].in[2] (.names)                                            0.623     3.681
[4265].out[0] (.names)                                           0.261     3.942
[5291].in[0] (.names)                                            0.475     4.416
[5291].out[0] (.names)                                           0.261     4.677
[17748].in[2] (.names)                                           0.623     5.301
[17748].out[0] (.names)                                          0.261     5.562
[17751].in[3] (.names)                                           0.340     5.902
[17751].out[0] (.names)                                          0.261     6.163
[5274].in[5] (.names)                                            0.335     6.498
[5274].out[0] (.names)                                           0.261     6.759
[18913].in[4] (.names)                                           1.149     7.908
[18913].out[0] (.names)                                          0.261     8.169
[4301].in[5] (.names)                                            0.100     8.269
[4301].out[0] (.names)                                           0.261     8.530
[15329].in[4] (.names)                                           0.338     8.868
[15329].out[0] (.names)                                          0.261     9.129
[15320].D[0] (.latch)                                            0.000     9.129
data arrival time                                                          9.129

clock pclk (rise edge)                                           0.000     0.000
clock source latency                                             0.000     0.000
pclk.inpad[0] (.input)                                           0.000     0.000
[15320].clk[0] (.latch)                                          0.042     0.042
clock uncertainty                                                0.000     0.042
cell setup time                                                 -0.066    -0.024
data required time                                                        -0.024
--------------------------------------------------------------------------------
data required time                                                        -0.024
data arrival time                                                         -9.129
--------------------------------------------------------------------------------
slack (VIOLATED)                                                          -9.153


#Path 16
Startpoint: [17752].Q[0] (.latch clocked by pclk)
Endpoint  : [13730].D[0] (.latch clocked by pclk)
Path Type : setup

Point                                                             Incr      Path
--------------------------------------------------------------------------------
clock pclk (rise edge)                                           0.000     0.000
clock source latency                                             0.000     0.000
pclk.inpad[0] (.input)                                           0.000     0.000
[17752].clk[0] (.latch)                                          0.042     0.042
[17752].Q[0] (.latch) [clock-to-output]                          0.124     0.166
[5553].in[4] (.names)                                            0.783     0.950
[5553].out[0] (.names)                                           0.261     1.211
[17552].in[3] (.names)                                           0.482     1.693
[17552].out[0] (.names)                                          0.261     1.954
[17560].in[2] (.names)                                           0.100     2.054
[17560].out[0] (.names)                                          0.261     2.315
nrq8_2.in[1] (.names)                                            0.481     2.796
nrq8_2.out[0] (.names)                                           0.261     3.057
[4265].in[2] (.names)                                            0.623     3.681
[4265].out[0] (.names)                                           0.261     3.942
[5291].in[0] (.names)                                            0.475     4.416
[5291].out[0] (.names)                                           0.261     4.677
[17748].in[2] (.names)                                           0.623     5.301
[17748].out[0] (.names)                                          0.261     5.562
[17751].in[3] (.names)                                           0.340     5.902
[17751].out[0] (.names)                                          0.261     6.163
[5274].in[5] (.names)                                            0.335     6.498
[5274].out[0] (.names)                                           0.261     6.759
[18913].in[4] (.names)                                           1.149     7.908
[18913].out[0] (.names)                                          0.261     8.169
[4301].in[5] (.names)                                            0.100     8.269
[4301].out[0] (.names)                                           0.261     8.530
[13739].in[4] (.names)                                           0.338     8.868
[13739].out[0] (.names)                                          0.261     9.129
[13730].D[0] (.latch)                                            0.000     9.129
data arrival time                                                          9.129

clock pclk (rise edge)                                           0.000     0.000
clock source latency                                             0.000     0.000
pclk.inpad[0] (.input)                                           0.000     0.000
[13730].clk[0] (.latch)                                          0.042     0.042
clock uncertainty                                                0.000     0.042
cell setup time                                                 -0.066    -0.024
data required time                                                        -0.024
--------------------------------------------------------------------------------
data required time                                                        -0.024
data arrival time                                                         -9.129
--------------------------------------------------------------------------------
slack (VIOLATED)                                                          -9.153


#Path 17
Startpoint: [17752].Q[0] (.latch clocked by pclk)
Endpoint  : [12365].D[0] (.latch clocked by pclk)
Path Type : setup

Point                                                             Incr      Path
--------------------------------------------------------------------------------
clock pclk (rise edge)                                           0.000     0.000
clock source latency                                             0.000     0.000
pclk.inpad[0] (.input)                                           0.000     0.000
[17752].clk[0] (.latch)                                          0.042     0.042
[17752].Q[0] (.latch) [clock-to-output]                          0.124     0.166
[5553].in[4] (.names)                                            0.783     0.950
[5553].out[0] (.names)                                           0.261     1.211
[17552].in[3] (.names)                                           0.482     1.693
[17552].out[0] (.names)                                          0.261     1.954
[17560].in[2] (.names)                                           0.100     2.054
[17560].out[0] (.names)                                          0.261     2.315
nrq8_2.in[1] (.names)                                            0.481     2.796
nrq8_2.out[0] (.names)                                           0.261     3.057
[4265].in[2] (.names)                                            0.623     3.681
[4265].out[0] (.names)                                           0.261     3.942
[5291].in[0] (.names)                                            0.475     4.416
[5291].out[0] (.names)                                           0.261     4.677
[17748].in[2] (.names)                                           0.623     5.301
[17748].out[0] (.names)                                          0.261     5.562
[17751].in[3] (.names)                                           0.340     5.902
[17751].out[0] (.names)                                          0.261     6.163
[5274].in[5] (.names)                                            0.335     6.498
[5274].out[0] (.names)                                           0.261     6.759
[18913].in[4] (.names)                                           1.149     7.908
[18913].out[0] (.names)                                          0.261     8.169
[4301].in[5] (.names)                                            0.100     8.269
[4301].out[0] (.names)                                           0.261     8.530
[12374].in[4] (.names)                                           0.338     8.868
[12374].out[0] (.names)                                          0.261     9.129
[12365].D[0] (.latch)                                            0.000     9.129
data arrival time                                                          9.129

clock pclk (rise edge)                                           0.000     0.000
clock source latency                                             0.000     0.000
pclk.inpad[0] (.input)                                           0.000     0.000
[12365].clk[0] (.latch)                                          0.042     0.042
clock uncertainty                                                0.000     0.042
cell setup time                                                 -0.066    -0.024
data required time                                                        -0.024
--------------------------------------------------------------------------------
data required time                                                        -0.024
data arrival time                                                         -9.129
--------------------------------------------------------------------------------
slack (VIOLATED)                                                          -9.153


#Path 18
Startpoint: [17752].Q[0] (.latch clocked by pclk)
Endpoint  : [11180].D[0] (.latch clocked by pclk)
Path Type : setup

Point                                                             Incr      Path
--------------------------------------------------------------------------------
clock pclk (rise edge)                                           0.000     0.000
clock source latency                                             0.000     0.000
pclk.inpad[0] (.input)                                           0.000     0.000
[17752].clk[0] (.latch)                                          0.042     0.042
[17752].Q[0] (.latch) [clock-to-output]                          0.124     0.166
[5553].in[4] (.names)                                            0.783     0.950
[5553].out[0] (.names)                                           0.261     1.211
[17552].in[3] (.names)                                           0.482     1.693
[17552].out[0] (.names)                                          0.261     1.954
[17560].in[2] (.names)                                           0.100     2.054
[17560].out[0] (.names)                                          0.261     2.315
nrq8_2.in[1] (.names)                                            0.481     2.796
nrq8_2.out[0] (.names)                                           0.261     3.057
[4265].in[2] (.names)                                            0.623     3.681
[4265].out[0] (.names)                                           0.261     3.942
[5291].in[0] (.names)                                            0.475     4.416
[5291].out[0] (.names)                                           0.261     4.677
[17748].in[2] (.names)                                           0.623     5.301
[17748].out[0] (.names)                                          0.261     5.562
[17751].in[3] (.names)                                           0.340     5.902
[17751].out[0] (.names)                                          0.261     6.163
[5274].in[5] (.names)                                            0.335     6.498
[5274].out[0] (.names)                                           0.261     6.759
[18913].in[4] (.names)                                           1.149     7.908
[18913].out[0] (.names)                                          0.261     8.169
[4301].in[5] (.names)                                            0.100     8.269
[4301].out[0] (.names)                                           0.261     8.530
[11189].in[4] (.names)                                           0.338     8.868
[11189].out[0] (.names)                                          0.261     9.129
[11180].D[0] (.latch)                                            0.000     9.129
data arrival time                                                          9.129

clock pclk (rise edge)                                           0.000     0.000
clock source latency                                             0.000     0.000
pclk.inpad[0] (.input)                                           0.000     0.000
[11180].clk[0] (.latch)                                          0.042     0.042
clock uncertainty                                                0.000     0.042
cell setup time                                                 -0.066    -0.024
data required time                                                        -0.024
--------------------------------------------------------------------------------
data required time                                                        -0.024
data arrival time                                                         -9.129
--------------------------------------------------------------------------------
slack (VIOLATED)                                                          -9.153


#Path 19
Startpoint: [17752].Q[0] (.latch clocked by pclk)
Endpoint  : [10580].D[0] (.latch clocked by pclk)
Path Type : setup

Point                                                             Incr      Path
--------------------------------------------------------------------------------
clock pclk (rise edge)                                           0.000     0.000
clock source latency                                             0.000     0.000
pclk.inpad[0] (.input)                                           0.000     0.000
[17752].clk[0] (.latch)                                          0.042     0.042
[17752].Q[0] (.latch) [clock-to-output]                          0.124     0.166
[5553].in[4] (.names)                                            0.783     0.950
[5553].out[0] (.names)                                           0.261     1.211
[17552].in[3] (.names)                                           0.482     1.693
[17552].out[0] (.names)                                          0.261     1.954
[17560].in[2] (.names)                                           0.100     2.054
[17560].out[0] (.names)                                          0.261     2.315
nrq8_2.in[1] (.names)                                            0.481     2.796
nrq8_2.out[0] (.names)                                           0.261     3.057
[4265].in[2] (.names)                                            0.623     3.681
[4265].out[0] (.names)                                           0.261     3.942
[5291].in[0] (.names)                                            0.475     4.416
[5291].out[0] (.names)                                           0.261     4.677
[17748].in[2] (.names)                                           0.623     5.301
[17748].out[0] (.names)                                          0.261     5.562
[17751].in[3] (.names)                                           0.340     5.902
[17751].out[0] (.names)                                          0.261     6.163
[5274].in[5] (.names)                                            0.335     6.498
[5274].out[0] (.names)                                           0.261     6.759
[18913].in[4] (.names)                                           1.149     7.908
[18913].out[0] (.names)                                          0.261     8.169
[4301].in[5] (.names)                                            0.100     8.269
[4301].out[0] (.names)                                           0.261     8.530
[10589].in[4] (.names)                                           0.338     8.868
[10589].out[0] (.names)                                          0.261     9.129
[10580].D[0] (.latch)                                            0.000     9.129
data arrival time                                                          9.129

clock pclk (rise edge)                                           0.000     0.000
clock source latency                                             0.000     0.000
pclk.inpad[0] (.input)                                           0.000     0.000
[10580].clk[0] (.latch)                                          0.042     0.042
clock uncertainty                                                0.000     0.042
cell setup time                                                 -0.066    -0.024
data required time                                                        -0.024
--------------------------------------------------------------------------------
data required time                                                        -0.024
data arrival time                                                         -9.129
--------------------------------------------------------------------------------
slack (VIOLATED)                                                          -9.153


#Path 20
Startpoint: [17752].Q[0] (.latch clocked by pclk)
Endpoint  : [9395].D[0] (.latch clocked by pclk)
Path Type : setup

Point                                                             Incr      Path
--------------------------------------------------------------------------------
clock pclk (rise edge)                                           0.000     0.000
clock source latency                                             0.000     0.000
pclk.inpad[0] (.input)                                           0.000     0.000
[17752].clk[0] (.latch)                                          0.042     0.042
[17752].Q[0] (.latch) [clock-to-output]                          0.124     0.166
[5553].in[4] (.names)                                            0.783     0.950
[5553].out[0] (.names)                                           0.261     1.211
[17552].in[3] (.names)                                           0.482     1.693
[17552].out[0] (.names)                                          0.261     1.954
[17560].in[2] (.names)                                           0.100     2.054
[17560].out[0] (.names)                                          0.261     2.315
nrq8_2.in[1] (.names)                                            0.481     2.796
nrq8_2.out[0] (.names)                                           0.261     3.057
[4265].in[2] (.names)                                            0.623     3.681
[4265].out[0] (.names)                                           0.261     3.942
[5291].in[0] (.names)                                            0.475     4.416
[5291].out[0] (.names)                                           0.261     4.677
[17748].in[2] (.names)                                           0.623     5.301
[17748].out[0] (.names)                                          0.261     5.562
[17751].in[3] (.names)                                           0.340     5.902
[17751].out[0] (.names)                                          0.261     6.163
[5274].in[5] (.names)                                            0.335     6.498
[5274].out[0] (.names)                                           0.261     6.759
[18913].in[4] (.names)                                           1.149     7.908
[18913].out[0] (.names)                                          0.261     8.169
[4301].in[5] (.names)                                            0.100     8.269
[4301].out[0] (.names)                                           0.261     8.530
[9404].in[4] (.names)                                            0.338     8.868
[9404].out[0] (.names)                                           0.261     9.129
[9395].D[0] (.latch)                                             0.000     9.129
data arrival time                                                          9.129

clock pclk (rise edge)                                           0.000     0.000
clock source latency                                             0.000     0.000
pclk.inpad[0] (.input)                                           0.000     0.000
[9395].clk[0] (.latch)                                           0.042     0.042
clock uncertainty                                                0.000     0.042
cell setup time                                                 -0.066    -0.024
data required time                                                        -0.024
--------------------------------------------------------------------------------
data required time                                                        -0.024
data arrival time                                                         -9.129
--------------------------------------------------------------------------------
slack (VIOLATED)                                                          -9.153


#Path 21
Startpoint: [17752].Q[0] (.latch clocked by pclk)
Endpoint  : [8765].D[0] (.latch clocked by pclk)
Path Type : setup

Point                                                             Incr      Path
--------------------------------------------------------------------------------
clock pclk (rise edge)                                           0.000     0.000
clock source latency                                             0.000     0.000
pclk.inpad[0] (.input)                                           0.000     0.000
[17752].clk[0] (.latch)                                          0.042     0.042
[17752].Q[0] (.latch) [clock-to-output]                          0.124     0.166
[5553].in[4] (.names)                                            0.783     0.950
[5553].out[0] (.names)                                           0.261     1.211
[17552].in[3] (.names)                                           0.482     1.693
[17552].out[0] (.names)                                          0.261     1.954
[17560].in[2] (.names)                                           0.100     2.054
[17560].out[0] (.names)                                          0.261     2.315
nrq8_2.in[1] (.names)                                            0.481     2.796
nrq8_2.out[0] (.names)                                           0.261     3.057
[4265].in[2] (.names)                                            0.623     3.681
[4265].out[0] (.names)                                           0.261     3.942
[5291].in[0] (.names)                                            0.475     4.416
[5291].out[0] (.names)                                           0.261     4.677
[17748].in[2] (.names)                                           0.623     5.301
[17748].out[0] (.names)                                          0.261     5.562
[17751].in[3] (.names)                                           0.340     5.902
[17751].out[0] (.names)                                          0.261     6.163
[5274].in[5] (.names)                                            0.335     6.498
[5274].out[0] (.names)                                           0.261     6.759
[18913].in[4] (.names)                                           1.149     7.908
[18913].out[0] (.names)                                          0.261     8.169
[4301].in[5] (.names)                                            0.100     8.269
[4301].out[0] (.names)                                           0.261     8.530
[8774].in[4] (.names)                                            0.338     8.868
[8774].out[0] (.names)                                           0.261     9.129
[8765].D[0] (.latch)                                             0.000     9.129
data arrival time                                                          9.129

clock pclk (rise edge)                                           0.000     0.000
clock source latency                                             0.000     0.000
pclk.inpad[0] (.input)                                           0.000     0.000
[8765].clk[0] (.latch)                                           0.042     0.042
clock uncertainty                                                0.000     0.042
cell setup time                                                 -0.066    -0.024
data required time                                                        -0.024
--------------------------------------------------------------------------------
data required time                                                        -0.024
data arrival time                                                         -9.129
--------------------------------------------------------------------------------
slack (VIOLATED)                                                          -9.153


#Path 22
Startpoint: [17752].Q[0] (.latch clocked by pclk)
Endpoint  : [8150].D[0] (.latch clocked by pclk)
Path Type : setup

Point                                                             Incr      Path
--------------------------------------------------------------------------------
clock pclk (rise edge)                                           0.000     0.000
clock source latency                                             0.000     0.000
pclk.inpad[0] (.input)                                           0.000     0.000
[17752].clk[0] (.latch)                                          0.042     0.042
[17752].Q[0] (.latch) [clock-to-output]                          0.124     0.166
[5553].in[4] (.names)                                            0.783     0.950
[5553].out[0] (.names)                                           0.261     1.211
[17552].in[3] (.names)                                           0.482     1.693
[17552].out[0] (.names)                                          0.261     1.954
[17560].in[2] (.names)                                           0.100     2.054
[17560].out[0] (.names)                                          0.261     2.315
nrq8_2.in[1] (.names)                                            0.481     2.796
nrq8_2.out[0] (.names)                                           0.261     3.057
[4265].in[2] (.names)                                            0.623     3.681
[4265].out[0] (.names)                                           0.261     3.942
[5291].in[0] (.names)                                            0.475     4.416
[5291].out[0] (.names)                                           0.261     4.677
[17748].in[2] (.names)                                           0.623     5.301
[17748].out[0] (.names)                                          0.261     5.562
[17751].in[3] (.names)                                           0.340     5.902
[17751].out[0] (.names)                                          0.261     6.163
[5274].in[5] (.names)                                            0.335     6.498
[5274].out[0] (.names)                                           0.261     6.759
[18913].in[4] (.names)                                           1.149     7.908
[18913].out[0] (.names)                                          0.261     8.169
[4301].in[5] (.names)                                            0.100     8.269
[4301].out[0] (.names)                                           0.261     8.530
[8159].in[4] (.names)                                            0.338     8.868
[8159].out[0] (.names)                                           0.261     9.129
[8150].D[0] (.latch)                                             0.000     9.129
data arrival time                                                          9.129

clock pclk (rise edge)                                           0.000     0.000
clock source latency                                             0.000     0.000
pclk.inpad[0] (.input)                                           0.000     0.000
[8150].clk[0] (.latch)                                           0.042     0.042
clock uncertainty                                                0.000     0.042
cell setup time                                                 -0.066    -0.024
data required time                                                        -0.024
--------------------------------------------------------------------------------
data required time                                                        -0.024
data arrival time                                                         -9.129
--------------------------------------------------------------------------------
slack (VIOLATED)                                                          -9.153


#Path 23
Startpoint: [17752].Q[0] (.latch clocked by pclk)
Endpoint  : [6755].D[0] (.latch clocked by pclk)
Path Type : setup

Point                                                             Incr      Path
--------------------------------------------------------------------------------
clock pclk (rise edge)                                           0.000     0.000
clock source latency                                             0.000     0.000
pclk.inpad[0] (.input)                                           0.000     0.000
[17752].clk[0] (.latch)                                          0.042     0.042
[17752].Q[0] (.latch) [clock-to-output]                          0.124     0.166
[5553].in[4] (.names)                                            0.783     0.950
[5553].out[0] (.names)                                           0.261     1.211
[17552].in[3] (.names)                                           0.482     1.693
[17552].out[0] (.names)                                          0.261     1.954
[17560].in[2] (.names)                                           0.100     2.054
[17560].out[0] (.names)                                          0.261     2.315
nrq8_2.in[1] (.names)                                            0.481     2.796
nrq8_2.out[0] (.names)                                           0.261     3.057
[4265].in[2] (.names)                                            0.623     3.681
[4265].out[0] (.names)                                           0.261     3.942
[5291].in[0] (.names)                                            0.475     4.416
[5291].out[0] (.names)                                           0.261     4.677
[17748].in[2] (.names)                                           0.623     5.301
[17748].out[0] (.names)                                          0.261     5.562
[17751].in[3] (.names)                                           0.340     5.902
[17751].out[0] (.names)                                          0.261     6.163
[5274].in[5] (.names)                                            0.335     6.498
[5274].out[0] (.names)                                           0.261     6.759
[18913].in[4] (.names)                                           1.149     7.908
[18913].out[0] (.names)                                          0.261     8.169
[4301].in[5] (.names)                                            0.100     8.269
[4301].out[0] (.names)                                           0.261     8.530
[6764].in[4] (.names)                                            0.338     8.868
[6764].out[0] (.names)                                           0.261     9.129
[6755].D[0] (.latch)                                             0.000     9.129
data arrival time                                                          9.129

clock pclk (rise edge)                                           0.000     0.000
clock source latency                                             0.000     0.000
pclk.inpad[0] (.input)                                           0.000     0.000
[6755].clk[0] (.latch)                                           0.042     0.042
clock uncertainty                                                0.000     0.042
cell setup time                                                 -0.066    -0.024
data required time                                                        -0.024
--------------------------------------------------------------------------------
data required time                                                        -0.024
data arrival time                                                         -9.129
--------------------------------------------------------------------------------
slack (VIOLATED)                                                          -9.153


#Path 24
Startpoint: [17752].Q[0] (.latch clocked by pclk)
Endpoint  : [4730].D[0] (.latch clocked by pclk)
Path Type : setup

Point                                                             Incr      Path
--------------------------------------------------------------------------------
clock pclk (rise edge)                                           0.000     0.000
clock source latency                                             0.000     0.000
pclk.inpad[0] (.input)                                           0.000     0.000
[17752].clk[0] (.latch)                                          0.042     0.042
[17752].Q[0] (.latch) [clock-to-output]                          0.124     0.166
[5553].in[4] (.names)                                            0.783     0.950
[5553].out[0] (.names)                                           0.261     1.211
[17552].in[3] (.names)                                           0.482     1.693
[17552].out[0] (.names)                                          0.261     1.954
[17560].in[2] (.names)                                           0.100     2.054
[17560].out[0] (.names)                                          0.261     2.315
nrq8_2.in[1] (.names)                                            0.481     2.796
nrq8_2.out[0] (.names)                                           0.261     3.057
[4265].in[2] (.names)                                            0.623     3.681
[4265].out[0] (.names)                                           0.261     3.942
[5291].in[0] (.names)                                            0.475     4.416
[5291].out[0] (.names)                                           0.261     4.677
[17748].in[2] (.names)                                           0.623     5.301
[17748].out[0] (.names)                                          0.261     5.562
[17751].in[3] (.names)                                           0.340     5.902
[17751].out[0] (.names)                                          0.261     6.163
[5274].in[5] (.names)                                            0.335     6.498
[5274].out[0] (.names)                                           0.261     6.759
[18913].in[4] (.names)                                           1.149     7.908
[18913].out[0] (.names)                                          0.261     8.169
[4301].in[5] (.names)                                            0.100     8.269
[4301].out[0] (.names)                                           0.261     8.530
[4739].in[4] (.names)                                            0.338     8.868
[4739].out[0] (.names)                                           0.261     9.129
[4730].D[0] (.latch)                                             0.000     9.129
data arrival time                                                          9.129

clock pclk (rise edge)                                           0.000     0.000
clock source latency                                             0.000     0.000
pclk.inpad[0] (.input)                                           0.000     0.000
[4730].clk[0] (.latch)                                           0.042     0.042
clock uncertainty                                                0.000     0.042
cell setup time                                                 -0.066    -0.024
data required time                                                        -0.024
--------------------------------------------------------------------------------
data required time                                                        -0.024
data arrival time                                                         -9.129
--------------------------------------------------------------------------------
slack (VIOLATED)                                                          -9.153


#Path 25
Startpoint: [17752].Q[0] (.latch clocked by pclk)
Endpoint  : [8705].D[0] (.latch clocked by pclk)
Path Type : setup

Point                                                             Incr      Path
--------------------------------------------------------------------------------
clock pclk (rise edge)                                           0.000     0.000
clock source latency                                             0.000     0.000
pclk.inpad[0] (.input)                                           0.000     0.000
[17752].clk[0] (.latch)                                          0.042     0.042
[17752].Q[0] (.latch) [clock-to-output]                          0.124     0.166
[5553].in[4] (.names)                                            0.783     0.950
[5553].out[0] (.names)                                           0.261     1.211
[17552].in[3] (.names)                                           0.482     1.693
[17552].out[0] (.names)                                          0.261     1.954
[17560].in[2] (.names)                                           0.100     2.054
[17560].out[0] (.names)                                          0.261     2.315
nrq8_2.in[1] (.names)                                            0.481     2.796
nrq8_2.out[0] (.names)                                           0.261     3.057
[4265].in[2] (.names)                                            0.623     3.681
[4265].out[0] (.names)                                           0.261     3.942
[5291].in[0] (.names)                                            0.475     4.416
[5291].out[0] (.names)                                           0.261     4.677
[17748].in[2] (.names)                                           0.623     5.301
[17748].out[0] (.names)                                          0.261     5.562
[17751].in[3] (.names)                                           0.340     5.902
[17751].out[0] (.names)                                          0.261     6.163
[17755].in[3] (.names)                                           0.335     6.498
[17755].out[0] (.names)                                          0.261     6.759
[19741].in[5] (.names)                                           0.100     6.859
[19741].out[0] (.names)                                          0.261     7.120
[19490].in[2] (.names)                                           0.332     7.452
[19490].out[0] (.names)                                          0.261     7.713
[3735].in[4] (.names)                                            0.623     8.336
[3735].out[0] (.names)                                           0.261     8.597
[8714].in[4] (.names)                                            0.100     8.697
[8714].out[0] (.names)                                           0.261     8.958
[8705].D[0] (.latch)                                             0.000     8.958
data arrival time                                                          8.958

clock pclk (rise edge)                                           0.000     0.000
clock source latency                                             0.000     0.000
pclk.inpad[0] (.input)                                           0.000     0.000
[8705].clk[0] (.latch)                                           0.042     0.042
clock uncertainty                                                0.000     0.042
cell setup time                                                 -0.066    -0.024
data required time                                                        -0.024
--------------------------------------------------------------------------------
data required time                                                        -0.024
data arrival time                                                         -8.958
--------------------------------------------------------------------------------
slack (VIOLATED)                                                          -8.982


#Path 26
Startpoint: [17752].Q[0] (.latch clocked by pclk)
Endpoint  : [12815].D[0] (.latch clocked by pclk)
Path Type : setup

Point                                                             Incr      Path
--------------------------------------------------------------------------------
clock pclk (rise edge)                                           0.000     0.000
clock source latency                                             0.000     0.000
pclk.inpad[0] (.input)                                           0.000     0.000
[17752].clk[0] (.latch)                                          0.042     0.042
[17752].Q[0] (.latch) [clock-to-output]                          0.124     0.166
[5553].in[4] (.names)                                            0.783     0.950
[5553].out[0] (.names)                                           0.261     1.211
[17552].in[3] (.names)                                           0.482     1.693
[17552].out[0] (.names)                                          0.261     1.954
[17560].in[2] (.names)                                           0.100     2.054
[17560].out[0] (.names)                                          0.261     2.315
nrq8_2.in[1] (.names)                                            0.481     2.796
nrq8_2.out[0] (.names)                                           0.261     3.057
[4265].in[2] (.names)                                            0.623     3.681
[4265].out[0] (.names)                                           0.261     3.942
[5291].in[0] (.names)                                            0.475     4.416
[5291].out[0] (.names)                                           0.261     4.677
[17748].in[2] (.names)                                           0.623     5.301
[17748].out[0] (.names)                                          0.261     5.562
[17751].in[3] (.names)                                           0.340     5.902
[17751].out[0] (.names)                                          0.261     6.163
[17755].in[3] (.names)                                           0.335     6.498
[17755].out[0] (.names)                                          0.261     6.759
[19741].in[5] (.names)                                           0.100     6.859
[19741].out[0] (.names)                                          0.261     7.120
[19490].in[2] (.names)                                           0.332     7.452
[19490].out[0] (.names)                                          0.261     7.713
[3140].in[4] (.names)                                            0.623     8.336
[3140].out[0] (.names)                                           0.261     8.597
[12824].in[3] (.names)                                           0.100     8.697
[12824].out[0] (.names)                                          0.261     8.958
[12815].D[0] (.latch)                                            0.000     8.958
data arrival time                                                          8.958

clock pclk (rise edge)                                           0.000     0.000
clock source latency                                             0.000     0.000
pclk.inpad[0] (.input)                                           0.000     0.000
[12815].clk[0] (.latch)                                          0.042     0.042
clock uncertainty                                                0.000     0.042
cell setup time                                                 -0.066    -0.024
data required time                                                        -0.024
--------------------------------------------------------------------------------
data required time                                                        -0.024
data arrival time                                                         -8.958
--------------------------------------------------------------------------------
slack (VIOLATED)                                                          -8.982


#Path 27
Startpoint: [17752].Q[0] (.latch clocked by pclk)
Endpoint  : [7355].D[0] (.latch clocked by pclk)
Path Type : setup

Point                                                             Incr      Path
--------------------------------------------------------------------------------
clock pclk (rise edge)                                           0.000     0.000
clock source latency                                             0.000     0.000
pclk.inpad[0] (.input)                                           0.000     0.000
[17752].clk[0] (.latch)                                          0.042     0.042
[17752].Q[0] (.latch) [clock-to-output]                          0.124     0.166
[5553].in[4] (.names)                                            0.783     0.950
[5553].out[0] (.names)                                           0.261     1.211
[17552].in[3] (.names)                                           0.482     1.693
[17552].out[0] (.names)                                          0.261     1.954
[17560].in[2] (.names)                                           0.100     2.054
[17560].out[0] (.names)                                          0.261     2.315
nrq8_2.in[1] (.names)                                            0.481     2.796
nrq8_2.out[0] (.names)                                           0.261     3.057
[4265].in[2] (.names)                                            0.623     3.681
[4265].out[0] (.names)                                           0.261     3.942
[5291].in[0] (.names)                                            0.475     4.416
[5291].out[0] (.names)                                           0.261     4.677
[17748].in[2] (.names)                                           0.623     5.301
[17748].out[0] (.names)                                          0.261     5.562
[17751].in[3] (.names)                                           0.340     5.902
[17751].out[0] (.names)                                          0.261     6.163
[17755].in[3] (.names)                                           0.335     6.498
[17755].out[0] (.names)                                          0.261     6.759
[19741].in[5] (.names)                                           0.100     6.859
[19741].out[0] (.names)                                          0.261     7.120
[19490].in[2] (.names)                                           0.332     7.452
[19490].out[0] (.names)                                          0.261     7.713
[19474].in[3] (.names)                                           0.336     8.049
[19474].out[0] (.names)                                          0.261     8.310
[7364].in[3] (.names)                                            0.332     8.642
[7364].out[0] (.names)                                           0.261     8.903
[7355].D[0] (.latch)                                             0.000     8.903
data arrival time                                                          8.903

clock pclk (rise edge)                                           0.000     0.000
clock source latency                                             0.000     0.000
pclk.inpad[0] (.input)                                           0.000     0.000
[7355].clk[0] (.latch)                                           0.042     0.042
clock uncertainty                                                0.000     0.042
cell setup time                                                 -0.066    -0.024
data required time                                                        -0.024
--------------------------------------------------------------------------------
data required time                                                        -0.024
data arrival time                                                         -8.903
--------------------------------------------------------------------------------
slack (VIOLATED)                                                          -8.927


#Path 28
Startpoint: [17752].Q[0] (.latch clocked by pclk)
Endpoint  : [10040].D[0] (.latch clocked by pclk)
Path Type : setup

Point                                                             Incr      Path
--------------------------------------------------------------------------------
clock pclk (rise edge)                                           0.000     0.000
clock source latency                                             0.000     0.000
pclk.inpad[0] (.input)                                           0.000     0.000
[17752].clk[0] (.latch)                                          0.042     0.042
[17752].Q[0] (.latch) [clock-to-output]                          0.124     0.166
[5553].in[4] (.names)                                            0.783     0.950
[5553].out[0] (.names)                                           0.261     1.211
[17552].in[3] (.names)                                           0.482     1.693
[17552].out[0] (.names)                                          0.261     1.954
[17560].in[2] (.names)                                           0.100     2.054
[17560].out[0] (.names)                                          0.261     2.315
nrq8_2.in[1] (.names)                                            0.481     2.796
nrq8_2.out[0] (.names)                                           0.261     3.057
[4265].in[2] (.names)                                            0.623     3.681
[4265].out[0] (.names)                                           0.261     3.942
[5291].in[0] (.names)                                            0.475     4.416
[5291].out[0] (.names)                                           0.261     4.677
[4442].in[3] (.names)                                            0.340     5.018
[4442].out[0] (.names)                                           0.261     5.279
[5173].in[3] (.names)                                            0.335     5.613
[5173].out[0] (.names)                                           0.261     5.874
[19520].in[4] (.names)                                           0.332     6.207
[19520].out[0] (.names)                                          0.261     6.468
[19526].in[3] (.names)                                           0.925     7.393
[19526].out[0] (.names)                                          0.261     7.654
[10049].in[3] (.names)                                           0.892     8.546
[10049].out[0] (.names)                                          0.261     8.807
[10040].D[0] (.latch)                                            0.000     8.807
data arrival time                                                          8.807

clock pclk (rise edge)                                           0.000     0.000
clock source latency                                             0.000     0.000
pclk.inpad[0] (.input)                                           0.000     0.000
[10040].clk[0] (.latch)                                          0.042     0.042
clock uncertainty                                                0.000     0.042
cell setup time                                                 -0.066    -0.024
data required time                                                        -0.024
--------------------------------------------------------------------------------
data required time                                                        -0.024
data arrival time                                                         -8.807
--------------------------------------------------------------------------------
slack (VIOLATED)                                                          -8.831


#Path 29
Startpoint: [17752].Q[0] (.latch clocked by pclk)
Endpoint  : [12560].D[0] (.latch clocked by pclk)
Path Type : setup

Point                                                             Incr      Path
--------------------------------------------------------------------------------
clock pclk (rise edge)                                           0.000     0.000
clock source latency                                             0.000     0.000
pclk.inpad[0] (.input)                                           0.000     0.000
[17752].clk[0] (.latch)                                          0.042     0.042
[17752].Q[0] (.latch) [clock-to-output]                          0.124     0.166
[5553].in[4] (.names)                                            0.783     0.950
[5553].out[0] (.names)                                           0.261     1.211
[17552].in[3] (.names)                                           0.482     1.693
[17552].out[0] (.names)                                          0.261     1.954
[17560].in[2] (.names)                                           0.100     2.054
[17560].out[0] (.names)                                          0.261     2.315
nrq8_2.in[1] (.names)                                            0.481     2.796
nrq8_2.out[0] (.names)                                           0.261     3.057
[4265].in[2] (.names)                                            0.623     3.681
[4265].out[0] (.names)                                           0.261     3.942
[5291].in[0] (.names)                                            0.475     4.416
[5291].out[0] (.names)                                           0.261     4.677
[4442].in[3] (.names)                                            0.340     5.018
[4442].out[0] (.names)                                           0.261     5.279
[5173].in[3] (.names)                                            0.335     5.613
[5173].out[0] (.names)                                           0.261     5.874
[19387].in[4] (.names)                                           1.641     7.515
[19387].out[0] (.names)                                          0.261     7.776
[12569].in[2] (.names)                                           0.770     8.546
[12569].out[0] (.names)                                          0.261     8.807
[12560].D[0] (.latch)                                            0.000     8.807
data arrival time                                                          8.807

clock pclk (rise edge)                                           0.000     0.000
clock source latency                                             0.000     0.000
pclk.inpad[0] (.input)                                           0.000     0.000
[12560].clk[0] (.latch)                                          0.042     0.042
clock uncertainty                                                0.000     0.042
cell setup time                                                 -0.066    -0.024
data required time                                                        -0.024
--------------------------------------------------------------------------------
data required time                                                        -0.024
data arrival time                                                         -8.807
--------------------------------------------------------------------------------
slack (VIOLATED)                                                          -8.830


#Path 30
Startpoint: [17752].Q[0] (.latch clocked by pclk)
Endpoint  : [4775].D[0] (.latch clocked by pclk)
Path Type : setup

Point                                                             Incr      Path
--------------------------------------------------------------------------------
clock pclk (rise edge)                                           0.000     0.000
clock source latency                                             0.000     0.000
pclk.inpad[0] (.input)                                           0.000     0.000
[17752].clk[0] (.latch)                                          0.042     0.042
[17752].Q[0] (.latch) [clock-to-output]                          0.124     0.166
[5553].in[4] (.names)                                            0.783     0.950
[5553].out[0] (.names)                                           0.261     1.211
[17552].in[3] (.names)                                           0.482     1.693
[17552].out[0] (.names)                                          0.261     1.954
[17560].in[2] (.names)                                           0.100     2.054
[17560].out[0] (.names)                                          0.261     2.315
nrq8_2.in[1] (.names)                                            0.481     2.796
nrq8_2.out[0] (.names)                                           0.261     3.057
[4265].in[2] (.names)                                            0.623     3.681
[4265].out[0] (.names)                                           0.261     3.942
[5291].in[0] (.names)                                            0.475     4.416
[5291].out[0] (.names)                                           0.261     4.677
[17748].in[2] (.names)                                           0.623     5.301
[17748].out[0] (.names)                                          0.261     5.562
[17751].in[3] (.names)                                           0.340     5.902
[17751].out[0] (.names)                                          0.261     6.163
[17755].in[3] (.names)                                           0.335     6.498
[17755].out[0] (.names)                                          0.261     6.759
[19741].in[5] (.names)                                           0.100     6.859
[19741].out[0] (.names)                                          0.261     7.120
[19490].in[2] (.names)                                           0.332     7.452
[19490].out[0] (.names)                                          0.261     7.713
[5063].in[4] (.names)                                            0.338     8.051
[5063].out[0] (.names)                                           0.261     8.312
[4784].in[4] (.names)                                            0.100     8.412
[4784].out[0] (.names)                                           0.261     8.673
[4775].D[0] (.latch)                                             0.000     8.673
data arrival time                                                          8.673

clock pclk (rise edge)                                           0.000     0.000
clock source latency                                             0.000     0.000
pclk.inpad[0] (.input)                                           0.000     0.000
[4775].clk[0] (.latch)                                           0.042     0.042
clock uncertainty                                                0.000     0.042
cell setup time                                                 -0.066    -0.024
data required time                                                        -0.024
--------------------------------------------------------------------------------
data required time                                                        -0.024
data arrival time                                                         -8.673
--------------------------------------------------------------------------------
slack (VIOLATED)                                                          -8.697


#Path 31
Startpoint: [17752].Q[0] (.latch clocked by pclk)
Endpoint  : [5345].D[0] (.latch clocked by pclk)
Path Type : setup

Point                                                             Incr      Path
--------------------------------------------------------------------------------
clock pclk (rise edge)                                           0.000     0.000
clock source latency                                             0.000     0.000
pclk.inpad[0] (.input)                                           0.000     0.000
[17752].clk[0] (.latch)                                          0.042     0.042
[17752].Q[0] (.latch) [clock-to-output]                          0.124     0.166
[5553].in[4] (.names)                                            0.783     0.950
[5553].out[0] (.names)                                           0.261     1.211
[17552].in[3] (.names)                                           0.482     1.693
[17552].out[0] (.names)                                          0.261     1.954
[17560].in[2] (.names)                                           0.100     2.054
[17560].out[0] (.names)                                          0.261     2.315
nrq8_2.in[1] (.names)                                            0.481     2.796
nrq8_2.out[0] (.names)                                           0.261     3.057
[4265].in[2] (.names)                                            0.623     3.681
[4265].out[0] (.names)                                           0.261     3.942
[5291].in[0] (.names)                                            0.475     4.416
[5291].out[0] (.names)                                           0.261     4.677
[17748].in[2] (.names)                                           0.623     5.301
[17748].out[0] (.names)                                          0.261     5.562
[17751].in[3] (.names)                                           0.340     5.902
[17751].out[0] (.names)                                          0.261     6.163
[17755].in[3] (.names)                                           0.335     6.498
[17755].out[0] (.names)                                          0.261     6.759
[19741].in[5] (.names)                                           0.100     6.859
[19741].out[0] (.names)                                          0.261     7.120
[19490].in[2] (.names)                                           0.332     7.452
[19490].out[0] (.names)                                          0.261     7.713
[4697].in[4] (.names)                                            0.338     8.051
[4697].out[0] (.names)                                           0.261     8.312
[5354].in[3] (.names)                                            0.100     8.412
[5354].out[0] (.names)                                           0.261     8.673
[5345].D[0] (.latch)                                             0.000     8.673
data arrival time                                                          8.673

clock pclk (rise edge)                                           0.000     0.000
clock source latency                                             0.000     0.000
pclk.inpad[0] (.input)                                           0.000     0.000
[5345].clk[0] (.latch)                                           0.042     0.042
clock uncertainty                                                0.000     0.042
cell setup time                                                 -0.066    -0.024
data required time                                                        -0.024
--------------------------------------------------------------------------------
data required time                                                        -0.024
data arrival time                                                         -8.673
--------------------------------------------------------------------------------
slack (VIOLATED)                                                          -8.697


#Path 32
Startpoint: [17752].Q[0] (.latch clocked by pclk)
Endpoint  : [6050].D[0] (.latch clocked by pclk)
Path Type : setup

Point                                                             Incr      Path
--------------------------------------------------------------------------------
clock pclk (rise edge)                                           0.000     0.000
clock source latency                                             0.000     0.000
pclk.inpad[0] (.input)                                           0.000     0.000
[17752].clk[0] (.latch)                                          0.042     0.042
[17752].Q[0] (.latch) [clock-to-output]                          0.124     0.166
[5553].in[4] (.names)                                            0.783     0.950
[5553].out[0] (.names)                                           0.261     1.211
[17552].in[3] (.names)                                           0.482     1.693
[17552].out[0] (.names)                                          0.261     1.954
[17560].in[2] (.names)                                           0.100     2.054
[17560].out[0] (.names)                                          0.261     2.315
nrq8_2.in[1] (.names)                                            0.481     2.796
nrq8_2.out[0] (.names)                                           0.261     3.057
[4265].in[2] (.names)                                            0.623     3.681
[4265].out[0] (.names)                                           0.261     3.942
[5291].in[0] (.names)                                            0.475     4.416
[5291].out[0] (.names)                                           0.261     4.677
[17748].in[2] (.names)                                           0.623     5.301
[17748].out[0] (.names)                                          0.261     5.562
[17751].in[3] (.names)                                           0.340     5.902
[17751].out[0] (.names)                                          0.261     6.163
[17755].in[3] (.names)                                           0.335     6.498
[17755].out[0] (.names)                                          0.261     6.759
[19741].in[5] (.names)                                           0.100     6.859
[19741].out[0] (.names)                                          0.261     7.120
[19490].in[2] (.names)                                           0.332     7.452
[19490].out[0] (.names)                                          0.261     7.713
[4494].in[4] (.names)                                            0.338     8.051
[4494].out[0] (.names)                                           0.261     8.312
[6059].in[4] (.names)                                            0.100     8.412
[6059].out[0] (.names)                                           0.261     8.673
[6050].D[0] (.latch)                                             0.000     8.673
data arrival time                                                          8.673

clock pclk (rise edge)                                           0.000     0.000
clock source latency                                             0.000     0.000
pclk.inpad[0] (.input)                                           0.000     0.000
[6050].clk[0] (.latch)                                           0.042     0.042
clock uncertainty                                                0.000     0.042
cell setup time                                                 -0.066    -0.024
data required time                                                        -0.024
--------------------------------------------------------------------------------
data required time                                                        -0.024
data arrival time                                                         -8.673
--------------------------------------------------------------------------------
slack (VIOLATED)                                                          -8.697


#Path 33
Startpoint: [17752].Q[0] (.latch clocked by pclk)
Endpoint  : [6890].D[0] (.latch clocked by pclk)
Path Type : setup

Point                                                             Incr      Path
--------------------------------------------------------------------------------
clock pclk (rise edge)                                           0.000     0.000
clock source latency                                             0.000     0.000
pclk.inpad[0] (.input)                                           0.000     0.000
[17752].clk[0] (.latch)                                          0.042     0.042
[17752].Q[0] (.latch) [clock-to-output]                          0.124     0.166
[5553].in[4] (.names)                                            0.783     0.950
[5553].out[0] (.names)                                           0.261     1.211
[17552].in[3] (.names)                                           0.482     1.693
[17552].out[0] (.names)                                          0.261     1.954
[17560].in[2] (.names)                                           0.100     2.054
[17560].out[0] (.names)                                          0.261     2.315
nrq8_2.in[1] (.names)                                            0.481     2.796
nrq8_2.out[0] (.names)                                           0.261     3.057
[4265].in[2] (.names)                                            0.623     3.681
[4265].out[0] (.names)                                           0.261     3.942
[5291].in[0] (.names)                                            0.475     4.416
[5291].out[0] (.names)                                           0.261     4.677
[17748].in[2] (.names)                                           0.623     5.301
[17748].out[0] (.names)                                          0.261     5.562
[17751].in[3] (.names)                                           0.340     5.902
[17751].out[0] (.names)                                          0.261     6.163
[17755].in[3] (.names)                                           0.335     6.498
[17755].out[0] (.names)                                          0.261     6.759
[19741].in[5] (.names)                                           0.100     6.859
[19741].out[0] (.names)                                          0.261     7.120
[19490].in[2] (.names)                                           0.332     7.452
[19490].out[0] (.names)                                          0.261     7.713
[4065].in[4] (.names)                                            0.338     8.051
[4065].out[0] (.names)                                           0.261     8.312
[6899].in[4] (.names)                                            0.100     8.412
[6899].out[0] (.names)                                           0.261     8.673
[6890].D[0] (.latch)                                             0.000     8.673
data arrival time                                                          8.673

clock pclk (rise edge)                                           0.000     0.000
clock source latency                                             0.000     0.000
pclk.inpad[0] (.input)                                           0.000     0.000
[6890].clk[0] (.latch)                                           0.042     0.042
clock uncertainty                                                0.000     0.042
cell setup time                                                 -0.066    -0.024
data required time                                                        -0.024
--------------------------------------------------------------------------------
data required time                                                        -0.024
data arrival time                                                         -8.673
--------------------------------------------------------------------------------
slack (VIOLATED)                                                          -8.697


#Path 34
Startpoint: [17752].Q[0] (.latch clocked by pclk)
Endpoint  : [8030].D[0] (.latch clocked by pclk)
Path Type : setup

Point                                                             Incr      Path
--------------------------------------------------------------------------------
clock pclk (rise edge)                                           0.000     0.000
clock source latency                                             0.000     0.000
pclk.inpad[0] (.input)                                           0.000     0.000
[17752].clk[0] (.latch)                                          0.042     0.042
[17752].Q[0] (.latch) [clock-to-output]                          0.124     0.166
[5553].in[4] (.names)                                            0.783     0.950
[5553].out[0] (.names)                                           0.261     1.211
[17552].in[3] (.names)                                           0.482     1.693
[17552].out[0] (.names)                                          0.261     1.954
[17560].in[2] (.names)                                           0.100     2.054
[17560].out[0] (.names)                                          0.261     2.315
nrq8_2.in[1] (.names)                                            0.481     2.796
nrq8_2.out[0] (.names)                                           0.261     3.057
[4265].in[2] (.names)                                            0.623     3.681
[4265].out[0] (.names)                                           0.261     3.942
[5291].in[0] (.names)                                            0.475     4.416
[5291].out[0] (.names)                                           0.261     4.677
[17748].in[2] (.names)                                           0.623     5.301
[17748].out[0] (.names)                                          0.261     5.562
[17751].in[3] (.names)                                           0.340     5.902
[17751].out[0] (.names)                                          0.261     6.163
[17755].in[3] (.names)                                           0.335     6.498
[17755].out[0] (.names)                                          0.261     6.759
[19741].in[5] (.names)                                           0.100     6.859
[19741].out[0] (.names)                                          0.261     7.120
[19490].in[2] (.names)                                           0.332     7.452
[19490].out[0] (.names)                                          0.261     7.713
[3858].in[4] (.names)                                            0.338     8.051
[3858].out[0] (.names)                                           0.261     8.312
[8039].in[4] (.names)                                            0.100     8.412
[8039].out[0] (.names)                                           0.261     8.673
[8030].D[0] (.latch)                                             0.000     8.673
data arrival time                                                          8.673

clock pclk (rise edge)                                           0.000     0.000
clock source latency                                             0.000     0.000
pclk.inpad[0] (.input)                                           0.000     0.000
[8030].clk[0] (.latch)                                           0.042     0.042
clock uncertainty                                                0.000     0.042
cell setup time                                                 -0.066    -0.024
data required time                                                        -0.024
--------------------------------------------------------------------------------
data required time                                                        -0.024
data arrival time                                                         -8.673
--------------------------------------------------------------------------------
slack (VIOLATED)                                                          -8.697


#Path 35
Startpoint: [17752].Q[0] (.latch clocked by pclk)
Endpoint  : [9740].D[0] (.latch clocked by pclk)
Path Type : setup

Point                                                             Incr      Path
--------------------------------------------------------------------------------
clock pclk (rise edge)                                           0.000     0.000
clock source latency                                             0.000     0.000
pclk.inpad[0] (.input)                                           0.000     0.000
[17752].clk[0] (.latch)                                          0.042     0.042
[17752].Q[0] (.latch) [clock-to-output]                          0.124     0.166
[5553].in[4] (.names)                                            0.783     0.950
[5553].out[0] (.names)                                           0.261     1.211
[17552].in[3] (.names)                                           0.482     1.693
[17552].out[0] (.names)                                          0.261     1.954
[17560].in[2] (.names)                                           0.100     2.054
[17560].out[0] (.names)                                          0.261     2.315
nrq8_2.in[1] (.names)                                            0.481     2.796
nrq8_2.out[0] (.names)                                           0.261     3.057
[4265].in[2] (.names)                                            0.623     3.681
[4265].out[0] (.names)                                           0.261     3.942
[5291].in[0] (.names)                                            0.475     4.416
[5291].out[0] (.names)                                           0.261     4.677
[17748].in[2] (.names)                                           0.623     5.301
[17748].out[0] (.names)                                          0.261     5.562
[17751].in[3] (.names)                                           0.340     5.902
[17751].out[0] (.names)                                          0.261     6.163
[17755].in[3] (.names)                                           0.335     6.498
[17755].out[0] (.names)                                          0.261     6.759
[19741].in[5] (.names)                                           0.100     6.859
[19741].out[0] (.names)                                          0.261     7.120
[19490].in[2] (.names)                                           0.332     7.452
[19490].out[0] (.names)                                          0.261     7.713
[3557].in[4] (.names)                                            0.338     8.051
[3557].out[0] (.names)                                           0.261     8.312
[9749].in[4] (.names)                                            0.100     8.412
[9749].out[0] (.names)                                           0.261     8.673
[9740].D[0] (.latch)                                             0.000     8.673
data arrival time                                                          8.673

clock pclk (rise edge)                                           0.000     0.000
clock source latency                                             0.000     0.000
pclk.inpad[0] (.input)                                           0.000     0.000
[9740].clk[0] (.latch)                                           0.042     0.042
clock uncertainty                                                0.000     0.042
cell setup time                                                 -0.066    -0.024
data required time                                                        -0.024
--------------------------------------------------------------------------------
data required time                                                        -0.024
data arrival time                                                         -8.673
--------------------------------------------------------------------------------
slack (VIOLATED)                                                          -8.697


#Path 36
Startpoint: [17752].Q[0] (.latch clocked by pclk)
Endpoint  : [7475].D[0] (.latch clocked by pclk)
Path Type : setup

Point                                                             Incr      Path
--------------------------------------------------------------------------------
clock pclk (rise edge)                                           0.000     0.000
clock source latency                                             0.000     0.000
pclk.inpad[0] (.input)                                           0.000     0.000
[17752].clk[0] (.latch)                                          0.042     0.042
[17752].Q[0] (.latch) [clock-to-output]                          0.124     0.166
[5553].in[4] (.names)                                            0.783     0.950
[5553].out[0] (.names)                                           0.261     1.211
[17552].in[3] (.names)                                           0.482     1.693
[17552].out[0] (.names)                                          0.261     1.954
[17560].in[2] (.names)                                           0.100     2.054
[17560].out[0] (.names)                                          0.261     2.315
nrq8_2.in[1] (.names)                                            0.481     2.796
nrq8_2.out[0] (.names)                                           0.261     3.057
[4265].in[2] (.names)                                            0.623     3.681
[4265].out[0] (.names)                                           0.261     3.942
[5291].in[0] (.names)                                            0.475     4.416
[5291].out[0] (.names)                                           0.261     4.677
[4442].in[3] (.names)                                            0.340     5.018
[4442].out[0] (.names)                                           0.261     5.279
[5173].in[3] (.names)                                            0.335     5.613
[5173].out[0] (.names)                                           0.261     5.874
[19387].in[4] (.names)                                           1.641     7.515
[19387].out[0] (.names)                                          0.261     7.776
[7484].in[3] (.names)                                            0.623     8.399
[7484].out[0] (.names)                                           0.261     8.660
[7475].D[0] (.latch)                                             0.000     8.660
data arrival time                                                          8.660

clock pclk (rise edge)                                           0.000     0.000
clock source latency                                             0.000     0.000
pclk.inpad[0] (.input)                                           0.000     0.000
[7475].clk[0] (.latch)                                           0.042     0.042
clock uncertainty                                                0.000     0.042
cell setup time                                                 -0.066    -0.024
data required time                                                        -0.024
--------------------------------------------------------------------------------
data required time                                                        -0.024
data arrival time                                                         -8.660
--------------------------------------------------------------------------------
slack (VIOLATED)                                                          -8.684


#Path 37
Startpoint: [17752].Q[0] (.latch clocked by pclk)
Endpoint  : [6740].D[0] (.latch clocked by pclk)
Path Type : setup

Point                                                             Incr      Path
--------------------------------------------------------------------------------
clock pclk (rise edge)                                           0.000     0.000
clock source latency                                             0.000     0.000
pclk.inpad[0] (.input)                                           0.000     0.000
[17752].clk[0] (.latch)                                          0.042     0.042
[17752].Q[0] (.latch) [clock-to-output]                          0.124     0.166
[5553].in[4] (.names)                                            0.783     0.950
[5553].out[0] (.names)                                           0.261     1.211
[17552].in[3] (.names)                                           0.482     1.693
[17552].out[0] (.names)                                          0.261     1.954
[17560].in[2] (.names)                                           0.100     2.054
[17560].out[0] (.names)                                          0.261     2.315
nrq8_2.in[1] (.names)                                            0.481     2.796
nrq8_2.out[0] (.names)                                           0.261     3.057
[4265].in[2] (.names)                                            0.623     3.681
[4265].out[0] (.names)                                           0.261     3.942
[5291].in[0] (.names)                                            0.475     4.416
[5291].out[0] (.names)                                           0.261     4.677
[4442].in[3] (.names)                                            0.340     5.018
[4442].out[0] (.names)                                           0.261     5.279
[5173].in[3] (.names)                                            0.335     5.613
[5173].out[0] (.names)                                           0.261     5.874
[19387].in[4] (.names)                                           1.641     7.515
[19387].out[0] (.names)                                          0.261     7.776
[6749].in[3] (.names)                                            0.623     8.399
[6749].out[0] (.names)                                           0.261     8.660
[6740].D[0] (.latch)                                             0.000     8.660
data arrival time                                                          8.660

clock pclk (rise edge)                                           0.000     0.000
clock source latency                                             0.000     0.000
pclk.inpad[0] (.input)                                           0.000     0.000
[6740].clk[0] (.latch)                                           0.042     0.042
clock uncertainty                                                0.000     0.042
cell setup time                                                 -0.066    -0.024
data required time                                                        -0.024
--------------------------------------------------------------------------------
data required time                                                        -0.024
data arrival time                                                         -8.660
--------------------------------------------------------------------------------
slack (VIOLATED)                                                          -8.684


#Path 38
Startpoint: [17752].Q[0] (.latch clocked by pclk)
Endpoint  : [6110].D[0] (.latch clocked by pclk)
Path Type : setup

Point                                                             Incr      Path
--------------------------------------------------------------------------------
clock pclk (rise edge)                                           0.000     0.000
clock source latency                                             0.000     0.000
pclk.inpad[0] (.input)                                           0.000     0.000
[17752].clk[0] (.latch)                                          0.042     0.042
[17752].Q[0] (.latch) [clock-to-output]                          0.124     0.166
[5553].in[4] (.names)                                            0.783     0.950
[5553].out[0] (.names)                                           0.261     1.211
[17552].in[3] (.names)                                           0.482     1.693
[17552].out[0] (.names)                                          0.261     1.954
[17560].in[2] (.names)                                           0.100     2.054
[17560].out[0] (.names)                                          0.261     2.315
nrq8_2.in[1] (.names)                                            0.481     2.796
nrq8_2.out[0] (.names)                                           0.261     3.057
[4265].in[2] (.names)                                            0.623     3.681
[4265].out[0] (.names)                                           0.261     3.942
[5291].in[0] (.names)                                            0.475     4.416
[5291].out[0] (.names)                                           0.261     4.677
[4442].in[3] (.names)                                            0.340     5.018
[4442].out[0] (.names)                                           0.261     5.279
[5173].in[3] (.names)                                            0.335     5.613
[5173].out[0] (.names)                                           0.261     5.874
[19387].in[4] (.names)                                           1.641     7.515
[19387].out[0] (.names)                                          0.261     7.776
[6119].in[3] (.names)                                            0.623     8.399
[6119].out[0] (.names)                                           0.261     8.660
[6110].D[0] (.latch)                                             0.000     8.660
data arrival time                                                          8.660

clock pclk (rise edge)                                           0.000     0.000
clock source latency                                             0.000     0.000
pclk.inpad[0] (.input)                                           0.000     0.000
[6110].clk[0] (.latch)                                           0.042     0.042
clock uncertainty                                                0.000     0.042
cell setup time                                                 -0.066    -0.024
data required time                                                        -0.024
--------------------------------------------------------------------------------
data required time                                                        -0.024
data arrival time                                                         -8.660
--------------------------------------------------------------------------------
slack (VIOLATED)                                                          -8.684


#Path 39
Startpoint: [17752].Q[0] (.latch clocked by pclk)
Endpoint  : [11165].D[0] (.latch clocked by pclk)
Path Type : setup

Point                                                             Incr      Path
--------------------------------------------------------------------------------
clock pclk (rise edge)                                           0.000     0.000
clock source latency                                             0.000     0.000
pclk.inpad[0] (.input)                                           0.000     0.000
[17752].clk[0] (.latch)                                          0.042     0.042
[17752].Q[0] (.latch) [clock-to-output]                          0.124     0.166
[5553].in[4] (.names)                                            0.783     0.950
[5553].out[0] (.names)                                           0.261     1.211
[17552].in[3] (.names)                                           0.482     1.693
[17552].out[0] (.names)                                          0.261     1.954
[17560].in[2] (.names)                                           0.100     2.054
[17560].out[0] (.names)                                          0.261     2.315
nrq8_2.in[1] (.names)                                            0.481     2.796
nrq8_2.out[0] (.names)                                           0.261     3.057
[4265].in[2] (.names)                                            0.623     3.681
[4265].out[0] (.names)                                           0.261     3.942
[5291].in[0] (.names)                                            0.475     4.416
[5291].out[0] (.names)                                           0.261     4.677
[4442].in[3] (.names)                                            0.340     5.018
[4442].out[0] (.names)                                           0.261     5.279
[5173].in[3] (.names)                                            0.335     5.613
[5173].out[0] (.names)                                           0.261     5.874
[19387].in[4] (.names)                                           1.641     7.515
[19387].out[0] (.names)                                          0.261     7.776
[11174].in[3] (.names)                                           0.623     8.399
[11174].out[0] (.names)                                          0.261     8.660
[11165].D[0] (.latch)                                            0.000     8.660
data arrival time                                                          8.660

clock pclk (rise edge)                                           0.000     0.000
clock source latency                                             0.000     0.000
pclk.inpad[0] (.input)                                           0.000     0.000
[11165].clk[0] (.latch)                                          0.042     0.042
clock uncertainty                                                0.000     0.042
cell setup time                                                 -0.066    -0.024
data required time                                                        -0.024
--------------------------------------------------------------------------------
data required time                                                        -0.024
data arrival time                                                         -8.660
--------------------------------------------------------------------------------
slack (VIOLATED)                                                          -8.684


#Path 40
Startpoint: [17752].Q[0] (.latch clocked by pclk)
Endpoint  : [10565].D[0] (.latch clocked by pclk)
Path Type : setup

Point                                                             Incr      Path
--------------------------------------------------------------------------------
clock pclk (rise edge)                                           0.000     0.000
clock source latency                                             0.000     0.000
pclk.inpad[0] (.input)                                           0.000     0.000
[17752].clk[0] (.latch)                                          0.042     0.042
[17752].Q[0] (.latch) [clock-to-output]                          0.124     0.166
[5553].in[4] (.names)                                            0.783     0.950
[5553].out[0] (.names)                                           0.261     1.211
[17552].in[3] (.names)                                           0.482     1.693
[17552].out[0] (.names)                                          0.261     1.954
[17560].in[2] (.names)                                           0.100     2.054
[17560].out[0] (.names)                                          0.261     2.315
nrq8_2.in[1] (.names)                                            0.481     2.796
nrq8_2.out[0] (.names)                                           0.261     3.057
[4265].in[2] (.names)                                            0.623     3.681
[4265].out[0] (.names)                                           0.261     3.942
[5291].in[0] (.names)                                            0.475     4.416
[5291].out[0] (.names)                                           0.261     4.677
[4442].in[3] (.names)                                            0.340     5.018
[4442].out[0] (.names)                                           0.261     5.279
[5173].in[3] (.names)                                            0.335     5.613
[5173].out[0] (.names)                                           0.261     5.874
[19387].in[4] (.names)                                           1.641     7.515
[19387].out[0] (.names)                                          0.261     7.776
[10574].in[4] (.names)                                           0.623     8.399
[10574].out[0] (.names)                                          0.261     8.660
[10565].D[0] (.latch)                                            0.000     8.660
data arrival time                                                          8.660

clock pclk (rise edge)                                           0.000     0.000
clock source latency                                             0.000     0.000
pclk.inpad[0] (.input)                                           0.000     0.000
[10565].clk[0] (.latch)                                          0.042     0.042
clock uncertainty                                                0.000     0.042
cell setup time                                                 -0.066    -0.024
data required time                                                        -0.024
--------------------------------------------------------------------------------
data required time                                                        -0.024
data arrival time                                                         -8.660
--------------------------------------------------------------------------------
slack (VIOLATED)                                                          -8.684


#Path 41
Startpoint: [17752].Q[0] (.latch clocked by pclk)
Endpoint  : [8075].D[0] (.latch clocked by pclk)
Path Type : setup

Point                                                             Incr      Path
--------------------------------------------------------------------------------
clock pclk (rise edge)                                           0.000     0.000
clock source latency                                             0.000     0.000
pclk.inpad[0] (.input)                                           0.000     0.000
[17752].clk[0] (.latch)                                          0.042     0.042
[17752].Q[0] (.latch) [clock-to-output]                          0.124     0.166
[5553].in[4] (.names)                                            0.783     0.950
[5553].out[0] (.names)                                           0.261     1.211
[17552].in[3] (.names)                                           0.482     1.693
[17552].out[0] (.names)                                          0.261     1.954
[17560].in[2] (.names)                                           0.100     2.054
[17560].out[0] (.names)                                          0.261     2.315
nrq8_2.in[1] (.names)                                            0.481     2.796
nrq8_2.out[0] (.names)                                           0.261     3.057
[4265].in[2] (.names)                                            0.623     3.681
[4265].out[0] (.names)                                           0.261     3.942
[5291].in[0] (.names)                                            0.475     4.416
[5291].out[0] (.names)                                           0.261     4.677
[4442].in[3] (.names)                                            0.340     5.018
[4442].out[0] (.names)                                           0.261     5.279
[5173].in[3] (.names)                                            0.335     5.613
[5173].out[0] (.names)                                           0.261     5.874
[19387].in[4] (.names)                                           1.641     7.515
[19387].out[0] (.names)                                          0.261     7.776
[8084].in[2] (.names)                                            0.581     8.357
[8084].out[0] (.names)                                           0.261     8.618
[8075].D[0] (.latch)                                             0.000     8.618
data arrival time                                                          8.618

clock pclk (rise edge)                                           0.000     0.000
clock source latency                                             0.000     0.000
pclk.inpad[0] (.input)                                           0.000     0.000
[8075].clk[0] (.latch)                                           0.042     0.042
clock uncertainty                                                0.000     0.042
cell setup time                                                 -0.066    -0.024
data required time                                                        -0.024
--------------------------------------------------------------------------------
data required time                                                        -0.024
data arrival time                                                         -8.618
--------------------------------------------------------------------------------
slack (VIOLATED)                                                          -8.641


#Path 42
Startpoint: [17752].Q[0] (.latch clocked by pclk)
Endpoint  : [5495].D[0] (.latch clocked by pclk)
Path Type : setup

Point                                                             Incr      Path
--------------------------------------------------------------------------------
clock pclk (rise edge)                                           0.000     0.000
clock source latency                                             0.000     0.000
pclk.inpad[0] (.input)                                           0.000     0.000
[17752].clk[0] (.latch)                                          0.042     0.042
[17752].Q[0] (.latch) [clock-to-output]                          0.124     0.166
[5553].in[4] (.names)                                            0.783     0.950
[5553].out[0] (.names)                                           0.261     1.211
[17552].in[3] (.names)                                           0.482     1.693
[17552].out[0] (.names)                                          0.261     1.954
[17560].in[2] (.names)                                           0.100     2.054
[17560].out[0] (.names)                                          0.261     2.315
nrq8_2.in[1] (.names)                                            0.481     2.796
nrq8_2.out[0] (.names)                                           0.261     3.057
[4265].in[2] (.names)                                            0.623     3.681
[4265].out[0] (.names)                                           0.261     3.942
[5291].in[0] (.names)                                            0.475     4.416
[5291].out[0] (.names)                                           0.261     4.677
[4442].in[3] (.names)                                            0.340     5.018
[4442].out[0] (.names)                                           0.261     5.279
[5173].in[3] (.names)                                            0.335     5.613
[5173].out[0] (.names)                                           0.261     5.874
[19387].in[4] (.names)                                           1.641     7.515
[19387].out[0] (.names)                                          0.261     7.776
[5504].in[4] (.names)                                            0.581     8.357
[5504].out[0] (.names)                                           0.261     8.618
[5495].D[0] (.latch)                                             0.000     8.618
data arrival time                                                          8.618

clock pclk (rise edge)                                           0.000     0.000
clock source latency                                             0.000     0.000
pclk.inpad[0] (.input)                                           0.000     0.000
[5495].clk[0] (.latch)                                           0.042     0.042
clock uncertainty                                                0.000     0.042
cell setup time                                                 -0.066    -0.024
data required time                                                        -0.024
--------------------------------------------------------------------------------
data required time                                                        -0.024
data arrival time                                                         -8.618
--------------------------------------------------------------------------------
slack (VIOLATED)                                                          -8.641


#Path 43
Startpoint: [17752].Q[0] (.latch clocked by pclk)
Endpoint  : [16085].D[0] (.latch clocked by pclk)
Path Type : setup

Point                                                             Incr      Path
--------------------------------------------------------------------------------
clock pclk (rise edge)                                           0.000     0.000
clock source latency                                             0.000     0.000
pclk.inpad[0] (.input)                                           0.000     0.000
[17752].clk[0] (.latch)                                          0.042     0.042
[17752].Q[0] (.latch) [clock-to-output]                          0.124     0.166
[5553].in[4] (.names)                                            0.783     0.950
[5553].out[0] (.names)                                           0.261     1.211
[17552].in[3] (.names)                                           0.482     1.693
[17552].out[0] (.names)                                          0.261     1.954
[17560].in[2] (.names)                                           0.100     2.054
[17560].out[0] (.names)                                          0.261     2.315
nrq8_2.in[1] (.names)                                            0.481     2.796
nrq8_2.out[0] (.names)                                           0.261     3.057
[4265].in[2] (.names)                                            0.623     3.681
[4265].out[0] (.names)                                           0.261     3.942
[5291].in[0] (.names)                                            0.475     4.416
[5291].out[0] (.names)                                           0.261     4.677
[4442].in[3] (.names)                                            0.340     5.018
[4442].out[0] (.names)                                           0.261     5.279
[5173].in[3] (.names)                                            0.335     5.613
[5173].out[0] (.names)                                           0.261     5.874
[19387].in[4] (.names)                                           1.641     7.515
[19387].out[0] (.names)                                          0.261     7.776
[16094].in[2] (.names)                                           0.581     8.357
[16094].out[0] (.names)                                          0.261     8.618
[16085].D[0] (.latch)                                            0.000     8.618
data arrival time                                                          8.618

clock pclk (rise edge)                                           0.000     0.000
clock source latency                                             0.000     0.000
pclk.inpad[0] (.input)                                           0.000     0.000
[16085].clk[0] (.latch)                                          0.042     0.042
clock uncertainty                                                0.000     0.042
cell setup time                                                 -0.066    -0.024
data required time                                                        -0.024
--------------------------------------------------------------------------------
data required time                                                        -0.024
data arrival time                                                         -8.618
--------------------------------------------------------------------------------
slack (VIOLATED)                                                          -8.641


#Path 44
Startpoint: [17752].Q[0] (.latch clocked by pclk)
Endpoint  : [14135].D[0] (.latch clocked by pclk)
Path Type : setup

Point                                                             Incr      Path
--------------------------------------------------------------------------------
clock pclk (rise edge)                                           0.000     0.000
clock source latency                                             0.000     0.000
pclk.inpad[0] (.input)                                           0.000     0.000
[17752].clk[0] (.latch)                                          0.042     0.042
[17752].Q[0] (.latch) [clock-to-output]                          0.124     0.166
[5553].in[4] (.names)                                            0.783     0.950
[5553].out[0] (.names)                                           0.261     1.211
[17552].in[3] (.names)                                           0.482     1.693
[17552].out[0] (.names)                                          0.261     1.954
[17560].in[2] (.names)                                           0.100     2.054
[17560].out[0] (.names)                                          0.261     2.315
nrq8_2.in[1] (.names)                                            0.481     2.796
nrq8_2.out[0] (.names)                                           0.261     3.057
[4265].in[2] (.names)                                            0.623     3.681
[4265].out[0] (.names)                                           0.261     3.942
[5291].in[0] (.names)                                            0.475     4.416
[5291].out[0] (.names)                                           0.261     4.677
[4442].in[3] (.names)                                            0.340     5.018
[4442].out[0] (.names)                                           0.261     5.279
[5173].in[3] (.names)                                            0.335     5.613
[5173].out[0] (.names)                                           0.261     5.874
[19387].in[4] (.names)                                           1.641     7.515
[19387].out[0] (.names)                                          0.261     7.776
[14144].in[4] (.names)                                           0.581     8.357
[14144].out[0] (.names)                                          0.261     8.618
[14135].D[0] (.latch)                                            0.000     8.618
data arrival time                                                          8.618

clock pclk (rise edge)                                           0.000     0.000
clock source latency                                             0.000     0.000
pclk.inpad[0] (.input)                                           0.000     0.000
[14135].clk[0] (.latch)                                          0.042     0.042
clock uncertainty                                                0.000     0.042
cell setup time                                                 -0.066    -0.024
data required time                                                        -0.024
--------------------------------------------------------------------------------
data required time                                                        -0.024
data arrival time                                                         -8.618
--------------------------------------------------------------------------------
slack (VIOLATED)                                                          -8.641


#Path 45
Startpoint: [17752].Q[0] (.latch clocked by pclk)
Endpoint  : [13085].D[0] (.latch clocked by pclk)
Path Type : setup

Point                                                             Incr      Path
--------------------------------------------------------------------------------
clock pclk (rise edge)                                           0.000     0.000
clock source latency                                             0.000     0.000
pclk.inpad[0] (.input)                                           0.000     0.000
[17752].clk[0] (.latch)                                          0.042     0.042
[17752].Q[0] (.latch) [clock-to-output]                          0.124     0.166
[5553].in[4] (.names)                                            0.783     0.950
[5553].out[0] (.names)                                           0.261     1.211
[17552].in[3] (.names)                                           0.482     1.693
[17552].out[0] (.names)                                          0.261     1.954
[17560].in[2] (.names)                                           0.100     2.054
[17560].out[0] (.names)                                          0.261     2.315
nrq8_2.in[1] (.names)                                            0.481     2.796
nrq8_2.out[0] (.names)                                           0.261     3.057
[4265].in[2] (.names)                                            0.623     3.681
[4265].out[0] (.names)                                           0.261     3.942
[5291].in[0] (.names)                                            0.475     4.416
[5291].out[0] (.names)                                           0.261     4.677
[4442].in[3] (.names)                                            0.340     5.018
[4442].out[0] (.names)                                           0.261     5.279
[5173].in[3] (.names)                                            0.335     5.613
[5173].out[0] (.names)                                           0.261     5.874
[19387].in[4] (.names)                                           1.641     7.515
[19387].out[0] (.names)                                          0.261     7.776
[13094].in[2] (.names)                                           0.581     8.357
[13094].out[0] (.names)                                          0.261     8.618
[13085].D[0] (.latch)                                            0.000     8.618
data arrival time                                                          8.618

clock pclk (rise edge)                                           0.000     0.000
clock source latency                                             0.000     0.000
pclk.inpad[0] (.input)                                           0.000     0.000
[13085].clk[0] (.latch)                                          0.042     0.042
clock uncertainty                                                0.000     0.042
cell setup time                                                 -0.066    -0.024
data required time                                                        -0.024
--------------------------------------------------------------------------------
data required time                                                        -0.024
data arrival time                                                         -8.618
--------------------------------------------------------------------------------
slack (VIOLATED)                                                          -8.641


#Path 46
Startpoint: [17752].Q[0] (.latch clocked by pclk)
Endpoint  : [8615].D[0] (.latch clocked by pclk)
Path Type : setup

Point                                                             Incr      Path
--------------------------------------------------------------------------------
clock pclk (rise edge)                                           0.000     0.000
clock source latency                                             0.000     0.000
pclk.inpad[0] (.input)                                           0.000     0.000
[17752].clk[0] (.latch)                                          0.042     0.042
[17752].Q[0] (.latch) [clock-to-output]                          0.124     0.166
[5553].in[4] (.names)                                            0.783     0.950
[5553].out[0] (.names)                                           0.261     1.211
[17552].in[3] (.names)                                           0.482     1.693
[17552].out[0] (.names)                                          0.261     1.954
[17560].in[2] (.names)                                           0.100     2.054
[17560].out[0] (.names)                                          0.261     2.315
nrq8_2.in[1] (.names)                                            0.481     2.796
nrq8_2.out[0] (.names)                                           0.261     3.057
[4265].in[2] (.names)                                            0.623     3.681
[4265].out[0] (.names)                                           0.261     3.942
[5291].in[0] (.names)                                            0.475     4.416
[5291].out[0] (.names)                                           0.261     4.677
[4442].in[3] (.names)                                            0.340     5.018
[4442].out[0] (.names)                                           0.261     5.279
[5173].in[3] (.names)                                            0.335     5.613
[5173].out[0] (.names)                                           0.261     5.874
[19387].in[4] (.names)                                           1.641     7.515
[19387].out[0] (.names)                                          0.261     7.776
[8624].in[2] (.names)                                            0.575     8.350
[8624].out[0] (.names)                                           0.261     8.611
[8615].D[0] (.latch)                                             0.000     8.611
data arrival time                                                          8.611

clock pclk (rise edge)                                           0.000     0.000
clock source latency                                             0.000     0.000
pclk.inpad[0] (.input)                                           0.000     0.000
[8615].clk[0] (.latch)                                           0.042     0.042
clock uncertainty                                                0.000     0.042
cell setup time                                                 -0.066    -0.024
data required time                                                        -0.024
--------------------------------------------------------------------------------
data required time                                                        -0.024
data arrival time                                                         -8.611
--------------------------------------------------------------------------------
slack (VIOLATED)                                                          -8.635


#Path 47
Startpoint: [17752].Q[0] (.latch clocked by pclk)
Endpoint  : [12650].D[0] (.latch clocked by pclk)
Path Type : setup

Point                                                             Incr      Path
--------------------------------------------------------------------------------
clock pclk (rise edge)                                           0.000     0.000
clock source latency                                             0.000     0.000
pclk.inpad[0] (.input)                                           0.000     0.000
[17752].clk[0] (.latch)                                          0.042     0.042
[17752].Q[0] (.latch) [clock-to-output]                          0.124     0.166
[5553].in[4] (.names)                                            0.783     0.950
[5553].out[0] (.names)                                           0.261     1.211
[17552].in[3] (.names)                                           0.482     1.693
[17552].out[0] (.names)                                          0.261     1.954
[17560].in[2] (.names)                                           0.100     2.054
[17560].out[0] (.names)                                          0.261     2.315
nen12_2.in[2] (.names)                                           0.336     2.651
nen12_2.out[0] (.names)                                          0.261     2.912
[17865].in[3] (.names)                                           0.338     3.250
[17865].out[0] (.names)                                          0.261     3.511
[17924].in[3] (.names)                                           0.336     3.847
[17924].out[0] (.names)                                          0.261     4.108
[19153].in[4] (.names)                                           0.335     4.442
[19153].out[0] (.names)                                          0.261     4.703
[19157].in[2] (.names)                                           0.332     5.036
[19157].out[0] (.names)                                          0.261     5.297
[19221].in[2] (.names)                                           0.100     5.397
[19221].out[0] (.names)                                          0.261     5.658
[19227].in[2] (.names)                                           0.100     5.758
[19227].out[0] (.names)                                          0.261     6.019
[19232].in[2] (.names)                                           0.100     6.119
[19232].out[0] (.names)                                          0.261     6.380
[19215].in[2] (.names)                                           0.332     6.712
[19215].out[0] (.names)                                          0.261     6.973
[19068].in[5] (.names)                                           0.100     7.073
[19068].out[0] (.names)                                          0.261     7.334
[12659].in[3] (.names)                                           1.005     8.339
[12659].out[0] (.names)                                          0.261     8.600
[12650].D[0] (.latch)                                            0.000     8.600
data arrival time                                                          8.600

clock pclk (rise edge)                                           0.000     0.000
clock source latency                                             0.000     0.000
pclk.inpad[0] (.input)                                           0.000     0.000
[12650].clk[0] (.latch)                                          0.042     0.042
clock uncertainty                                                0.000     0.042
cell setup time                                                 -0.066    -0.024
data required time                                                        -0.024
--------------------------------------------------------------------------------
data required time                                                        -0.024
data arrival time                                                         -8.600
--------------------------------------------------------------------------------
slack (VIOLATED)                                                          -8.623


#Path 48
Startpoint: [17752].Q[0] (.latch clocked by pclk)
Endpoint  : [6035].D[0] (.latch clocked by pclk)
Path Type : setup

Point                                                             Incr      Path
--------------------------------------------------------------------------------
clock pclk (rise edge)                                           0.000     0.000
clock source latency                                             0.000     0.000
pclk.inpad[0] (.input)                                           0.000     0.000
[17752].clk[0] (.latch)                                          0.042     0.042
[17752].Q[0] (.latch) [clock-to-output]                          0.124     0.166
[5553].in[4] (.names)                                            0.783     0.950
[5553].out[0] (.names)                                           0.261     1.211
[17552].in[3] (.names)                                           0.482     1.693
[17552].out[0] (.names)                                          0.261     1.954
[17560].in[2] (.names)                                           0.100     2.054
[17560].out[0] (.names)                                          0.261     2.315
nrq8_2.in[1] (.names)                                            0.481     2.796
nrq8_2.out[0] (.names)                                           0.261     3.057
[4265].in[2] (.names)                                            0.623     3.681
[4265].out[0] (.names)                                           0.261     3.942
[5291].in[0] (.names)                                            0.475     4.416
[5291].out[0] (.names)                                           0.261     4.677
[17748].in[2] (.names)                                           0.623     5.301
[17748].out[0] (.names)                                          0.261     5.562
[17751].in[3] (.names)                                           0.340     5.902
[17751].out[0] (.names)                                          0.261     6.163
[19735].in[5] (.names)                                           0.338     6.501
[19735].out[0] (.names)                                          0.261     6.762
[6044].in[2] (.names)                                            1.490     8.252
[6044].out[0] (.names)                                           0.261     8.513
[6035].D[0] (.latch)                                             0.000     8.513
data arrival time                                                          8.513

clock pclk (rise edge)                                           0.000     0.000
clock source latency                                             0.000     0.000
pclk.inpad[0] (.input)                                           0.000     0.000
[6035].clk[0] (.latch)                                           0.042     0.042
clock uncertainty                                                0.000     0.042
cell setup time                                                 -0.066    -0.024
data required time                                                        -0.024
--------------------------------------------------------------------------------
data required time                                                        -0.024
data arrival time                                                         -8.513
--------------------------------------------------------------------------------
slack (VIOLATED)                                                          -8.537


#Path 49
Startpoint: [17752].Q[0] (.latch clocked by pclk)
Endpoint  : [14270].D[0] (.latch clocked by pclk)
Path Type : setup

Point                                                             Incr      Path
--------------------------------------------------------------------------------
clock pclk (rise edge)                                           0.000     0.000
clock source latency                                             0.000     0.000
pclk.inpad[0] (.input)                                           0.000     0.000
[17752].clk[0] (.latch)                                          0.042     0.042
[17752].Q[0] (.latch) [clock-to-output]                          0.124     0.166
[5553].in[4] (.names)                                            0.783     0.950
[5553].out[0] (.names)                                           0.261     1.211
[17552].in[3] (.names)                                           0.482     1.693
[17552].out[0] (.names)                                          0.261     1.954
[17560].in[2] (.names)                                           0.100     2.054
[17560].out[0] (.names)                                          0.261     2.315
nen12_2.in[2] (.names)                                           0.336     2.651
nen12_2.out[0] (.names)                                          0.261     2.912
[17865].in[3] (.names)                                           0.338     3.250
[17865].out[0] (.names)                                          0.261     3.511
[17924].in[3] (.names)                                           0.336     3.847
[17924].out[0] (.names)                                          0.261     4.108
[19153].in[4] (.names)                                           0.335     4.442
[19153].out[0] (.names)                                          0.261     4.703
[19157].in[2] (.names)                                           0.332     5.036
[19157].out[0] (.names)                                          0.261     5.297
[19221].in[2] (.names)                                           0.100     5.397
[19221].out[0] (.names)                                          0.261     5.658
[19227].in[2] (.names)                                           0.100     5.758
[19227].out[0] (.names)                                          0.261     6.019
[19232].in[2] (.names)                                           0.100     6.119
[19232].out[0] (.names)                                          0.261     6.380
[19215].in[2] (.names)                                           0.332     6.712
[19215].out[0] (.names)                                          0.261     6.973
[19068].in[5] (.names)                                           0.100     7.073
[19068].out[0] (.names)                                          0.261     7.334
[14279].in[3] (.names)                                           0.911     8.245
[14279].out[0] (.names)                                          0.261     8.506
[14270].D[0] (.latch)                                            0.000     8.506
data arrival time                                                          8.506

clock pclk (rise edge)                                           0.000     0.000
clock source latency                                             0.000     0.000
pclk.inpad[0] (.input)                                           0.000     0.000
[14270].clk[0] (.latch)                                          0.042     0.042
clock uncertainty                                                0.000     0.042
cell setup time                                                 -0.066    -0.024
data required time                                                        -0.024
--------------------------------------------------------------------------------
data required time                                                        -0.024
data arrival time                                                         -8.506
--------------------------------------------------------------------------------
slack (VIOLATED)                                                          -8.530


#Path 50
Startpoint: [17752].Q[0] (.latch clocked by pclk)
Endpoint  : [6710].D[0] (.latch clocked by pclk)
Path Type : setup

Point                                                             Incr      Path
--------------------------------------------------------------------------------
clock pclk (rise edge)                                           0.000     0.000
clock source latency                                             0.000     0.000
pclk.inpad[0] (.input)                                           0.000     0.000
[17752].clk[0] (.latch)                                          0.042     0.042
[17752].Q[0] (.latch) [clock-to-output]                          0.124     0.166
[5553].in[4] (.names)                                            0.783     0.950
[5553].out[0] (.names)                                           0.261     1.211
[17552].in[3] (.names)                                           0.482     1.693
[17552].out[0] (.names)                                          0.261     1.954
[17560].in[2] (.names)                                           0.100     2.054
[17560].out[0] (.names)                                          0.261     2.315
nrq8_2.in[1] (.names)                                            0.481     2.796
nrq8_2.out[0] (.names)                                           0.261     3.057
[4265].in[2] (.names)                                            0.623     3.681
[4265].out[0] (.names)                                           0.261     3.942
[5291].in[0] (.names)                                            0.475     4.416
[5291].out[0] (.names)                                           0.261     4.677
[17748].in[2] (.names)                                           0.623     5.301
[17748].out[0] (.names)                                          0.261     5.562
[17751].in[3] (.names)                                           0.340     5.902
[17751].out[0] (.names)                                          0.261     6.163
[17755].in[3] (.names)                                           0.335     6.498
[17755].out[0] (.names)                                          0.261     6.759
[19741].in[5] (.names)                                           0.100     6.859
[19741].out[0] (.names)                                          0.261     7.120
[19395].in[2] (.names)                                           0.472     7.592
[19395].out[0] (.names)                                          0.261     7.853
[6719].in[2] (.names)                                            0.336     8.189
[6719].out[0] (.names)                                           0.261     8.450
[6710].D[0] (.latch)                                             0.000     8.450
data arrival time                                                          8.450

clock pclk (rise edge)                                           0.000     0.000
clock source latency                                             0.000     0.000
pclk.inpad[0] (.input)                                           0.000     0.000
[6710].clk[0] (.latch)                                           0.042     0.042
clock uncertainty                                                0.000     0.042
cell setup time                                                 -0.066    -0.024
data required time                                                        -0.024
--------------------------------------------------------------------------------
data required time                                                        -0.024
data arrival time                                                         -8.450
--------------------------------------------------------------------------------
slack (VIOLATED)                                                          -8.473


#Path 51
Startpoint: [17752].Q[0] (.latch clocked by pclk)
Endpoint  : [5525].D[0] (.latch clocked by pclk)
Path Type : setup

Point                                                             Incr      Path
--------------------------------------------------------------------------------
clock pclk (rise edge)                                           0.000     0.000
clock source latency                                             0.000     0.000
pclk.inpad[0] (.input)                                           0.000     0.000
[17752].clk[0] (.latch)                                          0.042     0.042
[17752].Q[0] (.latch) [clock-to-output]                          0.124     0.166
[5553].in[4] (.names)                                            0.783     0.950
[5553].out[0] (.names)                                           0.261     1.211
[17552].in[3] (.names)                                           0.482     1.693
[17552].out[0] (.names)                                          0.261     1.954
[17560].in[2] (.names)                                           0.100     2.054
[17560].out[0] (.names)                                          0.261     2.315
nrq8_2.in[1] (.names)                                            0.481     2.796
nrq8_2.out[0] (.names)                                           0.261     3.057
[4265].in[2] (.names)                                            0.623     3.681
[4265].out[0] (.names)                                           0.261     3.942
[5291].in[0] (.names)                                            0.475     4.416
[5291].out[0] (.names)                                           0.261     4.677
[17748].in[2] (.names)                                           0.623     5.301
[17748].out[0] (.names)                                          0.261     5.562
[17751].in[3] (.names)                                           0.340     5.902
[17751].out[0] (.names)                                          0.261     6.163
[17755].in[3] (.names)                                           0.335     6.498
[17755].out[0] (.names)                                          0.261     6.759
[19741].in[5] (.names)                                           0.100     6.859
[19741].out[0] (.names)                                          0.261     7.120
[19395].in[2] (.names)                                           0.472     7.592
[19395].out[0] (.names)                                          0.261     7.853
[5534].in[3] (.names)                                            0.336     8.189
[5534].out[0] (.names)                                           0.261     8.450
[5525].D[0] (.latch)                                             0.000     8.450
data arrival time                                                          8.450

clock pclk (rise edge)                                           0.000     0.000
clock source latency                                             0.000     0.000
pclk.inpad[0] (.input)                                           0.000     0.000
[5525].clk[0] (.latch)                                           0.042     0.042
clock uncertainty                                                0.000     0.042
cell setup time                                                 -0.066    -0.024
data required time                                                        -0.024
--------------------------------------------------------------------------------
data required time                                                        -0.024
data arrival time                                                         -8.450
--------------------------------------------------------------------------------
slack (VIOLATED)                                                          -8.473


#Path 52
Startpoint: [17752].Q[0] (.latch clocked by pclk)
Endpoint  : [7430].D[0] (.latch clocked by pclk)
Path Type : setup

Point                                                             Incr      Path
--------------------------------------------------------------------------------
clock pclk (rise edge)                                           0.000     0.000
clock source latency                                             0.000     0.000
pclk.inpad[0] (.input)                                           0.000     0.000
[17752].clk[0] (.latch)                                          0.042     0.042
[17752].Q[0] (.latch) [clock-to-output]                          0.124     0.166
[5553].in[4] (.names)                                            0.783     0.950
[5553].out[0] (.names)                                           0.261     1.211
[17552].in[3] (.names)                                           0.482     1.693
[17552].out[0] (.names)                                          0.261     1.954
[17560].in[2] (.names)                                           0.100     2.054
[17560].out[0] (.names)                                          0.261     2.315
nrq8_2.in[1] (.names)                                            0.481     2.796
nrq8_2.out[0] (.names)                                           0.261     3.057
[4265].in[2] (.names)                                            0.623     3.681
[4265].out[0] (.names)                                           0.261     3.942
[5291].in[0] (.names)                                            0.475     4.416
[5291].out[0] (.names)                                           0.261     4.677
[17748].in[2] (.names)                                           0.623     5.301
[17748].out[0] (.names)                                          0.261     5.562
[17751].in[3] (.names)                                           0.340     5.902
[17751].out[0] (.names)                                          0.261     6.163
[17755].in[3] (.names)                                           0.335     6.498
[17755].out[0] (.names)                                          0.261     6.759
[19741].in[5] (.names)                                           0.100     6.859
[19741].out[0] (.names)                                          0.261     7.120
[19395].in[2] (.names)                                           0.472     7.592
[19395].out[0] (.names)                                          0.261     7.853
[7439].in[3] (.names)                                            0.336     8.189
[7439].out[0] (.names)                                           0.261     8.450
[7430].D[0] (.latch)                                             0.000     8.450
data arrival time                                                          8.450

clock pclk (rise edge)                                           0.000     0.000
clock source latency                                             0.000     0.000
pclk.inpad[0] (.input)                                           0.000     0.000
[7430].clk[0] (.latch)                                           0.042     0.042
clock uncertainty                                                0.000     0.042
cell setup time                                                 -0.066    -0.024
data required time                                                        -0.024
--------------------------------------------------------------------------------
data required time                                                        -0.024
data arrival time                                                         -8.450
--------------------------------------------------------------------------------
slack (VIOLATED)                                                          -8.473


#Path 53
Startpoint: [17752].Q[0] (.latch clocked by pclk)
Endpoint  : [8090].D[0] (.latch clocked by pclk)
Path Type : setup

Point                                                             Incr      Path
--------------------------------------------------------------------------------
clock pclk (rise edge)                                           0.000     0.000
clock source latency                                             0.000     0.000
pclk.inpad[0] (.input)                                           0.000     0.000
[17752].clk[0] (.latch)                                          0.042     0.042
[17752].Q[0] (.latch) [clock-to-output]                          0.124     0.166
[5553].in[4] (.names)                                            0.783     0.950
[5553].out[0] (.names)                                           0.261     1.211
[17552].in[3] (.names)                                           0.482     1.693
[17552].out[0] (.names)                                          0.261     1.954
[17560].in[2] (.names)                                           0.100     2.054
[17560].out[0] (.names)                                          0.261     2.315
nrq8_2.in[1] (.names)                                            0.481     2.796
nrq8_2.out[0] (.names)                                           0.261     3.057
[4265].in[2] (.names)                                            0.623     3.681
[4265].out[0] (.names)                                           0.261     3.942
[5291].in[0] (.names)                                            0.475     4.416
[5291].out[0] (.names)                                           0.261     4.677
[17748].in[2] (.names)                                           0.623     5.301
[17748].out[0] (.names)                                          0.261     5.562
[17751].in[3] (.names)                                           0.340     5.902
[17751].out[0] (.names)                                          0.261     6.163
[17755].in[3] (.names)                                           0.335     6.498
[17755].out[0] (.names)                                          0.261     6.759
[19741].in[5] (.names)                                           0.100     6.859
[19741].out[0] (.names)                                          0.261     7.120
[19490].in[2] (.names)                                           0.332     7.452
[19490].out[0] (.names)                                          0.261     7.713
[3850].in[4] (.names)                                            0.100     7.813
[3850].out[0] (.names)                                           0.261     8.074
[8099].in[3] (.names)                                            0.100     8.174
[8099].out[0] (.names)                                           0.261     8.435
[8090].D[0] (.latch)                                             0.000     8.435
data arrival time                                                          8.435

clock pclk (rise edge)                                           0.000     0.000
clock source latency                                             0.000     0.000
pclk.inpad[0] (.input)                                           0.000     0.000
[8090].clk[0] (.latch)                                           0.042     0.042
clock uncertainty                                                0.000     0.042
cell setup time                                                 -0.066    -0.024
data required time                                                        -0.024
--------------------------------------------------------------------------------
data required time                                                        -0.024
data arrival time                                                         -8.435
--------------------------------------------------------------------------------
slack (VIOLATED)                                                          -8.459


#Path 54
Startpoint: [17752].Q[0] (.latch clocked by pclk)
Endpoint  : [14990].D[0] (.latch clocked by pclk)
Path Type : setup

Point                                                             Incr      Path
--------------------------------------------------------------------------------
clock pclk (rise edge)                                           0.000     0.000
clock source latency                                             0.000     0.000
pclk.inpad[0] (.input)                                           0.000     0.000
[17752].clk[0] (.latch)                                          0.042     0.042
[17752].Q[0] (.latch) [clock-to-output]                          0.124     0.166
[5553].in[4] (.names)                                            0.783     0.950
[5553].out[0] (.names)                                           0.261     1.211
[17552].in[3] (.names)                                           0.482     1.693
[17552].out[0] (.names)                                          0.261     1.954
[17560].in[2] (.names)                                           0.100     2.054
[17560].out[0] (.names)                                          0.261     2.315
nrq8_2.in[1] (.names)                                            0.481     2.796
nrq8_2.out[0] (.names)                                           0.261     3.057
[4265].in[2] (.names)                                            0.623     3.681
[4265].out[0] (.names)                                           0.261     3.942
[5291].in[0] (.names)                                            0.475     4.416
[5291].out[0] (.names)                                           0.261     4.677
[17748].in[2] (.names)                                           0.623     5.301
[17748].out[0] (.names)                                          0.261     5.562
[17751].in[3] (.names)                                           0.340     5.902
[17751].out[0] (.names)                                          0.261     6.163
[17755].in[3] (.names)                                           0.335     6.498
[17755].out[0] (.names)                                          0.261     6.759
[19741].in[5] (.names)                                           0.100     6.859
[19741].out[0] (.names)                                          0.261     7.120
[19490].in[2] (.names)                                           0.332     7.452
[19490].out[0] (.names)                                          0.261     7.713
[2702].in[4] (.names)                                            0.100     7.813
[2702].out[0] (.names)                                           0.261     8.074
[14999].in[3] (.names)                                           0.100     8.174
[14999].out[0] (.names)                                          0.261     8.435
[14990].D[0] (.latch)                                            0.000     8.435
data arrival time                                                          8.435

clock pclk (rise edge)                                           0.000     0.000
clock source latency                                             0.000     0.000
pclk.inpad[0] (.input)                                           0.000     0.000
[14990].clk[0] (.latch)                                          0.042     0.042
clock uncertainty                                                0.000     0.042
cell setup time                                                 -0.066    -0.024
data required time                                                        -0.024
--------------------------------------------------------------------------------
data required time                                                        -0.024
data arrival time                                                         -8.435
--------------------------------------------------------------------------------
slack (VIOLATED)                                                          -8.459


#Path 55
Startpoint: [17752].Q[0] (.latch clocked by pclk)
Endpoint  : [14540].D[0] (.latch clocked by pclk)
Path Type : setup

Point                                                             Incr      Path
--------------------------------------------------------------------------------
clock pclk (rise edge)                                           0.000     0.000
clock source latency                                             0.000     0.000
pclk.inpad[0] (.input)                                           0.000     0.000
[17752].clk[0] (.latch)                                          0.042     0.042
[17752].Q[0] (.latch) [clock-to-output]                          0.124     0.166
[5553].in[4] (.names)                                            0.783     0.950
[5553].out[0] (.names)                                           0.261     1.211
[17552].in[3] (.names)                                           0.482     1.693
[17552].out[0] (.names)                                          0.261     1.954
[17560].in[2] (.names)                                           0.100     2.054
[17560].out[0] (.names)                                          0.261     2.315
nrq8_2.in[1] (.names)                                            0.481     2.796
nrq8_2.out[0] (.names)                                           0.261     3.057
[4265].in[2] (.names)                                            0.623     3.681
[4265].out[0] (.names)                                           0.261     3.942
[5291].in[0] (.names)                                            0.475     4.416
[5291].out[0] (.names)                                           0.261     4.677
[17748].in[2] (.names)                                           0.623     5.301
[17748].out[0] (.names)                                          0.261     5.562
[17751].in[3] (.names)                                           0.340     5.902
[17751].out[0] (.names)                                          0.261     6.163
[17755].in[3] (.names)                                           0.335     6.498
[17755].out[0] (.names)                                          0.261     6.759
[19741].in[5] (.names)                                           0.100     6.859
[19741].out[0] (.names)                                          0.261     7.120
[19490].in[2] (.names)                                           0.332     7.452
[19490].out[0] (.names)                                          0.261     7.713
[2812].in[4] (.names)                                            0.100     7.813
[2812].out[0] (.names)                                           0.261     8.074
[14549].in[3] (.names)                                           0.100     8.174
[14549].out[0] (.names)                                          0.261     8.435
[14540].D[0] (.latch)                                            0.000     8.435
data arrival time                                                          8.435

clock pclk (rise edge)                                           0.000     0.000
clock source latency                                             0.000     0.000
pclk.inpad[0] (.input)                                           0.000     0.000
[14540].clk[0] (.latch)                                          0.042     0.042
clock uncertainty                                                0.000     0.042
cell setup time                                                 -0.066    -0.024
data required time                                                        -0.024
--------------------------------------------------------------------------------
data required time                                                        -0.024
data arrival time                                                         -8.435
--------------------------------------------------------------------------------
slack (VIOLATED)                                                          -8.459


#Path 56
Startpoint: [17752].Q[0] (.latch clocked by pclk)
Endpoint  : [10625].D[0] (.latch clocked by pclk)
Path Type : setup

Point                                                             Incr      Path
--------------------------------------------------------------------------------
clock pclk (rise edge)                                           0.000     0.000
clock source latency                                             0.000     0.000
pclk.inpad[0] (.input)                                           0.000     0.000
[17752].clk[0] (.latch)                                          0.042     0.042
[17752].Q[0] (.latch) [clock-to-output]                          0.124     0.166
[5553].in[4] (.names)                                            0.783     0.950
[5553].out[0] (.names)                                           0.261     1.211
[17552].in[3] (.names)                                           0.482     1.693
[17552].out[0] (.names)                                          0.261     1.954
[17560].in[2] (.names)                                           0.100     2.054
[17560].out[0] (.names)                                          0.261     2.315
nrq8_2.in[1] (.names)                                            0.481     2.796
nrq8_2.out[0] (.names)                                           0.261     3.057
[4265].in[2] (.names)                                            0.623     3.681
[4265].out[0] (.names)                                           0.261     3.942
[5291].in[0] (.names)                                            0.475     4.416
[5291].out[0] (.names)                                           0.261     4.677
[17748].in[2] (.names)                                           0.623     5.301
[17748].out[0] (.names)                                          0.261     5.562
[17751].in[3] (.names)                                           0.340     5.902
[17751].out[0] (.names)                                          0.261     6.163
[17755].in[3] (.names)                                           0.335     6.498
[17755].out[0] (.names)                                          0.261     6.759
[19741].in[5] (.names)                                           0.100     6.859
[19741].out[0] (.names)                                          0.261     7.120
[19490].in[2] (.names)                                           0.332     7.452
[19490].out[0] (.names)                                          0.261     7.713
[10634].in[3] (.names)                                           0.457     8.170
[10634].out[0] (.names)                                          0.261     8.431
[10625].D[0] (.latch)                                            0.000     8.431
data arrival time                                                          8.431

clock pclk (rise edge)                                           0.000     0.000
clock source latency                                             0.000     0.000
pclk.inpad[0] (.input)                                           0.000     0.000
[10625].clk[0] (.latch)                                          0.042     0.042
clock uncertainty                                                0.000     0.042
cell setup time                                                 -0.066    -0.024
data required time                                                        -0.024
--------------------------------------------------------------------------------
data required time                                                        -0.024
data arrival time                                                         -8.431
--------------------------------------------------------------------------------
slack (VIOLATED)                                                          -8.455


#Path 57
Startpoint: [17752].Q[0] (.latch clocked by pclk)
Endpoint  : [9365].D[0] (.latch clocked by pclk)
Path Type : setup

Point                                                             Incr      Path
--------------------------------------------------------------------------------
clock pclk (rise edge)                                           0.000     0.000
clock source latency                                             0.000     0.000
pclk.inpad[0] (.input)                                           0.000     0.000
[17752].clk[0] (.latch)                                          0.042     0.042
[17752].Q[0] (.latch) [clock-to-output]                          0.124     0.166
[5553].in[4] (.names)                                            0.783     0.950
[5553].out[0] (.names)                                           0.261     1.211
[17552].in[3] (.names)                                           0.482     1.693
[17552].out[0] (.names)                                          0.261     1.954
[17560].in[2] (.names)                                           0.100     2.054
[17560].out[0] (.names)                                          0.261     2.315
nrq8_2.in[1] (.names)                                            0.481     2.796
nrq8_2.out[0] (.names)                                           0.261     3.057
[4265].in[2] (.names)                                            0.623     3.681
[4265].out[0] (.names)                                           0.261     3.942
[5291].in[0] (.names)                                            0.475     4.416
[5291].out[0] (.names)                                           0.261     4.677
[17748].in[2] (.names)                                           0.623     5.301
[17748].out[0] (.names)                                          0.261     5.562
[17751].in[3] (.names)                                           0.340     5.902
[17751].out[0] (.names)                                          0.261     6.163
[17755].in[3] (.names)                                           0.335     6.498
[17755].out[0] (.names)                                          0.261     6.759
[19741].in[5] (.names)                                           0.100     6.859
[19741].out[0] (.names)                                          0.261     7.120
[19490].in[2] (.names)                                           0.332     7.452
[19490].out[0] (.names)                                          0.261     7.713
[9374].in[3] (.names)                                            0.457     8.170
[9374].out[0] (.names)                                           0.261     8.431
[9365].D[0] (.latch)                                             0.000     8.431
data arrival time                                                          8.431

clock pclk (rise edge)                                           0.000     0.000
clock source latency                                             0.000     0.000
pclk.inpad[0] (.input)                                           0.000     0.000
[9365].clk[0] (.latch)                                           0.042     0.042
clock uncertainty                                                0.000     0.042
cell setup time                                                 -0.066    -0.024
data required time                                                        -0.024
--------------------------------------------------------------------------------
data required time                                                        -0.024
data arrival time                                                         -8.431
--------------------------------------------------------------------------------
slack (VIOLATED)                                                          -8.455


#Path 58
Startpoint: [17752].Q[0] (.latch clocked by pclk)
Endpoint  : [8675].D[0] (.latch clocked by pclk)
Path Type : setup

Point                                                             Incr      Path
--------------------------------------------------------------------------------
clock pclk (rise edge)                                           0.000     0.000
clock source latency                                             0.000     0.000
pclk.inpad[0] (.input)                                           0.000     0.000
[17752].clk[0] (.latch)                                          0.042     0.042
[17752].Q[0] (.latch) [clock-to-output]                          0.124     0.166
[5553].in[4] (.names)                                            0.783     0.950
[5553].out[0] (.names)                                           0.261     1.211
[17552].in[3] (.names)                                           0.482     1.693
[17552].out[0] (.names)                                          0.261     1.954
[17560].in[2] (.names)                                           0.100     2.054
[17560].out[0] (.names)                                          0.261     2.315
nrq8_2.in[1] (.names)                                            0.481     2.796
nrq8_2.out[0] (.names)                                           0.261     3.057
[4265].in[2] (.names)                                            0.623     3.681
[4265].out[0] (.names)                                           0.261     3.942
[5291].in[0] (.names)                                            0.475     4.416
[5291].out[0] (.names)                                           0.261     4.677
[17748].in[2] (.names)                                           0.623     5.301
[17748].out[0] (.names)                                          0.261     5.562
[17751].in[3] (.names)                                           0.340     5.902
[17751].out[0] (.names)                                          0.261     6.163
[17755].in[3] (.names)                                           0.335     6.498
[17755].out[0] (.names)                                          0.261     6.759
[19741].in[5] (.names)                                           0.100     6.859
[19741].out[0] (.names)                                          0.261     7.120
[19490].in[2] (.names)                                           0.332     7.452
[19490].out[0] (.names)                                          0.261     7.713
[8684].in[3] (.names)                                            0.457     8.170
[8684].out[0] (.names)                                           0.261     8.431
[8675].D[0] (.latch)                                             0.000     8.431
data arrival time                                                          8.431

clock pclk (rise edge)                                           0.000     0.000
clock source latency                                             0.000     0.000
pclk.inpad[0] (.input)                                           0.000     0.000
[8675].clk[0] (.latch)                                           0.042     0.042
clock uncertainty                                                0.000     0.042
cell setup time                                                 -0.066    -0.024
data required time                                                        -0.024
--------------------------------------------------------------------------------
data required time                                                        -0.024
data arrival time                                                         -8.431
--------------------------------------------------------------------------------
slack (VIOLATED)                                                          -8.455


#Path 59
Startpoint: [17752].Q[0] (.latch clocked by pclk)
Endpoint  : [6860].D[0] (.latch clocked by pclk)
Path Type : setup

Point                                                             Incr      Path
--------------------------------------------------------------------------------
clock pclk (rise edge)                                           0.000     0.000
clock source latency                                             0.000     0.000
pclk.inpad[0] (.input)                                           0.000     0.000
[17752].clk[0] (.latch)                                          0.042     0.042
[17752].Q[0] (.latch) [clock-to-output]                          0.124     0.166
[5553].in[4] (.names)                                            0.783     0.950
[5553].out[0] (.names)                                           0.261     1.211
[17552].in[3] (.names)                                           0.482     1.693
[17552].out[0] (.names)                                          0.261     1.954
[17560].in[2] (.names)                                           0.100     2.054
[17560].out[0] (.names)                                          0.261     2.315
nrq8_2.in[1] (.names)                                            0.481     2.796
nrq8_2.out[0] (.names)                                           0.261     3.057
[4265].in[2] (.names)                                            0.623     3.681
[4265].out[0] (.names)                                           0.261     3.942
[5291].in[0] (.names)                                            0.475     4.416
[5291].out[0] (.names)                                           0.261     4.677
[17748].in[2] (.names)                                           0.623     5.301
[17748].out[0] (.names)                                          0.261     5.562
[17751].in[3] (.names)                                           0.340     5.902
[17751].out[0] (.names)                                          0.261     6.163
[17755].in[3] (.names)                                           0.335     6.498
[17755].out[0] (.names)                                          0.261     6.759
[19741].in[5] (.names)                                           0.100     6.859
[19741].out[0] (.names)                                          0.261     7.120
[19490].in[2] (.names)                                           0.332     7.452
[19490].out[0] (.names)                                          0.261     7.713
[6869].in[3] (.names)                                            0.457     8.170
[6869].out[0] (.names)                                           0.261     8.431
[6860].D[0] (.latch)                                             0.000     8.431
data arrival time                                                          8.431

clock pclk (rise edge)                                           0.000     0.000
clock source latency                                             0.000     0.000
pclk.inpad[0] (.input)                                           0.000     0.000
[6860].clk[0] (.latch)                                           0.042     0.042
clock uncertainty                                                0.000     0.042
cell setup time                                                 -0.066    -0.024
data required time                                                        -0.024
--------------------------------------------------------------------------------
data required time                                                        -0.024
data arrival time                                                         -8.431
--------------------------------------------------------------------------------
slack (VIOLATED)                                                          -8.455


#Path 60
Startpoint: [17752].Q[0] (.latch clocked by pclk)
Endpoint  : [15050].D[0] (.latch clocked by pclk)
Path Type : setup

Point                                                             Incr      Path
--------------------------------------------------------------------------------
clock pclk (rise edge)                                           0.000     0.000
clock source latency                                             0.000     0.000
pclk.inpad[0] (.input)                                           0.000     0.000
[17752].clk[0] (.latch)                                          0.042     0.042
[17752].Q[0] (.latch) [clock-to-output]                          0.124     0.166
[5553].in[4] (.names)                                            0.783     0.950
[5553].out[0] (.names)                                           0.261     1.211
[17552].in[3] (.names)                                           0.482     1.693
[17552].out[0] (.names)                                          0.261     1.954
[17560].in[2] (.names)                                           0.100     2.054
[17560].out[0] (.names)                                          0.261     2.315
nen12_2.in[2] (.names)                                           0.336     2.651
nen12_2.out[0] (.names)                                          0.261     2.912
[17865].in[3] (.names)                                           0.338     3.250
[17865].out[0] (.names)                                          0.261     3.511
[17924].in[3] (.names)                                           0.336     3.847
[17924].out[0] (.names)                                          0.261     4.108
[19153].in[4] (.names)                                           0.335     4.442
[19153].out[0] (.names)                                          0.261     4.703
[19157].in[2] (.names)                                           0.332     5.036
[19157].out[0] (.names)                                          0.261     5.297
[19221].in[2] (.names)                                           0.100     5.397
[19221].out[0] (.names)                                          0.261     5.658
[19227].in[2] (.names)                                           0.100     5.758
[19227].out[0] (.names)                                          0.261     6.019
[19232].in[2] (.names)                                           0.100     6.119
[19232].out[0] (.names)                                          0.261     6.380
[19215].in[2] (.names)                                           0.332     6.712
[19215].out[0] (.names)                                          0.261     6.973
[4388].in[3] (.names)                                            0.100     7.073
[4388].out[0] (.names)                                           0.261     7.334
[15059].in[4] (.names)                                           0.769     8.103
[15059].out[0] (.names)                                          0.261     8.364
[15050].D[0] (.latch)                                            0.000     8.364
data arrival time                                                          8.364

clock pclk (rise edge)                                           0.000     0.000
clock source latency                                             0.000     0.000
pclk.inpad[0] (.input)                                           0.000     0.000
[15050].clk[0] (.latch)                                          0.042     0.042
clock uncertainty                                                0.000     0.042
cell setup time                                                 -0.066    -0.024
data required time                                                        -0.024
--------------------------------------------------------------------------------
data required time                                                        -0.024
data arrival time                                                         -8.364
--------------------------------------------------------------------------------
slack (VIOLATED)                                                          -8.388


#Path 61
Startpoint: [17752].Q[0] (.latch clocked by pclk)
Endpoint  : [9890].D[0] (.latch clocked by pclk)
Path Type : setup

Point                                                             Incr      Path
--------------------------------------------------------------------------------
clock pclk (rise edge)                                           0.000     0.000
clock source latency                                             0.000     0.000
pclk.inpad[0] (.input)                                           0.000     0.000
[17752].clk[0] (.latch)                                          0.042     0.042
[17752].Q[0] (.latch) [clock-to-output]                          0.124     0.166
[5553].in[4] (.names)                                            0.783     0.950
[5553].out[0] (.names)                                           0.261     1.211
[17552].in[3] (.names)                                           0.482     1.693
[17552].out[0] (.names)                                          0.261     1.954
[17560].in[2] (.names)                                           0.100     2.054
[17560].out[0] (.names)                                          0.261     2.315
nen12_2.in[2] (.names)                                           0.336     2.651
nen12_2.out[0] (.names)                                          0.261     2.912
[17865].in[3] (.names)                                           0.338     3.250
[17865].out[0] (.names)                                          0.261     3.511
[17924].in[3] (.names)                                           0.336     3.847
[17924].out[0] (.names)                                          0.261     4.108
[19153].in[4] (.names)                                           0.335     4.442
[19153].out[0] (.names)                                          0.261     4.703
[19157].in[2] (.names)                                           0.332     5.036
[19157].out[0] (.names)                                          0.261     5.297
[19221].in[2] (.names)                                           0.100     5.397
[19221].out[0] (.names)                                          0.261     5.658
[19227].in[2] (.names)                                           0.100     5.758
[19227].out[0] (.names)                                          0.261     6.019
[19232].in[2] (.names)                                           0.100     6.119
[19232].out[0] (.names)                                          0.261     6.380
[19215].in[2] (.names)                                           0.332     6.712
[19215].out[0] (.names)                                          0.261     6.973
[4388].in[3] (.names)                                            0.100     7.073
[4388].out[0] (.names)                                           0.261     7.334
[9899].in[4] (.names)                                            0.769     8.103
[9899].out[0] (.names)                                           0.261     8.364
[9890].D[0] (.latch)                                             0.000     8.364
data arrival time                                                          8.364

clock pclk (rise edge)                                           0.000     0.000
clock source latency                                             0.000     0.000
pclk.inpad[0] (.input)                                           0.000     0.000
[9890].clk[0] (.latch)                                           0.042     0.042
clock uncertainty                                                0.000     0.042
cell setup time                                                 -0.066    -0.024
data required time                                                        -0.024
--------------------------------------------------------------------------------
data required time                                                        -0.024
data arrival time                                                         -8.364
--------------------------------------------------------------------------------
slack (VIOLATED)                                                          -8.388


#Path 62
Startpoint: [17752].Q[0] (.latch clocked by pclk)
Endpoint  : [4880].D[0] (.latch clocked by pclk)
Path Type : setup

Point                                                             Incr      Path
--------------------------------------------------------------------------------
clock pclk (rise edge)                                           0.000     0.000
clock source latency                                             0.000     0.000
pclk.inpad[0] (.input)                                           0.000     0.000
[17752].clk[0] (.latch)                                          0.042     0.042
[17752].Q[0] (.latch) [clock-to-output]                          0.124     0.166
[5553].in[4] (.names)                                            0.783     0.950
[5553].out[0] (.names)                                           0.261     1.211
[17552].in[3] (.names)                                           0.482     1.693
[17552].out[0] (.names)                                          0.261     1.954
[17560].in[2] (.names)                                           0.100     2.054
[17560].out[0] (.names)                                          0.261     2.315
nen12_2.in[2] (.names)                                           0.336     2.651
nen12_2.out[0] (.names)                                          0.261     2.912
[17865].in[3] (.names)                                           0.338     3.250
[17865].out[0] (.names)                                          0.261     3.511
[17924].in[3] (.names)                                           0.336     3.847
[17924].out[0] (.names)                                          0.261     4.108
[19153].in[4] (.names)                                           0.335     4.442
[19153].out[0] (.names)                                          0.261     4.703
[19157].in[2] (.names)                                           0.332     5.036
[19157].out[0] (.names)                                          0.261     5.297
[19221].in[2] (.names)                                           0.100     5.397
[19221].out[0] (.names)                                          0.261     5.658
[19227].in[2] (.names)                                           0.100     5.758
[19227].out[0] (.names)                                          0.261     6.019
[19232].in[2] (.names)                                           0.100     6.119
[19232].out[0] (.names)                                          0.261     6.380
[19215].in[2] (.names)                                           0.332     6.712
[19215].out[0] (.names)                                          0.261     6.973
[4388].in[3] (.names)                                            0.100     7.073
[4388].out[0] (.names)                                           0.261     7.334
[4889].in[4] (.names)                                            0.769     8.103
[4889].out[0] (.names)                                           0.261     8.364
[4880].D[0] (.latch)                                             0.000     8.364
data arrival time                                                          8.364

clock pclk (rise edge)                                           0.000     0.000
clock source latency                                             0.000     0.000
pclk.inpad[0] (.input)                                           0.000     0.000
[4880].clk[0] (.latch)                                           0.042     0.042
clock uncertainty                                                0.000     0.042
cell setup time                                                 -0.066    -0.024
data required time                                                        -0.024
--------------------------------------------------------------------------------
data required time                                                        -0.024
data arrival time                                                         -8.364
--------------------------------------------------------------------------------
slack (VIOLATED)                                                          -8.388


#Path 63
Startpoint: [17752].Q[0] (.latch clocked by pclk)
Endpoint  : [10730].D[0] (.latch clocked by pclk)
Path Type : setup

Point                                                             Incr      Path
--------------------------------------------------------------------------------
clock pclk (rise edge)                                           0.000     0.000
clock source latency                                             0.000     0.000
pclk.inpad[0] (.input)                                           0.000     0.000
[17752].clk[0] (.latch)                                          0.042     0.042
[17752].Q[0] (.latch) [clock-to-output]                          0.124     0.166
[5553].in[4] (.names)                                            0.783     0.950
[5553].out[0] (.names)                                           0.261     1.211
[17552].in[3] (.names)                                           0.482     1.693
[17552].out[0] (.names)                                          0.261     1.954
[17560].in[2] (.names)                                           0.100     2.054
[17560].out[0] (.names)                                          0.261     2.315
nen12_2.in[2] (.names)                                           0.336     2.651
nen12_2.out[0] (.names)                                          0.261     2.912
[17865].in[3] (.names)                                           0.338     3.250
[17865].out[0] (.names)                                          0.261     3.511
[17924].in[3] (.names)                                           0.336     3.847
[17924].out[0] (.names)                                          0.261     4.108
[19153].in[4] (.names)                                           0.335     4.442
[19153].out[0] (.names)                                          0.261     4.703
[19157].in[2] (.names)                                           0.332     5.036
[19157].out[0] (.names)                                          0.261     5.297
[19221].in[2] (.names)                                           0.100     5.397
[19221].out[0] (.names)                                          0.261     5.658
[19227].in[2] (.names)                                           0.100     5.758
[19227].out[0] (.names)                                          0.261     6.019
[19232].in[2] (.names)                                           0.100     6.119
[19232].out[0] (.names)                                          0.261     6.380
[19215].in[2] (.names)                                           0.332     6.712
[19215].out[0] (.names)                                          0.261     6.973
[19068].in[5] (.names)                                           0.100     7.073
[19068].out[0] (.names)                                          0.261     7.334
[10739].in[4] (.names)                                           0.763     8.097
[10739].out[0] (.names)                                          0.261     8.358
[10730].D[0] (.latch)                                            0.000     8.358
data arrival time                                                          8.358

clock pclk (rise edge)                                           0.000     0.000
clock source latency                                             0.000     0.000
pclk.inpad[0] (.input)                                           0.000     0.000
[10730].clk[0] (.latch)                                          0.042     0.042
clock uncertainty                                                0.000     0.042
cell setup time                                                 -0.066    -0.024
data required time                                                        -0.024
--------------------------------------------------------------------------------
data required time                                                        -0.024
data arrival time                                                         -8.358
--------------------------------------------------------------------------------
slack (VIOLATED)                                                          -8.382


#Path 64
Startpoint: [17752].Q[0] (.latch clocked by pclk)
Endpoint  : [10070].D[0] (.latch clocked by pclk)
Path Type : setup

Point                                                             Incr      Path
--------------------------------------------------------------------------------
clock pclk (rise edge)                                           0.000     0.000
clock source latency                                             0.000     0.000
pclk.inpad[0] (.input)                                           0.000     0.000
[17752].clk[0] (.latch)                                          0.042     0.042
[17752].Q[0] (.latch) [clock-to-output]                          0.124     0.166
[5553].in[4] (.names)                                            0.783     0.950
[5553].out[0] (.names)                                           0.261     1.211
[17552].in[3] (.names)                                           0.482     1.693
[17552].out[0] (.names)                                          0.261     1.954
[17560].in[2] (.names)                                           0.100     2.054
[17560].out[0] (.names)                                          0.261     2.315
nen12_2.in[2] (.names)                                           0.336     2.651
nen12_2.out[0] (.names)                                          0.261     2.912
[17865].in[3] (.names)                                           0.338     3.250
[17865].out[0] (.names)                                          0.261     3.511
[17924].in[3] (.names)                                           0.336     3.847
[17924].out[0] (.names)                                          0.261     4.108
[19153].in[4] (.names)                                           0.335     4.442
[19153].out[0] (.names)                                          0.261     4.703
[19157].in[2] (.names)                                           0.332     5.036
[19157].out[0] (.names)                                          0.261     5.297
[19221].in[2] (.names)                                           0.100     5.397
[19221].out[0] (.names)                                          0.261     5.658
[19227].in[2] (.names)                                           0.100     5.758
[19227].out[0] (.names)                                          0.261     6.019
[19232].in[2] (.names)                                           0.100     6.119
[19232].out[0] (.names)                                          0.261     6.380
[19215].in[2] (.names)                                           0.332     6.712
[19215].out[0] (.names)                                          0.261     6.973
[19068].in[5] (.names)                                           0.100     7.073
[19068].out[0] (.names)                                          0.261     7.334
[10079].in[4] (.names)                                           0.763     8.097
[10079].out[0] (.names)                                          0.261     8.358
[10070].D[0] (.latch)                                            0.000     8.358
data arrival time                                                          8.358

clock pclk (rise edge)                                           0.000     0.000
clock source latency                                             0.000     0.000
pclk.inpad[0] (.input)                                           0.000     0.000
[10070].clk[0] (.latch)                                          0.042     0.042
clock uncertainty                                                0.000     0.042
cell setup time                                                 -0.066    -0.024
data required time                                                        -0.024
--------------------------------------------------------------------------------
data required time                                                        -0.024
data arrival time                                                         -8.358
--------------------------------------------------------------------------------
slack (VIOLATED)                                                          -8.382


#Path 65
Startpoint: [17752].Q[0] (.latch clocked by pclk)
Endpoint  : [4640].D[0] (.latch clocked by pclk)
Path Type : setup

Point                                                             Incr      Path
--------------------------------------------------------------------------------
clock pclk (rise edge)                                           0.000     0.000
clock source latency                                             0.000     0.000
pclk.inpad[0] (.input)                                           0.000     0.000
[17752].clk[0] (.latch)                                          0.042     0.042
[17752].Q[0] (.latch) [clock-to-output]                          0.124     0.166
[5553].in[4] (.names)                                            0.783     0.950
[5553].out[0] (.names)                                           0.261     1.211
[17552].in[3] (.names)                                           0.482     1.693
[17552].out[0] (.names)                                          0.261     1.954
[17560].in[2] (.names)                                           0.100     2.054
[17560].out[0] (.names)                                          0.261     2.315
nrq8_2.in[1] (.names)                                            0.481     2.796
nrq8_2.out[0] (.names)                                           0.261     3.057
[4265].in[2] (.names)                                            0.623     3.681
[4265].out[0] (.names)                                           0.261     3.942
[5291].in[0] (.names)                                            0.475     4.416
[5291].out[0] (.names)                                           0.261     4.677
[17748].in[2] (.names)                                           0.623     5.301
[17748].out[0] (.names)                                          0.261     5.562
[17751].in[3] (.names)                                           0.340     5.902
[17751].out[0] (.names)                                          0.261     6.163
[17755].in[3] (.names)                                           0.335     6.498
[17755].out[0] (.names)                                          0.261     6.759
[19741].in[5] (.names)                                           0.100     6.859
[19741].out[0] (.names)                                          0.261     7.120
[19490].in[2] (.names)                                           0.332     7.452
[19490].out[0] (.names)                                          0.261     7.713
[4649].in[3] (.names)                                            0.338     8.051
[4649].out[0] (.names)                                           0.261     8.312
[4640].D[0] (.latch)                                             0.000     8.312
data arrival time                                                          8.312

clock pclk (rise edge)                                           0.000     0.000
clock source latency                                             0.000     0.000
pclk.inpad[0] (.input)                                           0.000     0.000
[4640].clk[0] (.latch)                                           0.042     0.042
clock uncertainty                                                0.000     0.042
cell setup time                                                 -0.066    -0.024
data required time                                                        -0.024
--------------------------------------------------------------------------------
data required time                                                        -0.024
data arrival time                                                         -8.312
--------------------------------------------------------------------------------
slack (VIOLATED)                                                          -8.336


#Path 66
Startpoint: [17752].Q[0] (.latch clocked by pclk)
Endpoint  : [7460].D[0] (.latch clocked by pclk)
Path Type : setup

Point                                                             Incr      Path
--------------------------------------------------------------------------------
clock pclk (rise edge)                                           0.000     0.000
clock source latency                                             0.000     0.000
pclk.inpad[0] (.input)                                           0.000     0.000
[17752].clk[0] (.latch)                                          0.042     0.042
[17752].Q[0] (.latch) [clock-to-output]                          0.124     0.166
[5553].in[4] (.names)                                            0.783     0.950
[5553].out[0] (.names)                                           0.261     1.211
[17552].in[3] (.names)                                           0.482     1.693
[17552].out[0] (.names)                                          0.261     1.954
[17560].in[2] (.names)                                           0.100     2.054
[17560].out[0] (.names)                                          0.261     2.315
nrq8_2.in[1] (.names)                                            0.481     2.796
nrq8_2.out[0] (.names)                                           0.261     3.057
[4265].in[2] (.names)                                            0.623     3.681
[4265].out[0] (.names)                                           0.261     3.942
[5291].in[0] (.names)                                            0.475     4.416
[5291].out[0] (.names)                                           0.261     4.677
[17748].in[2] (.names)                                           0.623     5.301
[17748].out[0] (.names)                                          0.261     5.562
[17751].in[3] (.names)                                           0.340     5.902
[17751].out[0] (.names)                                          0.261     6.163
[17755].in[3] (.names)                                           0.335     6.498
[17755].out[0] (.names)                                          0.261     6.759
[19741].in[5] (.names)                                           0.100     6.859
[19741].out[0] (.names)                                          0.261     7.120
[19490].in[2] (.names)                                           0.332     7.452
[19490].out[0] (.names)                                          0.261     7.713
[7469].in[5] (.names)                                            0.338     8.051
[7469].out[0] (.names)                                           0.261     8.312
[7460].D[0] (.latch)                                             0.000     8.312
data arrival time                                                          8.312

clock pclk (rise edge)                                           0.000     0.000
clock source latency                                             0.000     0.000
pclk.inpad[0] (.input)                                           0.000     0.000
[7460].clk[0] (.latch)                                           0.042     0.042
clock uncertainty                                                0.000     0.042
cell setup time                                                 -0.066    -0.024
data required time                                                        -0.024
--------------------------------------------------------------------------------
data required time                                                        -0.024
data arrival time                                                         -8.312
--------------------------------------------------------------------------------
slack (VIOLATED)                                                          -8.336


#Path 67
Startpoint: [17752].Q[0] (.latch clocked by pclk)
Endpoint  : [13775].D[0] (.latch clocked by pclk)
Path Type : setup

Point                                                             Incr      Path
--------------------------------------------------------------------------------
clock pclk (rise edge)                                           0.000     0.000
clock source latency                                             0.000     0.000
pclk.inpad[0] (.input)                                           0.000     0.000
[17752].clk[0] (.latch)                                          0.042     0.042
[17752].Q[0] (.latch) [clock-to-output]                          0.124     0.166
[5553].in[4] (.names)                                            0.783     0.950
[5553].out[0] (.names)                                           0.261     1.211
[17552].in[3] (.names)                                           0.482     1.693
[17552].out[0] (.names)                                          0.261     1.954
[17560].in[2] (.names)                                           0.100     2.054
[17560].out[0] (.names)                                          0.261     2.315
nrq8_2.in[1] (.names)                                            0.481     2.796
nrq8_2.out[0] (.names)                                           0.261     3.057
[4265].in[2] (.names)                                            0.623     3.681
[4265].out[0] (.names)                                           0.261     3.942
[5291].in[0] (.names)                                            0.475     4.416
[5291].out[0] (.names)                                           0.261     4.677
[17748].in[2] (.names)                                           0.623     5.301
[17748].out[0] (.names)                                          0.261     5.562
[17751].in[3] (.names)                                           0.340     5.902
[17751].out[0] (.names)                                          0.261     6.163
[17755].in[3] (.names)                                           0.335     6.498
[17755].out[0] (.names)                                          0.261     6.759
[19741].in[5] (.names)                                           0.100     6.859
[19741].out[0] (.names)                                          0.261     7.120
[19490].in[2] (.names)                                           0.332     7.452
[19490].out[0] (.names)                                          0.261     7.713
[13784].in[5] (.names)                                           0.338     8.051
[13784].out[0] (.names)                                          0.261     8.312
[13775].D[0] (.latch)                                            0.000     8.312
data arrival time                                                          8.312

clock pclk (rise edge)                                           0.000     0.000
clock source latency                                             0.000     0.000
pclk.inpad[0] (.input)                                           0.000     0.000
[13775].clk[0] (.latch)                                          0.042     0.042
clock uncertainty                                                0.000     0.042
cell setup time                                                 -0.066    -0.024
data required time                                                        -0.024
--------------------------------------------------------------------------------
data required time                                                        -0.024
data arrival time                                                         -8.312
--------------------------------------------------------------------------------
slack (VIOLATED)                                                          -8.336


#Path 68
Startpoint: [17752].Q[0] (.latch clocked by pclk)
Endpoint  : [11615].D[0] (.latch clocked by pclk)
Path Type : setup

Point                                                             Incr      Path
--------------------------------------------------------------------------------
clock pclk (rise edge)                                           0.000     0.000
clock source latency                                             0.000     0.000
pclk.inpad[0] (.input)                                           0.000     0.000
[17752].clk[0] (.latch)                                          0.042     0.042
[17752].Q[0] (.latch) [clock-to-output]                          0.124     0.166
[5553].in[4] (.names)                                            0.783     0.950
[5553].out[0] (.names)                                           0.261     1.211
[17552].in[3] (.names)                                           0.482     1.693
[17552].out[0] (.names)                                          0.261     1.954
[17560].in[2] (.names)                                           0.100     2.054
[17560].out[0] (.names)                                          0.261     2.315
nrq8_2.in[1] (.names)                                            0.481     2.796
nrq8_2.out[0] (.names)                                           0.261     3.057
[4265].in[2] (.names)                                            0.623     3.681
[4265].out[0] (.names)                                           0.261     3.942
[5291].in[0] (.names)                                            0.475     4.416
[5291].out[0] (.names)                                           0.261     4.677
[17748].in[2] (.names)                                           0.623     5.301
[17748].out[0] (.names)                                          0.261     5.562
[17751].in[3] (.names)                                           0.340     5.902
[17751].out[0] (.names)                                          0.261     6.163
[17755].in[3] (.names)                                           0.335     6.498
[17755].out[0] (.names)                                          0.261     6.759
[19741].in[5] (.names)                                           0.100     6.859
[19741].out[0] (.names)                                          0.261     7.120
[19490].in[2] (.names)                                           0.332     7.452
[19490].out[0] (.names)                                          0.261     7.713
[11624].in[5] (.names)                                           0.338     8.051
[11624].out[0] (.names)                                          0.261     8.312
[11615].D[0] (.latch)                                            0.000     8.312
data arrival time                                                          8.312

clock pclk (rise edge)                                           0.000     0.000
clock source latency                                             0.000     0.000
pclk.inpad[0] (.input)                                           0.000     0.000
[11615].clk[0] (.latch)                                          0.042     0.042
clock uncertainty                                                0.000     0.042
cell setup time                                                 -0.066    -0.024
data required time                                                        -0.024
--------------------------------------------------------------------------------
data required time                                                        -0.024
data arrival time                                                         -8.312
--------------------------------------------------------------------------------
slack (VIOLATED)                                                          -8.336


#Path 69
Startpoint: [17752].Q[0] (.latch clocked by pclk)
Endpoint  : [4820].D[0] (.latch clocked by pclk)
Path Type : setup

Point                                                             Incr      Path
--------------------------------------------------------------------------------
clock pclk (rise edge)                                           0.000     0.000
clock source latency                                             0.000     0.000
pclk.inpad[0] (.input)                                           0.000     0.000
[17752].clk[0] (.latch)                                          0.042     0.042
[17752].Q[0] (.latch) [clock-to-output]                          0.124     0.166
[5553].in[4] (.names)                                            0.783     0.950
[5553].out[0] (.names)                                           0.261     1.211
[17552].in[3] (.names)                                           0.482     1.693
[17552].out[0] (.names)                                          0.261     1.954
[17560].in[2] (.names)                                           0.100     2.054
[17560].out[0] (.names)                                          0.261     2.315
nrq8_2.in[1] (.names)                                            0.481     2.796
nrq8_2.out[0] (.names)                                           0.261     3.057
[4265].in[2] (.names)                                            0.623     3.681
[4265].out[0] (.names)                                           0.261     3.942
[5291].in[0] (.names)                                            0.475     4.416
[5291].out[0] (.names)                                           0.261     4.677
[17748].in[2] (.names)                                           0.623     5.301
[17748].out[0] (.names)                                          0.261     5.562
[17751].in[3] (.names)                                           0.340     5.902
[17751].out[0] (.names)                                          0.261     6.163
[17755].in[3] (.names)                                           0.335     6.498
[17755].out[0] (.names)                                          0.261     6.759
[19741].in[5] (.names)                                           0.100     6.859
[19741].out[0] (.names)                                          0.261     7.120
[19490].in[2] (.names)                                           0.332     7.452
[19490].out[0] (.names)                                          0.261     7.713
[4829].in[3] (.names)                                            0.338     8.051
[4829].out[0] (.names)                                           0.261     8.312
[4820].D[0] (.latch)                                             0.000     8.312
data arrival time                                                          8.312

clock pclk (rise edge)                                           0.000     0.000
clock source latency                                             0.000     0.000
pclk.inpad[0] (.input)                                           0.000     0.000
[4820].clk[0] (.latch)                                           0.042     0.042
clock uncertainty                                                0.000     0.042
cell setup time                                                 -0.066    -0.024
data required time                                                        -0.024
--------------------------------------------------------------------------------
data required time                                                        -0.024
data arrival time                                                         -8.312
--------------------------------------------------------------------------------
slack (VIOLATED)                                                          -8.336


#Path 70
Startpoint: [17752].Q[0] (.latch clocked by pclk)
Endpoint  : [10010].D[0] (.latch clocked by pclk)
Path Type : setup

Point                                                             Incr      Path
--------------------------------------------------------------------------------
clock pclk (rise edge)                                           0.000     0.000
clock source latency                                             0.000     0.000
pclk.inpad[0] (.input)                                           0.000     0.000
[17752].clk[0] (.latch)                                          0.042     0.042
[17752].Q[0] (.latch) [clock-to-output]                          0.124     0.166
[5553].in[4] (.names)                                            0.783     0.950
[5553].out[0] (.names)                                           0.261     1.211
[17552].in[3] (.names)                                           0.482     1.693
[17552].out[0] (.names)                                          0.261     1.954
[17560].in[2] (.names)                                           0.100     2.054
[17560].out[0] (.names)                                          0.261     2.315
nrq8_2.in[1] (.names)                                            0.481     2.796
nrq8_2.out[0] (.names)                                           0.261     3.057
[4265].in[2] (.names)                                            0.623     3.681
[4265].out[0] (.names)                                           0.261     3.942
[5291].in[0] (.names)                                            0.475     4.416
[5291].out[0] (.names)                                           0.261     4.677
[17748].in[2] (.names)                                           0.623     5.301
[17748].out[0] (.names)                                          0.261     5.562
[17751].in[3] (.names)                                           0.340     5.902
[17751].out[0] (.names)                                          0.261     6.163
[17755].in[3] (.names)                                           0.335     6.498
[17755].out[0] (.names)                                          0.261     6.759
[19741].in[5] (.names)                                           0.100     6.859
[19741].out[0] (.names)                                          0.261     7.120
[19490].in[2] (.names)                                           0.332     7.452
[19490].out[0] (.names)                                          0.261     7.713
[10019].in[3] (.names)                                           0.338     8.051
[10019].out[0] (.names)                                          0.261     8.312
[10010].D[0] (.latch)                                            0.000     8.312
data arrival time                                                          8.312

clock pclk (rise edge)                                           0.000     0.000
clock source latency                                             0.000     0.000
pclk.inpad[0] (.input)                                           0.000     0.000
[10010].clk[0] (.latch)                                          0.042     0.042
clock uncertainty                                                0.000     0.042
cell setup time                                                 -0.066    -0.024
data required time                                                        -0.024
--------------------------------------------------------------------------------
data required time                                                        -0.024
data arrival time                                                         -8.312
--------------------------------------------------------------------------------
slack (VIOLATED)                                                          -8.336


#Path 71
Startpoint: [17752].Q[0] (.latch clocked by pclk)
Endpoint  : [14120].D[0] (.latch clocked by pclk)
Path Type : setup

Point                                                             Incr      Path
--------------------------------------------------------------------------------
clock pclk (rise edge)                                           0.000     0.000
clock source latency                                             0.000     0.000
pclk.inpad[0] (.input)                                           0.000     0.000
[17752].clk[0] (.latch)                                          0.042     0.042
[17752].Q[0] (.latch) [clock-to-output]                          0.124     0.166
[5553].in[4] (.names)                                            0.783     0.950
[5553].out[0] (.names)                                           0.261     1.211
[17552].in[3] (.names)                                           0.482     1.693
[17552].out[0] (.names)                                          0.261     1.954
[17560].in[2] (.names)                                           0.100     2.054
[17560].out[0] (.names)                                          0.261     2.315
nrq8_2.in[1] (.names)                                            0.481     2.796
nrq8_2.out[0] (.names)                                           0.261     3.057
[4265].in[2] (.names)                                            0.623     3.681
[4265].out[0] (.names)                                           0.261     3.942
[5291].in[0] (.names)                                            0.475     4.416
[5291].out[0] (.names)                                           0.261     4.677
[17748].in[2] (.names)                                           0.623     5.301
[17748].out[0] (.names)                                          0.261     5.562
[17751].in[3] (.names)                                           0.340     5.902
[17751].out[0] (.names)                                          0.261     6.163
[17755].in[3] (.names)                                           0.335     6.498
[17755].out[0] (.names)                                          0.261     6.759
[19741].in[5] (.names)                                           0.100     6.859
[19741].out[0] (.names)                                          0.261     7.120
[19490].in[2] (.names)                                           0.332     7.452
[19490].out[0] (.names)                                          0.261     7.713
[14129].in[3] (.names)                                           0.336     8.049
[14129].out[0] (.names)                                          0.261     8.310
[14120].D[0] (.latch)                                            0.000     8.310
data arrival time                                                          8.310

clock pclk (rise edge)                                           0.000     0.000
clock source latency                                             0.000     0.000
pclk.inpad[0] (.input)                                           0.000     0.000
[14120].clk[0] (.latch)                                          0.042     0.042
clock uncertainty                                                0.000     0.042
cell setup time                                                 -0.066    -0.024
data required time                                                        -0.024
--------------------------------------------------------------------------------
data required time                                                        -0.024
data arrival time                                                         -8.310
--------------------------------------------------------------------------------
slack (VIOLATED)                                                          -8.333


#Path 72
Startpoint: [17752].Q[0] (.latch clocked by pclk)
Endpoint  : [5360].D[0] (.latch clocked by pclk)
Path Type : setup

Point                                                             Incr      Path
--------------------------------------------------------------------------------
clock pclk (rise edge)                                           0.000     0.000
clock source latency                                             0.000     0.000
pclk.inpad[0] (.input)                                           0.000     0.000
[17752].clk[0] (.latch)                                          0.042     0.042
[17752].Q[0] (.latch) [clock-to-output]                          0.124     0.166
[5553].in[4] (.names)                                            0.783     0.950
[5553].out[0] (.names)                                           0.261     1.211
[17552].in[3] (.names)                                           0.482     1.693
[17552].out[0] (.names)                                          0.261     1.954
[17560].in[2] (.names)                                           0.100     2.054
[17560].out[0] (.names)                                          0.261     2.315
nrq8_2.in[1] (.names)                                            0.481     2.796
nrq8_2.out[0] (.names)                                           0.261     3.057
[4265].in[2] (.names)                                            0.623     3.681
[4265].out[0] (.names)                                           0.261     3.942
[5291].in[0] (.names)                                            0.475     4.416
[5291].out[0] (.names)                                           0.261     4.677
[17748].in[2] (.names)                                           0.623     5.301
[17748].out[0] (.names)                                          0.261     5.562
[17751].in[3] (.names)                                           0.340     5.902
[17751].out[0] (.names)                                          0.261     6.163
[17755].in[3] (.names)                                           0.335     6.498
[17755].out[0] (.names)                                          0.261     6.759
[19741].in[5] (.names)                                           0.100     6.859
[19741].out[0] (.names)                                          0.261     7.120
[19490].in[2] (.names)                                           0.332     7.452
[19490].out[0] (.names)                                          0.261     7.713
[5369].in[3] (.names)                                            0.336     8.049
[5369].out[0] (.names)                                           0.261     8.310
[5360].D[0] (.latch)                                             0.000     8.310
data arrival time                                                          8.310

clock pclk (rise edge)                                           0.000     0.000
clock source latency                                             0.000     0.000
pclk.inpad[0] (.input)                                           0.000     0.000
[5360].clk[0] (.latch)                                           0.042     0.042
clock uncertainty                                                0.000     0.042
cell setup time                                                 -0.066    -0.024
data required time                                                        -0.024
--------------------------------------------------------------------------------
data required time                                                        -0.024
data arrival time                                                         -8.310
--------------------------------------------------------------------------------
slack (VIOLATED)                                                          -8.333


#Path 73
Startpoint: [17752].Q[0] (.latch clocked by pclk)
Endpoint  : paddress_5_5_.D[0] (.latch clocked by pclk)
Path Type : setup

Point                                                             Incr      Path
--------------------------------------------------------------------------------
clock pclk (rise edge)                                           0.000     0.000
clock source latency                                             0.000     0.000
pclk.inpad[0] (.input)                                           0.000     0.000
[17752].clk[0] (.latch)                                          0.042     0.042
[17752].Q[0] (.latch) [clock-to-output]                          0.124     0.166
[5553].in[4] (.names)                                            0.783     0.950
[5553].out[0] (.names)                                           0.261     1.211
[17552].in[3] (.names)                                           0.482     1.693
[17552].out[0] (.names)                                          0.261     1.954
[17560].in[2] (.names)                                           0.100     2.054
[17560].out[0] (.names)                                          0.261     2.315
nen17_4.in[2] (.names)                                           0.336     2.651
nen17_4.out[0] (.names)                                          0.261     2.912
[4234].in[3] (.names)                                            0.616     3.528
[4234].out[0] (.names)                                           0.261     3.789
[2392].in[2] (.names)                                            2.040     5.829
[2392].out[0] (.names)                                           0.261     6.090
[19107].in[5] (.names)                                           0.626     6.715
[19107].out[0] (.names)                                          0.261     6.976
[18542].in[5] (.names)                                           1.042     8.018
[18542].out[0] (.names)                                          0.261     8.279
paddress_5_5_.D[0] (.latch)                                      0.000     8.279
data arrival time                                                          8.279

clock pclk (rise edge)                                           0.000     0.000
clock source latency                                             0.000     0.000
pclk.inpad[0] (.input)                                           0.000     0.000
paddress_5_5_.clk[0] (.latch)                                    0.042     0.042
clock uncertainty                                                0.000     0.042
cell setup time                                                 -0.066    -0.024
data required time                                                        -0.024
--------------------------------------------------------------------------------
data required time                                                        -0.024
data arrival time                                                         -8.279
--------------------------------------------------------------------------------
slack (VIOLATED)                                                          -8.303


#Path 74
Startpoint: [17752].Q[0] (.latch clocked by pclk)
Endpoint  : [5450].D[0] (.latch clocked by pclk)
Path Type : setup

Point                                                             Incr      Path
--------------------------------------------------------------------------------
clock pclk (rise edge)                                           0.000     0.000
clock source latency                                             0.000     0.000
pclk.inpad[0] (.input)                                           0.000     0.000
[17752].clk[0] (.latch)                                          0.042     0.042
[17752].Q[0] (.latch) [clock-to-output]                          0.124     0.166
[5553].in[4] (.names)                                            0.783     0.950
[5553].out[0] (.names)                                           0.261     1.211
[17552].in[3] (.names)                                           0.482     1.693
[17552].out[0] (.names)                                          0.261     1.954
[17560].in[2] (.names)                                           0.100     2.054
[17560].out[0] (.names)                                          0.261     2.315
nrq8_2.in[1] (.names)                                            0.481     2.796
nrq8_2.out[0] (.names)                                           0.261     3.057
[4265].in[2] (.names)                                            0.623     3.681
[4265].out[0] (.names)                                           0.261     3.942
[5291].in[0] (.names)                                            0.475     4.416
[5291].out[0] (.names)                                           0.261     4.677
[17748].in[2] (.names)                                           0.623     5.301
[17748].out[0] (.names)                                          0.261     5.562
[17751].in[3] (.names)                                           0.340     5.902
[17751].out[0] (.names)                                          0.261     6.163
[19735].in[5] (.names)                                           0.338     6.501
[19735].out[0] (.names)                                          0.261     6.762
[5459].in[2] (.names)                                            1.234     7.996
[5459].out[0] (.names)                                           0.261     8.257
[5450].D[0] (.latch)                                             0.000     8.257
data arrival time                                                          8.257

clock pclk (rise edge)                                           0.000     0.000
clock source latency                                             0.000     0.000
pclk.inpad[0] (.input)                                           0.000     0.000
[5450].clk[0] (.latch)                                           0.042     0.042
clock uncertainty                                                0.000     0.042
cell setup time                                                 -0.066    -0.024
data required time                                                        -0.024
--------------------------------------------------------------------------------
data required time                                                        -0.024
data arrival time                                                         -8.257
--------------------------------------------------------------------------------
slack (VIOLATED)                                                          -8.281


#Path 75
Startpoint: [17752].Q[0] (.latch clocked by pclk)
Endpoint  : [14165].D[0] (.latch clocked by pclk)
Path Type : setup

Point                                                             Incr      Path
--------------------------------------------------------------------------------
clock pclk (rise edge)                                           0.000     0.000
clock source latency                                             0.000     0.000
pclk.inpad[0] (.input)                                           0.000     0.000
[17752].clk[0] (.latch)                                          0.042     0.042
[17752].Q[0] (.latch) [clock-to-output]                          0.124     0.166
[5553].in[4] (.names)                                            0.783     0.950
[5553].out[0] (.names)                                           0.261     1.211
[17552].in[3] (.names)                                           0.482     1.693
[17552].out[0] (.names)                                          0.261     1.954
[17560].in[2] (.names)                                           0.100     2.054
[17560].out[0] (.names)                                          0.261     2.315
nrq8_2.in[1] (.names)                                            0.481     2.796
nrq8_2.out[0] (.names)                                           0.261     3.057
[4265].in[2] (.names)                                            0.623     3.681
[4265].out[0] (.names)                                           0.261     3.942
[5291].in[0] (.names)                                            0.475     4.416
[5291].out[0] (.names)                                           0.261     4.677
[4442].in[3] (.names)                                            0.340     5.018
[4442].out[0] (.names)                                           0.261     5.279
[5173].in[3] (.names)                                            0.335     5.613
[5173].out[0] (.names)                                           0.261     5.874
[19520].in[4] (.names)                                           0.332     6.207
[19520].out[0] (.names)                                          0.261     6.468
[19526].in[3] (.names)                                           0.925     7.393
[19526].out[0] (.names)                                          0.261     7.654
[14174].in[5] (.names)                                           0.336     7.990
[14174].out[0] (.names)                                          0.261     8.251
[14165].D[0] (.latch)                                            0.000     8.251
data arrival time                                                          8.251

clock pclk (rise edge)                                           0.000     0.000
clock source latency                                             0.000     0.000
pclk.inpad[0] (.input)                                           0.000     0.000
[14165].clk[0] (.latch)                                          0.042     0.042
clock uncertainty                                                0.000     0.042
cell setup time                                                 -0.066    -0.024
data required time                                                        -0.024
--------------------------------------------------------------------------------
data required time                                                        -0.024
data arrival time                                                         -8.251
--------------------------------------------------------------------------------
slack (VIOLATED)                                                          -8.274


#Path 76
Startpoint: [17752].Q[0] (.latch clocked by pclk)
Endpoint  : [5465].D[0] (.latch clocked by pclk)
Path Type : setup

Point                                                             Incr      Path
--------------------------------------------------------------------------------
clock pclk (rise edge)                                           0.000     0.000
clock source latency                                             0.000     0.000
pclk.inpad[0] (.input)                                           0.000     0.000
[17752].clk[0] (.latch)                                          0.042     0.042
[17752].Q[0] (.latch) [clock-to-output]                          0.124     0.166
[5553].in[4] (.names)                                            0.783     0.950
[5553].out[0] (.names)                                           0.261     1.211
[17552].in[3] (.names)                                           0.482     1.693
[17552].out[0] (.names)                                          0.261     1.954
[17560].in[2] (.names)                                           0.100     2.054
[17560].out[0] (.names)                                          0.261     2.315
nrq8_2.in[1] (.names)                                            0.481     2.796
nrq8_2.out[0] (.names)                                           0.261     3.057
[4265].in[2] (.names)                                            0.623     3.681
[4265].out[0] (.names)                                           0.261     3.942
[5291].in[0] (.names)                                            0.475     4.416
[5291].out[0] (.names)                                           0.261     4.677
[4442].in[3] (.names)                                            0.340     5.018
[4442].out[0] (.names)                                           0.261     5.279
[5173].in[3] (.names)                                            0.335     5.613
[5173].out[0] (.names)                                           0.261     5.874
[19520].in[4] (.names)                                           0.332     6.207
[19520].out[0] (.names)                                          0.261     6.468
[19526].in[3] (.names)                                           0.925     7.393
[19526].out[0] (.names)                                          0.261     7.654
[5474].in[5] (.names)                                            0.336     7.990
[5474].out[0] (.names)                                           0.261     8.251
[5465].D[0] (.latch)                                             0.000     8.251
data arrival time                                                          8.251

clock pclk (rise edge)                                           0.000     0.000
clock source latency                                             0.000     0.000
pclk.inpad[0] (.input)                                           0.000     0.000
[5465].clk[0] (.latch)                                           0.042     0.042
clock uncertainty                                                0.000     0.042
cell setup time                                                 -0.066    -0.024
data required time                                                        -0.024
--------------------------------------------------------------------------------
data required time                                                        -0.024
data arrival time                                                         -8.251
--------------------------------------------------------------------------------
slack (VIOLATED)                                                          -8.274


#Path 77
Startpoint: [17752].Q[0] (.latch clocked by pclk)
Endpoint  : [9305].D[0] (.latch clocked by pclk)
Path Type : setup

Point                                                             Incr      Path
--------------------------------------------------------------------------------
clock pclk (rise edge)                                           0.000     0.000
clock source latency                                             0.000     0.000
pclk.inpad[0] (.input)                                           0.000     0.000
[17752].clk[0] (.latch)                                          0.042     0.042
[17752].Q[0] (.latch) [clock-to-output]                          0.124     0.166
[5553].in[4] (.names)                                            0.783     0.950
[5553].out[0] (.names)                                           0.261     1.211
[17552].in[3] (.names)                                           0.482     1.693
[17552].out[0] (.names)                                          0.261     1.954
[17560].in[2] (.names)                                           0.100     2.054
[17560].out[0] (.names)                                          0.261     2.315
nrq8_2.in[1] (.names)                                            0.481     2.796
nrq8_2.out[0] (.names)                                           0.261     3.057
[4265].in[2] (.names)                                            0.623     3.681
[4265].out[0] (.names)                                           0.261     3.942
[5291].in[0] (.names)                                            0.475     4.416
[5291].out[0] (.names)                                           0.261     4.677
[17748].in[2] (.names)                                           0.623     5.301
[17748].out[0] (.names)                                          0.261     5.562
[17751].in[3] (.names)                                           0.340     5.902
[17751].out[0] (.names)                                          0.261     6.163
[19735].in[5] (.names)                                           0.338     6.501
[19735].out[0] (.names)                                          0.261     6.762
[9314].in[2] (.names)                                            1.212     7.974
[9314].out[0] (.names)                                           0.261     8.235
[9305].D[0] (.latch)                                             0.000     8.235
data arrival time                                                          8.235

clock pclk (rise edge)                                           0.000     0.000
clock source latency                                             0.000     0.000
pclk.inpad[0] (.input)                                           0.000     0.000
[9305].clk[0] (.latch)                                           0.042     0.042
clock uncertainty                                                0.000     0.042
cell setup time                                                 -0.066    -0.024
data required time                                                        -0.024
--------------------------------------------------------------------------------
data required time                                                        -0.024
data arrival time                                                         -8.235
--------------------------------------------------------------------------------
slack (VIOLATED)                                                          -8.259


#Path 78
Startpoint: [17752].Q[0] (.latch clocked by pclk)
Endpoint  : [6320].D[0] (.latch clocked by pclk)
Path Type : setup

Point                                                             Incr      Path
--------------------------------------------------------------------------------
clock pclk (rise edge)                                           0.000     0.000
clock source latency                                             0.000     0.000
pclk.inpad[0] (.input)                                           0.000     0.000
[17752].clk[0] (.latch)                                          0.042     0.042
[17752].Q[0] (.latch) [clock-to-output]                          0.124     0.166
[5553].in[4] (.names)                                            0.783     0.950
[5553].out[0] (.names)                                           0.261     1.211
[17552].in[3] (.names)                                           0.482     1.693
[17552].out[0] (.names)                                          0.261     1.954
[17560].in[2] (.names)                                           0.100     2.054
[17560].out[0] (.names)                                          0.261     2.315
nen12_2.in[2] (.names)                                           0.336     2.651
nen12_2.out[0] (.names)                                          0.261     2.912
[17865].in[3] (.names)                                           0.338     3.250
[17865].out[0] (.names)                                          0.261     3.511
[17924].in[3] (.names)                                           0.336     3.847
[17924].out[0] (.names)                                          0.261     4.108
[19153].in[4] (.names)                                           0.335     4.442
[19153].out[0] (.names)                                          0.261     4.703
[19157].in[2] (.names)                                           0.332     5.036
[19157].out[0] (.names)                                          0.261     5.297
[19221].in[2] (.names)                                           0.100     5.397
[19221].out[0] (.names)                                          0.261     5.658
[19227].in[2] (.names)                                           0.100     5.758
[19227].out[0] (.names)                                          0.261     6.019
[19232].in[2] (.names)                                           0.100     6.119
[19232].out[0] (.names)                                          0.261     6.380
[19215].in[2] (.names)                                           0.332     6.712
[19215].out[0] (.names)                                          0.261     6.973
[4388].in[3] (.names)                                            0.100     7.073
[4388].out[0] (.names)                                           0.261     7.334
[6329].in[4] (.names)                                            0.628     7.962
[6329].out[0] (.names)                                           0.261     8.223
[6320].D[0] (.latch)                                             0.000     8.223
data arrival time                                                          8.223

clock pclk (rise edge)                                           0.000     0.000
clock source latency                                             0.000     0.000
pclk.inpad[0] (.input)                                           0.000     0.000
[6320].clk[0] (.latch)                                           0.042     0.042
clock uncertainty                                                0.000     0.042
cell setup time                                                 -0.066    -0.024
data required time                                                        -0.024
--------------------------------------------------------------------------------
data required time                                                        -0.024
data arrival time                                                         -8.223
--------------------------------------------------------------------------------
slack (VIOLATED)                                                          -8.246


#Path 79
Startpoint: [17752].Q[0] (.latch clocked by pclk)
Endpoint  : [8210].D[0] (.latch clocked by pclk)
Path Type : setup

Point                                                             Incr      Path
--------------------------------------------------------------------------------
clock pclk (rise edge)                                           0.000     0.000
clock source latency                                             0.000     0.000
pclk.inpad[0] (.input)                                           0.000     0.000
[17752].clk[0] (.latch)                                          0.042     0.042
[17752].Q[0] (.latch) [clock-to-output]                          0.124     0.166
[5553].in[4] (.names)                                            0.783     0.950
[5553].out[0] (.names)                                           0.261     1.211
[17552].in[3] (.names)                                           0.482     1.693
[17552].out[0] (.names)                                          0.261     1.954
[17560].in[2] (.names)                                           0.100     2.054
[17560].out[0] (.names)                                          0.261     2.315
nen12_2.in[2] (.names)                                           0.336     2.651
nen12_2.out[0] (.names)                                          0.261     2.912
[17865].in[3] (.names)                                           0.338     3.250
[17865].out[0] (.names)                                          0.261     3.511
[17924].in[3] (.names)                                           0.336     3.847
[17924].out[0] (.names)                                          0.261     4.108
[19153].in[4] (.names)                                           0.335     4.442
[19153].out[0] (.names)                                          0.261     4.703
[19157].in[2] (.names)                                           0.332     5.036
[19157].out[0] (.names)                                          0.261     5.297
[19221].in[2] (.names)                                           0.100     5.397
[19221].out[0] (.names)                                          0.261     5.658
[19227].in[2] (.names)                                           0.100     5.758
[19227].out[0] (.names)                                          0.261     6.019
[19232].in[2] (.names)                                           0.100     6.119
[19232].out[0] (.names)                                          0.261     6.380
[19215].in[2] (.names)                                           0.332     6.712
[19215].out[0] (.names)                                          0.261     6.973
[4388].in[3] (.names)                                            0.100     7.073
[4388].out[0] (.names)                                           0.261     7.334
[8219].in[4] (.names)                                            0.623     7.957
[8219].out[0] (.names)                                           0.261     8.219
[8210].D[0] (.latch)                                             0.000     8.219
data arrival time                                                          8.219

clock pclk (rise edge)                                           0.000     0.000
clock source latency                                             0.000     0.000
pclk.inpad[0] (.input)                                           0.000     0.000
[8210].clk[0] (.latch)                                           0.042     0.042
clock uncertainty                                                0.000     0.042
cell setup time                                                 -0.066    -0.024
data required time                                                        -0.024
--------------------------------------------------------------------------------
data required time                                                        -0.024
data arrival time                                                         -8.219
--------------------------------------------------------------------------------
slack (VIOLATED)                                                          -8.242


#Path 80
Startpoint: [17752].Q[0] (.latch clocked by pclk)
Endpoint  : [7505].D[0] (.latch clocked by pclk)
Path Type : setup

Point                                                             Incr      Path
--------------------------------------------------------------------------------
clock pclk (rise edge)                                           0.000     0.000
clock source latency                                             0.000     0.000
pclk.inpad[0] (.input)                                           0.000     0.000
[17752].clk[0] (.latch)                                          0.042     0.042
[17752].Q[0] (.latch) [clock-to-output]                          0.124     0.166
[5553].in[4] (.names)                                            0.783     0.950
[5553].out[0] (.names)                                           0.261     1.211
[17552].in[3] (.names)                                           0.482     1.693
[17552].out[0] (.names)                                          0.261     1.954
[17560].in[2] (.names)                                           0.100     2.054
[17560].out[0] (.names)                                          0.261     2.315
nrq8_2.in[1] (.names)                                            0.481     2.796
nrq8_2.out[0] (.names)                                           0.261     3.057
[4265].in[2] (.names)                                            0.623     3.681
[4265].out[0] (.names)                                           0.261     3.942
[5291].in[0] (.names)                                            0.475     4.416
[5291].out[0] (.names)                                           0.261     4.677
[17748].in[2] (.names)                                           0.623     5.301
[17748].out[0] (.names)                                          0.261     5.562
[17751].in[3] (.names)                                           0.340     5.902
[17751].out[0] (.names)                                          0.261     6.163
[17755].in[3] (.names)                                           0.335     6.498
[17755].out[0] (.names)                                          0.261     6.759
[19741].in[5] (.names)                                           0.100     6.859
[19741].out[0] (.names)                                          0.261     7.120
[19395].in[2] (.names)                                           0.472     7.592
[19395].out[0] (.names)                                          0.261     7.853
[7514].in[4] (.names)                                            0.100     7.953
[7514].out[0] (.names)                                           0.261     8.214
[7505].D[0] (.latch)                                             0.000     8.214
data arrival time                                                          8.214

clock pclk (rise edge)                                           0.000     0.000
clock source latency                                             0.000     0.000
pclk.inpad[0] (.input)                                           0.000     0.000
[7505].clk[0] (.latch)                                           0.042     0.042
clock uncertainty                                                0.000     0.042
cell setup time                                                 -0.066    -0.024
data required time                                                        -0.024
--------------------------------------------------------------------------------
data required time                                                        -0.024
data arrival time                                                         -8.214
--------------------------------------------------------------------------------
slack (VIOLATED)                                                          -8.238


#Path 81
Startpoint: [17752].Q[0] (.latch clocked by pclk)
Endpoint  : [6830].D[0] (.latch clocked by pclk)
Path Type : setup

Point                                                             Incr      Path
--------------------------------------------------------------------------------
clock pclk (rise edge)                                           0.000     0.000
clock source latency                                             0.000     0.000
pclk.inpad[0] (.input)                                           0.000     0.000
[17752].clk[0] (.latch)                                          0.042     0.042
[17752].Q[0] (.latch) [clock-to-output]                          0.124     0.166
[5553].in[4] (.names)                                            0.783     0.950
[5553].out[0] (.names)                                           0.261     1.211
[17552].in[3] (.names)                                           0.482     1.693
[17552].out[0] (.names)                                          0.261     1.954
[17560].in[2] (.names)                                           0.100     2.054
[17560].out[0] (.names)                                          0.261     2.315
nrq8_2.in[1] (.names)                                            0.481     2.796
nrq8_2.out[0] (.names)                                           0.261     3.057
[4265].in[2] (.names)                                            0.623     3.681
[4265].out[0] (.names)                                           0.261     3.942
[5291].in[0] (.names)                                            0.475     4.416
[5291].out[0] (.names)                                           0.261     4.677
[17748].in[2] (.names)                                           0.623     5.301
[17748].out[0] (.names)                                          0.261     5.562
[17751].in[3] (.names)                                           0.340     5.902
[17751].out[0] (.names)                                          0.261     6.163
[17755].in[3] (.names)                                           0.335     6.498
[17755].out[0] (.names)                                          0.261     6.759
[19741].in[5] (.names)                                           0.100     6.859
[19741].out[0] (.names)                                          0.261     7.120
[19395].in[2] (.names)                                           0.472     7.592
[19395].out[0] (.names)                                          0.261     7.853
[6839].in[2] (.names)                                            0.100     7.953
[6839].out[0] (.names)                                           0.261     8.214
[6830].D[0] (.latch)                                             0.000     8.214
data arrival time                                                          8.214

clock pclk (rise edge)                                           0.000     0.000
clock source latency                                             0.000     0.000
pclk.inpad[0] (.input)                                           0.000     0.000
[6830].clk[0] (.latch)                                           0.042     0.042
clock uncertainty                                                0.000     0.042
cell setup time                                                 -0.066    -0.024
data required time                                                        -0.024
--------------------------------------------------------------------------------
data required time                                                        -0.024
data arrival time                                                         -8.214
--------------------------------------------------------------------------------
slack (VIOLATED)                                                          -8.238


#Path 82
Startpoint: [17752].Q[0] (.latch clocked by pclk)
Endpoint  : [15335].D[0] (.latch clocked by pclk)
Path Type : setup

Point                                                             Incr      Path
--------------------------------------------------------------------------------
clock pclk (rise edge)                                           0.000     0.000
clock source latency                                             0.000     0.000
pclk.inpad[0] (.input)                                           0.000     0.000
[17752].clk[0] (.latch)                                          0.042     0.042
[17752].Q[0] (.latch) [clock-to-output]                          0.124     0.166
[5553].in[4] (.names)                                            0.783     0.950
[5553].out[0] (.names)                                           0.261     1.211
[17552].in[3] (.names)                                           0.482     1.693
[17552].out[0] (.names)                                          0.261     1.954
[17560].in[2] (.names)                                           0.100     2.054
[17560].out[0] (.names)                                          0.261     2.315
nrq8_2.in[1] (.names)                                            0.481     2.796
nrq8_2.out[0] (.names)                                           0.261     3.057
[4265].in[2] (.names)                                            0.623     3.681
[4265].out[0] (.names)                                           0.261     3.942
[5291].in[0] (.names)                                            0.475     4.416
[5291].out[0] (.names)                                           0.261     4.677
[17748].in[2] (.names)                                           0.623     5.301
[17748].out[0] (.names)                                          0.261     5.562
[17751].in[3] (.names)                                           0.340     5.902
[17751].out[0] (.names)                                          0.261     6.163
[17755].in[3] (.names)                                           0.335     6.498
[17755].out[0] (.names)                                          0.261     6.759
[19741].in[5] (.names)                                           0.100     6.859
[19741].out[0] (.names)                                          0.261     7.120
[19395].in[2] (.names)                                           0.472     7.592
[19395].out[0] (.names)                                          0.261     7.853
[15344].in[2] (.names)                                           0.100     7.953
[15344].out[0] (.names)                                          0.261     8.214
[15335].D[0] (.latch)                                            0.000     8.214
data arrival time                                                          8.214

clock pclk (rise edge)                                           0.000     0.000
clock source latency                                             0.000     0.000
pclk.inpad[0] (.input)                                           0.000     0.000
[15335].clk[0] (.latch)                                          0.042     0.042
clock uncertainty                                                0.000     0.042
cell setup time                                                 -0.066    -0.024
data required time                                                        -0.024
--------------------------------------------------------------------------------
data required time                                                        -0.024
data arrival time                                                         -8.214
--------------------------------------------------------------------------------
slack (VIOLATED)                                                          -8.238


#Path 83
Startpoint: [17752].Q[0] (.latch clocked by pclk)
Endpoint  : [4655].D[0] (.latch clocked by pclk)
Path Type : setup

Point                                                             Incr      Path
--------------------------------------------------------------------------------
clock pclk (rise edge)                                           0.000     0.000
clock source latency                                             0.000     0.000
pclk.inpad[0] (.input)                                           0.000     0.000
[17752].clk[0] (.latch)                                          0.042     0.042
[17752].Q[0] (.latch) [clock-to-output]                          0.124     0.166
[5553].in[4] (.names)                                            0.783     0.950
[5553].out[0] (.names)                                           0.261     1.211
[17552].in[3] (.names)                                           0.482     1.693
[17552].out[0] (.names)                                          0.261     1.954
[17560].in[2] (.names)                                           0.100     2.054
[17560].out[0] (.names)                                          0.261     2.315
nrq8_2.in[1] (.names)                                            0.481     2.796
nrq8_2.out[0] (.names)                                           0.261     3.057
[4265].in[2] (.names)                                            0.623     3.681
[4265].out[0] (.names)                                           0.261     3.942
[5291].in[0] (.names)                                            0.475     4.416
[5291].out[0] (.names)                                           0.261     4.677
[17748].in[2] (.names)                                           0.623     5.301
[17748].out[0] (.names)                                          0.261     5.562
[17751].in[3] (.names)                                           0.340     5.902
[17751].out[0] (.names)                                          0.261     6.163
[17755].in[3] (.names)                                           0.335     6.498
[17755].out[0] (.names)                                          0.261     6.759
[19741].in[5] (.names)                                           0.100     6.859
[19741].out[0] (.names)                                          0.261     7.120
[19395].in[2] (.names)                                           0.472     7.592
[19395].out[0] (.names)                                          0.261     7.853
[4664].in[4] (.names)                                            0.100     7.953
[4664].out[0] (.names)                                           0.261     8.214
[4655].D[0] (.latch)                                             0.000     8.214
data arrival time                                                          8.214

clock pclk (rise edge)                                           0.000     0.000
clock source latency                                             0.000     0.000
pclk.inpad[0] (.input)                                           0.000     0.000
[4655].clk[0] (.latch)                                           0.042     0.042
clock uncertainty                                                0.000     0.042
cell setup time                                                 -0.066    -0.024
data required time                                                        -0.024
--------------------------------------------------------------------------------
data required time                                                        -0.024
data arrival time                                                         -8.214
--------------------------------------------------------------------------------
slack (VIOLATED)                                                          -8.238


#Path 84
Startpoint: [17752].Q[0] (.latch clocked by pclk)
Endpoint  : [13415].D[0] (.latch clocked by pclk)
Path Type : setup

Point                                                             Incr      Path
--------------------------------------------------------------------------------
clock pclk (rise edge)                                           0.000     0.000
clock source latency                                             0.000     0.000
pclk.inpad[0] (.input)                                           0.000     0.000
[17752].clk[0] (.latch)                                          0.042     0.042
[17752].Q[0] (.latch) [clock-to-output]                          0.124     0.166
[5553].in[4] (.names)                                            0.783     0.950
[5553].out[0] (.names)                                           0.261     1.211
[17552].in[3] (.names)                                           0.482     1.693
[17552].out[0] (.names)                                          0.261     1.954
[17560].in[2] (.names)                                           0.100     2.054
[17560].out[0] (.names)                                          0.261     2.315
nrq8_2.in[1] (.names)                                            0.481     2.796
nrq8_2.out[0] (.names)                                           0.261     3.057
[4265].in[2] (.names)                                            0.623     3.681
[4265].out[0] (.names)                                           0.261     3.942
[5291].in[0] (.names)                                            0.475     4.416
[5291].out[0] (.names)                                           0.261     4.677
[17748].in[2] (.names)                                           0.623     5.301
[17748].out[0] (.names)                                          0.261     5.562
[17751].in[3] (.names)                                           0.340     5.902
[17751].out[0] (.names)                                          0.261     6.163
[17755].in[3] (.names)                                           0.335     6.498
[17755].out[0] (.names)                                          0.261     6.759
[19741].in[5] (.names)                                           0.100     6.859
[19741].out[0] (.names)                                          0.261     7.120
[19395].in[2] (.names)                                           0.472     7.592
[19395].out[0] (.names)                                          0.261     7.853
[13424].in[2] (.names)                                           0.100     7.953
[13424].out[0] (.names)                                          0.261     8.214
[13415].D[0] (.latch)                                            0.000     8.214
data arrival time                                                          8.214

clock pclk (rise edge)                                           0.000     0.000
clock source latency                                             0.000     0.000
pclk.inpad[0] (.input)                                           0.000     0.000
[13415].clk[0] (.latch)                                          0.042     0.042
clock uncertainty                                                0.000     0.042
cell setup time                                                 -0.066    -0.024
data required time                                                        -0.024
--------------------------------------------------------------------------------
data required time                                                        -0.024
data arrival time                                                         -8.214
--------------------------------------------------------------------------------
slack (VIOLATED)                                                          -8.238


#Path 85
Startpoint: [17752].Q[0] (.latch clocked by pclk)
Endpoint  : [11390].D[0] (.latch clocked by pclk)
Path Type : setup

Point                                                             Incr      Path
--------------------------------------------------------------------------------
clock pclk (rise edge)                                           0.000     0.000
clock source latency                                             0.000     0.000
pclk.inpad[0] (.input)                                           0.000     0.000
[17752].clk[0] (.latch)                                          0.042     0.042
[17752].Q[0] (.latch) [clock-to-output]                          0.124     0.166
[5553].in[4] (.names)                                            0.783     0.950
[5553].out[0] (.names)                                           0.261     1.211
[17552].in[3] (.names)                                           0.482     1.693
[17552].out[0] (.names)                                          0.261     1.954
[17560].in[2] (.names)                                           0.100     2.054
[17560].out[0] (.names)                                          0.261     2.315
nrq8_2.in[1] (.names)                                            0.481     2.796
nrq8_2.out[0] (.names)                                           0.261     3.057
[4265].in[2] (.names)                                            0.623     3.681
[4265].out[0] (.names)                                           0.261     3.942
[5291].in[0] (.names)                                            0.475     4.416
[5291].out[0] (.names)                                           0.261     4.677
[17748].in[2] (.names)                                           0.623     5.301
[17748].out[0] (.names)                                          0.261     5.562
[17751].in[3] (.names)                                           0.340     5.902
[17751].out[0] (.names)                                          0.261     6.163
[17755].in[3] (.names)                                           0.335     6.498
[17755].out[0] (.names)                                          0.261     6.759
[19741].in[5] (.names)                                           0.100     6.859
[19741].out[0] (.names)                                          0.261     7.120
[19395].in[2] (.names)                                           0.472     7.592
[19395].out[0] (.names)                                          0.261     7.853
[11399].in[2] (.names)                                           0.100     7.953
[11399].out[0] (.names)                                          0.261     8.214
[11390].D[0] (.latch)                                            0.000     8.214
data arrival time                                                          8.214

clock pclk (rise edge)                                           0.000     0.000
clock source latency                                             0.000     0.000
pclk.inpad[0] (.input)                                           0.000     0.000
[11390].clk[0] (.latch)                                          0.042     0.042
clock uncertainty                                                0.000     0.042
cell setup time                                                 -0.066    -0.024
data required time                                                        -0.024
--------------------------------------------------------------------------------
data required time                                                        -0.024
data arrival time                                                         -8.214
--------------------------------------------------------------------------------
slack (VIOLATED)                                                          -8.238


#Path 86
Startpoint: [17752].Q[0] (.latch clocked by pclk)
Endpoint  : [10595].D[0] (.latch clocked by pclk)
Path Type : setup

Point                                                             Incr      Path
--------------------------------------------------------------------------------
clock pclk (rise edge)                                           0.000     0.000
clock source latency                                             0.000     0.000
pclk.inpad[0] (.input)                                           0.000     0.000
[17752].clk[0] (.latch)                                          0.042     0.042
[17752].Q[0] (.latch) [clock-to-output]                          0.124     0.166
[5553].in[4] (.names)                                            0.783     0.950
[5553].out[0] (.names)                                           0.261     1.211
[17552].in[3] (.names)                                           0.482     1.693
[17552].out[0] (.names)                                          0.261     1.954
[17560].in[2] (.names)                                           0.100     2.054
[17560].out[0] (.names)                                          0.261     2.315
nrq8_2.in[1] (.names)                                            0.481     2.796
nrq8_2.out[0] (.names)                                           0.261     3.057
[4265].in[2] (.names)                                            0.623     3.681
[4265].out[0] (.names)                                           0.261     3.942
[5291].in[0] (.names)                                            0.475     4.416
[5291].out[0] (.names)                                           0.261     4.677
[17748].in[2] (.names)                                           0.623     5.301
[17748].out[0] (.names)                                          0.261     5.562
[17751].in[3] (.names)                                           0.340     5.902
[17751].out[0] (.names)                                          0.261     6.163
[17755].in[3] (.names)                                           0.335     6.498
[17755].out[0] (.names)                                          0.261     6.759
[19741].in[5] (.names)                                           0.100     6.859
[19741].out[0] (.names)                                          0.261     7.120
[19395].in[2] (.names)                                           0.472     7.592
[19395].out[0] (.names)                                          0.261     7.853
[10604].in[3] (.names)                                           0.100     7.953
[10604].out[0] (.names)                                          0.261     8.214
[10595].D[0] (.latch)                                            0.000     8.214
data arrival time                                                          8.214

clock pclk (rise edge)                                           0.000     0.000
clock source latency                                             0.000     0.000
pclk.inpad[0] (.input)                                           0.000     0.000
[10595].clk[0] (.latch)                                          0.042     0.042
clock uncertainty                                                0.000     0.042
cell setup time                                                 -0.066    -0.024
data required time                                                        -0.024
--------------------------------------------------------------------------------
data required time                                                        -0.024
data arrival time                                                         -8.214
--------------------------------------------------------------------------------
slack (VIOLATED)                                                          -8.238


#Path 87
Startpoint: [17752].Q[0] (.latch clocked by pclk)
Endpoint  : [9335].D[0] (.latch clocked by pclk)
Path Type : setup

Point                                                             Incr      Path
--------------------------------------------------------------------------------
clock pclk (rise edge)                                           0.000     0.000
clock source latency                                             0.000     0.000
pclk.inpad[0] (.input)                                           0.000     0.000
[17752].clk[0] (.latch)                                          0.042     0.042
[17752].Q[0] (.latch) [clock-to-output]                          0.124     0.166
[5553].in[4] (.names)                                            0.783     0.950
[5553].out[0] (.names)                                           0.261     1.211
[17552].in[3] (.names)                                           0.482     1.693
[17552].out[0] (.names)                                          0.261     1.954
[17560].in[2] (.names)                                           0.100     2.054
[17560].out[0] (.names)                                          0.261     2.315
nrq8_2.in[1] (.names)                                            0.481     2.796
nrq8_2.out[0] (.names)                                           0.261     3.057
[4265].in[2] (.names)                                            0.623     3.681
[4265].out[0] (.names)                                           0.261     3.942
[5291].in[0] (.names)                                            0.475     4.416
[5291].out[0] (.names)                                           0.261     4.677
[17748].in[2] (.names)                                           0.623     5.301
[17748].out[0] (.names)                                          0.261     5.562
[17751].in[3] (.names)                                           0.340     5.902
[17751].out[0] (.names)                                          0.261     6.163
[17755].in[3] (.names)                                           0.335     6.498
[17755].out[0] (.names)                                          0.261     6.759
[19741].in[5] (.names)                                           0.100     6.859
[19741].out[0] (.names)                                          0.261     7.120
[19395].in[2] (.names)                                           0.472     7.592
[19395].out[0] (.names)                                          0.261     7.853
[9344].in[4] (.names)                                            0.100     7.953
[9344].out[0] (.names)                                           0.261     8.214
[9335].D[0] (.latch)                                             0.000     8.214
data arrival time                                                          8.214

clock pclk (rise edge)                                           0.000     0.000
clock source latency                                             0.000     0.000
pclk.inpad[0] (.input)                                           0.000     0.000
[9335].clk[0] (.latch)                                           0.042     0.042
clock uncertainty                                                0.000     0.042
cell setup time                                                 -0.066    -0.024
data required time                                                        -0.024
--------------------------------------------------------------------------------
data required time                                                        -0.024
data arrival time                                                         -8.214
--------------------------------------------------------------------------------
slack (VIOLATED)                                                          -8.238


#Path 88
Startpoint: [17752].Q[0] (.latch clocked by pclk)
Endpoint  : [8645].D[0] (.latch clocked by pclk)
Path Type : setup

Point                                                             Incr      Path
--------------------------------------------------------------------------------
clock pclk (rise edge)                                           0.000     0.000
clock source latency                                             0.000     0.000
pclk.inpad[0] (.input)                                           0.000     0.000
[17752].clk[0] (.latch)                                          0.042     0.042
[17752].Q[0] (.latch) [clock-to-output]                          0.124     0.166
[5553].in[4] (.names)                                            0.783     0.950
[5553].out[0] (.names)                                           0.261     1.211
[17552].in[3] (.names)                                           0.482     1.693
[17552].out[0] (.names)                                          0.261     1.954
[17560].in[2] (.names)                                           0.100     2.054
[17560].out[0] (.names)                                          0.261     2.315
nrq8_2.in[1] (.names)                                            0.481     2.796
nrq8_2.out[0] (.names)                                           0.261     3.057
[4265].in[2] (.names)                                            0.623     3.681
[4265].out[0] (.names)                                           0.261     3.942
[5291].in[0] (.names)                                            0.475     4.416
[5291].out[0] (.names)                                           0.261     4.677
[17748].in[2] (.names)                                           0.623     5.301
[17748].out[0] (.names)                                          0.261     5.562
[17751].in[3] (.names)                                           0.340     5.902
[17751].out[0] (.names)                                          0.261     6.163
[17755].in[3] (.names)                                           0.335     6.498
[17755].out[0] (.names)                                          0.261     6.759
[19741].in[5] (.names)                                           0.100     6.859
[19741].out[0] (.names)                                          0.261     7.120
[19395].in[2] (.names)                                           0.472     7.592
[19395].out[0] (.names)                                          0.261     7.853
[8654].in[3] (.names)                                            0.100     7.953
[8654].out[0] (.names)                                           0.261     8.214
[8645].D[0] (.latch)                                             0.000     8.214
data arrival time                                                          8.214

clock pclk (rise edge)                                           0.000     0.000
clock source latency                                             0.000     0.000
pclk.inpad[0] (.input)                                           0.000     0.000
[8645].clk[0] (.latch)                                           0.042     0.042
clock uncertainty                                                0.000     0.042
cell setup time                                                 -0.066    -0.024
data required time                                                        -0.024
--------------------------------------------------------------------------------
data required time                                                        -0.024
data arrival time                                                         -8.214
--------------------------------------------------------------------------------
slack (VIOLATED)                                                          -8.238


#Path 89
Startpoint: [17752].Q[0] (.latch clocked by pclk)
Endpoint  : [10190].D[0] (.latch clocked by pclk)
Path Type : setup

Point                                                             Incr      Path
--------------------------------------------------------------------------------
clock pclk (rise edge)                                           0.000     0.000
clock source latency                                             0.000     0.000
pclk.inpad[0] (.input)                                           0.000     0.000
[17752].clk[0] (.latch)                                          0.042     0.042
[17752].Q[0] (.latch) [clock-to-output]                          0.124     0.166
[5553].in[4] (.names)                                            0.783     0.950
[5553].out[0] (.names)                                           0.261     1.211
[17552].in[3] (.names)                                           0.482     1.693
[17552].out[0] (.names)                                          0.261     1.954
[17560].in[2] (.names)                                           0.100     2.054
[17560].out[0] (.names)                                          0.261     2.315
nen12_2.in[2] (.names)                                           0.336     2.651
nen12_2.out[0] (.names)                                          0.261     2.912
[17865].in[3] (.names)                                           0.338     3.250
[17865].out[0] (.names)                                          0.261     3.511
[17924].in[3] (.names)                                           0.336     3.847
[17924].out[0] (.names)                                          0.261     4.108
[19153].in[4] (.names)                                           0.335     4.442
[19153].out[0] (.names)                                          0.261     4.703
[19157].in[2] (.names)                                           0.332     5.036
[19157].out[0] (.names)                                          0.261     5.297
[19221].in[2] (.names)                                           0.100     5.397
[19221].out[0] (.names)                                          0.261     5.658
[19227].in[2] (.names)                                           0.100     5.758
[19227].out[0] (.names)                                          0.261     6.019
[19232].in[2] (.names)                                           0.100     6.119
[19232].out[0] (.names)                                          0.261     6.380
[19215].in[2] (.names)                                           0.332     6.712
[19215].out[0] (.names)                                          0.261     6.973
[10199].in[4] (.names)                                           0.915     7.889
[10199].out[0] (.names)                                          0.261     8.150
[10190].D[0] (.latch)                                            0.000     8.150
data arrival time                                                          8.150

clock pclk (rise edge)                                           0.000     0.000
clock source latency                                             0.000     0.000
pclk.inpad[0] (.input)                                           0.000     0.000
[10190].clk[0] (.latch)                                          0.042     0.042
clock uncertainty                                                0.000     0.042
cell setup time                                                 -0.066    -0.024
data required time                                                        -0.024
--------------------------------------------------------------------------------
data required time                                                        -0.024
data arrival time                                                         -8.150
--------------------------------------------------------------------------------
slack (VIOLATED)                                                          -8.173


#Path 90
Startpoint: [17752].Q[0] (.latch clocked by pclk)
Endpoint  : [8060].D[0] (.latch clocked by pclk)
Path Type : setup

Point                                                             Incr      Path
--------------------------------------------------------------------------------
clock pclk (rise edge)                                           0.000     0.000
clock source latency                                             0.000     0.000
pclk.inpad[0] (.input)                                           0.000     0.000
[17752].clk[0] (.latch)                                          0.042     0.042
[17752].Q[0] (.latch) [clock-to-output]                          0.124     0.166
[5553].in[4] (.names)                                            0.783     0.950
[5553].out[0] (.names)                                           0.261     1.211
[17552].in[3] (.names)                                           0.482     1.693
[17552].out[0] (.names)                                          0.261     1.954
[17560].in[2] (.names)                                           0.100     2.054
[17560].out[0] (.names)                                          0.261     2.315
nrq8_2.in[1] (.names)                                            0.481     2.796
nrq8_2.out[0] (.names)                                           0.261     3.057
[4265].in[2] (.names)                                            0.623     3.681
[4265].out[0] (.names)                                           0.261     3.942
[5291].in[0] (.names)                                            0.475     4.416
[5291].out[0] (.names)                                           0.261     4.677
[4442].in[3] (.names)                                            0.340     5.018
[4442].out[0] (.names)                                           0.261     5.279
[5173].in[3] (.names)                                            0.335     5.613
[5173].out[0] (.names)                                           0.261     5.874
[19520].in[4] (.names)                                           0.332     6.207
[19520].out[0] (.names)                                          0.261     6.468
[5162].in[4] (.names)                                            0.332     6.800
[5162].out[0] (.names)                                           0.261     7.061
[8069].in[4] (.names)                                            0.772     7.833
[8069].out[0] (.names)                                           0.261     8.094
[8060].D[0] (.latch)                                             0.000     8.094
data arrival time                                                          8.094

clock pclk (rise edge)                                           0.000     0.000
clock source latency                                             0.000     0.000
pclk.inpad[0] (.input)                                           0.000     0.000
[8060].clk[0] (.latch)                                           0.042     0.042
clock uncertainty                                                0.000     0.042
cell setup time                                                 -0.066    -0.024
data required time                                                        -0.024
--------------------------------------------------------------------------------
data required time                                                        -0.024
data arrival time                                                         -8.094
--------------------------------------------------------------------------------
slack (VIOLATED)                                                          -8.118


#Path 91
Startpoint: [17752].Q[0] (.latch clocked by pclk)
Endpoint  : [6365].D[0] (.latch clocked by pclk)
Path Type : setup

Point                                                             Incr      Path
--------------------------------------------------------------------------------
clock pclk (rise edge)                                           0.000     0.000
clock source latency                                             0.000     0.000
pclk.inpad[0] (.input)                                           0.000     0.000
[17752].clk[0] (.latch)                                          0.042     0.042
[17752].Q[0] (.latch) [clock-to-output]                          0.124     0.166
[5553].in[4] (.names)                                            0.783     0.950
[5553].out[0] (.names)                                           0.261     1.211
[17552].in[3] (.names)                                           0.482     1.693
[17552].out[0] (.names)                                          0.261     1.954
[17560].in[2] (.names)                                           0.100     2.054
[17560].out[0] (.names)                                          0.261     2.315
nen12_2.in[2] (.names)                                           0.336     2.651
nen12_2.out[0] (.names)                                          0.261     2.912
[17865].in[3] (.names)                                           0.338     3.250
[17865].out[0] (.names)                                          0.261     3.511
[17924].in[3] (.names)                                           0.336     3.847
[17924].out[0] (.names)                                          0.261     4.108
[19153].in[4] (.names)                                           0.335     4.442
[19153].out[0] (.names)                                          0.261     4.703
[19157].in[2] (.names)                                           0.332     5.036
[19157].out[0] (.names)                                          0.261     5.297
[19221].in[2] (.names)                                           0.100     5.397
[19221].out[0] (.names)                                          0.261     5.658
[19227].in[2] (.names)                                           0.100     5.758
[19227].out[0] (.names)                                          0.261     6.019
[19232].in[2] (.names)                                           0.100     6.119
[19232].out[0] (.names)                                          0.261     6.380
[19215].in[2] (.names)                                           0.332     6.712
[19215].out[0] (.names)                                          0.261     6.973
[4388].in[3] (.names)                                            0.100     7.073
[4388].out[0] (.names)                                           0.261     7.334
[6374].in[4] (.names)                                            0.486     7.820
[6374].out[0] (.names)                                           0.261     8.081
[6365].D[0] (.latch)                                             0.000     8.081
data arrival time                                                          8.081

clock pclk (rise edge)                                           0.000     0.000
clock source latency                                             0.000     0.000
pclk.inpad[0] (.input)                                           0.000     0.000
[6365].clk[0] (.latch)                                           0.042     0.042
clock uncertainty                                                0.000     0.042
cell setup time                                                 -0.066    -0.024
data required time                                                        -0.024
--------------------------------------------------------------------------------
data required time                                                        -0.024
data arrival time                                                         -8.081
--------------------------------------------------------------------------------
slack (VIOLATED)                                                          -8.104


#Path 92
Startpoint: [17752].Q[0] (.latch clocked by pclk)
Endpoint  : [11675].D[0] (.latch clocked by pclk)
Path Type : setup

Point                                                             Incr      Path
--------------------------------------------------------------------------------
clock pclk (rise edge)                                           0.000     0.000
clock source latency                                             0.000     0.000
pclk.inpad[0] (.input)                                           0.000     0.000
[17752].clk[0] (.latch)                                          0.042     0.042
[17752].Q[0] (.latch) [clock-to-output]                          0.124     0.166
[5553].in[4] (.names)                                            0.783     0.950
[5553].out[0] (.names)                                           0.261     1.211
[17552].in[3] (.names)                                           0.482     1.693
[17552].out[0] (.names)                                          0.261     1.954
[17560].in[2] (.names)                                           0.100     2.054
[17560].out[0] (.names)                                          0.261     2.315
nen12_2.in[2] (.names)                                           0.336     2.651
nen12_2.out[0] (.names)                                          0.261     2.912
[17865].in[3] (.names)                                           0.338     3.250
[17865].out[0] (.names)                                          0.261     3.511
[17924].in[3] (.names)                                           0.336     3.847
[17924].out[0] (.names)                                          0.261     4.108
[19153].in[4] (.names)                                           0.335     4.442
[19153].out[0] (.names)                                          0.261     4.703
[19157].in[2] (.names)                                           0.332     5.036
[19157].out[0] (.names)                                          0.261     5.297
[19221].in[2] (.names)                                           0.100     5.397
[19221].out[0] (.names)                                          0.261     5.658
[19227].in[2] (.names)                                           0.100     5.758
[19227].out[0] (.names)                                          0.261     6.019
[19232].in[2] (.names)                                           0.100     6.119
[19232].out[0] (.names)                                          0.261     6.380
[19215].in[2] (.names)                                           0.332     6.712
[19215].out[0] (.names)                                          0.261     6.973
[19068].in[5] (.names)                                           0.100     7.073
[19068].out[0] (.names)                                          0.261     7.334
[11684].in[4] (.names)                                           0.486     7.820
[11684].out[0] (.names)                                          0.261     8.081
[11675].D[0] (.latch)                                            0.000     8.081
data arrival time                                                          8.081

clock pclk (rise edge)                                           0.000     0.000
clock source latency                                             0.000     0.000
pclk.inpad[0] (.input)                                           0.000     0.000
[11675].clk[0] (.latch)                                          0.042     0.042
clock uncertainty                                                0.000     0.042
cell setup time                                                 -0.066    -0.024
data required time                                                        -0.024
--------------------------------------------------------------------------------
data required time                                                        -0.024
data arrival time                                                         -8.081
--------------------------------------------------------------------------------
slack (VIOLATED)                                                          -8.104


#Path 93
Startpoint: [17752].Q[0] (.latch clocked by pclk)
Endpoint  : [10355].D[0] (.latch clocked by pclk)
Path Type : setup

Point                                                             Incr      Path
--------------------------------------------------------------------------------
clock pclk (rise edge)                                           0.000     0.000
clock source latency                                             0.000     0.000
pclk.inpad[0] (.input)                                           0.000     0.000
[17752].clk[0] (.latch)                                          0.042     0.042
[17752].Q[0] (.latch) [clock-to-output]                          0.124     0.166
[5553].in[4] (.names)                                            0.783     0.950
[5553].out[0] (.names)                                           0.261     1.211
[17552].in[3] (.names)                                           0.482     1.693
[17552].out[0] (.names)                                          0.261     1.954
[17560].in[2] (.names)                                           0.100     2.054
[17560].out[0] (.names)                                          0.261     2.315
nen12_2.in[2] (.names)                                           0.336     2.651
nen12_2.out[0] (.names)                                          0.261     2.912
[17865].in[3] (.names)                                           0.338     3.250
[17865].out[0] (.names)                                          0.261     3.511
[17924].in[3] (.names)                                           0.336     3.847
[17924].out[0] (.names)                                          0.261     4.108
[19153].in[4] (.names)                                           0.335     4.442
[19153].out[0] (.names)                                          0.261     4.703
[19157].in[2] (.names)                                           0.332     5.036
[19157].out[0] (.names)                                          0.261     5.297
[19221].in[2] (.names)                                           0.100     5.397
[19221].out[0] (.names)                                          0.261     5.658
[19227].in[2] (.names)                                           0.100     5.758
[19227].out[0] (.names)                                          0.261     6.019
[19232].in[2] (.names)                                           0.100     6.119
[19232].out[0] (.names)                                          0.261     6.380
[19215].in[2] (.names)                                           0.332     6.712
[19215].out[0] (.names)                                          0.261     6.973
[4388].in[3] (.names)                                            0.100     7.073
[4388].out[0] (.names)                                           0.261     7.334
[10364].in[4] (.names)                                           0.480     7.814
[10364].out[0] (.names)                                          0.261     8.075
[10355].D[0] (.latch)                                            0.000     8.075
data arrival time                                                          8.075

clock pclk (rise edge)                                           0.000     0.000
clock source latency                                             0.000     0.000
pclk.inpad[0] (.input)                                           0.000     0.000
[10355].clk[0] (.latch)                                          0.042     0.042
clock uncertainty                                                0.000     0.042
cell setup time                                                 -0.066    -0.024
data required time                                                        -0.024
--------------------------------------------------------------------------------
data required time                                                        -0.024
data arrival time                                                         -8.075
--------------------------------------------------------------------------------
slack (VIOLATED)                                                          -8.099


#Path 94
Startpoint: [17752].Q[0] (.latch clocked by pclk)
Endpoint  : [13880].D[0] (.latch clocked by pclk)
Path Type : setup

Point                                                             Incr      Path
--------------------------------------------------------------------------------
clock pclk (rise edge)                                           0.000     0.000
clock source latency                                             0.000     0.000
pclk.inpad[0] (.input)                                           0.000     0.000
[17752].clk[0] (.latch)                                          0.042     0.042
[17752].Q[0] (.latch) [clock-to-output]                          0.124     0.166
[5553].in[4] (.names)                                            0.783     0.950
[5553].out[0] (.names)                                           0.261     1.211
[17552].in[3] (.names)                                           0.482     1.693
[17552].out[0] (.names)                                          0.261     1.954
[17560].in[2] (.names)                                           0.100     2.054
[17560].out[0] (.names)                                          0.261     2.315
nen12_2.in[2] (.names)                                           0.336     2.651
nen12_2.out[0] (.names)                                          0.261     2.912
[17865].in[3] (.names)                                           0.338     3.250
[17865].out[0] (.names)                                          0.261     3.511
[17924].in[3] (.names)                                           0.336     3.847
[17924].out[0] (.names)                                          0.261     4.108
[19153].in[4] (.names)                                           0.335     4.442
[19153].out[0] (.names)                                          0.261     4.703
[19157].in[2] (.names)                                           0.332     5.036
[19157].out[0] (.names)                                          0.261     5.297
[19221].in[2] (.names)                                           0.100     5.397
[19221].out[0] (.names)                                          0.261     5.658
[19227].in[2] (.names)                                           0.100     5.758
[19227].out[0] (.names)                                          0.261     6.019
[19232].in[2] (.names)                                           0.100     6.119
[19232].out[0] (.names)                                          0.261     6.380
[19215].in[2] (.names)                                           0.332     6.712
[19215].out[0] (.names)                                          0.261     6.973
[4388].in[3] (.names)                                            0.100     7.073
[4388].out[0] (.names)                                           0.261     7.334
[13889].in[4] (.names)                                           0.480     7.814
[13889].out[0] (.names)                                          0.261     8.075
[13880].D[0] (.latch)                                            0.000     8.075
data arrival time                                                          8.075

clock pclk (rise edge)                                           0.000     0.000
clock source latency                                             0.000     0.000
pclk.inpad[0] (.input)                                           0.000     0.000
[13880].clk[0] (.latch)                                          0.042     0.042
clock uncertainty                                                0.000     0.042
cell setup time                                                 -0.066    -0.024
data required time                                                        -0.024
--------------------------------------------------------------------------------
data required time                                                        -0.024
data arrival time                                                         -8.075
--------------------------------------------------------------------------------
slack (VIOLATED)                                                          -8.099


#Path 95
Startpoint: [17752].Q[0] (.latch clocked by pclk)
Endpoint  : paddress_1_1_.D[0] (.latch clocked by pclk)
Path Type : setup

Point                                                             Incr      Path
--------------------------------------------------------------------------------
clock pclk (rise edge)                                           0.000     0.000
clock source latency                                             0.000     0.000
pclk.inpad[0] (.input)                                           0.000     0.000
[17752].clk[0] (.latch)                                          0.042     0.042
[17752].Q[0] (.latch) [clock-to-output]                          0.124     0.166
[5553].in[4] (.names)                                            0.783     0.950
[5553].out[0] (.names)                                           0.261     1.211
[17552].in[3] (.names)                                           0.482     1.693
[17552].out[0] (.names)                                          0.261     1.954
[17560].in[2] (.names)                                           0.100     2.054
[17560].out[0] (.names)                                          0.261     2.315
nen14_6.in[2] (.names)                                           0.336     2.651
nen14_6.out[0] (.names)                                          0.261     2.912
[4486].in[2] (.names)                                            1.726     4.638
[4486].out[0] (.names)                                           0.261     4.899
[4341].in[3] (.names)                                            1.210     6.109
[4341].out[0] (.names)                                           0.261     6.370
[19031].in[1] (.names)                                           0.100     6.470
[19031].out[0] (.names)                                          0.261     6.731
[19038].in[2] (.names)                                           0.475     7.205
[19038].out[0] (.names)                                          0.261     7.466
[18334].in[5] (.names)                                           0.340     7.806
[18334].out[0] (.names)                                          0.261     8.067
paddress_1_1_.D[0] (.latch)                                      0.000     8.067
data arrival time                                                          8.067

clock pclk (rise edge)                                           0.000     0.000
clock source latency                                             0.000     0.000
pclk.inpad[0] (.input)                                           0.000     0.000
paddress_1_1_.clk[0] (.latch)                                    0.042     0.042
clock uncertainty                                                0.000     0.042
cell setup time                                                 -0.066    -0.024
data required time                                                        -0.024
--------------------------------------------------------------------------------
data required time                                                        -0.024
data arrival time                                                         -8.067
--------------------------------------------------------------------------------
slack (VIOLATED)                                                          -8.091


#Path 96
Startpoint: [17752].Q[0] (.latch clocked by pclk)
Endpoint  : [16040].D[0] (.latch clocked by pclk)
Path Type : setup

Point                                                             Incr      Path
--------------------------------------------------------------------------------
clock pclk (rise edge)                                           0.000     0.000
clock source latency                                             0.000     0.000
pclk.inpad[0] (.input)                                           0.000     0.000
[17752].clk[0] (.latch)                                          0.042     0.042
[17752].Q[0] (.latch) [clock-to-output]                          0.124     0.166
[5553].in[4] (.names)                                            0.783     0.950
[5553].out[0] (.names)                                           0.261     1.211
[17552].in[3] (.names)                                           0.482     1.693
[17552].out[0] (.names)                                          0.261     1.954
[17560].in[2] (.names)                                           0.100     2.054
[17560].out[0] (.names)                                          0.261     2.315
nrq8_2.in[1] (.names)                                            0.481     2.796
nrq8_2.out[0] (.names)                                           0.261     3.057
[4265].in[2] (.names)                                            0.623     3.681
[4265].out[0] (.names)                                           0.261     3.942
[5291].in[0] (.names)                                            0.475     4.416
[5291].out[0] (.names)                                           0.261     4.677
[4442].in[3] (.names)                                            0.340     5.018
[4442].out[0] (.names)                                           0.261     5.279
[5173].in[3] (.names)                                            0.335     5.613
[5173].out[0] (.names)                                           0.261     5.874
[19520].in[4] (.names)                                           0.332     6.207
[19520].out[0] (.names)                                          0.261     6.468
[19526].in[3] (.names)                                           0.925     7.393
[19526].out[0] (.names)                                          0.261     7.654
[16049].in[3] (.names)                                           0.100     7.754
[16049].out[0] (.names)                                          0.261     8.015
[16040].D[0] (.latch)                                            0.000     8.015
data arrival time                                                          8.015

clock pclk (rise edge)                                           0.000     0.000
clock source latency                                             0.000     0.000
pclk.inpad[0] (.input)                                           0.000     0.000
[16040].clk[0] (.latch)                                          0.042     0.042
clock uncertainty                                                0.000     0.042
cell setup time                                                 -0.066    -0.024
data required time                                                        -0.024
--------------------------------------------------------------------------------
data required time                                                        -0.024
data arrival time                                                         -8.015
--------------------------------------------------------------------------------
slack (VIOLATED)                                                          -8.038


#Path 97
Startpoint: [17752].Q[0] (.latch clocked by pclk)
Endpoint  : [13040].D[0] (.latch clocked by pclk)
Path Type : setup

Point                                                             Incr      Path
--------------------------------------------------------------------------------
clock pclk (rise edge)                                           0.000     0.000
clock source latency                                             0.000     0.000
pclk.inpad[0] (.input)                                           0.000     0.000
[17752].clk[0] (.latch)                                          0.042     0.042
[17752].Q[0] (.latch) [clock-to-output]                          0.124     0.166
[5553].in[4] (.names)                                            0.783     0.950
[5553].out[0] (.names)                                           0.261     1.211
[17552].in[3] (.names)                                           0.482     1.693
[17552].out[0] (.names)                                          0.261     1.954
[17560].in[2] (.names)                                           0.100     2.054
[17560].out[0] (.names)                                          0.261     2.315
nrq8_2.in[1] (.names)                                            0.481     2.796
nrq8_2.out[0] (.names)                                           0.261     3.057
[4265].in[2] (.names)                                            0.623     3.681
[4265].out[0] (.names)                                           0.261     3.942
[5291].in[0] (.names)                                            0.475     4.416
[5291].out[0] (.names)                                           0.261     4.677
[4442].in[3] (.names)                                            0.340     5.018
[4442].out[0] (.names)                                           0.261     5.279
[5173].in[3] (.names)                                            0.335     5.613
[5173].out[0] (.names)                                           0.261     5.874
[19520].in[4] (.names)                                           0.332     6.207
[19520].out[0] (.names)                                          0.261     6.468
[19526].in[3] (.names)                                           0.925     7.393
[19526].out[0] (.names)                                          0.261     7.654
[13049].in[3] (.names)                                           0.100     7.754
[13049].out[0] (.names)                                          0.261     8.015
[13040].D[0] (.latch)                                            0.000     8.015
data arrival time                                                          8.015

clock pclk (rise edge)                                           0.000     0.000
clock source latency                                             0.000     0.000
pclk.inpad[0] (.input)                                           0.000     0.000
[13040].clk[0] (.latch)                                          0.042     0.042
clock uncertainty                                                0.000     0.042
cell setup time                                                 -0.066    -0.024
data required time                                                        -0.024
--------------------------------------------------------------------------------
data required time                                                        -0.024
data arrival time                                                         -8.015
--------------------------------------------------------------------------------
slack (VIOLATED)                                                          -8.038


#Path 98
Startpoint: [17752].Q[0] (.latch clocked by pclk)
Endpoint  : [11135].D[0] (.latch clocked by pclk)
Path Type : setup

Point                                                             Incr      Path
--------------------------------------------------------------------------------
clock pclk (rise edge)                                           0.000     0.000
clock source latency                                             0.000     0.000
pclk.inpad[0] (.input)                                           0.000     0.000
[17752].clk[0] (.latch)                                          0.042     0.042
[17752].Q[0] (.latch) [clock-to-output]                          0.124     0.166
[5553].in[4] (.names)                                            0.783     0.950
[5553].out[0] (.names)                                           0.261     1.211
[17552].in[3] (.names)                                           0.482     1.693
[17552].out[0] (.names)                                          0.261     1.954
[17560].in[2] (.names)                                           0.100     2.054
[17560].out[0] (.names)                                          0.261     2.315
nrq8_2.in[1] (.names)                                            0.481     2.796
nrq8_2.out[0] (.names)                                           0.261     3.057
[4265].in[2] (.names)                                            0.623     3.681
[4265].out[0] (.names)                                           0.261     3.942
[5291].in[0] (.names)                                            0.475     4.416
[5291].out[0] (.names)                                           0.261     4.677
[4442].in[3] (.names)                                            0.340     5.018
[4442].out[0] (.names)                                           0.261     5.279
[5173].in[3] (.names)                                            0.335     5.613
[5173].out[0] (.names)                                           0.261     5.874
[19520].in[4] (.names)                                           0.332     6.207
[19520].out[0] (.names)                                          0.261     6.468
[19526].in[3] (.names)                                           0.925     7.393
[19526].out[0] (.names)                                          0.261     7.654
[11144].in[3] (.names)                                           0.100     7.754
[11144].out[0] (.names)                                          0.261     8.015
[11135].D[0] (.latch)                                            0.000     8.015
data arrival time                                                          8.015

clock pclk (rise edge)                                           0.000     0.000
clock source latency                                             0.000     0.000
pclk.inpad[0] (.input)                                           0.000     0.000
[11135].clk[0] (.latch)                                          0.042     0.042
clock uncertainty                                                0.000     0.042
cell setup time                                                 -0.066    -0.024
data required time                                                        -0.024
--------------------------------------------------------------------------------
data required time                                                        -0.024
data arrival time                                                         -8.015
--------------------------------------------------------------------------------
slack (VIOLATED)                                                          -8.038


#Path 99
Startpoint: [17752].Q[0] (.latch clocked by pclk)
Endpoint  : [7970].D[0] (.latch clocked by pclk)
Path Type : setup

Point                                                             Incr      Path
--------------------------------------------------------------------------------
clock pclk (rise edge)                                           0.000     0.000
clock source latency                                             0.000     0.000
pclk.inpad[0] (.input)                                           0.000     0.000
[17752].clk[0] (.latch)                                          0.042     0.042
[17752].Q[0] (.latch) [clock-to-output]                          0.124     0.166
[5553].in[4] (.names)                                            0.783     0.950
[5553].out[0] (.names)                                           0.261     1.211
[17552].in[3] (.names)                                           0.482     1.693
[17552].out[0] (.names)                                          0.261     1.954
[17560].in[2] (.names)                                           0.100     2.054
[17560].out[0] (.names)                                          0.261     2.315
nrq8_2.in[1] (.names)                                            0.481     2.796
nrq8_2.out[0] (.names)                                           0.261     3.057
[4265].in[2] (.names)                                            0.623     3.681
[4265].out[0] (.names)                                           0.261     3.942
[5291].in[0] (.names)                                            0.475     4.416
[5291].out[0] (.names)                                           0.261     4.677
[4442].in[3] (.names)                                            0.340     5.018
[4442].out[0] (.names)                                           0.261     5.279
[5173].in[3] (.names)                                            0.335     5.613
[5173].out[0] (.names)                                           0.261     5.874
[19520].in[4] (.names)                                           0.332     6.207
[19520].out[0] (.names)                                          0.261     6.468
[19526].in[3] (.names)                                           0.925     7.393
[19526].out[0] (.names)                                          0.261     7.654
[7979].in[3] (.names)                                            0.100     7.754
[7979].out[0] (.names)                                           0.261     8.015
[7970].D[0] (.latch)                                             0.000     8.015
data arrival time                                                          8.015

clock pclk (rise edge)                                           0.000     0.000
clock source latency                                             0.000     0.000
pclk.inpad[0] (.input)                                           0.000     0.000
[7970].clk[0] (.latch)                                           0.042     0.042
clock uncertainty                                                0.000     0.042
cell setup time                                                 -0.066    -0.024
data required time                                                        -0.024
--------------------------------------------------------------------------------
data required time                                                        -0.024
data arrival time                                                         -8.015
--------------------------------------------------------------------------------
slack (VIOLATED)                                                          -8.038


#Path 100
Startpoint: [17752].Q[0] (.latch clocked by pclk)
Endpoint  : [9470].D[0] (.latch clocked by pclk)
Path Type : setup

Point                                                             Incr      Path
--------------------------------------------------------------------------------
clock pclk (rise edge)                                           0.000     0.000
clock source latency                                             0.000     0.000
pclk.inpad[0] (.input)                                           0.000     0.000
[17752].clk[0] (.latch)                                          0.042     0.042
[17752].Q[0] (.latch) [clock-to-output]                          0.124     0.166
[5553].in[4] (.names)                                            0.783     0.950
[5553].out[0] (.names)                                           0.261     1.211
[17552].in[3] (.names)                                           0.482     1.693
[17552].out[0] (.names)                                          0.261     1.954
[17560].in[2] (.names)                                           0.100     2.054
[17560].out[0] (.names)                                          0.261     2.315
nrq8_2.in[1] (.names)                                            0.481     2.796
nrq8_2.out[0] (.names)                                           0.261     3.057
[4265].in[2] (.names)                                            0.623     3.681
[4265].out[0] (.names)                                           0.261     3.942
[5291].in[0] (.names)                                            0.475     4.416
[5291].out[0] (.names)                                           0.261     4.677
[4442].in[3] (.names)                                            0.340     5.018
[4442].out[0] (.names)                                           0.261     5.279
[5173].in[3] (.names)                                            0.335     5.613
[5173].out[0] (.names)                                           0.261     5.874
[19520].in[4] (.names)                                           0.332     6.207
[19520].out[0] (.names)                                          0.261     6.468
[19526].in[3] (.names)                                           0.925     7.393
[19526].out[0] (.names)                                          0.261     7.654
[9479].in[3] (.names)                                            0.100     7.754
[9479].out[0] (.names)                                           0.261     8.015
[9470].D[0] (.latch)                                             0.000     8.015
data arrival time                                                          8.015

clock pclk (rise edge)                                           0.000     0.000
clock source latency                                             0.000     0.000
pclk.inpad[0] (.input)                                           0.000     0.000
[9470].clk[0] (.latch)                                           0.042     0.042
clock uncertainty                                                0.000     0.042
cell setup time                                                 -0.066    -0.024
data required time                                                        -0.024
--------------------------------------------------------------------------------
data required time                                                        -0.024
data arrival time                                                         -8.015
--------------------------------------------------------------------------------
slack (VIOLATED)                                                          -8.038


#End of timing report
