#Timing report of worst 100 path(s)
# Unit scale: 1e-09 seconds
# Output precision: 3

#Path 1
Startpoint: [17752].Q[0] (.latch clocked by pclk)
Endpoint  : [11210].D[0] (.latch clocked by pclk)
Path Type : setup

Point                                                             Incr      Path
--------------------------------------------------------------------------------
clock pclk (rise edge)                                           0.000     0.000
clock source latency                                             0.000     0.000
pclk.inpad[0] (.input)                                           0.000     0.000
[17752].clk[0] (.latch)                                          0.042     0.042
[17752].Q[0] (.latch) [clock-to-output]                          0.124     0.166
[5571].in[4] (.names)                                            1.048     1.215
[5571].out[0] (.names)                                           0.261     1.476
[17559].in[2] (.names)                                           0.768     2.243
[17559].out[0] (.names)                                          0.261     2.504
nen24_7.in[1] (.names)                                           0.623     3.128
nen24_7.out[0] (.names)                                          0.261     3.389
[4993].in[2] (.names)                                            0.623     4.012
[4993].out[0] (.names)                                           0.261     4.273
[17924].in[2] (.names)                                           0.100     4.373
[17924].out[0] (.names)                                          0.261     4.634
[19153].in[4] (.names)                                           0.336     4.970
[19153].out[0] (.names)                                          0.261     5.231
[19157].in[2] (.names)                                           0.335     5.566
[19157].out[0] (.names)                                          0.261     5.827
[19221].in[2] (.names)                                           0.100     5.927
[19221].out[0] (.names)                                          0.261     6.188
[19227].in[2] (.names)                                           0.100     6.288
[19227].out[0] (.names)                                          0.261     6.549
[19232].in[2] (.names)                                           0.100     6.649
[19232].out[0] (.names)                                          0.261     6.910
[19091].in[5] (.names)                                           0.479     7.389
[19091].out[0] (.names)                                          0.261     7.650
[11219].in[4] (.names)                                           2.124     9.774
[11219].out[0] (.names)                                          0.261    10.035
[11210].D[0] (.latch)                                            0.000    10.035
data arrival time                                                         10.035

clock pclk (rise edge)                                           0.000     0.000
clock source latency                                             0.000     0.000
pclk.inpad[0] (.input)                                           0.000     0.000
[11210].clk[0] (.latch)                                          0.042     0.042
clock uncertainty                                                0.000     0.042
cell setup time                                                 -0.066    -0.024
data required time                                                        -0.024
--------------------------------------------------------------------------------
data required time                                                        -0.024
data arrival time                                                        -10.035
--------------------------------------------------------------------------------
slack (VIOLATED)                                                         -10.058


#Path 2
Startpoint: [17752].Q[0] (.latch clocked by pclk)
Endpoint  : [16070].D[0] (.latch clocked by pclk)
Path Type : setup

Point                                                             Incr      Path
--------------------------------------------------------------------------------
clock pclk (rise edge)                                           0.000     0.000
clock source latency                                             0.000     0.000
pclk.inpad[0] (.input)                                           0.000     0.000
[17752].clk[0] (.latch)                                          0.042     0.042
[17752].Q[0] (.latch) [clock-to-output]                          0.124     0.166
[5571].in[4] (.names)                                            1.048     1.215
[5571].out[0] (.names)                                           0.261     1.476
[17559].in[2] (.names)                                           0.768     2.243
[17559].out[0] (.names)                                          0.261     2.504
nen17_4.in[1] (.names)                                           0.623     3.128
nen17_4.out[0] (.names)                                          0.261     3.389
[17719].in[3] (.names)                                           0.480     3.869
[17719].out[0] (.names)                                          0.261     4.130
[17744].in[3] (.names)                                           0.485     4.614
[17744].out[0] (.names)                                          0.261     4.875
[17748].in[3] (.names)                                           0.629     5.504
[17748].out[0] (.names)                                          0.261     5.765
[17751].in[3] (.names)                                           0.337     6.102
[17751].out[0] (.names)                                          0.261     6.363
[17755].in[3] (.names)                                           0.626     6.989
[17755].out[0] (.names)                                          0.261     7.250
[19741].in[5] (.names)                                           0.100     7.350
[19741].out[0] (.names)                                          0.261     7.611
[19490].in[2] (.names)                                           0.311     7.921
[19490].out[0] (.names)                                          0.261     8.182
[19367].in[3] (.names)                                           0.336     8.518
[19367].out[0] (.names)                                          0.261     8.779
[16079].in[2] (.names)                                           0.594     9.373
[16079].out[0] (.names)                                          0.261     9.634
[16070].D[0] (.latch)                                            0.000     9.634
data arrival time                                                          9.634

clock pclk (rise edge)                                           0.000     0.000
clock source latency                                             0.000     0.000
pclk.inpad[0] (.input)                                           0.000     0.000
[16070].clk[0] (.latch)                                          0.042     0.042
clock uncertainty                                                0.000     0.042
cell setup time                                                 -0.066    -0.024
data required time                                                        -0.024
--------------------------------------------------------------------------------
data required time                                                        -0.024
data arrival time                                                         -9.634
--------------------------------------------------------------------------------
slack (VIOLATED)                                                          -9.657


#Path 3
Startpoint: [17752].Q[0] (.latch clocked by pclk)
Endpoint  : [5435].D[0] (.latch clocked by pclk)
Path Type : setup

Point                                                             Incr      Path
--------------------------------------------------------------------------------
clock pclk (rise edge)                                           0.000     0.000
clock source latency                                             0.000     0.000
pclk.inpad[0] (.input)                                           0.000     0.000
[17752].clk[0] (.latch)                                          0.042     0.042
[17752].Q[0] (.latch) [clock-to-output]                          0.124     0.166
[5571].in[4] (.names)                                            1.048     1.215
[5571].out[0] (.names)                                           0.261     1.476
[17559].in[2] (.names)                                           0.768     2.243
[17559].out[0] (.names)                                          0.261     2.504
nen17_4.in[1] (.names)                                           0.623     3.128
nen17_4.out[0] (.names)                                          0.261     3.389
[17719].in[3] (.names)                                           0.480     3.869
[17719].out[0] (.names)                                          0.261     4.130
[17744].in[3] (.names)                                           0.485     4.614
[17744].out[0] (.names)                                          0.261     4.875
[17748].in[3] (.names)                                           0.629     5.504
[17748].out[0] (.names)                                          0.261     5.765
[17751].in[3] (.names)                                           0.337     6.102
[17751].out[0] (.names)                                          0.261     6.363
[17755].in[3] (.names)                                           0.626     6.989
[17755].out[0] (.names)                                          0.261     7.250
[19741].in[5] (.names)                                           0.100     7.350
[19741].out[0] (.names)                                          0.261     7.611
[19490].in[2] (.names)                                           0.311     7.921
[19490].out[0] (.names)                                          0.261     8.182
[19367].in[3] (.names)                                           0.336     8.518
[19367].out[0] (.names)                                          0.261     8.779
[5444].in[3] (.names)                                            0.594     9.373
[5444].out[0] (.names)                                           0.261     9.634
[5435].D[0] (.latch)                                             0.000     9.634
data arrival time                                                          9.634

clock pclk (rise edge)                                           0.000     0.000
clock source latency                                             0.000     0.000
pclk.inpad[0] (.input)                                           0.000     0.000
[5435].clk[0] (.latch)                                           0.042     0.042
clock uncertainty                                                0.000     0.042
cell setup time                                                 -0.066    -0.024
data required time                                                        -0.024
--------------------------------------------------------------------------------
data required time                                                        -0.024
data arrival time                                                         -9.634
--------------------------------------------------------------------------------
slack (VIOLATED)                                                          -9.657


#Path 4
Startpoint: [17752].Q[0] (.latch clocked by pclk)
Endpoint  : [13370].D[0] (.latch clocked by pclk)
Path Type : setup

Point                                                             Incr      Path
--------------------------------------------------------------------------------
clock pclk (rise edge)                                           0.000     0.000
clock source latency                                             0.000     0.000
pclk.inpad[0] (.input)                                           0.000     0.000
[17752].clk[0] (.latch)                                          0.042     0.042
[17752].Q[0] (.latch) [clock-to-output]                          0.124     0.166
[5571].in[4] (.names)                                            1.048     1.215
[5571].out[0] (.names)                                           0.261     1.476
[17559].in[2] (.names)                                           0.768     2.243
[17559].out[0] (.names)                                          0.261     2.504
nen17_4.in[1] (.names)                                           0.623     3.128
nen17_4.out[0] (.names)                                          0.261     3.389
[17719].in[3] (.names)                                           0.480     3.869
[17719].out[0] (.names)                                          0.261     4.130
[17744].in[3] (.names)                                           0.485     4.614
[17744].out[0] (.names)                                          0.261     4.875
[17748].in[3] (.names)                                           0.629     5.504
[17748].out[0] (.names)                                          0.261     5.765
[17751].in[3] (.names)                                           0.337     6.102
[17751].out[0] (.names)                                          0.261     6.363
[17755].in[3] (.names)                                           0.626     6.989
[17755].out[0] (.names)                                          0.261     7.250
[19741].in[5] (.names)                                           0.100     7.350
[19741].out[0] (.names)                                          0.261     7.611
[19490].in[2] (.names)                                           0.311     7.921
[19490].out[0] (.names)                                          0.261     8.182
[19367].in[3] (.names)                                           0.336     8.518
[19367].out[0] (.names)                                          0.261     8.779
[13379].in[2] (.names)                                           0.594     9.373
[13379].out[0] (.names)                                          0.261     9.634
[13370].D[0] (.latch)                                            0.000     9.634
data arrival time                                                          9.634

clock pclk (rise edge)                                           0.000     0.000
clock source latency                                             0.000     0.000
pclk.inpad[0] (.input)                                           0.000     0.000
[13370].clk[0] (.latch)                                          0.042     0.042
clock uncertainty                                                0.000     0.042
cell setup time                                                 -0.066    -0.024
data required time                                                        -0.024
--------------------------------------------------------------------------------
data required time                                                        -0.024
data arrival time                                                         -9.634
--------------------------------------------------------------------------------
slack (VIOLATED)                                                          -9.657


#Path 5
Startpoint: [17752].Q[0] (.latch clocked by pclk)
Endpoint  : [13070].D[0] (.latch clocked by pclk)
Path Type : setup

Point                                                             Incr      Path
--------------------------------------------------------------------------------
clock pclk (rise edge)                                           0.000     0.000
clock source latency                                             0.000     0.000
pclk.inpad[0] (.input)                                           0.000     0.000
[17752].clk[0] (.latch)                                          0.042     0.042
[17752].Q[0] (.latch) [clock-to-output]                          0.124     0.166
[5571].in[4] (.names)                                            1.048     1.215
[5571].out[0] (.names)                                           0.261     1.476
[17559].in[2] (.names)                                           0.768     2.243
[17559].out[0] (.names)                                          0.261     2.504
nen17_4.in[1] (.names)                                           0.623     3.128
nen17_4.out[0] (.names)                                          0.261     3.389
[17719].in[3] (.names)                                           0.480     3.869
[17719].out[0] (.names)                                          0.261     4.130
[17744].in[3] (.names)                                           0.485     4.614
[17744].out[0] (.names)                                          0.261     4.875
[17748].in[3] (.names)                                           0.629     5.504
[17748].out[0] (.names)                                          0.261     5.765
[17751].in[3] (.names)                                           0.337     6.102
[17751].out[0] (.names)                                          0.261     6.363
[17755].in[3] (.names)                                           0.626     6.989
[17755].out[0] (.names)                                          0.261     7.250
[19741].in[5] (.names)                                           0.100     7.350
[19741].out[0] (.names)                                          0.261     7.611
[19490].in[2] (.names)                                           0.311     7.921
[19490].out[0] (.names)                                          0.261     8.182
[19367].in[3] (.names)                                           0.336     8.518
[19367].out[0] (.names)                                          0.261     8.779
[13079].in[2] (.names)                                           0.594     9.373
[13079].out[0] (.names)                                          0.261     9.634
[13070].D[0] (.latch)                                            0.000     9.634
data arrival time                                                          9.634

clock pclk (rise edge)                                           0.000     0.000
clock source latency                                             0.000     0.000
pclk.inpad[0] (.input)                                           0.000     0.000
[13070].clk[0] (.latch)                                          0.042     0.042
clock uncertainty                                                0.000     0.042
cell setup time                                                 -0.066    -0.024
data required time                                                        -0.024
--------------------------------------------------------------------------------
data required time                                                        -0.024
data arrival time                                                         -9.634
--------------------------------------------------------------------------------
slack (VIOLATED)                                                          -9.657


#Path 6
Startpoint: [17752].Q[0] (.latch clocked by pclk)
Endpoint  : [11375].D[0] (.latch clocked by pclk)
Path Type : setup

Point                                                             Incr      Path
--------------------------------------------------------------------------------
clock pclk (rise edge)                                           0.000     0.000
clock source latency                                             0.000     0.000
pclk.inpad[0] (.input)                                           0.000     0.000
[17752].clk[0] (.latch)                                          0.042     0.042
[17752].Q[0] (.latch) [clock-to-output]                          0.124     0.166
[5571].in[4] (.names)                                            1.048     1.215
[5571].out[0] (.names)                                           0.261     1.476
[17559].in[2] (.names)                                           0.768     2.243
[17559].out[0] (.names)                                          0.261     2.504
nen17_4.in[1] (.names)                                           0.623     3.128
nen17_4.out[0] (.names)                                          0.261     3.389
[17719].in[3] (.names)                                           0.480     3.869
[17719].out[0] (.names)                                          0.261     4.130
[17744].in[3] (.names)                                           0.485     4.614
[17744].out[0] (.names)                                          0.261     4.875
[17748].in[3] (.names)                                           0.629     5.504
[17748].out[0] (.names)                                          0.261     5.765
[17751].in[3] (.names)                                           0.337     6.102
[17751].out[0] (.names)                                          0.261     6.363
[17755].in[3] (.names)                                           0.626     6.989
[17755].out[0] (.names)                                          0.261     7.250
[19741].in[5] (.names)                                           0.100     7.350
[19741].out[0] (.names)                                          0.261     7.611
[19490].in[2] (.names)                                           0.311     7.921
[19490].out[0] (.names)                                          0.261     8.182
[19367].in[3] (.names)                                           0.336     8.518
[19367].out[0] (.names)                                          0.261     8.779
[11384].in[2] (.names)                                           0.594     9.373
[11384].out[0] (.names)                                          0.261     9.634
[11375].D[0] (.latch)                                            0.000     9.634
data arrival time                                                          9.634

clock pclk (rise edge)                                           0.000     0.000
clock source latency                                             0.000     0.000
pclk.inpad[0] (.input)                                           0.000     0.000
[11375].clk[0] (.latch)                                          0.042     0.042
clock uncertainty                                                0.000     0.042
cell setup time                                                 -0.066    -0.024
data required time                                                        -0.024
--------------------------------------------------------------------------------
data required time                                                        -0.024
data arrival time                                                         -9.634
--------------------------------------------------------------------------------
slack (VIOLATED)                                                          -9.657


#Path 7
Startpoint: [17752].Q[0] (.latch clocked by pclk)
Endpoint  : [8735].D[0] (.latch clocked by pclk)
Path Type : setup

Point                                                             Incr      Path
--------------------------------------------------------------------------------
clock pclk (rise edge)                                           0.000     0.000
clock source latency                                             0.000     0.000
pclk.inpad[0] (.input)                                           0.000     0.000
[17752].clk[0] (.latch)                                          0.042     0.042
[17752].Q[0] (.latch) [clock-to-output]                          0.124     0.166
[5571].in[4] (.names)                                            1.048     1.215
[5571].out[0] (.names)                                           0.261     1.476
[17559].in[2] (.names)                                           0.768     2.243
[17559].out[0] (.names)                                          0.261     2.504
nen17_4.in[1] (.names)                                           0.623     3.128
nen17_4.out[0] (.names)                                          0.261     3.389
[17719].in[3] (.names)                                           0.480     3.869
[17719].out[0] (.names)                                          0.261     4.130
[17744].in[3] (.names)                                           0.485     4.614
[17744].out[0] (.names)                                          0.261     4.875
[17748].in[3] (.names)                                           0.629     5.504
[17748].out[0] (.names)                                          0.261     5.765
[17751].in[3] (.names)                                           0.337     6.102
[17751].out[0] (.names)                                          0.261     6.363
[17755].in[3] (.names)                                           0.626     6.989
[17755].out[0] (.names)                                          0.261     7.250
[19741].in[5] (.names)                                           0.100     7.350
[19741].out[0] (.names)                                          0.261     7.611
[19490].in[2] (.names)                                           0.311     7.921
[19490].out[0] (.names)                                          0.261     8.182
[19367].in[3] (.names)                                           0.336     8.518
[19367].out[0] (.names)                                          0.261     8.779
[8744].in[2] (.names)                                            0.594     9.373
[8744].out[0] (.names)                                           0.261     9.634
[8735].D[0] (.latch)                                             0.000     9.634
data arrival time                                                          9.634

clock pclk (rise edge)                                           0.000     0.000
clock source latency                                             0.000     0.000
pclk.inpad[0] (.input)                                           0.000     0.000
[8735].clk[0] (.latch)                                           0.042     0.042
clock uncertainty                                                0.000     0.042
cell setup time                                                 -0.066    -0.024
data required time                                                        -0.024
--------------------------------------------------------------------------------
data required time                                                        -0.024
data arrival time                                                         -9.634
--------------------------------------------------------------------------------
slack (VIOLATED)                                                          -9.657


#Path 8
Startpoint: [17752].Q[0] (.latch clocked by pclk)
Endpoint  : [6755].D[0] (.latch clocked by pclk)
Path Type : setup

Point                                                             Incr      Path
--------------------------------------------------------------------------------
clock pclk (rise edge)                                           0.000     0.000
clock source latency                                             0.000     0.000
pclk.inpad[0] (.input)                                           0.000     0.000
[17752].clk[0] (.latch)                                          0.042     0.042
[17752].Q[0] (.latch) [clock-to-output]                          0.124     0.166
[5571].in[4] (.names)                                            1.048     1.215
[5571].out[0] (.names)                                           0.261     1.476
[17559].in[2] (.names)                                           0.768     2.243
[17559].out[0] (.names)                                          0.261     2.504
nen17_4.in[1] (.names)                                           0.623     3.128
nen17_4.out[0] (.names)                                          0.261     3.389
[17719].in[3] (.names)                                           0.480     3.869
[17719].out[0] (.names)                                          0.261     4.130
[17744].in[3] (.names)                                           0.485     4.614
[17744].out[0] (.names)                                          0.261     4.875
[17748].in[3] (.names)                                           0.629     5.504
[17748].out[0] (.names)                                          0.261     5.765
[17751].in[3] (.names)                                           0.337     6.102
[17751].out[0] (.names)                                          0.261     6.363
[17755].in[3] (.names)                                           0.626     6.989
[17755].out[0] (.names)                                          0.261     7.250
[19741].in[5] (.names)                                           0.100     7.350
[19741].out[0] (.names)                                          0.261     7.611
[19490].in[2] (.names)                                           0.311     7.921
[19490].out[0] (.names)                                          0.261     8.182
[19474].in[3] (.names)                                           0.336     8.518
[19474].out[0] (.names)                                          0.261     8.779
[6764].in[3] (.names)                                            0.480     9.259
[6764].out[0] (.names)                                           0.261     9.520
[6755].D[0] (.latch)                                             0.000     9.520
data arrival time                                                          9.520

clock pclk (rise edge)                                           0.000     0.000
clock source latency                                             0.000     0.000
pclk.inpad[0] (.input)                                           0.000     0.000
[6755].clk[0] (.latch)                                           0.042     0.042
clock uncertainty                                                0.000     0.042
cell setup time                                                 -0.066    -0.024
data required time                                                        -0.024
--------------------------------------------------------------------------------
data required time                                                        -0.024
data arrival time                                                         -9.520
--------------------------------------------------------------------------------
slack (VIOLATED)                                                          -9.544


#Path 9
Startpoint: [17752].Q[0] (.latch clocked by pclk)
Endpoint  : [6215].D[0] (.latch clocked by pclk)
Path Type : setup

Point                                                             Incr      Path
--------------------------------------------------------------------------------
clock pclk (rise edge)                                           0.000     0.000
clock source latency                                             0.000     0.000
pclk.inpad[0] (.input)                                           0.000     0.000
[17752].clk[0] (.latch)                                          0.042     0.042
[17752].Q[0] (.latch) [clock-to-output]                          0.124     0.166
[5571].in[4] (.names)                                            1.048     1.215
[5571].out[0] (.names)                                           0.261     1.476
[17559].in[2] (.names)                                           0.768     2.243
[17559].out[0] (.names)                                          0.261     2.504
nen17_4.in[1] (.names)                                           0.623     3.128
nen17_4.out[0] (.names)                                          0.261     3.389
[17719].in[3] (.names)                                           0.480     3.869
[17719].out[0] (.names)                                          0.261     4.130
[17744].in[3] (.names)                                           0.485     4.614
[17744].out[0] (.names)                                          0.261     4.875
[17748].in[3] (.names)                                           0.629     5.504
[17748].out[0] (.names)                                          0.261     5.765
[17751].in[3] (.names)                                           0.337     6.102
[17751].out[0] (.names)                                          0.261     6.363
[17755].in[3] (.names)                                           0.626     6.989
[17755].out[0] (.names)                                          0.261     7.250
[19741].in[5] (.names)                                           0.100     7.350
[19741].out[0] (.names)                                          0.261     7.611
[19490].in[2] (.names)                                           0.311     7.921
[19490].out[0] (.names)                                          0.261     8.182
[19367].in[3] (.names)                                           0.336     8.518
[19367].out[0] (.names)                                          0.261     8.779
[6224].in[3] (.names)                                            0.472     9.252
[6224].out[0] (.names)                                           0.261     9.513
[6215].D[0] (.latch)                                             0.000     9.513
data arrival time                                                          9.513

clock pclk (rise edge)                                           0.000     0.000
clock source latency                                             0.000     0.000
pclk.inpad[0] (.input)                                           0.000     0.000
[6215].clk[0] (.latch)                                           0.042     0.042
clock uncertainty                                                0.000     0.042
cell setup time                                                 -0.066    -0.024
data required time                                                        -0.024
--------------------------------------------------------------------------------
data required time                                                        -0.024
data arrival time                                                         -9.513
--------------------------------------------------------------------------------
slack (VIOLATED)                                                          -9.536


#Path 10
Startpoint: [17752].Q[0] (.latch clocked by pclk)
Endpoint  : [10055].D[0] (.latch clocked by pclk)
Path Type : setup

Point                                                             Incr      Path
--------------------------------------------------------------------------------
clock pclk (rise edge)                                           0.000     0.000
clock source latency                                             0.000     0.000
pclk.inpad[0] (.input)                                           0.000     0.000
[17752].clk[0] (.latch)                                          0.042     0.042
[17752].Q[0] (.latch) [clock-to-output]                          0.124     0.166
[5571].in[4] (.names)                                            1.048     1.215
[5571].out[0] (.names)                                           0.261     1.476
[17559].in[2] (.names)                                           0.768     2.243
[17559].out[0] (.names)                                          0.261     2.504
nen17_4.in[1] (.names)                                           0.623     3.128
nen17_4.out[0] (.names)                                          0.261     3.389
[17719].in[3] (.names)                                           0.480     3.869
[17719].out[0] (.names)                                          0.261     4.130
[17744].in[3] (.names)                                           0.485     4.614
[17744].out[0] (.names)                                          0.261     4.875
[17748].in[3] (.names)                                           0.629     5.504
[17748].out[0] (.names)                                          0.261     5.765
[17751].in[3] (.names)                                           0.337     6.102
[17751].out[0] (.names)                                          0.261     6.363
[17755].in[3] (.names)                                           0.626     6.989
[17755].out[0] (.names)                                          0.261     7.250
[19741].in[5] (.names)                                           0.100     7.350
[19741].out[0] (.names)                                          0.261     7.611
[19490].in[2] (.names)                                           0.311     7.921
[19490].out[0] (.names)                                          0.261     8.182
[19367].in[3] (.names)                                           0.336     8.518
[19367].out[0] (.names)                                          0.261     8.779
[10064].in[4] (.names)                                           0.455     9.234
[10064].out[0] (.names)                                          0.261     9.495
[10055].D[0] (.latch)                                            0.000     9.495
data arrival time                                                          9.495

clock pclk (rise edge)                                           0.000     0.000
clock source latency                                             0.000     0.000
pclk.inpad[0] (.input)                                           0.000     0.000
[10055].clk[0] (.latch)                                          0.042     0.042
clock uncertainty                                                0.000     0.042
cell setup time                                                 -0.066    -0.024
data required time                                                        -0.024
--------------------------------------------------------------------------------
data required time                                                        -0.024
data arrival time                                                         -9.495
--------------------------------------------------------------------------------
slack (VIOLATED)                                                          -9.519


#Path 11
Startpoint: [17752].Q[0] (.latch clocked by pclk)
Endpoint  : [7400].D[0] (.latch clocked by pclk)
Path Type : setup

Point                                                             Incr      Path
--------------------------------------------------------------------------------
clock pclk (rise edge)                                           0.000     0.000
clock source latency                                             0.000     0.000
pclk.inpad[0] (.input)                                           0.000     0.000
[17752].clk[0] (.latch)                                          0.042     0.042
[17752].Q[0] (.latch) [clock-to-output]                          0.124     0.166
[5571].in[4] (.names)                                            1.048     1.215
[5571].out[0] (.names)                                           0.261     1.476
[17559].in[2] (.names)                                           0.768     2.243
[17559].out[0] (.names)                                          0.261     2.504
nen17_4.in[1] (.names)                                           0.623     3.128
nen17_4.out[0] (.names)                                          0.261     3.389
[17719].in[3] (.names)                                           0.480     3.869
[17719].out[0] (.names)                                          0.261     4.130
[17744].in[3] (.names)                                           0.485     4.614
[17744].out[0] (.names)                                          0.261     4.875
[17748].in[3] (.names)                                           0.629     5.504
[17748].out[0] (.names)                                          0.261     5.765
[17751].in[3] (.names)                                           0.337     6.102
[17751].out[0] (.names)                                          0.261     6.363
[17755].in[3] (.names)                                           0.626     6.989
[17755].out[0] (.names)                                          0.261     7.250
[19741].in[5] (.names)                                           0.100     7.350
[19741].out[0] (.names)                                          0.261     7.611
[19490].in[2] (.names)                                           0.311     7.921
[19490].out[0] (.names)                                          0.261     8.182
[19367].in[3] (.names)                                           0.336     8.518
[19367].out[0] (.names)                                          0.261     8.779
[7409].in[4] (.names)                                            0.455     9.234
[7409].out[0] (.names)                                           0.261     9.495
[7400].D[0] (.latch)                                             0.000     9.495
data arrival time                                                          9.495

clock pclk (rise edge)                                           0.000     0.000
clock source latency                                             0.000     0.000
pclk.inpad[0] (.input)                                           0.000     0.000
[7400].clk[0] (.latch)                                           0.042     0.042
clock uncertainty                                                0.000     0.042
cell setup time                                                 -0.066    -0.024
data required time                                                        -0.024
--------------------------------------------------------------------------------
data required time                                                        -0.024
data arrival time                                                         -9.495
--------------------------------------------------------------------------------
slack (VIOLATED)                                                          -9.519


#Path 12
Startpoint: [17752].Q[0] (.latch clocked by pclk)
Endpoint  : [6725].D[0] (.latch clocked by pclk)
Path Type : setup

Point                                                             Incr      Path
--------------------------------------------------------------------------------
clock pclk (rise edge)                                           0.000     0.000
clock source latency                                             0.000     0.000
pclk.inpad[0] (.input)                                           0.000     0.000
[17752].clk[0] (.latch)                                          0.042     0.042
[17752].Q[0] (.latch) [clock-to-output]                          0.124     0.166
[5571].in[4] (.names)                                            1.048     1.215
[5571].out[0] (.names)                                           0.261     1.476
[17559].in[2] (.names)                                           0.768     2.243
[17559].out[0] (.names)                                          0.261     2.504
nen17_4.in[1] (.names)                                           0.623     3.128
nen17_4.out[0] (.names)                                          0.261     3.389
[17719].in[3] (.names)                                           0.480     3.869
[17719].out[0] (.names)                                          0.261     4.130
[17744].in[3] (.names)                                           0.485     4.614
[17744].out[0] (.names)                                          0.261     4.875
[17748].in[3] (.names)                                           0.629     5.504
[17748].out[0] (.names)                                          0.261     5.765
[17751].in[3] (.names)                                           0.337     6.102
[17751].out[0] (.names)                                          0.261     6.363
[17755].in[3] (.names)                                           0.626     6.989
[17755].out[0] (.names)                                          0.261     7.250
[19741].in[5] (.names)                                           0.100     7.350
[19741].out[0] (.names)                                          0.261     7.611
[19490].in[2] (.names)                                           0.311     7.921
[19490].out[0] (.names)                                          0.261     8.182
[19367].in[3] (.names)                                           0.336     8.518
[19367].out[0] (.names)                                          0.261     8.779
[6734].in[4] (.names)                                            0.455     9.234
[6734].out[0] (.names)                                           0.261     9.495
[6725].D[0] (.latch)                                             0.000     9.495
data arrival time                                                          9.495

clock pclk (rise edge)                                           0.000     0.000
clock source latency                                             0.000     0.000
pclk.inpad[0] (.input)                                           0.000     0.000
[6725].clk[0] (.latch)                                           0.042     0.042
clock uncertainty                                                0.000     0.042
cell setup time                                                 -0.066    -0.024
data required time                                                        -0.024
--------------------------------------------------------------------------------
data required time                                                        -0.024
data arrival time                                                         -9.495
--------------------------------------------------------------------------------
slack (VIOLATED)                                                          -9.519


#Path 13
Startpoint: [17752].Q[0] (.latch clocked by pclk)
Endpoint  : [6080].D[0] (.latch clocked by pclk)
Path Type : setup

Point                                                             Incr      Path
--------------------------------------------------------------------------------
clock pclk (rise edge)                                           0.000     0.000
clock source latency                                             0.000     0.000
pclk.inpad[0] (.input)                                           0.000     0.000
[17752].clk[0] (.latch)                                          0.042     0.042
[17752].Q[0] (.latch) [clock-to-output]                          0.124     0.166
[5571].in[4] (.names)                                            1.048     1.215
[5571].out[0] (.names)                                           0.261     1.476
[17559].in[2] (.names)                                           0.768     2.243
[17559].out[0] (.names)                                          0.261     2.504
nen17_4.in[1] (.names)                                           0.623     3.128
nen17_4.out[0] (.names)                                          0.261     3.389
[17719].in[3] (.names)                                           0.480     3.869
[17719].out[0] (.names)                                          0.261     4.130
[17744].in[3] (.names)                                           0.485     4.614
[17744].out[0] (.names)                                          0.261     4.875
[17748].in[3] (.names)                                           0.629     5.504
[17748].out[0] (.names)                                          0.261     5.765
[17751].in[3] (.names)                                           0.337     6.102
[17751].out[0] (.names)                                          0.261     6.363
[17755].in[3] (.names)                                           0.626     6.989
[17755].out[0] (.names)                                          0.261     7.250
[19741].in[5] (.names)                                           0.100     7.350
[19741].out[0] (.names)                                          0.261     7.611
[19490].in[2] (.names)                                           0.311     7.921
[19490].out[0] (.names)                                          0.261     8.182
[19367].in[3] (.names)                                           0.336     8.518
[19367].out[0] (.names)                                          0.261     8.779
[6089].in[3] (.names)                                            0.455     9.234
[6089].out[0] (.names)                                           0.261     9.495
[6080].D[0] (.latch)                                             0.000     9.495
data arrival time                                                          9.495

clock pclk (rise edge)                                           0.000     0.000
clock source latency                                             0.000     0.000
pclk.inpad[0] (.input)                                           0.000     0.000
[6080].clk[0] (.latch)                                           0.042     0.042
clock uncertainty                                                0.000     0.042
cell setup time                                                 -0.066    -0.024
data required time                                                        -0.024
--------------------------------------------------------------------------------
data required time                                                        -0.024
data arrival time                                                         -9.495
--------------------------------------------------------------------------------
slack (VIOLATED)                                                          -9.519


#Path 14
Startpoint: [17752].Q[0] (.latch clocked by pclk)
Endpoint  : [5480].D[0] (.latch clocked by pclk)
Path Type : setup

Point                                                             Incr      Path
--------------------------------------------------------------------------------
clock pclk (rise edge)                                           0.000     0.000
clock source latency                                             0.000     0.000
pclk.inpad[0] (.input)                                           0.000     0.000
[17752].clk[0] (.latch)                                          0.042     0.042
[17752].Q[0] (.latch) [clock-to-output]                          0.124     0.166
[5571].in[4] (.names)                                            1.048     1.215
[5571].out[0] (.names)                                           0.261     1.476
[17559].in[2] (.names)                                           0.768     2.243
[17559].out[0] (.names)                                          0.261     2.504
nen17_4.in[1] (.names)                                           0.623     3.128
nen17_4.out[0] (.names)                                          0.261     3.389
[17719].in[3] (.names)                                           0.480     3.869
[17719].out[0] (.names)                                          0.261     4.130
[17744].in[3] (.names)                                           0.485     4.614
[17744].out[0] (.names)                                          0.261     4.875
[17748].in[3] (.names)                                           0.629     5.504
[17748].out[0] (.names)                                          0.261     5.765
[17751].in[3] (.names)                                           0.337     6.102
[17751].out[0] (.names)                                          0.261     6.363
[17755].in[3] (.names)                                           0.626     6.989
[17755].out[0] (.names)                                          0.261     7.250
[19741].in[5] (.names)                                           0.100     7.350
[19741].out[0] (.names)                                          0.261     7.611
[19490].in[2] (.names)                                           0.311     7.921
[19490].out[0] (.names)                                          0.261     8.182
[19367].in[3] (.names)                                           0.336     8.518
[19367].out[0] (.names)                                          0.261     8.779
[5489].in[3] (.names)                                            0.455     9.234
[5489].out[0] (.names)                                           0.261     9.495
[5480].D[0] (.latch)                                             0.000     9.495
data arrival time                                                          9.495

clock pclk (rise edge)                                           0.000     0.000
clock source latency                                             0.000     0.000
pclk.inpad[0] (.input)                                           0.000     0.000
[5480].clk[0] (.latch)                                           0.042     0.042
clock uncertainty                                                0.000     0.042
cell setup time                                                 -0.066    -0.024
data required time                                                        -0.024
--------------------------------------------------------------------------------
data required time                                                        -0.024
data arrival time                                                         -9.495
--------------------------------------------------------------------------------
slack (VIOLATED)                                                          -9.519


#Path 15
Startpoint: [17752].Q[0] (.latch clocked by pclk)
Endpoint  : [10340].D[0] (.latch clocked by pclk)
Path Type : setup

Point                                                             Incr      Path
--------------------------------------------------------------------------------
clock pclk (rise edge)                                           0.000     0.000
clock source latency                                             0.000     0.000
pclk.inpad[0] (.input)                                           0.000     0.000
[17752].clk[0] (.latch)                                          0.042     0.042
[17752].Q[0] (.latch) [clock-to-output]                          0.124     0.166
[5571].in[4] (.names)                                            1.048     1.215
[5571].out[0] (.names)                                           0.261     1.476
[17559].in[2] (.names)                                           0.768     2.243
[17559].out[0] (.names)                                          0.261     2.504
nen17_4.in[1] (.names)                                           0.623     3.128
nen17_4.out[0] (.names)                                          0.261     3.389
[17719].in[3] (.names)                                           0.480     3.869
[17719].out[0] (.names)                                          0.261     4.130
[17744].in[3] (.names)                                           0.485     4.614
[17744].out[0] (.names)                                          0.261     4.875
[17748].in[3] (.names)                                           0.629     5.504
[17748].out[0] (.names)                                          0.261     5.765
[17751].in[3] (.names)                                           0.337     6.102
[17751].out[0] (.names)                                          0.261     6.363
[17755].in[3] (.names)                                           0.626     6.989
[17755].out[0] (.names)                                          0.261     7.250
[19741].in[5] (.names)                                           0.100     7.350
[19741].out[0] (.names)                                          0.261     7.611
[19490].in[2] (.names)                                           0.311     7.921
[19490].out[0] (.names)                                          0.261     8.182
[3481].in[4] (.names)                                            0.336     8.518
[3481].out[0] (.names)                                           0.261     8.779
[10349].in[4] (.names)                                           0.336     9.115
[10349].out[0] (.names)                                          0.261     9.376
[10340].D[0] (.latch)                                            0.000     9.376
data arrival time                                                          9.376

clock pclk (rise edge)                                           0.000     0.000
clock source latency                                             0.000     0.000
pclk.inpad[0] (.input)                                           0.000     0.000
[10340].clk[0] (.latch)                                          0.042     0.042
clock uncertainty                                                0.000     0.042
cell setup time                                                 -0.066    -0.024
data required time                                                        -0.024
--------------------------------------------------------------------------------
data required time                                                        -0.024
data arrival time                                                         -9.376
--------------------------------------------------------------------------------
slack (VIOLATED)                                                          -9.400


#Path 16
Startpoint: [17752].Q[0] (.latch clocked by pclk)
Endpoint  : [7355].D[0] (.latch clocked by pclk)
Path Type : setup

Point                                                             Incr      Path
--------------------------------------------------------------------------------
clock pclk (rise edge)                                           0.000     0.000
clock source latency                                             0.000     0.000
pclk.inpad[0] (.input)                                           0.000     0.000
[17752].clk[0] (.latch)                                          0.042     0.042
[17752].Q[0] (.latch) [clock-to-output]                          0.124     0.166
[5571].in[4] (.names)                                            1.048     1.215
[5571].out[0] (.names)                                           0.261     1.476
[17559].in[2] (.names)                                           0.768     2.243
[17559].out[0] (.names)                                          0.261     2.504
nen17_4.in[1] (.names)                                           0.623     3.128
nen17_4.out[0] (.names)                                          0.261     3.389
[17719].in[3] (.names)                                           0.480     3.869
[17719].out[0] (.names)                                          0.261     4.130
[17744].in[3] (.names)                                           0.485     4.614
[17744].out[0] (.names)                                          0.261     4.875
[17748].in[3] (.names)                                           0.629     5.504
[17748].out[0] (.names)                                          0.261     5.765
[17751].in[3] (.names)                                           0.337     6.102
[17751].out[0] (.names)                                          0.261     6.363
[17755].in[3] (.names)                                           0.626     6.989
[17755].out[0] (.names)                                          0.261     7.250
[19741].in[5] (.names)                                           0.100     7.350
[19741].out[0] (.names)                                          0.261     7.611
[19490].in[2] (.names)                                           0.311     7.921
[19490].out[0] (.names)                                          0.261     8.182
[19474].in[3] (.names)                                           0.336     8.518
[19474].out[0] (.names)                                          0.261     8.779
[7364].in[3] (.names)                                            0.336     9.115
[7364].out[0] (.names)                                           0.261     9.376
[7355].D[0] (.latch)                                             0.000     9.376
data arrival time                                                          9.376

clock pclk (rise edge)                                           0.000     0.000
clock source latency                                             0.000     0.000
pclk.inpad[0] (.input)                                           0.000     0.000
[7355].clk[0] (.latch)                                           0.042     0.042
clock uncertainty                                                0.000     0.042
cell setup time                                                 -0.066    -0.024
data required time                                                        -0.024
--------------------------------------------------------------------------------
data required time                                                        -0.024
data arrival time                                                         -9.376
--------------------------------------------------------------------------------
slack (VIOLATED)                                                          -9.400


#Path 17
Startpoint: [17752].Q[0] (.latch clocked by pclk)
Endpoint  : [8150].D[0] (.latch clocked by pclk)
Path Type : setup

Point                                                             Incr      Path
--------------------------------------------------------------------------------
clock pclk (rise edge)                                           0.000     0.000
clock source latency                                             0.000     0.000
pclk.inpad[0] (.input)                                           0.000     0.000
[17752].clk[0] (.latch)                                          0.042     0.042
[17752].Q[0] (.latch) [clock-to-output]                          0.124     0.166
[5571].in[4] (.names)                                            1.048     1.215
[5571].out[0] (.names)                                           0.261     1.476
[17559].in[2] (.names)                                           0.768     2.243
[17559].out[0] (.names)                                          0.261     2.504
nen17_4.in[1] (.names)                                           0.623     3.128
nen17_4.out[0] (.names)                                          0.261     3.389
[17719].in[3] (.names)                                           0.480     3.869
[17719].out[0] (.names)                                          0.261     4.130
[17744].in[3] (.names)                                           0.485     4.614
[17744].out[0] (.names)                                          0.261     4.875
[17748].in[3] (.names)                                           0.629     5.504
[17748].out[0] (.names)                                          0.261     5.765
[17751].in[3] (.names)                                           0.337     6.102
[17751].out[0] (.names)                                          0.261     6.363
[17755].in[3] (.names)                                           0.626     6.989
[17755].out[0] (.names)                                          0.261     7.250
[19741].in[5] (.names)                                           0.100     7.350
[19741].out[0] (.names)                                          0.261     7.611
[19490].in[2] (.names)                                           0.311     7.921
[19490].out[0] (.names)                                          0.261     8.182
[19474].in[3] (.names)                                           0.336     8.518
[19474].out[0] (.names)                                          0.261     8.779
[8159].in[3] (.names)                                            0.336     9.115
[8159].out[0] (.names)                                           0.261     9.376
[8150].D[0] (.latch)                                             0.000     9.376
data arrival time                                                          9.376

clock pclk (rise edge)                                           0.000     0.000
clock source latency                                             0.000     0.000
pclk.inpad[0] (.input)                                           0.000     0.000
[8150].clk[0] (.latch)                                           0.042     0.042
clock uncertainty                                                0.000     0.042
cell setup time                                                 -0.066    -0.024
data required time                                                        -0.024
--------------------------------------------------------------------------------
data required time                                                        -0.024
data arrival time                                                         -9.376
--------------------------------------------------------------------------------
slack (VIOLATED)                                                          -9.400


#Path 18
Startpoint: [17752].Q[0] (.latch clocked by pclk)
Endpoint  : [6050].D[0] (.latch clocked by pclk)
Path Type : setup

Point                                                             Incr      Path
--------------------------------------------------------------------------------
clock pclk (rise edge)                                           0.000     0.000
clock source latency                                             0.000     0.000
pclk.inpad[0] (.input)                                           0.000     0.000
[17752].clk[0] (.latch)                                          0.042     0.042
[17752].Q[0] (.latch) [clock-to-output]                          0.124     0.166
[5571].in[4] (.names)                                            1.048     1.215
[5571].out[0] (.names)                                           0.261     1.476
[17559].in[2] (.names)                                           0.768     2.243
[17559].out[0] (.names)                                          0.261     2.504
nen17_4.in[1] (.names)                                           0.623     3.128
nen17_4.out[0] (.names)                                          0.261     3.389
[17719].in[3] (.names)                                           0.480     3.869
[17719].out[0] (.names)                                          0.261     4.130
[17744].in[3] (.names)                                           0.485     4.614
[17744].out[0] (.names)                                          0.261     4.875
[17748].in[3] (.names)                                           0.629     5.504
[17748].out[0] (.names)                                          0.261     5.765
[17751].in[3] (.names)                                           0.337     6.102
[17751].out[0] (.names)                                          0.261     6.363
[17755].in[3] (.names)                                           0.626     6.989
[17755].out[0] (.names)                                          0.261     7.250
[19741].in[5] (.names)                                           0.100     7.350
[19741].out[0] (.names)                                          0.261     7.611
[19490].in[2] (.names)                                           0.311     7.921
[19490].out[0] (.names)                                          0.261     8.182
[4494].in[4] (.names)                                            0.456     8.638
[4494].out[0] (.names)                                           0.261     8.899
[6059].in[4] (.names)                                            0.100     8.999
[6059].out[0] (.names)                                           0.261     9.260
[6050].D[0] (.latch)                                             0.000     9.260
data arrival time                                                          9.260

clock pclk (rise edge)                                           0.000     0.000
clock source latency                                             0.000     0.000
pclk.inpad[0] (.input)                                           0.000     0.000
[6050].clk[0] (.latch)                                           0.042     0.042
clock uncertainty                                                0.000     0.042
cell setup time                                                 -0.066    -0.024
data required time                                                        -0.024
--------------------------------------------------------------------------------
data required time                                                        -0.024
data arrival time                                                         -9.260
--------------------------------------------------------------------------------
slack (VIOLATED)                                                          -9.284


#Path 19
Startpoint: [17752].Q[0] (.latch clocked by pclk)
Endpoint  : [15065].D[0] (.latch clocked by pclk)
Path Type : setup

Point                                                             Incr      Path
--------------------------------------------------------------------------------
clock pclk (rise edge)                                           0.000     0.000
clock source latency                                             0.000     0.000
pclk.inpad[0] (.input)                                           0.000     0.000
[17752].clk[0] (.latch)                                          0.042     0.042
[17752].Q[0] (.latch) [clock-to-output]                          0.124     0.166
[5571].in[4] (.names)                                            1.048     1.215
[5571].out[0] (.names)                                           0.261     1.476
[17559].in[2] (.names)                                           0.768     2.243
[17559].out[0] (.names)                                          0.261     2.504
nen24_7.in[1] (.names)                                           0.623     3.128
nen24_7.out[0] (.names)                                          0.261     3.389
[4993].in[2] (.names)                                            0.623     4.012
[4993].out[0] (.names)                                           0.261     4.273
[17924].in[2] (.names)                                           0.100     4.373
[17924].out[0] (.names)                                          0.261     4.634
[19153].in[4] (.names)                                           0.336     4.970
[19153].out[0] (.names)                                          0.261     5.231
[19157].in[2] (.names)                                           0.335     5.566
[19157].out[0] (.names)                                          0.261     5.827
[19221].in[2] (.names)                                           0.100     5.927
[19221].out[0] (.names)                                          0.261     6.188
[19227].in[2] (.names)                                           0.100     6.288
[19227].out[0] (.names)                                          0.261     6.549
[19232].in[2] (.names)                                           0.100     6.649
[19232].out[0] (.names)                                          0.261     6.910
[19091].in[5] (.names)                                           0.479     7.389
[19091].out[0] (.names)                                          0.261     7.650
[15074].in[3] (.names)                                           1.342     8.991
[15074].out[0] (.names)                                          0.261     9.252
[15065].D[0] (.latch)                                            0.000     9.252
data arrival time                                                          9.252

clock pclk (rise edge)                                           0.000     0.000
clock source latency                                             0.000     0.000
pclk.inpad[0] (.input)                                           0.000     0.000
[15065].clk[0] (.latch)                                          0.042     0.042
clock uncertainty                                                0.000     0.042
cell setup time                                                 -0.066    -0.024
data required time                                                        -0.024
--------------------------------------------------------------------------------
data required time                                                        -0.024
data arrival time                                                         -9.252
--------------------------------------------------------------------------------
slack (VIOLATED)                                                          -9.276


#Path 20
Startpoint: [17752].Q[0] (.latch clocked by pclk)
Endpoint  : [10415].D[0] (.latch clocked by pclk)
Path Type : setup

Point                                                             Incr      Path
--------------------------------------------------------------------------------
clock pclk (rise edge)                                           0.000     0.000
clock source latency                                             0.000     0.000
pclk.inpad[0] (.input)                                           0.000     0.000
[17752].clk[0] (.latch)                                          0.042     0.042
[17752].Q[0] (.latch) [clock-to-output]                          0.124     0.166
[5571].in[4] (.names)                                            1.048     1.215
[5571].out[0] (.names)                                           0.261     1.476
[17559].in[2] (.names)                                           0.768     2.243
[17559].out[0] (.names)                                          0.261     2.504
nen24_7.in[1] (.names)                                           0.623     3.128
nen24_7.out[0] (.names)                                          0.261     3.389
[4993].in[2] (.names)                                            0.623     4.012
[4993].out[0] (.names)                                           0.261     4.273
[17924].in[2] (.names)                                           0.100     4.373
[17924].out[0] (.names)                                          0.261     4.634
[19153].in[4] (.names)                                           0.336     4.970
[19153].out[0] (.names)                                          0.261     5.231
[19157].in[2] (.names)                                           0.335     5.566
[19157].out[0] (.names)                                          0.261     5.827
[19221].in[2] (.names)                                           0.100     5.927
[19221].out[0] (.names)                                          0.261     6.188
[19227].in[2] (.names)                                           0.100     6.288
[19227].out[0] (.names)                                          0.261     6.549
[19232].in[2] (.names)                                           0.100     6.649
[19232].out[0] (.names)                                          0.261     6.910
[19091].in[5] (.names)                                           0.479     7.389
[19091].out[0] (.names)                                          0.261     7.650
[10424].in[3] (.names)                                           1.342     8.991
[10424].out[0] (.names)                                          0.261     9.252
[10415].D[0] (.latch)                                            0.000     9.252
data arrival time                                                          9.252

clock pclk (rise edge)                                           0.000     0.000
clock source latency                                             0.000     0.000
pclk.inpad[0] (.input)                                           0.000     0.000
[10415].clk[0] (.latch)                                          0.042     0.042
clock uncertainty                                                0.000     0.042
cell setup time                                                 -0.066    -0.024
data required time                                                        -0.024
--------------------------------------------------------------------------------
data required time                                                        -0.024
data arrival time                                                         -9.252
--------------------------------------------------------------------------------
slack (VIOLATED)                                                          -9.276


#Path 21
Startpoint: [17752].Q[0] (.latch clocked by pclk)
Endpoint  : [9740].D[0] (.latch clocked by pclk)
Path Type : setup

Point                                                             Incr      Path
--------------------------------------------------------------------------------
clock pclk (rise edge)                                           0.000     0.000
clock source latency                                             0.000     0.000
pclk.inpad[0] (.input)                                           0.000     0.000
[17752].clk[0] (.latch)                                          0.042     0.042
[17752].Q[0] (.latch) [clock-to-output]                          0.124     0.166
[5571].in[4] (.names)                                            1.048     1.215
[5571].out[0] (.names)                                           0.261     1.476
[17559].in[2] (.names)                                           0.768     2.243
[17559].out[0] (.names)                                          0.261     2.504
nen17_4.in[1] (.names)                                           0.623     3.128
nen17_4.out[0] (.names)                                          0.261     3.389
[17719].in[3] (.names)                                           0.480     3.869
[17719].out[0] (.names)                                          0.261     4.130
[17744].in[3] (.names)                                           0.485     4.614
[17744].out[0] (.names)                                          0.261     4.875
[17748].in[3] (.names)                                           0.629     5.504
[17748].out[0] (.names)                                          0.261     5.765
[17751].in[3] (.names)                                           0.337     6.102
[17751].out[0] (.names)                                          0.261     6.363
[17755].in[3] (.names)                                           0.626     6.989
[17755].out[0] (.names)                                          0.261     7.250
[19741].in[5] (.names)                                           0.100     7.350
[19741].out[0] (.names)                                          0.261     7.611
[19490].in[2] (.names)                                           0.311     7.921
[19490].out[0] (.names)                                          0.261     8.182
[3557].in[4] (.names)                                            0.339     8.522
[3557].out[0] (.names)                                           0.261     8.783
[9749].in[4] (.names)                                            0.100     8.883
[9749].out[0] (.names)                                           0.261     9.144
[9740].D[0] (.latch)                                             0.000     9.144
data arrival time                                                          9.144

clock pclk (rise edge)                                           0.000     0.000
clock source latency                                             0.000     0.000
pclk.inpad[0] (.input)                                           0.000     0.000
[9740].clk[0] (.latch)                                           0.042     0.042
clock uncertainty                                                0.000     0.042
cell setup time                                                 -0.066    -0.024
data required time                                                        -0.024
--------------------------------------------------------------------------------
data required time                                                        -0.024
data arrival time                                                         -9.144
--------------------------------------------------------------------------------
slack (VIOLATED)                                                          -9.167


#Path 22
Startpoint: [17752].Q[0] (.latch clocked by pclk)
Endpoint  : [5345].D[0] (.latch clocked by pclk)
Path Type : setup

Point                                                             Incr      Path
--------------------------------------------------------------------------------
clock pclk (rise edge)                                           0.000     0.000
clock source latency                                             0.000     0.000
pclk.inpad[0] (.input)                                           0.000     0.000
[17752].clk[0] (.latch)                                          0.042     0.042
[17752].Q[0] (.latch) [clock-to-output]                          0.124     0.166
[5571].in[4] (.names)                                            1.048     1.215
[5571].out[0] (.names)                                           0.261     1.476
[17559].in[2] (.names)                                           0.768     2.243
[17559].out[0] (.names)                                          0.261     2.504
nen17_4.in[1] (.names)                                           0.623     3.128
nen17_4.out[0] (.names)                                          0.261     3.389
[17719].in[3] (.names)                                           0.480     3.869
[17719].out[0] (.names)                                          0.261     4.130
[17744].in[3] (.names)                                           0.485     4.614
[17744].out[0] (.names)                                          0.261     4.875
[17748].in[3] (.names)                                           0.629     5.504
[17748].out[0] (.names)                                          0.261     5.765
[17751].in[3] (.names)                                           0.337     6.102
[17751].out[0] (.names)                                          0.261     6.363
[17755].in[3] (.names)                                           0.626     6.989
[17755].out[0] (.names)                                          0.261     7.250
[19741].in[5] (.names)                                           0.100     7.350
[19741].out[0] (.names)                                          0.261     7.611
[19490].in[2] (.names)                                           0.311     7.921
[19490].out[0] (.names)                                          0.261     8.182
[4697].in[4] (.names)                                            0.339     8.522
[4697].out[0] (.names)                                           0.261     8.783
[5354].in[3] (.names)                                            0.100     8.883
[5354].out[0] (.names)                                           0.261     9.144
[5345].D[0] (.latch)                                             0.000     9.144
data arrival time                                                          9.144

clock pclk (rise edge)                                           0.000     0.000
clock source latency                                             0.000     0.000
pclk.inpad[0] (.input)                                           0.000     0.000
[5345].clk[0] (.latch)                                           0.042     0.042
clock uncertainty                                                0.000     0.042
cell setup time                                                 -0.066    -0.024
data required time                                                        -0.024
--------------------------------------------------------------------------------
data required time                                                        -0.024
data arrival time                                                         -9.144
--------------------------------------------------------------------------------
slack (VIOLATED)                                                          -9.167


#Path 23
Startpoint: [17752].Q[0] (.latch clocked by pclk)
Endpoint  : [10580].D[0] (.latch clocked by pclk)
Path Type : setup

Point                                                             Incr      Path
--------------------------------------------------------------------------------
clock pclk (rise edge)                                           0.000     0.000
clock source latency                                             0.000     0.000
pclk.inpad[0] (.input)                                           0.000     0.000
[17752].clk[0] (.latch)                                          0.042     0.042
[17752].Q[0] (.latch) [clock-to-output]                          0.124     0.166
[5571].in[4] (.names)                                            1.048     1.215
[5571].out[0] (.names)                                           0.261     1.476
[17559].in[2] (.names)                                           0.768     2.243
[17559].out[0] (.names)                                          0.261     2.504
nen17_4.in[1] (.names)                                           0.623     3.128
nen17_4.out[0] (.names)                                          0.261     3.389
[17719].in[3] (.names)                                           0.480     3.869
[17719].out[0] (.names)                                          0.261     4.130
[17744].in[3] (.names)                                           0.485     4.614
[17744].out[0] (.names)                                          0.261     4.875
[17748].in[3] (.names)                                           0.629     5.504
[17748].out[0] (.names)                                          0.261     5.765
[17751].in[3] (.names)                                           0.337     6.102
[17751].out[0] (.names)                                          0.261     6.363
[17755].in[3] (.names)                                           0.626     6.989
[17755].out[0] (.names)                                          0.261     7.250
[19741].in[5] (.names)                                           0.100     7.350
[19741].out[0] (.names)                                          0.261     7.611
[19490].in[2] (.names)                                           0.311     7.921
[19490].out[0] (.names)                                          0.261     8.182
[19474].in[3] (.names)                                           0.336     8.518
[19474].out[0] (.names)                                          0.261     8.779
[10589].in[3] (.names)                                           0.100     8.879
[10589].out[0] (.names)                                          0.261     9.140
[10580].D[0] (.latch)                                            0.000     9.140
data arrival time                                                          9.140

clock pclk (rise edge)                                           0.000     0.000
clock source latency                                             0.000     0.000
pclk.inpad[0] (.input)                                           0.000     0.000
[10580].clk[0] (.latch)                                          0.042     0.042
clock uncertainty                                                0.000     0.042
cell setup time                                                 -0.066    -0.024
data required time                                                        -0.024
--------------------------------------------------------------------------------
data required time                                                        -0.024
data arrival time                                                         -9.140
--------------------------------------------------------------------------------
slack (VIOLATED)                                                          -9.164


#Path 24
Startpoint: [17752].Q[0] (.latch clocked by pclk)
Endpoint  : [11180].D[0] (.latch clocked by pclk)
Path Type : setup

Point                                                             Incr      Path
--------------------------------------------------------------------------------
clock pclk (rise edge)                                           0.000     0.000
clock source latency                                             0.000     0.000
pclk.inpad[0] (.input)                                           0.000     0.000
[17752].clk[0] (.latch)                                          0.042     0.042
[17752].Q[0] (.latch) [clock-to-output]                          0.124     0.166
[5571].in[4] (.names)                                            1.048     1.215
[5571].out[0] (.names)                                           0.261     1.476
[17559].in[2] (.names)                                           0.768     2.243
[17559].out[0] (.names)                                          0.261     2.504
nen17_4.in[1] (.names)                                           0.623     3.128
nen17_4.out[0] (.names)                                          0.261     3.389
[17719].in[3] (.names)                                           0.480     3.869
[17719].out[0] (.names)                                          0.261     4.130
[17744].in[3] (.names)                                           0.485     4.614
[17744].out[0] (.names)                                          0.261     4.875
[17748].in[3] (.names)                                           0.629     5.504
[17748].out[0] (.names)                                          0.261     5.765
[17751].in[3] (.names)                                           0.337     6.102
[17751].out[0] (.names)                                          0.261     6.363
[17755].in[3] (.names)                                           0.626     6.989
[17755].out[0] (.names)                                          0.261     7.250
[19741].in[5] (.names)                                           0.100     7.350
[19741].out[0] (.names)                                          0.261     7.611
[19490].in[2] (.names)                                           0.311     7.921
[19490].out[0] (.names)                                          0.261     8.182
[19474].in[3] (.names)                                           0.336     8.518
[19474].out[0] (.names)                                          0.261     8.779
[11189].in[3] (.names)                                           0.100     8.879
[11189].out[0] (.names)                                          0.261     9.140
[11180].D[0] (.latch)                                            0.000     9.140
data arrival time                                                          9.140

clock pclk (rise edge)                                           0.000     0.000
clock source latency                                             0.000     0.000
pclk.inpad[0] (.input)                                           0.000     0.000
[11180].clk[0] (.latch)                                          0.042     0.042
clock uncertainty                                                0.000     0.042
cell setup time                                                 -0.066    -0.024
data required time                                                        -0.024
--------------------------------------------------------------------------------
data required time                                                        -0.024
data arrival time                                                         -9.140
--------------------------------------------------------------------------------
slack (VIOLATED)                                                          -9.164


#Path 25
Startpoint: [17752].Q[0] (.latch clocked by pclk)
Endpoint  : [12365].D[0] (.latch clocked by pclk)
Path Type : setup

Point                                                             Incr      Path
--------------------------------------------------------------------------------
clock pclk (rise edge)                                           0.000     0.000
clock source latency                                             0.000     0.000
pclk.inpad[0] (.input)                                           0.000     0.000
[17752].clk[0] (.latch)                                          0.042     0.042
[17752].Q[0] (.latch) [clock-to-output]                          0.124     0.166
[5571].in[4] (.names)                                            1.048     1.215
[5571].out[0] (.names)                                           0.261     1.476
[17559].in[2] (.names)                                           0.768     2.243
[17559].out[0] (.names)                                          0.261     2.504
nen17_4.in[1] (.names)                                           0.623     3.128
nen17_4.out[0] (.names)                                          0.261     3.389
[17719].in[3] (.names)                                           0.480     3.869
[17719].out[0] (.names)                                          0.261     4.130
[17744].in[3] (.names)                                           0.485     4.614
[17744].out[0] (.names)                                          0.261     4.875
[17748].in[3] (.names)                                           0.629     5.504
[17748].out[0] (.names)                                          0.261     5.765
[17751].in[3] (.names)                                           0.337     6.102
[17751].out[0] (.names)                                          0.261     6.363
[17755].in[3] (.names)                                           0.626     6.989
[17755].out[0] (.names)                                          0.261     7.250
[19741].in[5] (.names)                                           0.100     7.350
[19741].out[0] (.names)                                          0.261     7.611
[19490].in[2] (.names)                                           0.311     7.921
[19490].out[0] (.names)                                          0.261     8.182
[19474].in[3] (.names)                                           0.336     8.518
[19474].out[0] (.names)                                          0.261     8.779
[12374].in[3] (.names)                                           0.100     8.879
[12374].out[0] (.names)                                          0.261     9.140
[12365].D[0] (.latch)                                            0.000     9.140
data arrival time                                                          9.140

clock pclk (rise edge)                                           0.000     0.000
clock source latency                                             0.000     0.000
pclk.inpad[0] (.input)                                           0.000     0.000
[12365].clk[0] (.latch)                                          0.042     0.042
clock uncertainty                                                0.000     0.042
cell setup time                                                 -0.066    -0.024
data required time                                                        -0.024
--------------------------------------------------------------------------------
data required time                                                        -0.024
data arrival time                                                         -9.140
--------------------------------------------------------------------------------
slack (VIOLATED)                                                          -9.164


#Path 26
Startpoint: [17752].Q[0] (.latch clocked by pclk)
Endpoint  : [15320].D[0] (.latch clocked by pclk)
Path Type : setup

Point                                                             Incr      Path
--------------------------------------------------------------------------------
clock pclk (rise edge)                                           0.000     0.000
clock source latency                                             0.000     0.000
pclk.inpad[0] (.input)                                           0.000     0.000
[17752].clk[0] (.latch)                                          0.042     0.042
[17752].Q[0] (.latch) [clock-to-output]                          0.124     0.166
[5571].in[4] (.names)                                            1.048     1.215
[5571].out[0] (.names)                                           0.261     1.476
[17559].in[2] (.names)                                           0.768     2.243
[17559].out[0] (.names)                                          0.261     2.504
nen17_4.in[1] (.names)                                           0.623     3.128
nen17_4.out[0] (.names)                                          0.261     3.389
[17719].in[3] (.names)                                           0.480     3.869
[17719].out[0] (.names)                                          0.261     4.130
[17744].in[3] (.names)                                           0.485     4.614
[17744].out[0] (.names)                                          0.261     4.875
[17748].in[3] (.names)                                           0.629     5.504
[17748].out[0] (.names)                                          0.261     5.765
[17751].in[3] (.names)                                           0.337     6.102
[17751].out[0] (.names)                                          0.261     6.363
[17755].in[3] (.names)                                           0.626     6.989
[17755].out[0] (.names)                                          0.261     7.250
[19741].in[5] (.names)                                           0.100     7.350
[19741].out[0] (.names)                                          0.261     7.611
[19490].in[2] (.names)                                           0.311     7.921
[19490].out[0] (.names)                                          0.261     8.182
[19474].in[3] (.names)                                           0.336     8.518
[19474].out[0] (.names)                                          0.261     8.779
[15329].in[3] (.names)                                           0.100     8.879
[15329].out[0] (.names)                                          0.261     9.140
[15320].D[0] (.latch)                                            0.000     9.140
data arrival time                                                          9.140

clock pclk (rise edge)                                           0.000     0.000
clock source latency                                             0.000     0.000
pclk.inpad[0] (.input)                                           0.000     0.000
[15320].clk[0] (.latch)                                          0.042     0.042
clock uncertainty                                                0.000     0.042
cell setup time                                                 -0.066    -0.024
data required time                                                        -0.024
--------------------------------------------------------------------------------
data required time                                                        -0.024
data arrival time                                                         -9.140
--------------------------------------------------------------------------------
slack (VIOLATED)                                                          -9.164


#Path 27
Startpoint: [17752].Q[0] (.latch clocked by pclk)
Endpoint  : [9395].D[0] (.latch clocked by pclk)
Path Type : setup

Point                                                             Incr      Path
--------------------------------------------------------------------------------
clock pclk (rise edge)                                           0.000     0.000
clock source latency                                             0.000     0.000
pclk.inpad[0] (.input)                                           0.000     0.000
[17752].clk[0] (.latch)                                          0.042     0.042
[17752].Q[0] (.latch) [clock-to-output]                          0.124     0.166
[5571].in[4] (.names)                                            1.048     1.215
[5571].out[0] (.names)                                           0.261     1.476
[17559].in[2] (.names)                                           0.768     2.243
[17559].out[0] (.names)                                          0.261     2.504
nen17_4.in[1] (.names)                                           0.623     3.128
nen17_4.out[0] (.names)                                          0.261     3.389
[17719].in[3] (.names)                                           0.480     3.869
[17719].out[0] (.names)                                          0.261     4.130
[17744].in[3] (.names)                                           0.485     4.614
[17744].out[0] (.names)                                          0.261     4.875
[17748].in[3] (.names)                                           0.629     5.504
[17748].out[0] (.names)                                          0.261     5.765
[17751].in[3] (.names)                                           0.337     6.102
[17751].out[0] (.names)                                          0.261     6.363
[17755].in[3] (.names)                                           0.626     6.989
[17755].out[0] (.names)                                          0.261     7.250
[19741].in[5] (.names)                                           0.100     7.350
[19741].out[0] (.names)                                          0.261     7.611
[19490].in[2] (.names)                                           0.311     7.921
[19490].out[0] (.names)                                          0.261     8.182
[19474].in[3] (.names)                                           0.336     8.518
[19474].out[0] (.names)                                          0.261     8.779
[9404].in[3] (.names)                                            0.100     8.879
[9404].out[0] (.names)                                           0.261     9.140
[9395].D[0] (.latch)                                             0.000     9.140
data arrival time                                                          9.140

clock pclk (rise edge)                                           0.000     0.000
clock source latency                                             0.000     0.000
pclk.inpad[0] (.input)                                           0.000     0.000
[9395].clk[0] (.latch)                                           0.042     0.042
clock uncertainty                                                0.000     0.042
cell setup time                                                 -0.066    -0.024
data required time                                                        -0.024
--------------------------------------------------------------------------------
data required time                                                        -0.024
data arrival time                                                         -9.140
--------------------------------------------------------------------------------
slack (VIOLATED)                                                          -9.164


#Path 28
Startpoint: [17752].Q[0] (.latch clocked by pclk)
Endpoint  : [8765].D[0] (.latch clocked by pclk)
Path Type : setup

Point                                                             Incr      Path
--------------------------------------------------------------------------------
clock pclk (rise edge)                                           0.000     0.000
clock source latency                                             0.000     0.000
pclk.inpad[0] (.input)                                           0.000     0.000
[17752].clk[0] (.latch)                                          0.042     0.042
[17752].Q[0] (.latch) [clock-to-output]                          0.124     0.166
[5571].in[4] (.names)                                            1.048     1.215
[5571].out[0] (.names)                                           0.261     1.476
[17559].in[2] (.names)                                           0.768     2.243
[17559].out[0] (.names)                                          0.261     2.504
nen17_4.in[1] (.names)                                           0.623     3.128
nen17_4.out[0] (.names)                                          0.261     3.389
[17719].in[3] (.names)                                           0.480     3.869
[17719].out[0] (.names)                                          0.261     4.130
[17744].in[3] (.names)                                           0.485     4.614
[17744].out[0] (.names)                                          0.261     4.875
[17748].in[3] (.names)                                           0.629     5.504
[17748].out[0] (.names)                                          0.261     5.765
[17751].in[3] (.names)                                           0.337     6.102
[17751].out[0] (.names)                                          0.261     6.363
[17755].in[3] (.names)                                           0.626     6.989
[17755].out[0] (.names)                                          0.261     7.250
[19741].in[5] (.names)                                           0.100     7.350
[19741].out[0] (.names)                                          0.261     7.611
[19490].in[2] (.names)                                           0.311     7.921
[19490].out[0] (.names)                                          0.261     8.182
[19474].in[3] (.names)                                           0.336     8.518
[19474].out[0] (.names)                                          0.261     8.779
[8774].in[3] (.names)                                            0.100     8.879
[8774].out[0] (.names)                                           0.261     9.140
[8765].D[0] (.latch)                                             0.000     9.140
data arrival time                                                          9.140

clock pclk (rise edge)                                           0.000     0.000
clock source latency                                             0.000     0.000
pclk.inpad[0] (.input)                                           0.000     0.000
[8765].clk[0] (.latch)                                           0.042     0.042
clock uncertainty                                                0.000     0.042
cell setup time                                                 -0.066    -0.024
data required time                                                        -0.024
--------------------------------------------------------------------------------
data required time                                                        -0.024
data arrival time                                                         -9.140
--------------------------------------------------------------------------------
slack (VIOLATED)                                                          -9.164


#Path 29
Startpoint: [17752].Q[0] (.latch clocked by pclk)
Endpoint  : [15725].D[0] (.latch clocked by pclk)
Path Type : setup

Point                                                             Incr      Path
--------------------------------------------------------------------------------
clock pclk (rise edge)                                           0.000     0.000
clock source latency                                             0.000     0.000
pclk.inpad[0] (.input)                                           0.000     0.000
[17752].clk[0] (.latch)                                          0.042     0.042
[17752].Q[0] (.latch) [clock-to-output]                          0.124     0.166
[5571].in[4] (.names)                                            1.048     1.215
[5571].out[0] (.names)                                           0.261     1.476
[17559].in[2] (.names)                                           0.768     2.243
[17559].out[0] (.names)                                          0.261     2.504
nen17_4.in[1] (.names)                                           0.623     3.128
nen17_4.out[0] (.names)                                          0.261     3.389
[17719].in[3] (.names)                                           0.480     3.869
[17719].out[0] (.names)                                          0.261     4.130
[17744].in[3] (.names)                                           0.485     4.614
[17744].out[0] (.names)                                          0.261     4.875
[17748].in[3] (.names)                                           0.629     5.504
[17748].out[0] (.names)                                          0.261     5.765
[17751].in[3] (.names)                                           0.337     6.102
[17751].out[0] (.names)                                          0.261     6.363
[17755].in[3] (.names)                                           0.626     6.989
[17755].out[0] (.names)                                          0.261     7.250
[19741].in[5] (.names)                                           0.100     7.350
[19741].out[0] (.names)                                          0.261     7.611
[19490].in[2] (.names)                                           0.311     7.921
[19490].out[0] (.names)                                          0.261     8.182
[19474].in[3] (.names)                                           0.336     8.518
[19474].out[0] (.names)                                          0.261     8.779
[15734].in[3] (.names)                                           0.100     8.879
[15734].out[0] (.names)                                          0.261     9.140
[15725].D[0] (.latch)                                            0.000     9.140
data arrival time                                                          9.140

clock pclk (rise edge)                                           0.000     0.000
clock source latency                                             0.000     0.000
pclk.inpad[0] (.input)                                           0.000     0.000
[15725].clk[0] (.latch)                                          0.042     0.042
clock uncertainty                                                0.000     0.042
cell setup time                                                 -0.066    -0.024
data required time                                                        -0.024
--------------------------------------------------------------------------------
data required time                                                        -0.024
data arrival time                                                         -9.140
--------------------------------------------------------------------------------
slack (VIOLATED)                                                          -9.164


#Path 30
Startpoint: [17752].Q[0] (.latch clocked by pclk)
Endpoint  : [12815].D[0] (.latch clocked by pclk)
Path Type : setup

Point                                                             Incr      Path
--------------------------------------------------------------------------------
clock pclk (rise edge)                                           0.000     0.000
clock source latency                                             0.000     0.000
pclk.inpad[0] (.input)                                           0.000     0.000
[17752].clk[0] (.latch)                                          0.042     0.042
[17752].Q[0] (.latch) [clock-to-output]                          0.124     0.166
[5571].in[4] (.names)                                            1.048     1.215
[5571].out[0] (.names)                                           0.261     1.476
[17559].in[2] (.names)                                           0.768     2.243
[17559].out[0] (.names)                                          0.261     2.504
nen17_4.in[1] (.names)                                           0.623     3.128
nen17_4.out[0] (.names)                                          0.261     3.389
[17719].in[3] (.names)                                           0.480     3.869
[17719].out[0] (.names)                                          0.261     4.130
[17744].in[3] (.names)                                           0.485     4.614
[17744].out[0] (.names)                                          0.261     4.875
[17748].in[3] (.names)                                           0.629     5.504
[17748].out[0] (.names)                                          0.261     5.765
[17751].in[3] (.names)                                           0.337     6.102
[17751].out[0] (.names)                                          0.261     6.363
[17755].in[3] (.names)                                           0.626     6.989
[17755].out[0] (.names)                                          0.261     7.250
[19741].in[5] (.names)                                           0.100     7.350
[19741].out[0] (.names)                                          0.261     7.611
[19490].in[2] (.names)                                           0.311     7.921
[19490].out[0] (.names)                                          0.261     8.182
[3140].in[4] (.names)                                            0.336     8.518
[3140].out[0] (.names)                                           0.261     8.779
[12824].in[3] (.names)                                           0.100     8.879
[12824].out[0] (.names)                                          0.261     9.140
[12815].D[0] (.latch)                                            0.000     9.140
data arrival time                                                          9.140

clock pclk (rise edge)                                           0.000     0.000
clock source latency                                             0.000     0.000
pclk.inpad[0] (.input)                                           0.000     0.000
[12815].clk[0] (.latch)                                          0.042     0.042
clock uncertainty                                                0.000     0.042
cell setup time                                                 -0.066    -0.024
data required time                                                        -0.024
--------------------------------------------------------------------------------
data required time                                                        -0.024
data arrival time                                                         -9.140
--------------------------------------------------------------------------------
slack (VIOLATED)                                                          -9.164


#Path 31
Startpoint: [17752].Q[0] (.latch clocked by pclk)
Endpoint  : [4730].D[0] (.latch clocked by pclk)
Path Type : setup

Point                                                             Incr      Path
--------------------------------------------------------------------------------
clock pclk (rise edge)                                           0.000     0.000
clock source latency                                             0.000     0.000
pclk.inpad[0] (.input)                                           0.000     0.000
[17752].clk[0] (.latch)                                          0.042     0.042
[17752].Q[0] (.latch) [clock-to-output]                          0.124     0.166
[5571].in[4] (.names)                                            1.048     1.215
[5571].out[0] (.names)                                           0.261     1.476
[17559].in[2] (.names)                                           0.768     2.243
[17559].out[0] (.names)                                          0.261     2.504
nen17_4.in[1] (.names)                                           0.623     3.128
nen17_4.out[0] (.names)                                          0.261     3.389
[17719].in[3] (.names)                                           0.480     3.869
[17719].out[0] (.names)                                          0.261     4.130
[17744].in[3] (.names)                                           0.485     4.614
[17744].out[0] (.names)                                          0.261     4.875
[17748].in[3] (.names)                                           0.629     5.504
[17748].out[0] (.names)                                          0.261     5.765
[17751].in[3] (.names)                                           0.337     6.102
[17751].out[0] (.names)                                          0.261     6.363
[17755].in[3] (.names)                                           0.626     6.989
[17755].out[0] (.names)                                          0.261     7.250
[19741].in[5] (.names)                                           0.100     7.350
[19741].out[0] (.names)                                          0.261     7.611
[19490].in[2] (.names)                                           0.311     7.921
[19490].out[0] (.names)                                          0.261     8.182
[19474].in[3] (.names)                                           0.336     8.518
[19474].out[0] (.names)                                          0.261     8.779
[4739].in[3] (.names)                                            0.100     8.879
[4739].out[0] (.names)                                           0.261     9.140
[4730].D[0] (.latch)                                             0.000     9.140
data arrival time                                                          9.140

clock pclk (rise edge)                                           0.000     0.000
clock source latency                                             0.000     0.000
pclk.inpad[0] (.input)                                           0.000     0.000
[4730].clk[0] (.latch)                                           0.042     0.042
clock uncertainty                                                0.000     0.042
cell setup time                                                 -0.066    -0.024
data required time                                                        -0.024
--------------------------------------------------------------------------------
data required time                                                        -0.024
data arrival time                                                         -9.140
--------------------------------------------------------------------------------
slack (VIOLATED)                                                          -9.164


#Path 32
Startpoint: [17752].Q[0] (.latch clocked by pclk)
Endpoint  : [13730].D[0] (.latch clocked by pclk)
Path Type : setup

Point                                                             Incr      Path
--------------------------------------------------------------------------------
clock pclk (rise edge)                                           0.000     0.000
clock source latency                                             0.000     0.000
pclk.inpad[0] (.input)                                           0.000     0.000
[17752].clk[0] (.latch)                                          0.042     0.042
[17752].Q[0] (.latch) [clock-to-output]                          0.124     0.166
[5571].in[4] (.names)                                            1.048     1.215
[5571].out[0] (.names)                                           0.261     1.476
[17559].in[2] (.names)                                           0.768     2.243
[17559].out[0] (.names)                                          0.261     2.504
nen17_4.in[1] (.names)                                           0.623     3.128
nen17_4.out[0] (.names)                                          0.261     3.389
[17719].in[3] (.names)                                           0.480     3.869
[17719].out[0] (.names)                                          0.261     4.130
[17744].in[3] (.names)                                           0.485     4.614
[17744].out[0] (.names)                                          0.261     4.875
[17748].in[3] (.names)                                           0.629     5.504
[17748].out[0] (.names)                                          0.261     5.765
[17751].in[3] (.names)                                           0.337     6.102
[17751].out[0] (.names)                                          0.261     6.363
[17755].in[3] (.names)                                           0.626     6.989
[17755].out[0] (.names)                                          0.261     7.250
[19741].in[5] (.names)                                           0.100     7.350
[19741].out[0] (.names)                                          0.261     7.611
[19490].in[2] (.names)                                           0.311     7.921
[19490].out[0] (.names)                                          0.261     8.182
[19474].in[3] (.names)                                           0.336     8.518
[19474].out[0] (.names)                                          0.261     8.779
[13739].in[3] (.names)                                           0.100     8.879
[13739].out[0] (.names)                                          0.261     9.140
[13730].D[0] (.latch)                                            0.000     9.140
data arrival time                                                          9.140

clock pclk (rise edge)                                           0.000     0.000
clock source latency                                             0.000     0.000
pclk.inpad[0] (.input)                                           0.000     0.000
[13730].clk[0] (.latch)                                          0.042     0.042
clock uncertainty                                                0.000     0.042
cell setup time                                                 -0.066    -0.024
data required time                                                        -0.024
--------------------------------------------------------------------------------
data required time                                                        -0.024
data arrival time                                                         -9.140
--------------------------------------------------------------------------------
slack (VIOLATED)                                                          -9.164


#Path 33
Startpoint: [17752].Q[0] (.latch clocked by pclk)
Endpoint  : [8705].D[0] (.latch clocked by pclk)
Path Type : setup

Point                                                             Incr      Path
--------------------------------------------------------------------------------
clock pclk (rise edge)                                           0.000     0.000
clock source latency                                             0.000     0.000
pclk.inpad[0] (.input)                                           0.000     0.000
[17752].clk[0] (.latch)                                          0.042     0.042
[17752].Q[0] (.latch) [clock-to-output]                          0.124     0.166
[5571].in[4] (.names)                                            1.048     1.215
[5571].out[0] (.names)                                           0.261     1.476
[17559].in[2] (.names)                                           0.768     2.243
[17559].out[0] (.names)                                          0.261     2.504
nen17_4.in[1] (.names)                                           0.623     3.128
nen17_4.out[0] (.names)                                          0.261     3.389
[17719].in[3] (.names)                                           0.480     3.869
[17719].out[0] (.names)                                          0.261     4.130
[17744].in[3] (.names)                                           0.485     4.614
[17744].out[0] (.names)                                          0.261     4.875
[17748].in[3] (.names)                                           0.629     5.504
[17748].out[0] (.names)                                          0.261     5.765
[17751].in[3] (.names)                                           0.337     6.102
[17751].out[0] (.names)                                          0.261     6.363
[17755].in[3] (.names)                                           0.626     6.989
[17755].out[0] (.names)                                          0.261     7.250
[19741].in[5] (.names)                                           0.100     7.350
[19741].out[0] (.names)                                          0.261     7.611
[19490].in[2] (.names)                                           0.311     7.921
[19490].out[0] (.names)                                          0.261     8.182
[3735].in[4] (.names)                                            0.336     8.518
[3735].out[0] (.names)                                           0.261     8.779
[8714].in[4] (.names)                                            0.100     8.879
[8714].out[0] (.names)                                           0.261     9.140
[8705].D[0] (.latch)                                             0.000     9.140
data arrival time                                                          9.140

clock pclk (rise edge)                                           0.000     0.000
clock source latency                                             0.000     0.000
pclk.inpad[0] (.input)                                           0.000     0.000
[8705].clk[0] (.latch)                                           0.042     0.042
clock uncertainty                                                0.000     0.042
cell setup time                                                 -0.066    -0.024
data required time                                                        -0.024
--------------------------------------------------------------------------------
data required time                                                        -0.024
data arrival time                                                         -9.140
--------------------------------------------------------------------------------
slack (VIOLATED)                                                          -9.164


#Path 34
Startpoint: [17752].Q[0] (.latch clocked by pclk)
Endpoint  : [8030].D[0] (.latch clocked by pclk)
Path Type : setup

Point                                                             Incr      Path
--------------------------------------------------------------------------------
clock pclk (rise edge)                                           0.000     0.000
clock source latency                                             0.000     0.000
pclk.inpad[0] (.input)                                           0.000     0.000
[17752].clk[0] (.latch)                                          0.042     0.042
[17752].Q[0] (.latch) [clock-to-output]                          0.124     0.166
[5571].in[4] (.names)                                            1.048     1.215
[5571].out[0] (.names)                                           0.261     1.476
[17559].in[2] (.names)                                           0.768     2.243
[17559].out[0] (.names)                                          0.261     2.504
nen17_4.in[1] (.names)                                           0.623     3.128
nen17_4.out[0] (.names)                                          0.261     3.389
[17719].in[3] (.names)                                           0.480     3.869
[17719].out[0] (.names)                                          0.261     4.130
[17744].in[3] (.names)                                           0.485     4.614
[17744].out[0] (.names)                                          0.261     4.875
[17748].in[3] (.names)                                           0.629     5.504
[17748].out[0] (.names)                                          0.261     5.765
[17751].in[3] (.names)                                           0.337     6.102
[17751].out[0] (.names)                                          0.261     6.363
[17755].in[3] (.names)                                           0.626     6.989
[17755].out[0] (.names)                                          0.261     7.250
[19741].in[5] (.names)                                           0.100     7.350
[19741].out[0] (.names)                                          0.261     7.611
[19490].in[2] (.names)                                           0.311     7.921
[19490].out[0] (.names)                                          0.261     8.182
[3858].in[4] (.names)                                            0.336     8.518
[3858].out[0] (.names)                                           0.261     8.779
[8039].in[4] (.names)                                            0.100     8.879
[8039].out[0] (.names)                                           0.261     9.140
[8030].D[0] (.latch)                                             0.000     9.140
data arrival time                                                          9.140

clock pclk (rise edge)                                           0.000     0.000
clock source latency                                             0.000     0.000
pclk.inpad[0] (.input)                                           0.000     0.000
[8030].clk[0] (.latch)                                           0.042     0.042
clock uncertainty                                                0.000     0.042
cell setup time                                                 -0.066    -0.024
data required time                                                        -0.024
--------------------------------------------------------------------------------
data required time                                                        -0.024
data arrival time                                                         -9.140
--------------------------------------------------------------------------------
slack (VIOLATED)                                                          -9.164


#Path 35
Startpoint: [17752].Q[0] (.latch clocked by pclk)
Endpoint  : [6890].D[0] (.latch clocked by pclk)
Path Type : setup

Point                                                             Incr      Path
--------------------------------------------------------------------------------
clock pclk (rise edge)                                           0.000     0.000
clock source latency                                             0.000     0.000
pclk.inpad[0] (.input)                                           0.000     0.000
[17752].clk[0] (.latch)                                          0.042     0.042
[17752].Q[0] (.latch) [clock-to-output]                          0.124     0.166
[5571].in[4] (.names)                                            1.048     1.215
[5571].out[0] (.names)                                           0.261     1.476
[17559].in[2] (.names)                                           0.768     2.243
[17559].out[0] (.names)                                          0.261     2.504
nen17_4.in[1] (.names)                                           0.623     3.128
nen17_4.out[0] (.names)                                          0.261     3.389
[17719].in[3] (.names)                                           0.480     3.869
[17719].out[0] (.names)                                          0.261     4.130
[17744].in[3] (.names)                                           0.485     4.614
[17744].out[0] (.names)                                          0.261     4.875
[17748].in[3] (.names)                                           0.629     5.504
[17748].out[0] (.names)                                          0.261     5.765
[17751].in[3] (.names)                                           0.337     6.102
[17751].out[0] (.names)                                          0.261     6.363
[17755].in[3] (.names)                                           0.626     6.989
[17755].out[0] (.names)                                          0.261     7.250
[19741].in[5] (.names)                                           0.100     7.350
[19741].out[0] (.names)                                          0.261     7.611
[19490].in[2] (.names)                                           0.311     7.921
[19490].out[0] (.names)                                          0.261     8.182
[4065].in[4] (.names)                                            0.336     8.518
[4065].out[0] (.names)                                           0.261     8.779
[6899].in[4] (.names)                                            0.100     8.879
[6899].out[0] (.names)                                           0.261     9.140
[6890].D[0] (.latch)                                             0.000     9.140
data arrival time                                                          9.140

clock pclk (rise edge)                                           0.000     0.000
clock source latency                                             0.000     0.000
pclk.inpad[0] (.input)                                           0.000     0.000
[6890].clk[0] (.latch)                                           0.042     0.042
clock uncertainty                                                0.000     0.042
cell setup time                                                 -0.066    -0.024
data required time                                                        -0.024
--------------------------------------------------------------------------------
data required time                                                        -0.024
data arrival time                                                         -9.140
--------------------------------------------------------------------------------
slack (VIOLATED)                                                          -9.164


#Path 36
Startpoint: [17752].Q[0] (.latch clocked by pclk)
Endpoint  : [4775].D[0] (.latch clocked by pclk)
Path Type : setup

Point                                                             Incr      Path
--------------------------------------------------------------------------------
clock pclk (rise edge)                                           0.000     0.000
clock source latency                                             0.000     0.000
pclk.inpad[0] (.input)                                           0.000     0.000
[17752].clk[0] (.latch)                                          0.042     0.042
[17752].Q[0] (.latch) [clock-to-output]                          0.124     0.166
[5571].in[4] (.names)                                            1.048     1.215
[5571].out[0] (.names)                                           0.261     1.476
[17559].in[2] (.names)                                           0.768     2.243
[17559].out[0] (.names)                                          0.261     2.504
nen17_4.in[1] (.names)                                           0.623     3.128
nen17_4.out[0] (.names)                                          0.261     3.389
[17719].in[3] (.names)                                           0.480     3.869
[17719].out[0] (.names)                                          0.261     4.130
[17744].in[3] (.names)                                           0.485     4.614
[17744].out[0] (.names)                                          0.261     4.875
[17748].in[3] (.names)                                           0.629     5.504
[17748].out[0] (.names)                                          0.261     5.765
[17751].in[3] (.names)                                           0.337     6.102
[17751].out[0] (.names)                                          0.261     6.363
[17755].in[3] (.names)                                           0.626     6.989
[17755].out[0] (.names)                                          0.261     7.250
[19741].in[5] (.names)                                           0.100     7.350
[19741].out[0] (.names)                                          0.261     7.611
[19490].in[2] (.names)                                           0.311     7.921
[19490].out[0] (.names)                                          0.261     8.182
[5063].in[4] (.names)                                            0.336     8.518
[5063].out[0] (.names)                                           0.261     8.779
[4784].in[4] (.names)                                            0.100     8.879
[4784].out[0] (.names)                                           0.261     9.140
[4775].D[0] (.latch)                                             0.000     9.140
data arrival time                                                          9.140

clock pclk (rise edge)                                           0.000     0.000
clock source latency                                             0.000     0.000
pclk.inpad[0] (.input)                                           0.000     0.000
[4775].clk[0] (.latch)                                           0.042     0.042
clock uncertainty                                                0.000     0.042
cell setup time                                                 -0.066    -0.024
data required time                                                        -0.024
--------------------------------------------------------------------------------
data required time                                                        -0.024
data arrival time                                                         -9.140
--------------------------------------------------------------------------------
slack (VIOLATED)                                                          -9.164


#Path 37
Startpoint: [17752].Q[0] (.latch clocked by pclk)
Endpoint  : [5525].D[0] (.latch clocked by pclk)
Path Type : setup

Point                                                             Incr      Path
--------------------------------------------------------------------------------
clock pclk (rise edge)                                           0.000     0.000
clock source latency                                             0.000     0.000
pclk.inpad[0] (.input)                                           0.000     0.000
[17752].clk[0] (.latch)                                          0.042     0.042
[17752].Q[0] (.latch) [clock-to-output]                          0.124     0.166
[5571].in[4] (.names)                                            1.048     1.215
[5571].out[0] (.names)                                           0.261     1.476
[17559].in[2] (.names)                                           0.768     2.243
[17559].out[0] (.names)                                          0.261     2.504
nen17_4.in[1] (.names)                                           0.623     3.128
nen17_4.out[0] (.names)                                          0.261     3.389
[17719].in[3] (.names)                                           0.480     3.869
[17719].out[0] (.names)                                          0.261     4.130
[17744].in[3] (.names)                                           0.485     4.614
[17744].out[0] (.names)                                          0.261     4.875
[17748].in[3] (.names)                                           0.629     5.504
[17748].out[0] (.names)                                          0.261     5.765
[17751].in[3] (.names)                                           0.337     6.102
[17751].out[0] (.names)                                          0.261     6.363
[17755].in[3] (.names)                                           0.626     6.989
[17755].out[0] (.names)                                          0.261     7.250
[19741].in[5] (.names)                                           0.100     7.350
[19741].out[0] (.names)                                          0.261     7.611
[19395].in[2] (.names)                                           0.600     8.211
[19395].out[0] (.names)                                          0.261     8.472
[5534].in[3] (.names)                                            0.336     8.808
[5534].out[0] (.names)                                           0.261     9.069
[5525].D[0] (.latch)                                             0.000     9.069
data arrival time                                                          9.069

clock pclk (rise edge)                                           0.000     0.000
clock source latency                                             0.000     0.000
pclk.inpad[0] (.input)                                           0.000     0.000
[5525].clk[0] (.latch)                                           0.042     0.042
clock uncertainty                                                0.000     0.042
cell setup time                                                 -0.066    -0.024
data required time                                                        -0.024
--------------------------------------------------------------------------------
data required time                                                        -0.024
data arrival time                                                         -9.069
--------------------------------------------------------------------------------
slack (VIOLATED)                                                          -9.093


#Path 38
Startpoint: [17752].Q[0] (.latch clocked by pclk)
Endpoint  : [6710].D[0] (.latch clocked by pclk)
Path Type : setup

Point                                                             Incr      Path
--------------------------------------------------------------------------------
clock pclk (rise edge)                                           0.000     0.000
clock source latency                                             0.000     0.000
pclk.inpad[0] (.input)                                           0.000     0.000
[17752].clk[0] (.latch)                                          0.042     0.042
[17752].Q[0] (.latch) [clock-to-output]                          0.124     0.166
[5571].in[4] (.names)                                            1.048     1.215
[5571].out[0] (.names)                                           0.261     1.476
[17559].in[2] (.names)                                           0.768     2.243
[17559].out[0] (.names)                                          0.261     2.504
nen17_4.in[1] (.names)                                           0.623     3.128
nen17_4.out[0] (.names)                                          0.261     3.389
[17719].in[3] (.names)                                           0.480     3.869
[17719].out[0] (.names)                                          0.261     4.130
[17744].in[3] (.names)                                           0.485     4.614
[17744].out[0] (.names)                                          0.261     4.875
[17748].in[3] (.names)                                           0.629     5.504
[17748].out[0] (.names)                                          0.261     5.765
[17751].in[3] (.names)                                           0.337     6.102
[17751].out[0] (.names)                                          0.261     6.363
[17755].in[3] (.names)                                           0.626     6.989
[17755].out[0] (.names)                                          0.261     7.250
[19741].in[5] (.names)                                           0.100     7.350
[19741].out[0] (.names)                                          0.261     7.611
[19395].in[2] (.names)                                           0.600     8.211
[19395].out[0] (.names)                                          0.261     8.472
[6719].in[2] (.names)                                            0.336     8.808
[6719].out[0] (.names)                                           0.261     9.069
[6710].D[0] (.latch)                                             0.000     9.069
data arrival time                                                          9.069

clock pclk (rise edge)                                           0.000     0.000
clock source latency                                             0.000     0.000
pclk.inpad[0] (.input)                                           0.000     0.000
[6710].clk[0] (.latch)                                           0.042     0.042
clock uncertainty                                                0.000     0.042
cell setup time                                                 -0.066    -0.024
data required time                                                        -0.024
--------------------------------------------------------------------------------
data required time                                                        -0.024
data arrival time                                                         -9.069
--------------------------------------------------------------------------------
slack (VIOLATED)                                                          -9.093


#Path 39
Startpoint: [17752].Q[0] (.latch clocked by pclk)
Endpoint  : [7430].D[0] (.latch clocked by pclk)
Path Type : setup

Point                                                             Incr      Path
--------------------------------------------------------------------------------
clock pclk (rise edge)                                           0.000     0.000
clock source latency                                             0.000     0.000
pclk.inpad[0] (.input)                                           0.000     0.000
[17752].clk[0] (.latch)                                          0.042     0.042
[17752].Q[0] (.latch) [clock-to-output]                          0.124     0.166
[5571].in[4] (.names)                                            1.048     1.215
[5571].out[0] (.names)                                           0.261     1.476
[17559].in[2] (.names)                                           0.768     2.243
[17559].out[0] (.names)                                          0.261     2.504
nen17_4.in[1] (.names)                                           0.623     3.128
nen17_4.out[0] (.names)                                          0.261     3.389
[17719].in[3] (.names)                                           0.480     3.869
[17719].out[0] (.names)                                          0.261     4.130
[17744].in[3] (.names)                                           0.485     4.614
[17744].out[0] (.names)                                          0.261     4.875
[17748].in[3] (.names)                                           0.629     5.504
[17748].out[0] (.names)                                          0.261     5.765
[17751].in[3] (.names)                                           0.337     6.102
[17751].out[0] (.names)                                          0.261     6.363
[17755].in[3] (.names)                                           0.626     6.989
[17755].out[0] (.names)                                          0.261     7.250
[19741].in[5] (.names)                                           0.100     7.350
[19741].out[0] (.names)                                          0.261     7.611
[19395].in[2] (.names)                                           0.600     8.211
[19395].out[0] (.names)                                          0.261     8.472
[7439].in[3] (.names)                                            0.336     8.808
[7439].out[0] (.names)                                           0.261     9.069
[7430].D[0] (.latch)                                             0.000     9.069
data arrival time                                                          9.069

clock pclk (rise edge)                                           0.000     0.000
clock source latency                                             0.000     0.000
pclk.inpad[0] (.input)                                           0.000     0.000
[7430].clk[0] (.latch)                                           0.042     0.042
clock uncertainty                                                0.000     0.042
cell setup time                                                 -0.066    -0.024
data required time                                                        -0.024
--------------------------------------------------------------------------------
data required time                                                        -0.024
data arrival time                                                         -9.069
--------------------------------------------------------------------------------
slack (VIOLATED)                                                          -9.093


#Path 40
Startpoint: [17752].Q[0] (.latch clocked by pclk)
Endpoint  : [8090].D[0] (.latch clocked by pclk)
Path Type : setup

Point                                                             Incr      Path
--------------------------------------------------------------------------------
clock pclk (rise edge)                                           0.000     0.000
clock source latency                                             0.000     0.000
pclk.inpad[0] (.input)                                           0.000     0.000
[17752].clk[0] (.latch)                                          0.042     0.042
[17752].Q[0] (.latch) [clock-to-output]                          0.124     0.166
[5571].in[4] (.names)                                            1.048     1.215
[5571].out[0] (.names)                                           0.261     1.476
[17559].in[2] (.names)                                           0.768     2.243
[17559].out[0] (.names)                                          0.261     2.504
nen17_4.in[1] (.names)                                           0.623     3.128
nen17_4.out[0] (.names)                                          0.261     3.389
[17719].in[3] (.names)                                           0.480     3.869
[17719].out[0] (.names)                                          0.261     4.130
[17744].in[3] (.names)                                           0.485     4.614
[17744].out[0] (.names)                                          0.261     4.875
[17748].in[3] (.names)                                           0.629     5.504
[17748].out[0] (.names)                                          0.261     5.765
[17751].in[3] (.names)                                           0.337     6.102
[17751].out[0] (.names)                                          0.261     6.363
[17755].in[3] (.names)                                           0.626     6.989
[17755].out[0] (.names)                                          0.261     7.250
[19741].in[5] (.names)                                           0.100     7.350
[19741].out[0] (.names)                                          0.261     7.611
[19490].in[2] (.names)                                           0.311     7.921
[19490].out[0] (.names)                                          0.261     8.182
[3850].in[4] (.names)                                            0.100     8.282
[3850].out[0] (.names)                                           0.261     8.543
[8099].in[3] (.names)                                            0.100     8.643
[8099].out[0] (.names)                                           0.261     8.904
[8090].D[0] (.latch)                                             0.000     8.904
data arrival time                                                          8.904

clock pclk (rise edge)                                           0.000     0.000
clock source latency                                             0.000     0.000
pclk.inpad[0] (.input)                                           0.000     0.000
[8090].clk[0] (.latch)                                           0.042     0.042
clock uncertainty                                                0.000     0.042
cell setup time                                                 -0.066    -0.024
data required time                                                        -0.024
--------------------------------------------------------------------------------
data required time                                                        -0.024
data arrival time                                                         -8.904
--------------------------------------------------------------------------------
slack (VIOLATED)                                                          -8.928


#Path 41
Startpoint: [17752].Q[0] (.latch clocked by pclk)
Endpoint  : [14990].D[0] (.latch clocked by pclk)
Path Type : setup

Point                                                             Incr      Path
--------------------------------------------------------------------------------
clock pclk (rise edge)                                           0.000     0.000
clock source latency                                             0.000     0.000
pclk.inpad[0] (.input)                                           0.000     0.000
[17752].clk[0] (.latch)                                          0.042     0.042
[17752].Q[0] (.latch) [clock-to-output]                          0.124     0.166
[5571].in[4] (.names)                                            1.048     1.215
[5571].out[0] (.names)                                           0.261     1.476
[17559].in[2] (.names)                                           0.768     2.243
[17559].out[0] (.names)                                          0.261     2.504
nen17_4.in[1] (.names)                                           0.623     3.128
nen17_4.out[0] (.names)                                          0.261     3.389
[17719].in[3] (.names)                                           0.480     3.869
[17719].out[0] (.names)                                          0.261     4.130
[17744].in[3] (.names)                                           0.485     4.614
[17744].out[0] (.names)                                          0.261     4.875
[17748].in[3] (.names)                                           0.629     5.504
[17748].out[0] (.names)                                          0.261     5.765
[17751].in[3] (.names)                                           0.337     6.102
[17751].out[0] (.names)                                          0.261     6.363
[17755].in[3] (.names)                                           0.626     6.989
[17755].out[0] (.names)                                          0.261     7.250
[19741].in[5] (.names)                                           0.100     7.350
[19741].out[0] (.names)                                          0.261     7.611
[19490].in[2] (.names)                                           0.311     7.921
[19490].out[0] (.names)                                          0.261     8.182
[2702].in[4] (.names)                                            0.100     8.282
[2702].out[0] (.names)                                           0.261     8.543
[14999].in[3] (.names)                                           0.100     8.643
[14999].out[0] (.names)                                          0.261     8.904
[14990].D[0] (.latch)                                            0.000     8.904
data arrival time                                                          8.904

clock pclk (rise edge)                                           0.000     0.000
clock source latency                                             0.000     0.000
pclk.inpad[0] (.input)                                           0.000     0.000
[14990].clk[0] (.latch)                                          0.042     0.042
clock uncertainty                                                0.000     0.042
cell setup time                                                 -0.066    -0.024
data required time                                                        -0.024
--------------------------------------------------------------------------------
data required time                                                        -0.024
data arrival time                                                         -8.904
--------------------------------------------------------------------------------
slack (VIOLATED)                                                          -8.928


#Path 42
Startpoint: [17752].Q[0] (.latch clocked by pclk)
Endpoint  : [14540].D[0] (.latch clocked by pclk)
Path Type : setup

Point                                                             Incr      Path
--------------------------------------------------------------------------------
clock pclk (rise edge)                                           0.000     0.000
clock source latency                                             0.000     0.000
pclk.inpad[0] (.input)                                           0.000     0.000
[17752].clk[0] (.latch)                                          0.042     0.042
[17752].Q[0] (.latch) [clock-to-output]                          0.124     0.166
[5571].in[4] (.names)                                            1.048     1.215
[5571].out[0] (.names)                                           0.261     1.476
[17559].in[2] (.names)                                           0.768     2.243
[17559].out[0] (.names)                                          0.261     2.504
nen17_4.in[1] (.names)                                           0.623     3.128
nen17_4.out[0] (.names)                                          0.261     3.389
[17719].in[3] (.names)                                           0.480     3.869
[17719].out[0] (.names)                                          0.261     4.130
[17744].in[3] (.names)                                           0.485     4.614
[17744].out[0] (.names)                                          0.261     4.875
[17748].in[3] (.names)                                           0.629     5.504
[17748].out[0] (.names)                                          0.261     5.765
[17751].in[3] (.names)                                           0.337     6.102
[17751].out[0] (.names)                                          0.261     6.363
[17755].in[3] (.names)                                           0.626     6.989
[17755].out[0] (.names)                                          0.261     7.250
[19741].in[5] (.names)                                           0.100     7.350
[19741].out[0] (.names)                                          0.261     7.611
[19490].in[2] (.names)                                           0.311     7.921
[19490].out[0] (.names)                                          0.261     8.182
[2812].in[4] (.names)                                            0.100     8.282
[2812].out[0] (.names)                                           0.261     8.543
[14549].in[3] (.names)                                           0.100     8.643
[14549].out[0] (.names)                                          0.261     8.904
[14540].D[0] (.latch)                                            0.000     8.904
data arrival time                                                          8.904

clock pclk (rise edge)                                           0.000     0.000
clock source latency                                             0.000     0.000
pclk.inpad[0] (.input)                                           0.000     0.000
[14540].clk[0] (.latch)                                          0.042     0.042
clock uncertainty                                                0.000     0.042
cell setup time                                                 -0.066    -0.024
data required time                                                        -0.024
--------------------------------------------------------------------------------
data required time                                                        -0.024
data arrival time                                                         -8.904
--------------------------------------------------------------------------------
slack (VIOLATED)                                                          -8.928


#Path 43
Startpoint: [17752].Q[0] (.latch clocked by pclk)
Endpoint  : [13775].D[0] (.latch clocked by pclk)
Path Type : setup

Point                                                             Incr      Path
--------------------------------------------------------------------------------
clock pclk (rise edge)                                           0.000     0.000
clock source latency                                             0.000     0.000
pclk.inpad[0] (.input)                                           0.000     0.000
[17752].clk[0] (.latch)                                          0.042     0.042
[17752].Q[0] (.latch) [clock-to-output]                          0.124     0.166
[5571].in[4] (.names)                                            1.048     1.215
[5571].out[0] (.names)                                           0.261     1.476
[17559].in[2] (.names)                                           0.768     2.243
[17559].out[0] (.names)                                          0.261     2.504
nen17_4.in[1] (.names)                                           0.623     3.128
nen17_4.out[0] (.names)                                          0.261     3.389
[17719].in[3] (.names)                                           0.480     3.869
[17719].out[0] (.names)                                          0.261     4.130
[17744].in[3] (.names)                                           0.485     4.614
[17744].out[0] (.names)                                          0.261     4.875
[17748].in[3] (.names)                                           0.629     5.504
[17748].out[0] (.names)                                          0.261     5.765
[17751].in[3] (.names)                                           0.337     6.102
[17751].out[0] (.names)                                          0.261     6.363
[17755].in[3] (.names)                                           0.626     6.989
[17755].out[0] (.names)                                          0.261     7.250
[19741].in[5] (.names)                                           0.100     7.350
[19741].out[0] (.names)                                          0.261     7.611
[19490].in[2] (.names)                                           0.311     7.921
[19490].out[0] (.names)                                          0.261     8.182
[13784].in[5] (.names)                                           0.455     8.638
[13784].out[0] (.names)                                          0.261     8.899
[13775].D[0] (.latch)                                            0.000     8.899
data arrival time                                                          8.899

clock pclk (rise edge)                                           0.000     0.000
clock source latency                                             0.000     0.000
pclk.inpad[0] (.input)                                           0.000     0.000
[13775].clk[0] (.latch)                                          0.042     0.042
clock uncertainty                                                0.000     0.042
cell setup time                                                 -0.066    -0.024
data required time                                                        -0.024
--------------------------------------------------------------------------------
data required time                                                        -0.024
data arrival time                                                         -8.899
--------------------------------------------------------------------------------
slack (VIOLATED)                                                          -8.922


#Path 44
Startpoint: [17752].Q[0] (.latch clocked by pclk)
Endpoint  : [11615].D[0] (.latch clocked by pclk)
Path Type : setup

Point                                                             Incr      Path
--------------------------------------------------------------------------------
clock pclk (rise edge)                                           0.000     0.000
clock source latency                                             0.000     0.000
pclk.inpad[0] (.input)                                           0.000     0.000
[17752].clk[0] (.latch)                                          0.042     0.042
[17752].Q[0] (.latch) [clock-to-output]                          0.124     0.166
[5571].in[4] (.names)                                            1.048     1.215
[5571].out[0] (.names)                                           0.261     1.476
[17559].in[2] (.names)                                           0.768     2.243
[17559].out[0] (.names)                                          0.261     2.504
nen17_4.in[1] (.names)                                           0.623     3.128
nen17_4.out[0] (.names)                                          0.261     3.389
[17719].in[3] (.names)                                           0.480     3.869
[17719].out[0] (.names)                                          0.261     4.130
[17744].in[3] (.names)                                           0.485     4.614
[17744].out[0] (.names)                                          0.261     4.875
[17748].in[3] (.names)                                           0.629     5.504
[17748].out[0] (.names)                                          0.261     5.765
[17751].in[3] (.names)                                           0.337     6.102
[17751].out[0] (.names)                                          0.261     6.363
[17755].in[3] (.names)                                           0.626     6.989
[17755].out[0] (.names)                                          0.261     7.250
[19741].in[5] (.names)                                           0.100     7.350
[19741].out[0] (.names)                                          0.261     7.611
[19490].in[2] (.names)                                           0.311     7.921
[19490].out[0] (.names)                                          0.261     8.182
[11624].in[5] (.names)                                           0.455     8.638
[11624].out[0] (.names)                                          0.261     8.899
[11615].D[0] (.latch)                                            0.000     8.899
data arrival time                                                          8.899

clock pclk (rise edge)                                           0.000     0.000
clock source latency                                             0.000     0.000
pclk.inpad[0] (.input)                                           0.000     0.000
[11615].clk[0] (.latch)                                          0.042     0.042
clock uncertainty                                                0.000     0.042
cell setup time                                                 -0.066    -0.024
data required time                                                        -0.024
--------------------------------------------------------------------------------
data required time                                                        -0.024
data arrival time                                                         -8.899
--------------------------------------------------------------------------------
slack (VIOLATED)                                                          -8.922


#Path 45
Startpoint: [17752].Q[0] (.latch clocked by pclk)
Endpoint  : [10625].D[0] (.latch clocked by pclk)
Path Type : setup

Point                                                             Incr      Path
--------------------------------------------------------------------------------
clock pclk (rise edge)                                           0.000     0.000
clock source latency                                             0.000     0.000
pclk.inpad[0] (.input)                                           0.000     0.000
[17752].clk[0] (.latch)                                          0.042     0.042
[17752].Q[0] (.latch) [clock-to-output]                          0.124     0.166
[5571].in[4] (.names)                                            1.048     1.215
[5571].out[0] (.names)                                           0.261     1.476
[17559].in[2] (.names)                                           0.768     2.243
[17559].out[0] (.names)                                          0.261     2.504
nen17_4.in[1] (.names)                                           0.623     3.128
nen17_4.out[0] (.names)                                          0.261     3.389
[17719].in[3] (.names)                                           0.480     3.869
[17719].out[0] (.names)                                          0.261     4.130
[17744].in[3] (.names)                                           0.485     4.614
[17744].out[0] (.names)                                          0.261     4.875
[17748].in[3] (.names)                                           0.629     5.504
[17748].out[0] (.names)                                          0.261     5.765
[17751].in[3] (.names)                                           0.337     6.102
[17751].out[0] (.names)                                          0.261     6.363
[17755].in[3] (.names)                                           0.626     6.989
[17755].out[0] (.names)                                          0.261     7.250
[19741].in[5] (.names)                                           0.100     7.350
[19741].out[0] (.names)                                          0.261     7.611
[19490].in[2] (.names)                                           0.311     7.921
[19490].out[0] (.names)                                          0.261     8.182
[10634].in[3] (.names)                                           0.455     8.638
[10634].out[0] (.names)                                          0.261     8.899
[10625].D[0] (.latch)                                            0.000     8.899
data arrival time                                                          8.899

clock pclk (rise edge)                                           0.000     0.000
clock source latency                                             0.000     0.000
pclk.inpad[0] (.input)                                           0.000     0.000
[10625].clk[0] (.latch)                                          0.042     0.042
clock uncertainty                                                0.000     0.042
cell setup time                                                 -0.066    -0.024
data required time                                                        -0.024
--------------------------------------------------------------------------------
data required time                                                        -0.024
data arrival time                                                         -8.899
--------------------------------------------------------------------------------
slack (VIOLATED)                                                          -8.922


#Path 46
Startpoint: [17752].Q[0] (.latch clocked by pclk)
Endpoint  : [9365].D[0] (.latch clocked by pclk)
Path Type : setup

Point                                                             Incr      Path
--------------------------------------------------------------------------------
clock pclk (rise edge)                                           0.000     0.000
clock source latency                                             0.000     0.000
pclk.inpad[0] (.input)                                           0.000     0.000
[17752].clk[0] (.latch)                                          0.042     0.042
[17752].Q[0] (.latch) [clock-to-output]                          0.124     0.166
[5571].in[4] (.names)                                            1.048     1.215
[5571].out[0] (.names)                                           0.261     1.476
[17559].in[2] (.names)                                           0.768     2.243
[17559].out[0] (.names)                                          0.261     2.504
nen17_4.in[1] (.names)                                           0.623     3.128
nen17_4.out[0] (.names)                                          0.261     3.389
[17719].in[3] (.names)                                           0.480     3.869
[17719].out[0] (.names)                                          0.261     4.130
[17744].in[3] (.names)                                           0.485     4.614
[17744].out[0] (.names)                                          0.261     4.875
[17748].in[3] (.names)                                           0.629     5.504
[17748].out[0] (.names)                                          0.261     5.765
[17751].in[3] (.names)                                           0.337     6.102
[17751].out[0] (.names)                                          0.261     6.363
[17755].in[3] (.names)                                           0.626     6.989
[17755].out[0] (.names)                                          0.261     7.250
[19741].in[5] (.names)                                           0.100     7.350
[19741].out[0] (.names)                                          0.261     7.611
[19490].in[2] (.names)                                           0.311     7.921
[19490].out[0] (.names)                                          0.261     8.182
[9374].in[3] (.names)                                            0.455     8.638
[9374].out[0] (.names)                                           0.261     8.899
[9365].D[0] (.latch)                                             0.000     8.899
data arrival time                                                          8.899

clock pclk (rise edge)                                           0.000     0.000
clock source latency                                             0.000     0.000
pclk.inpad[0] (.input)                                           0.000     0.000
[9365].clk[0] (.latch)                                           0.042     0.042
clock uncertainty                                                0.000     0.042
cell setup time                                                 -0.066    -0.024
data required time                                                        -0.024
--------------------------------------------------------------------------------
data required time                                                        -0.024
data arrival time                                                         -8.899
--------------------------------------------------------------------------------
slack (VIOLATED)                                                          -8.922


#Path 47
Startpoint: [17752].Q[0] (.latch clocked by pclk)
Endpoint  : [8675].D[0] (.latch clocked by pclk)
Path Type : setup

Point                                                             Incr      Path
--------------------------------------------------------------------------------
clock pclk (rise edge)                                           0.000     0.000
clock source latency                                             0.000     0.000
pclk.inpad[0] (.input)                                           0.000     0.000
[17752].clk[0] (.latch)                                          0.042     0.042
[17752].Q[0] (.latch) [clock-to-output]                          0.124     0.166
[5571].in[4] (.names)                                            1.048     1.215
[5571].out[0] (.names)                                           0.261     1.476
[17559].in[2] (.names)                                           0.768     2.243
[17559].out[0] (.names)                                          0.261     2.504
nen17_4.in[1] (.names)                                           0.623     3.128
nen17_4.out[0] (.names)                                          0.261     3.389
[17719].in[3] (.names)                                           0.480     3.869
[17719].out[0] (.names)                                          0.261     4.130
[17744].in[3] (.names)                                           0.485     4.614
[17744].out[0] (.names)                                          0.261     4.875
[17748].in[3] (.names)                                           0.629     5.504
[17748].out[0] (.names)                                          0.261     5.765
[17751].in[3] (.names)                                           0.337     6.102
[17751].out[0] (.names)                                          0.261     6.363
[17755].in[3] (.names)                                           0.626     6.989
[17755].out[0] (.names)                                          0.261     7.250
[19741].in[5] (.names)                                           0.100     7.350
[19741].out[0] (.names)                                          0.261     7.611
[19490].in[2] (.names)                                           0.311     7.921
[19490].out[0] (.names)                                          0.261     8.182
[8684].in[3] (.names)                                            0.455     8.638
[8684].out[0] (.names)                                           0.261     8.899
[8675].D[0] (.latch)                                             0.000     8.899
data arrival time                                                          8.899

clock pclk (rise edge)                                           0.000     0.000
clock source latency                                             0.000     0.000
pclk.inpad[0] (.input)                                           0.000     0.000
[8675].clk[0] (.latch)                                           0.042     0.042
clock uncertainty                                                0.000     0.042
cell setup time                                                 -0.066    -0.024
data required time                                                        -0.024
--------------------------------------------------------------------------------
data required time                                                        -0.024
data arrival time                                                         -8.899
--------------------------------------------------------------------------------
slack (VIOLATED)                                                          -8.922


#Path 48
Startpoint: [17752].Q[0] (.latch clocked by pclk)
Endpoint  : [7460].D[0] (.latch clocked by pclk)
Path Type : setup

Point                                                             Incr      Path
--------------------------------------------------------------------------------
clock pclk (rise edge)                                           0.000     0.000
clock source latency                                             0.000     0.000
pclk.inpad[0] (.input)                                           0.000     0.000
[17752].clk[0] (.latch)                                          0.042     0.042
[17752].Q[0] (.latch) [clock-to-output]                          0.124     0.166
[5571].in[4] (.names)                                            1.048     1.215
[5571].out[0] (.names)                                           0.261     1.476
[17559].in[2] (.names)                                           0.768     2.243
[17559].out[0] (.names)                                          0.261     2.504
nen17_4.in[1] (.names)                                           0.623     3.128
nen17_4.out[0] (.names)                                          0.261     3.389
[17719].in[3] (.names)                                           0.480     3.869
[17719].out[0] (.names)                                          0.261     4.130
[17744].in[3] (.names)                                           0.485     4.614
[17744].out[0] (.names)                                          0.261     4.875
[17748].in[3] (.names)                                           0.629     5.504
[17748].out[0] (.names)                                          0.261     5.765
[17751].in[3] (.names)                                           0.337     6.102
[17751].out[0] (.names)                                          0.261     6.363
[17755].in[3] (.names)                                           0.626     6.989
[17755].out[0] (.names)                                          0.261     7.250
[19741].in[5] (.names)                                           0.100     7.350
[19741].out[0] (.names)                                          0.261     7.611
[19490].in[2] (.names)                                           0.311     7.921
[19490].out[0] (.names)                                          0.261     8.182
[7469].in[5] (.names)                                            0.455     8.638
[7469].out[0] (.names)                                           0.261     8.899
[7460].D[0] (.latch)                                             0.000     8.899
data arrival time                                                          8.899

clock pclk (rise edge)                                           0.000     0.000
clock source latency                                             0.000     0.000
pclk.inpad[0] (.input)                                           0.000     0.000
[7460].clk[0] (.latch)                                           0.042     0.042
clock uncertainty                                                0.000     0.042
cell setup time                                                 -0.066    -0.024
data required time                                                        -0.024
--------------------------------------------------------------------------------
data required time                                                        -0.024
data arrival time                                                         -8.899
--------------------------------------------------------------------------------
slack (VIOLATED)                                                          -8.922


#Path 49
Startpoint: [17752].Q[0] (.latch clocked by pclk)
Endpoint  : [6860].D[0] (.latch clocked by pclk)
Path Type : setup

Point                                                             Incr      Path
--------------------------------------------------------------------------------
clock pclk (rise edge)                                           0.000     0.000
clock source latency                                             0.000     0.000
pclk.inpad[0] (.input)                                           0.000     0.000
[17752].clk[0] (.latch)                                          0.042     0.042
[17752].Q[0] (.latch) [clock-to-output]                          0.124     0.166
[5571].in[4] (.names)                                            1.048     1.215
[5571].out[0] (.names)                                           0.261     1.476
[17559].in[2] (.names)                                           0.768     2.243
[17559].out[0] (.names)                                          0.261     2.504
nen17_4.in[1] (.names)                                           0.623     3.128
nen17_4.out[0] (.names)                                          0.261     3.389
[17719].in[3] (.names)                                           0.480     3.869
[17719].out[0] (.names)                                          0.261     4.130
[17744].in[3] (.names)                                           0.485     4.614
[17744].out[0] (.names)                                          0.261     4.875
[17748].in[3] (.names)                                           0.629     5.504
[17748].out[0] (.names)                                          0.261     5.765
[17751].in[3] (.names)                                           0.337     6.102
[17751].out[0] (.names)                                          0.261     6.363
[17755].in[3] (.names)                                           0.626     6.989
[17755].out[0] (.names)                                          0.261     7.250
[19741].in[5] (.names)                                           0.100     7.350
[19741].out[0] (.names)                                          0.261     7.611
[19490].in[2] (.names)                                           0.311     7.921
[19490].out[0] (.names)                                          0.261     8.182
[6869].in[3] (.names)                                            0.455     8.638
[6869].out[0] (.names)                                           0.261     8.899
[6860].D[0] (.latch)                                             0.000     8.899
data arrival time                                                          8.899

clock pclk (rise edge)                                           0.000     0.000
clock source latency                                             0.000     0.000
pclk.inpad[0] (.input)                                           0.000     0.000
[6860].clk[0] (.latch)                                           0.042     0.042
clock uncertainty                                                0.000     0.042
cell setup time                                                 -0.066    -0.024
data required time                                                        -0.024
--------------------------------------------------------------------------------
data required time                                                        -0.024
data arrival time                                                         -8.899
--------------------------------------------------------------------------------
slack (VIOLATED)                                                          -8.922


#Path 50
Startpoint: [17752].Q[0] (.latch clocked by pclk)
Endpoint  : [14120].D[0] (.latch clocked by pclk)
Path Type : setup

Point                                                             Incr      Path
--------------------------------------------------------------------------------
clock pclk (rise edge)                                           0.000     0.000
clock source latency                                             0.000     0.000
pclk.inpad[0] (.input)                                           0.000     0.000
[17752].clk[0] (.latch)                                          0.042     0.042
[17752].Q[0] (.latch) [clock-to-output]                          0.124     0.166
[5571].in[4] (.names)                                            1.048     1.215
[5571].out[0] (.names)                                           0.261     1.476
[17559].in[2] (.names)                                           0.768     2.243
[17559].out[0] (.names)                                          0.261     2.504
nen17_4.in[1] (.names)                                           0.623     3.128
nen17_4.out[0] (.names)                                          0.261     3.389
[17719].in[3] (.names)                                           0.480     3.869
[17719].out[0] (.names)                                          0.261     4.130
[17744].in[3] (.names)                                           0.485     4.614
[17744].out[0] (.names)                                          0.261     4.875
[17748].in[3] (.names)                                           0.629     5.504
[17748].out[0] (.names)                                          0.261     5.765
[17751].in[3] (.names)                                           0.337     6.102
[17751].out[0] (.names)                                          0.261     6.363
[18861].in[5] (.names)                                           0.626     6.989
[18861].out[0] (.names)                                          0.261     7.250
[19739].in[4] (.names)                                           0.338     7.588
[19739].out[0] (.names)                                          0.261     7.849
[14129].in[2] (.names)                                           0.773     8.622
[14129].out[0] (.names)                                          0.261     8.883
[14120].D[0] (.latch)                                            0.000     8.883
data arrival time                                                          8.883

clock pclk (rise edge)                                           0.000     0.000
clock source latency                                             0.000     0.000
pclk.inpad[0] (.input)                                           0.000     0.000
[14120].clk[0] (.latch)                                          0.042     0.042
clock uncertainty                                                0.000     0.042
cell setup time                                                 -0.066    -0.024
data required time                                                        -0.024
--------------------------------------------------------------------------------
data required time                                                        -0.024
data arrival time                                                         -8.883
--------------------------------------------------------------------------------
slack (VIOLATED)                                                          -8.907


#Path 51
Startpoint: [17752].Q[0] (.latch clocked by pclk)
Endpoint  : [5360].D[0] (.latch clocked by pclk)
Path Type : setup

Point                                                             Incr      Path
--------------------------------------------------------------------------------
clock pclk (rise edge)                                           0.000     0.000
clock source latency                                             0.000     0.000
pclk.inpad[0] (.input)                                           0.000     0.000
[17752].clk[0] (.latch)                                          0.042     0.042
[17752].Q[0] (.latch) [clock-to-output]                          0.124     0.166
[5571].in[4] (.names)                                            1.048     1.215
[5571].out[0] (.names)                                           0.261     1.476
[17559].in[2] (.names)                                           0.768     2.243
[17559].out[0] (.names)                                          0.261     2.504
nen17_4.in[1] (.names)                                           0.623     3.128
nen17_4.out[0] (.names)                                          0.261     3.389
[17719].in[3] (.names)                                           0.480     3.869
[17719].out[0] (.names)                                          0.261     4.130
[17744].in[3] (.names)                                           0.485     4.614
[17744].out[0] (.names)                                          0.261     4.875
[17748].in[3] (.names)                                           0.629     5.504
[17748].out[0] (.names)                                          0.261     5.765
[17751].in[3] (.names)                                           0.337     6.102
[17751].out[0] (.names)                                          0.261     6.363
[18861].in[5] (.names)                                           0.626     6.989
[18861].out[0] (.names)                                          0.261     7.250
[19739].in[4] (.names)                                           0.338     7.588
[19739].out[0] (.names)                                          0.261     7.849
[5369].in[2] (.names)                                            0.773     8.622
[5369].out[0] (.names)                                           0.261     8.883
[5360].D[0] (.latch)                                             0.000     8.883
data arrival time                                                          8.883

clock pclk (rise edge)                                           0.000     0.000
clock source latency                                             0.000     0.000
pclk.inpad[0] (.input)                                           0.000     0.000
[5360].clk[0] (.latch)                                           0.042     0.042
clock uncertainty                                                0.000     0.042
cell setup time                                                 -0.066    -0.024
data required time                                                        -0.024
--------------------------------------------------------------------------------
data required time                                                        -0.024
data arrival time                                                         -8.883
--------------------------------------------------------------------------------
slack (VIOLATED)                                                          -8.907


#Path 52
Startpoint: [17752].Q[0] (.latch clocked by pclk)
Endpoint  : [15335].D[0] (.latch clocked by pclk)
Path Type : setup

Point                                                             Incr      Path
--------------------------------------------------------------------------------
clock pclk (rise edge)                                           0.000     0.000
clock source latency                                             0.000     0.000
pclk.inpad[0] (.input)                                           0.000     0.000
[17752].clk[0] (.latch)                                          0.042     0.042
[17752].Q[0] (.latch) [clock-to-output]                          0.124     0.166
[5571].in[4] (.names)                                            1.048     1.215
[5571].out[0] (.names)                                           0.261     1.476
[17559].in[2] (.names)                                           0.768     2.243
[17559].out[0] (.names)                                          0.261     2.504
nen17_4.in[1] (.names)                                           0.623     3.128
nen17_4.out[0] (.names)                                          0.261     3.389
[17719].in[3] (.names)                                           0.480     3.869
[17719].out[0] (.names)                                          0.261     4.130
[17744].in[3] (.names)                                           0.485     4.614
[17744].out[0] (.names)                                          0.261     4.875
[17748].in[3] (.names)                                           0.629     5.504
[17748].out[0] (.names)                                          0.261     5.765
[17751].in[3] (.names)                                           0.337     6.102
[17751].out[0] (.names)                                          0.261     6.363
[17755].in[3] (.names)                                           0.626     6.989
[17755].out[0] (.names)                                          0.261     7.250
[19741].in[5] (.names)                                           0.100     7.350
[19741].out[0] (.names)                                          0.261     7.611
[19395].in[2] (.names)                                           0.600     8.211
[19395].out[0] (.names)                                          0.261     8.472
[15344].in[2] (.names)                                           0.100     8.572
[15344].out[0] (.names)                                          0.261     8.833
[15335].D[0] (.latch)                                            0.000     8.833
data arrival time                                                          8.833

clock pclk (rise edge)                                           0.000     0.000
clock source latency                                             0.000     0.000
pclk.inpad[0] (.input)                                           0.000     0.000
[15335].clk[0] (.latch)                                          0.042     0.042
clock uncertainty                                                0.000     0.042
cell setup time                                                 -0.066    -0.024
data required time                                                        -0.024
--------------------------------------------------------------------------------
data required time                                                        -0.024
data arrival time                                                         -8.833
--------------------------------------------------------------------------------
slack (VIOLATED)                                                          -8.857


#Path 53
Startpoint: [17752].Q[0] (.latch clocked by pclk)
Endpoint  : [13415].D[0] (.latch clocked by pclk)
Path Type : setup

Point                                                             Incr      Path
--------------------------------------------------------------------------------
clock pclk (rise edge)                                           0.000     0.000
clock source latency                                             0.000     0.000
pclk.inpad[0] (.input)                                           0.000     0.000
[17752].clk[0] (.latch)                                          0.042     0.042
[17752].Q[0] (.latch) [clock-to-output]                          0.124     0.166
[5571].in[4] (.names)                                            1.048     1.215
[5571].out[0] (.names)                                           0.261     1.476
[17559].in[2] (.names)                                           0.768     2.243
[17559].out[0] (.names)                                          0.261     2.504
nen17_4.in[1] (.names)                                           0.623     3.128
nen17_4.out[0] (.names)                                          0.261     3.389
[17719].in[3] (.names)                                           0.480     3.869
[17719].out[0] (.names)                                          0.261     4.130
[17744].in[3] (.names)                                           0.485     4.614
[17744].out[0] (.names)                                          0.261     4.875
[17748].in[3] (.names)                                           0.629     5.504
[17748].out[0] (.names)                                          0.261     5.765
[17751].in[3] (.names)                                           0.337     6.102
[17751].out[0] (.names)                                          0.261     6.363
[17755].in[3] (.names)                                           0.626     6.989
[17755].out[0] (.names)                                          0.261     7.250
[19741].in[5] (.names)                                           0.100     7.350
[19741].out[0] (.names)                                          0.261     7.611
[19395].in[2] (.names)                                           0.600     8.211
[19395].out[0] (.names)                                          0.261     8.472
[13424].in[2] (.names)                                           0.100     8.572
[13424].out[0] (.names)                                          0.261     8.833
[13415].D[0] (.latch)                                            0.000     8.833
data arrival time                                                          8.833

clock pclk (rise edge)                                           0.000     0.000
clock source latency                                             0.000     0.000
pclk.inpad[0] (.input)                                           0.000     0.000
[13415].clk[0] (.latch)                                          0.042     0.042
clock uncertainty                                                0.000     0.042
cell setup time                                                 -0.066    -0.024
data required time                                                        -0.024
--------------------------------------------------------------------------------
data required time                                                        -0.024
data arrival time                                                         -8.833
--------------------------------------------------------------------------------
slack (VIOLATED)                                                          -8.857


#Path 54
Startpoint: [17752].Q[0] (.latch clocked by pclk)
Endpoint  : [11390].D[0] (.latch clocked by pclk)
Path Type : setup

Point                                                             Incr      Path
--------------------------------------------------------------------------------
clock pclk (rise edge)                                           0.000     0.000
clock source latency                                             0.000     0.000
pclk.inpad[0] (.input)                                           0.000     0.000
[17752].clk[0] (.latch)                                          0.042     0.042
[17752].Q[0] (.latch) [clock-to-output]                          0.124     0.166
[5571].in[4] (.names)                                            1.048     1.215
[5571].out[0] (.names)                                           0.261     1.476
[17559].in[2] (.names)                                           0.768     2.243
[17559].out[0] (.names)                                          0.261     2.504
nen17_4.in[1] (.names)                                           0.623     3.128
nen17_4.out[0] (.names)                                          0.261     3.389
[17719].in[3] (.names)                                           0.480     3.869
[17719].out[0] (.names)                                          0.261     4.130
[17744].in[3] (.names)                                           0.485     4.614
[17744].out[0] (.names)                                          0.261     4.875
[17748].in[3] (.names)                                           0.629     5.504
[17748].out[0] (.names)                                          0.261     5.765
[17751].in[3] (.names)                                           0.337     6.102
[17751].out[0] (.names)                                          0.261     6.363
[17755].in[3] (.names)                                           0.626     6.989
[17755].out[0] (.names)                                          0.261     7.250
[19741].in[5] (.names)                                           0.100     7.350
[19741].out[0] (.names)                                          0.261     7.611
[19395].in[2] (.names)                                           0.600     8.211
[19395].out[0] (.names)                                          0.261     8.472
[11399].in[2] (.names)                                           0.100     8.572
[11399].out[0] (.names)                                          0.261     8.833
[11390].D[0] (.latch)                                            0.000     8.833
data arrival time                                                          8.833

clock pclk (rise edge)                                           0.000     0.000
clock source latency                                             0.000     0.000
pclk.inpad[0] (.input)                                           0.000     0.000
[11390].clk[0] (.latch)                                          0.042     0.042
clock uncertainty                                                0.000     0.042
cell setup time                                                 -0.066    -0.024
data required time                                                        -0.024
--------------------------------------------------------------------------------
data required time                                                        -0.024
data arrival time                                                         -8.833
--------------------------------------------------------------------------------
slack (VIOLATED)                                                          -8.857


#Path 55
Startpoint: [17752].Q[0] (.latch clocked by pclk)
Endpoint  : [4655].D[0] (.latch clocked by pclk)
Path Type : setup

Point                                                             Incr      Path
--------------------------------------------------------------------------------
clock pclk (rise edge)                                           0.000     0.000
clock source latency                                             0.000     0.000
pclk.inpad[0] (.input)                                           0.000     0.000
[17752].clk[0] (.latch)                                          0.042     0.042
[17752].Q[0] (.latch) [clock-to-output]                          0.124     0.166
[5571].in[4] (.names)                                            1.048     1.215
[5571].out[0] (.names)                                           0.261     1.476
[17559].in[2] (.names)                                           0.768     2.243
[17559].out[0] (.names)                                          0.261     2.504
nen17_4.in[1] (.names)                                           0.623     3.128
nen17_4.out[0] (.names)                                          0.261     3.389
[17719].in[3] (.names)                                           0.480     3.869
[17719].out[0] (.names)                                          0.261     4.130
[17744].in[3] (.names)                                           0.485     4.614
[17744].out[0] (.names)                                          0.261     4.875
[17748].in[3] (.names)                                           0.629     5.504
[17748].out[0] (.names)                                          0.261     5.765
[17751].in[3] (.names)                                           0.337     6.102
[17751].out[0] (.names)                                          0.261     6.363
[17755].in[3] (.names)                                           0.626     6.989
[17755].out[0] (.names)                                          0.261     7.250
[19741].in[5] (.names)                                           0.100     7.350
[19741].out[0] (.names)                                          0.261     7.611
[19395].in[2] (.names)                                           0.600     8.211
[19395].out[0] (.names)                                          0.261     8.472
[4664].in[4] (.names)                                            0.100     8.572
[4664].out[0] (.names)                                           0.261     8.833
[4655].D[0] (.latch)                                             0.000     8.833
data arrival time                                                          8.833

clock pclk (rise edge)                                           0.000     0.000
clock source latency                                             0.000     0.000
pclk.inpad[0] (.input)                                           0.000     0.000
[4655].clk[0] (.latch)                                           0.042     0.042
clock uncertainty                                                0.000     0.042
cell setup time                                                 -0.066    -0.024
data required time                                                        -0.024
--------------------------------------------------------------------------------
data required time                                                        -0.024
data arrival time                                                         -8.833
--------------------------------------------------------------------------------
slack (VIOLATED)                                                          -8.857


#Path 56
Startpoint: [17752].Q[0] (.latch clocked by pclk)
Endpoint  : [10595].D[0] (.latch clocked by pclk)
Path Type : setup

Point                                                             Incr      Path
--------------------------------------------------------------------------------
clock pclk (rise edge)                                           0.000     0.000
clock source latency                                             0.000     0.000
pclk.inpad[0] (.input)                                           0.000     0.000
[17752].clk[0] (.latch)                                          0.042     0.042
[17752].Q[0] (.latch) [clock-to-output]                          0.124     0.166
[5571].in[4] (.names)                                            1.048     1.215
[5571].out[0] (.names)                                           0.261     1.476
[17559].in[2] (.names)                                           0.768     2.243
[17559].out[0] (.names)                                          0.261     2.504
nen17_4.in[1] (.names)                                           0.623     3.128
nen17_4.out[0] (.names)                                          0.261     3.389
[17719].in[3] (.names)                                           0.480     3.869
[17719].out[0] (.names)                                          0.261     4.130
[17744].in[3] (.names)                                           0.485     4.614
[17744].out[0] (.names)                                          0.261     4.875
[17748].in[3] (.names)                                           0.629     5.504
[17748].out[0] (.names)                                          0.261     5.765
[17751].in[3] (.names)                                           0.337     6.102
[17751].out[0] (.names)                                          0.261     6.363
[17755].in[3] (.names)                                           0.626     6.989
[17755].out[0] (.names)                                          0.261     7.250
[19741].in[5] (.names)                                           0.100     7.350
[19741].out[0] (.names)                                          0.261     7.611
[19395].in[2] (.names)                                           0.600     8.211
[19395].out[0] (.names)                                          0.261     8.472
[10604].in[3] (.names)                                           0.100     8.572
[10604].out[0] (.names)                                          0.261     8.833
[10595].D[0] (.latch)                                            0.000     8.833
data arrival time                                                          8.833

clock pclk (rise edge)                                           0.000     0.000
clock source latency                                             0.000     0.000
pclk.inpad[0] (.input)                                           0.000     0.000
[10595].clk[0] (.latch)                                          0.042     0.042
clock uncertainty                                                0.000     0.042
cell setup time                                                 -0.066    -0.024
data required time                                                        -0.024
--------------------------------------------------------------------------------
data required time                                                        -0.024
data arrival time                                                         -8.833
--------------------------------------------------------------------------------
slack (VIOLATED)                                                          -8.857


#Path 57
Startpoint: [17752].Q[0] (.latch clocked by pclk)
Endpoint  : [7505].D[0] (.latch clocked by pclk)
Path Type : setup

Point                                                             Incr      Path
--------------------------------------------------------------------------------
clock pclk (rise edge)                                           0.000     0.000
clock source latency                                             0.000     0.000
pclk.inpad[0] (.input)                                           0.000     0.000
[17752].clk[0] (.latch)                                          0.042     0.042
[17752].Q[0] (.latch) [clock-to-output]                          0.124     0.166
[5571].in[4] (.names)                                            1.048     1.215
[5571].out[0] (.names)                                           0.261     1.476
[17559].in[2] (.names)                                           0.768     2.243
[17559].out[0] (.names)                                          0.261     2.504
nen17_4.in[1] (.names)                                           0.623     3.128
nen17_4.out[0] (.names)                                          0.261     3.389
[17719].in[3] (.names)                                           0.480     3.869
[17719].out[0] (.names)                                          0.261     4.130
[17744].in[3] (.names)                                           0.485     4.614
[17744].out[0] (.names)                                          0.261     4.875
[17748].in[3] (.names)                                           0.629     5.504
[17748].out[0] (.names)                                          0.261     5.765
[17751].in[3] (.names)                                           0.337     6.102
[17751].out[0] (.names)                                          0.261     6.363
[17755].in[3] (.names)                                           0.626     6.989
[17755].out[0] (.names)                                          0.261     7.250
[19741].in[5] (.names)                                           0.100     7.350
[19741].out[0] (.names)                                          0.261     7.611
[19395].in[2] (.names)                                           0.600     8.211
[19395].out[0] (.names)                                          0.261     8.472
[7514].in[4] (.names)                                            0.100     8.572
[7514].out[0] (.names)                                           0.261     8.833
[7505].D[0] (.latch)                                             0.000     8.833
data arrival time                                                          8.833

clock pclk (rise edge)                                           0.000     0.000
clock source latency                                             0.000     0.000
pclk.inpad[0] (.input)                                           0.000     0.000
[7505].clk[0] (.latch)                                           0.042     0.042
clock uncertainty                                                0.000     0.042
cell setup time                                                 -0.066    -0.024
data required time                                                        -0.024
--------------------------------------------------------------------------------
data required time                                                        -0.024
data arrival time                                                         -8.833
--------------------------------------------------------------------------------
slack (VIOLATED)                                                          -8.857


#Path 58
Startpoint: [17752].Q[0] (.latch clocked by pclk)
Endpoint  : [6830].D[0] (.latch clocked by pclk)
Path Type : setup

Point                                                             Incr      Path
--------------------------------------------------------------------------------
clock pclk (rise edge)                                           0.000     0.000
clock source latency                                             0.000     0.000
pclk.inpad[0] (.input)                                           0.000     0.000
[17752].clk[0] (.latch)                                          0.042     0.042
[17752].Q[0] (.latch) [clock-to-output]                          0.124     0.166
[5571].in[4] (.names)                                            1.048     1.215
[5571].out[0] (.names)                                           0.261     1.476
[17559].in[2] (.names)                                           0.768     2.243
[17559].out[0] (.names)                                          0.261     2.504
nen17_4.in[1] (.names)                                           0.623     3.128
nen17_4.out[0] (.names)                                          0.261     3.389
[17719].in[3] (.names)                                           0.480     3.869
[17719].out[0] (.names)                                          0.261     4.130
[17744].in[3] (.names)                                           0.485     4.614
[17744].out[0] (.names)                                          0.261     4.875
[17748].in[3] (.names)                                           0.629     5.504
[17748].out[0] (.names)                                          0.261     5.765
[17751].in[3] (.names)                                           0.337     6.102
[17751].out[0] (.names)                                          0.261     6.363
[17755].in[3] (.names)                                           0.626     6.989
[17755].out[0] (.names)                                          0.261     7.250
[19741].in[5] (.names)                                           0.100     7.350
[19741].out[0] (.names)                                          0.261     7.611
[19395].in[2] (.names)                                           0.600     8.211
[19395].out[0] (.names)                                          0.261     8.472
[6839].in[2] (.names)                                            0.100     8.572
[6839].out[0] (.names)                                           0.261     8.833
[6830].D[0] (.latch)                                             0.000     8.833
data arrival time                                                          8.833

clock pclk (rise edge)                                           0.000     0.000
clock source latency                                             0.000     0.000
pclk.inpad[0] (.input)                                           0.000     0.000
[6830].clk[0] (.latch)                                           0.042     0.042
clock uncertainty                                                0.000     0.042
cell setup time                                                 -0.066    -0.024
data required time                                                        -0.024
--------------------------------------------------------------------------------
data required time                                                        -0.024
data arrival time                                                         -8.833
--------------------------------------------------------------------------------
slack (VIOLATED)                                                          -8.857


#Path 59
Startpoint: [17752].Q[0] (.latch clocked by pclk)
Endpoint  : [8645].D[0] (.latch clocked by pclk)
Path Type : setup

Point                                                             Incr      Path
--------------------------------------------------------------------------------
clock pclk (rise edge)                                           0.000     0.000
clock source latency                                             0.000     0.000
pclk.inpad[0] (.input)                                           0.000     0.000
[17752].clk[0] (.latch)                                          0.042     0.042
[17752].Q[0] (.latch) [clock-to-output]                          0.124     0.166
[5571].in[4] (.names)                                            1.048     1.215
[5571].out[0] (.names)                                           0.261     1.476
[17559].in[2] (.names)                                           0.768     2.243
[17559].out[0] (.names)                                          0.261     2.504
nen17_4.in[1] (.names)                                           0.623     3.128
nen17_4.out[0] (.names)                                          0.261     3.389
[17719].in[3] (.names)                                           0.480     3.869
[17719].out[0] (.names)                                          0.261     4.130
[17744].in[3] (.names)                                           0.485     4.614
[17744].out[0] (.names)                                          0.261     4.875
[17748].in[3] (.names)                                           0.629     5.504
[17748].out[0] (.names)                                          0.261     5.765
[17751].in[3] (.names)                                           0.337     6.102
[17751].out[0] (.names)                                          0.261     6.363
[17755].in[3] (.names)                                           0.626     6.989
[17755].out[0] (.names)                                          0.261     7.250
[19741].in[5] (.names)                                           0.100     7.350
[19741].out[0] (.names)                                          0.261     7.611
[19395].in[2] (.names)                                           0.600     8.211
[19395].out[0] (.names)                                          0.261     8.472
[8654].in[3] (.names)                                            0.100     8.572
[8654].out[0] (.names)                                           0.261     8.833
[8645].D[0] (.latch)                                             0.000     8.833
data arrival time                                                          8.833

clock pclk (rise edge)                                           0.000     0.000
clock source latency                                             0.000     0.000
pclk.inpad[0] (.input)                                           0.000     0.000
[8645].clk[0] (.latch)                                           0.042     0.042
clock uncertainty                                                0.000     0.042
cell setup time                                                 -0.066    -0.024
data required time                                                        -0.024
--------------------------------------------------------------------------------
data required time                                                        -0.024
data arrival time                                                         -8.833
--------------------------------------------------------------------------------
slack (VIOLATED)                                                          -8.857


#Path 60
Startpoint: [17752].Q[0] (.latch clocked by pclk)
Endpoint  : [9335].D[0] (.latch clocked by pclk)
Path Type : setup

Point                                                             Incr      Path
--------------------------------------------------------------------------------
clock pclk (rise edge)                                           0.000     0.000
clock source latency                                             0.000     0.000
pclk.inpad[0] (.input)                                           0.000     0.000
[17752].clk[0] (.latch)                                          0.042     0.042
[17752].Q[0] (.latch) [clock-to-output]                          0.124     0.166
[5571].in[4] (.names)                                            1.048     1.215
[5571].out[0] (.names)                                           0.261     1.476
[17559].in[2] (.names)                                           0.768     2.243
[17559].out[0] (.names)                                          0.261     2.504
nen17_4.in[1] (.names)                                           0.623     3.128
nen17_4.out[0] (.names)                                          0.261     3.389
[17719].in[3] (.names)                                           0.480     3.869
[17719].out[0] (.names)                                          0.261     4.130
[17744].in[3] (.names)                                           0.485     4.614
[17744].out[0] (.names)                                          0.261     4.875
[17748].in[3] (.names)                                           0.629     5.504
[17748].out[0] (.names)                                          0.261     5.765
[17751].in[3] (.names)                                           0.337     6.102
[17751].out[0] (.names)                                          0.261     6.363
[17755].in[3] (.names)                                           0.626     6.989
[17755].out[0] (.names)                                          0.261     7.250
[19741].in[5] (.names)                                           0.100     7.350
[19741].out[0] (.names)                                          0.261     7.611
[19395].in[2] (.names)                                           0.600     8.211
[19395].out[0] (.names)                                          0.261     8.472
[9344].in[4] (.names)                                            0.100     8.572
[9344].out[0] (.names)                                           0.261     8.833
[9335].D[0] (.latch)                                             0.000     8.833
data arrival time                                                          8.833

clock pclk (rise edge)                                           0.000     0.000
clock source latency                                             0.000     0.000
pclk.inpad[0] (.input)                                           0.000     0.000
[9335].clk[0] (.latch)                                           0.042     0.042
clock uncertainty                                                0.000     0.042
cell setup time                                                 -0.066    -0.024
data required time                                                        -0.024
--------------------------------------------------------------------------------
data required time                                                        -0.024
data arrival time                                                         -8.833
--------------------------------------------------------------------------------
slack (VIOLATED)                                                          -8.857


#Path 61
Startpoint: [17752].Q[0] (.latch clocked by pclk)
Endpoint  : [10010].D[0] (.latch clocked by pclk)
Path Type : setup

Point                                                             Incr      Path
--------------------------------------------------------------------------------
clock pclk (rise edge)                                           0.000     0.000
clock source latency                                             0.000     0.000
pclk.inpad[0] (.input)                                           0.000     0.000
[17752].clk[0] (.latch)                                          0.042     0.042
[17752].Q[0] (.latch) [clock-to-output]                          0.124     0.166
[5571].in[4] (.names)                                            1.048     1.215
[5571].out[0] (.names)                                           0.261     1.476
[17559].in[2] (.names)                                           0.768     2.243
[17559].out[0] (.names)                                          0.261     2.504
nen17_4.in[1] (.names)                                           0.623     3.128
nen17_4.out[0] (.names)                                          0.261     3.389
[17719].in[3] (.names)                                           0.480     3.869
[17719].out[0] (.names)                                          0.261     4.130
[17744].in[3] (.names)                                           0.485     4.614
[17744].out[0] (.names)                                          0.261     4.875
[17748].in[3] (.names)                                           0.629     5.504
[17748].out[0] (.names)                                          0.261     5.765
[17751].in[3] (.names)                                           0.337     6.102
[17751].out[0] (.names)                                          0.261     6.363
[17755].in[3] (.names)                                           0.626     6.989
[17755].out[0] (.names)                                          0.261     7.250
[19741].in[5] (.names)                                           0.100     7.350
[19741].out[0] (.names)                                          0.261     7.611
[19490].in[2] (.names)                                           0.311     7.921
[19490].out[0] (.names)                                          0.261     8.182
[10019].in[3] (.names)                                           0.339     8.522
[10019].out[0] (.names)                                          0.261     8.783
[10010].D[0] (.latch)                                            0.000     8.783
data arrival time                                                          8.783

clock pclk (rise edge)                                           0.000     0.000
clock source latency                                             0.000     0.000
pclk.inpad[0] (.input)                                           0.000     0.000
[10010].clk[0] (.latch)                                          0.042     0.042
clock uncertainty                                                0.000     0.042
cell setup time                                                 -0.066    -0.024
data required time                                                        -0.024
--------------------------------------------------------------------------------
data required time                                                        -0.024
data arrival time                                                         -8.783
--------------------------------------------------------------------------------
slack (VIOLATED)                                                          -8.806


#Path 62
Startpoint: [17752].Q[0] (.latch clocked by pclk)
Endpoint  : [4640].D[0] (.latch clocked by pclk)
Path Type : setup

Point                                                             Incr      Path
--------------------------------------------------------------------------------
clock pclk (rise edge)                                           0.000     0.000
clock source latency                                             0.000     0.000
pclk.inpad[0] (.input)                                           0.000     0.000
[17752].clk[0] (.latch)                                          0.042     0.042
[17752].Q[0] (.latch) [clock-to-output]                          0.124     0.166
[5571].in[4] (.names)                                            1.048     1.215
[5571].out[0] (.names)                                           0.261     1.476
[17559].in[2] (.names)                                           0.768     2.243
[17559].out[0] (.names)                                          0.261     2.504
nen17_4.in[1] (.names)                                           0.623     3.128
nen17_4.out[0] (.names)                                          0.261     3.389
[17719].in[3] (.names)                                           0.480     3.869
[17719].out[0] (.names)                                          0.261     4.130
[17744].in[3] (.names)                                           0.485     4.614
[17744].out[0] (.names)                                          0.261     4.875
[17748].in[3] (.names)                                           0.629     5.504
[17748].out[0] (.names)                                          0.261     5.765
[17751].in[3] (.names)                                           0.337     6.102
[17751].out[0] (.names)                                          0.261     6.363
[17755].in[3] (.names)                                           0.626     6.989
[17755].out[0] (.names)                                          0.261     7.250
[19741].in[5] (.names)                                           0.100     7.350
[19741].out[0] (.names)                                          0.261     7.611
[19490].in[2] (.names)                                           0.311     7.921
[19490].out[0] (.names)                                          0.261     8.182
[4649].in[3] (.names)                                            0.339     8.522
[4649].out[0] (.names)                                           0.261     8.783
[4640].D[0] (.latch)                                             0.000     8.783
data arrival time                                                          8.783

clock pclk (rise edge)                                           0.000     0.000
clock source latency                                             0.000     0.000
pclk.inpad[0] (.input)                                           0.000     0.000
[4640].clk[0] (.latch)                                           0.042     0.042
clock uncertainty                                                0.000     0.042
cell setup time                                                 -0.066    -0.024
data required time                                                        -0.024
--------------------------------------------------------------------------------
data required time                                                        -0.024
data arrival time                                                         -8.783
--------------------------------------------------------------------------------
slack (VIOLATED)                                                          -8.806


#Path 63
Startpoint: [17752].Q[0] (.latch clocked by pclk)
Endpoint  : [4820].D[0] (.latch clocked by pclk)
Path Type : setup

Point                                                             Incr      Path
--------------------------------------------------------------------------------
clock pclk (rise edge)                                           0.000     0.000
clock source latency                                             0.000     0.000
pclk.inpad[0] (.input)                                           0.000     0.000
[17752].clk[0] (.latch)                                          0.042     0.042
[17752].Q[0] (.latch) [clock-to-output]                          0.124     0.166
[5571].in[4] (.names)                                            1.048     1.215
[5571].out[0] (.names)                                           0.261     1.476
[17559].in[2] (.names)                                           0.768     2.243
[17559].out[0] (.names)                                          0.261     2.504
nen17_4.in[1] (.names)                                           0.623     3.128
nen17_4.out[0] (.names)                                          0.261     3.389
[17719].in[3] (.names)                                           0.480     3.869
[17719].out[0] (.names)                                          0.261     4.130
[17744].in[3] (.names)                                           0.485     4.614
[17744].out[0] (.names)                                          0.261     4.875
[17748].in[3] (.names)                                           0.629     5.504
[17748].out[0] (.names)                                          0.261     5.765
[17751].in[3] (.names)                                           0.337     6.102
[17751].out[0] (.names)                                          0.261     6.363
[17755].in[3] (.names)                                           0.626     6.989
[17755].out[0] (.names)                                          0.261     7.250
[19741].in[5] (.names)                                           0.100     7.350
[19741].out[0] (.names)                                          0.261     7.611
[19490].in[2] (.names)                                           0.311     7.921
[19490].out[0] (.names)                                          0.261     8.182
[4829].in[3] (.names)                                            0.339     8.522
[4829].out[0] (.names)                                           0.261     8.783
[4820].D[0] (.latch)                                             0.000     8.783
data arrival time                                                          8.783

clock pclk (rise edge)                                           0.000     0.000
clock source latency                                             0.000     0.000
pclk.inpad[0] (.input)                                           0.000     0.000
[4820].clk[0] (.latch)                                           0.042     0.042
clock uncertainty                                                0.000     0.042
cell setup time                                                 -0.066    -0.024
data required time                                                        -0.024
--------------------------------------------------------------------------------
data required time                                                        -0.024
data arrival time                                                         -8.783
--------------------------------------------------------------------------------
slack (VIOLATED)                                                          -8.806


#Path 64
Startpoint: [17752].Q[0] (.latch clocked by pclk)
Endpoint  : [10355].D[0] (.latch clocked by pclk)
Path Type : setup

Point                                                             Incr      Path
--------------------------------------------------------------------------------
clock pclk (rise edge)                                           0.000     0.000
clock source latency                                             0.000     0.000
pclk.inpad[0] (.input)                                           0.000     0.000
[17752].clk[0] (.latch)                                          0.042     0.042
[17752].Q[0] (.latch) [clock-to-output]                          0.124     0.166
[5571].in[4] (.names)                                            1.048     1.215
[5571].out[0] (.names)                                           0.261     1.476
[17559].in[2] (.names)                                           0.768     2.243
[17559].out[0] (.names)                                          0.261     2.504
nen24_7.in[1] (.names)                                           0.623     3.128
nen24_7.out[0] (.names)                                          0.261     3.389
[4993].in[2] (.names)                                            0.623     4.012
[4993].out[0] (.names)                                           0.261     4.273
[17924].in[2] (.names)                                           0.100     4.373
[17924].out[0] (.names)                                          0.261     4.634
[19153].in[4] (.names)                                           0.336     4.970
[19153].out[0] (.names)                                          0.261     5.231
[19157].in[2] (.names)                                           0.335     5.566
[19157].out[0] (.names)                                          0.261     5.827
[19221].in[2] (.names)                                           0.100     5.927
[19221].out[0] (.names)                                          0.261     6.188
[19227].in[2] (.names)                                           0.100     6.288
[19227].out[0] (.names)                                          0.261     6.549
[19232].in[2] (.names)                                           0.100     6.649
[19232].out[0] (.names)                                          0.261     6.910
[19215].in[2] (.names)                                           0.336     7.245
[19215].out[0] (.names)                                          0.261     7.506
[4388].in[3] (.names)                                            0.100     7.606
[4388].out[0] (.names)                                           0.261     7.867
[10364].in[4] (.names)                                           0.626     8.493
[10364].out[0] (.names)                                          0.261     8.754
[10355].D[0] (.latch)                                            0.000     8.754
data arrival time                                                          8.754

clock pclk (rise edge)                                           0.000     0.000
clock source latency                                             0.000     0.000
pclk.inpad[0] (.input)                                           0.000     0.000
[10355].clk[0] (.latch)                                          0.042     0.042
clock uncertainty                                                0.000     0.042
cell setup time                                                 -0.066    -0.024
data required time                                                        -0.024
--------------------------------------------------------------------------------
data required time                                                        -0.024
data arrival time                                                         -8.754
--------------------------------------------------------------------------------
slack (VIOLATED)                                                          -8.778


#Path 65
Startpoint: [17752].Q[0] (.latch clocked by pclk)
Endpoint  : [13880].D[0] (.latch clocked by pclk)
Path Type : setup

Point                                                             Incr      Path
--------------------------------------------------------------------------------
clock pclk (rise edge)                                           0.000     0.000
clock source latency                                             0.000     0.000
pclk.inpad[0] (.input)                                           0.000     0.000
[17752].clk[0] (.latch)                                          0.042     0.042
[17752].Q[0] (.latch) [clock-to-output]                          0.124     0.166
[5571].in[4] (.names)                                            1.048     1.215
[5571].out[0] (.names)                                           0.261     1.476
[17559].in[2] (.names)                                           0.768     2.243
[17559].out[0] (.names)                                          0.261     2.504
nen24_7.in[1] (.names)                                           0.623     3.128
nen24_7.out[0] (.names)                                          0.261     3.389
[4993].in[2] (.names)                                            0.623     4.012
[4993].out[0] (.names)                                           0.261     4.273
[17924].in[2] (.names)                                           0.100     4.373
[17924].out[0] (.names)                                          0.261     4.634
[19153].in[4] (.names)                                           0.336     4.970
[19153].out[0] (.names)                                          0.261     5.231
[19157].in[2] (.names)                                           0.335     5.566
[19157].out[0] (.names)                                          0.261     5.827
[19221].in[2] (.names)                                           0.100     5.927
[19221].out[0] (.names)                                          0.261     6.188
[19227].in[2] (.names)                                           0.100     6.288
[19227].out[0] (.names)                                          0.261     6.549
[19232].in[2] (.names)                                           0.100     6.649
[19232].out[0] (.names)                                          0.261     6.910
[19215].in[2] (.names)                                           0.336     7.245
[19215].out[0] (.names)                                          0.261     7.506
[4388].in[3] (.names)                                            0.100     7.606
[4388].out[0] (.names)                                           0.261     7.867
[13889].in[4] (.names)                                           0.626     8.493
[13889].out[0] (.names)                                          0.261     8.754
[13880].D[0] (.latch)                                            0.000     8.754
data arrival time                                                          8.754

clock pclk (rise edge)                                           0.000     0.000
clock source latency                                             0.000     0.000
pclk.inpad[0] (.input)                                           0.000     0.000
[13880].clk[0] (.latch)                                          0.042     0.042
clock uncertainty                                                0.000     0.042
cell setup time                                                 -0.066    -0.024
data required time                                                        -0.024
--------------------------------------------------------------------------------
data required time                                                        -0.024
data arrival time                                                         -8.754
--------------------------------------------------------------------------------
slack (VIOLATED)                                                          -8.778


#Path 66
Startpoint: [17752].Q[0] (.latch clocked by pclk)
Endpoint  : [11450].D[0] (.latch clocked by pclk)
Path Type : setup

Point                                                             Incr      Path
--------------------------------------------------------------------------------
clock pclk (rise edge)                                           0.000     0.000
clock source latency                                             0.000     0.000
pclk.inpad[0] (.input)                                           0.000     0.000
[17752].clk[0] (.latch)                                          0.042     0.042
[17752].Q[0] (.latch) [clock-to-output]                          0.124     0.166
[5571].in[4] (.names)                                            1.048     1.215
[5571].out[0] (.names)                                           0.261     1.476
[17559].in[2] (.names)                                           0.768     2.243
[17559].out[0] (.names)                                          0.261     2.504
nen24_7.in[1] (.names)                                           0.623     3.128
nen24_7.out[0] (.names)                                          0.261     3.389
[4993].in[2] (.names)                                            0.623     4.012
[4993].out[0] (.names)                                           0.261     4.273
[17924].in[2] (.names)                                           0.100     4.373
[17924].out[0] (.names)                                          0.261     4.634
[19153].in[4] (.names)                                           0.336     4.970
[19153].out[0] (.names)                                          0.261     5.231
[19157].in[2] (.names)                                           0.335     5.566
[19157].out[0] (.names)                                          0.261     5.827
[19221].in[2] (.names)                                           0.100     5.927
[19221].out[0] (.names)                                          0.261     6.188
[19227].in[2] (.names)                                           0.100     6.288
[19227].out[0] (.names)                                          0.261     6.549
[19232].in[2] (.names)                                           0.100     6.649
[19232].out[0] (.names)                                          0.261     6.910
[19215].in[2] (.names)                                           0.336     7.245
[19215].out[0] (.names)                                          0.261     7.506
[4388].in[3] (.names)                                            0.100     7.606
[4388].out[0] (.names)                                           0.261     7.867
[11459].in[4] (.names)                                           0.622     8.490
[11459].out[0] (.names)                                          0.261     8.751
[11450].D[0] (.latch)                                            0.000     8.751
data arrival time                                                          8.751

clock pclk (rise edge)                                           0.000     0.000
clock source latency                                             0.000     0.000
pclk.inpad[0] (.input)                                           0.000     0.000
[11450].clk[0] (.latch)                                          0.042     0.042
clock uncertainty                                                0.000     0.042
cell setup time                                                 -0.066    -0.024
data required time                                                        -0.024
--------------------------------------------------------------------------------
data required time                                                        -0.024
data arrival time                                                         -8.751
--------------------------------------------------------------------------------
slack (VIOLATED)                                                          -8.774


#Path 67
Startpoint: [17752].Q[0] (.latch clocked by pclk)
Endpoint  : [12425].D[0] (.latch clocked by pclk)
Path Type : setup

Point                                                             Incr      Path
--------------------------------------------------------------------------------
clock pclk (rise edge)                                           0.000     0.000
clock source latency                                             0.000     0.000
pclk.inpad[0] (.input)                                           0.000     0.000
[17752].clk[0] (.latch)                                          0.042     0.042
[17752].Q[0] (.latch) [clock-to-output]                          0.124     0.166
[5571].in[4] (.names)                                            1.048     1.215
[5571].out[0] (.names)                                           0.261     1.476
[17559].in[2] (.names)                                           0.768     2.243
[17559].out[0] (.names)                                          0.261     2.504
nen24_7.in[1] (.names)                                           0.623     3.128
nen24_7.out[0] (.names)                                          0.261     3.389
[4993].in[2] (.names)                                            0.623     4.012
[4993].out[0] (.names)                                           0.261     4.273
[17924].in[2] (.names)                                           0.100     4.373
[17924].out[0] (.names)                                          0.261     4.634
[19153].in[4] (.names)                                           0.336     4.970
[19153].out[0] (.names)                                          0.261     5.231
[19157].in[2] (.names)                                           0.335     5.566
[19157].out[0] (.names)                                          0.261     5.827
[19221].in[2] (.names)                                           0.100     5.927
[19221].out[0] (.names)                                          0.261     6.188
[19227].in[2] (.names)                                           0.100     6.288
[19227].out[0] (.names)                                          0.261     6.549
[19232].in[2] (.names)                                           0.100     6.649
[19232].out[0] (.names)                                          0.261     6.910
[19215].in[2] (.names)                                           0.336     7.245
[19215].out[0] (.names)                                          0.261     7.506
[4388].in[3] (.names)                                            0.100     7.606
[4388].out[0] (.names)                                           0.261     7.867
[12434].in[4] (.names)                                           0.622     8.490
[12434].out[0] (.names)                                          0.261     8.751
[12425].D[0] (.latch)                                            0.000     8.751
data arrival time                                                          8.751

clock pclk (rise edge)                                           0.000     0.000
clock source latency                                             0.000     0.000
pclk.inpad[0] (.input)                                           0.000     0.000
[12425].clk[0] (.latch)                                          0.042     0.042
clock uncertainty                                                0.000     0.042
cell setup time                                                 -0.066    -0.024
data required time                                                        -0.024
--------------------------------------------------------------------------------
data required time                                                        -0.024
data arrival time                                                         -8.751
--------------------------------------------------------------------------------
slack (VIOLATED)                                                          -8.774


#Path 68
Startpoint: [17752].Q[0] (.latch clocked by pclk)
Endpoint  : [8210].D[0] (.latch clocked by pclk)
Path Type : setup

Point                                                             Incr      Path
--------------------------------------------------------------------------------
clock pclk (rise edge)                                           0.000     0.000
clock source latency                                             0.000     0.000
pclk.inpad[0] (.input)                                           0.000     0.000
[17752].clk[0] (.latch)                                          0.042     0.042
[17752].Q[0] (.latch) [clock-to-output]                          0.124     0.166
[5571].in[4] (.names)                                            1.048     1.215
[5571].out[0] (.names)                                           0.261     1.476
[17559].in[2] (.names)                                           0.768     2.243
[17559].out[0] (.names)                                          0.261     2.504
nen24_7.in[1] (.names)                                           0.623     3.128
nen24_7.out[0] (.names)                                          0.261     3.389
[4993].in[2] (.names)                                            0.623     4.012
[4993].out[0] (.names)                                           0.261     4.273
[17924].in[2] (.names)                                           0.100     4.373
[17924].out[0] (.names)                                          0.261     4.634
[19153].in[4] (.names)                                           0.336     4.970
[19153].out[0] (.names)                                          0.261     5.231
[19157].in[2] (.names)                                           0.335     5.566
[19157].out[0] (.names)                                          0.261     5.827
[19221].in[2] (.names)                                           0.100     5.927
[19221].out[0] (.names)                                          0.261     6.188
[19227].in[2] (.names)                                           0.100     6.288
[19227].out[0] (.names)                                          0.261     6.549
[19232].in[2] (.names)                                           0.100     6.649
[19232].out[0] (.names)                                          0.261     6.910
[19215].in[2] (.names)                                           0.336     7.245
[19215].out[0] (.names)                                          0.261     7.506
[4388].in[3] (.names)                                            0.100     7.606
[4388].out[0] (.names)                                           0.261     7.867
[8219].in[4] (.names)                                            0.483     8.351
[8219].out[0] (.names)                                           0.261     8.612
[8210].D[0] (.latch)                                             0.000     8.612
data arrival time                                                          8.612

clock pclk (rise edge)                                           0.000     0.000
clock source latency                                             0.000     0.000
pclk.inpad[0] (.input)                                           0.000     0.000
[8210].clk[0] (.latch)                                           0.042     0.042
clock uncertainty                                                0.000     0.042
cell setup time                                                 -0.066    -0.024
data required time                                                        -0.024
--------------------------------------------------------------------------------
data required time                                                        -0.024
data arrival time                                                         -8.612
--------------------------------------------------------------------------------
slack (VIOLATED)                                                          -8.635


#Path 69
Startpoint: [17752].Q[0] (.latch clocked by pclk)
Endpoint  : [12650].D[0] (.latch clocked by pclk)
Path Type : setup

Point                                                             Incr      Path
--------------------------------------------------------------------------------
clock pclk (rise edge)                                           0.000     0.000
clock source latency                                             0.000     0.000
pclk.inpad[0] (.input)                                           0.000     0.000
[17752].clk[0] (.latch)                                          0.042     0.042
[17752].Q[0] (.latch) [clock-to-output]                          0.124     0.166
[5571].in[4] (.names)                                            1.048     1.215
[5571].out[0] (.names)                                           0.261     1.476
[17559].in[2] (.names)                                           0.768     2.243
[17559].out[0] (.names)                                          0.261     2.504
nen24_7.in[1] (.names)                                           0.623     3.128
nen24_7.out[0] (.names)                                          0.261     3.389
[4993].in[2] (.names)                                            0.623     4.012
[4993].out[0] (.names)                                           0.261     4.273
[17924].in[2] (.names)                                           0.100     4.373
[17924].out[0] (.names)                                          0.261     4.634
[19153].in[4] (.names)                                           0.336     4.970
[19153].out[0] (.names)                                          0.261     5.231
[19157].in[2] (.names)                                           0.335     5.566
[19157].out[0] (.names)                                          0.261     5.827
[19221].in[2] (.names)                                           0.100     5.927
[19221].out[0] (.names)                                          0.261     6.188
[19227].in[2] (.names)                                           0.100     6.288
[19227].out[0] (.names)                                          0.261     6.549
[19232].in[2] (.names)                                           0.100     6.649
[19232].out[0] (.names)                                          0.261     6.910
[19215].in[2] (.names)                                           0.336     7.245
[19215].out[0] (.names)                                          0.261     7.506
[19068].in[5] (.names)                                           0.100     7.606
[19068].out[0] (.names)                                          0.261     7.867
[12659].in[3] (.names)                                           0.482     8.350
[12659].out[0] (.names)                                          0.261     8.611
[12650].D[0] (.latch)                                            0.000     8.611
data arrival time                                                          8.611

clock pclk (rise edge)                                           0.000     0.000
clock source latency                                             0.000     0.000
pclk.inpad[0] (.input)                                           0.000     0.000
[12650].clk[0] (.latch)                                          0.042     0.042
clock uncertainty                                                0.000     0.042
cell setup time                                                 -0.066    -0.024
data required time                                                        -0.024
--------------------------------------------------------------------------------
data required time                                                        -0.024
data arrival time                                                         -8.611
--------------------------------------------------------------------------------
slack (VIOLATED)                                                          -8.634


#Path 70
Startpoint: [17752].Q[0] (.latch clocked by pclk)
Endpoint  : [14270].D[0] (.latch clocked by pclk)
Path Type : setup

Point                                                             Incr      Path
--------------------------------------------------------------------------------
clock pclk (rise edge)                                           0.000     0.000
clock source latency                                             0.000     0.000
pclk.inpad[0] (.input)                                           0.000     0.000
[17752].clk[0] (.latch)                                          0.042     0.042
[17752].Q[0] (.latch) [clock-to-output]                          0.124     0.166
[5571].in[4] (.names)                                            1.048     1.215
[5571].out[0] (.names)                                           0.261     1.476
[17559].in[2] (.names)                                           0.768     2.243
[17559].out[0] (.names)                                          0.261     2.504
nen24_7.in[1] (.names)                                           0.623     3.128
nen24_7.out[0] (.names)                                          0.261     3.389
[4993].in[2] (.names)                                            0.623     4.012
[4993].out[0] (.names)                                           0.261     4.273
[17924].in[2] (.names)                                           0.100     4.373
[17924].out[0] (.names)                                          0.261     4.634
[19153].in[4] (.names)                                           0.336     4.970
[19153].out[0] (.names)                                          0.261     5.231
[19157].in[2] (.names)                                           0.335     5.566
[19157].out[0] (.names)                                          0.261     5.827
[19221].in[2] (.names)                                           0.100     5.927
[19221].out[0] (.names)                                          0.261     6.188
[19227].in[2] (.names)                                           0.100     6.288
[19227].out[0] (.names)                                          0.261     6.549
[19232].in[2] (.names)                                           0.100     6.649
[19232].out[0] (.names)                                          0.261     6.910
[19215].in[2] (.names)                                           0.336     7.245
[19215].out[0] (.names)                                          0.261     7.506
[19068].in[5] (.names)                                           0.100     7.606
[19068].out[0] (.names)                                          0.261     7.867
[14279].in[3] (.names)                                           0.481     8.349
[14279].out[0] (.names)                                          0.261     8.610
[14270].D[0] (.latch)                                            0.000     8.610
data arrival time                                                          8.610

clock pclk (rise edge)                                           0.000     0.000
clock source latency                                             0.000     0.000
pclk.inpad[0] (.input)                                           0.000     0.000
[14270].clk[0] (.latch)                                          0.042     0.042
clock uncertainty                                                0.000     0.042
cell setup time                                                 -0.066    -0.024
data required time                                                        -0.024
--------------------------------------------------------------------------------
data required time                                                        -0.024
data arrival time                                                         -8.610
--------------------------------------------------------------------------------
slack (VIOLATED)                                                          -8.633


#Path 71
Startpoint: [17752].Q[0] (.latch clocked by pclk)
Endpoint  : [6320].D[0] (.latch clocked by pclk)
Path Type : setup

Point                                                             Incr      Path
--------------------------------------------------------------------------------
clock pclk (rise edge)                                           0.000     0.000
clock source latency                                             0.000     0.000
pclk.inpad[0] (.input)                                           0.000     0.000
[17752].clk[0] (.latch)                                          0.042     0.042
[17752].Q[0] (.latch) [clock-to-output]                          0.124     0.166
[5571].in[4] (.names)                                            1.048     1.215
[5571].out[0] (.names)                                           0.261     1.476
[17559].in[2] (.names)                                           0.768     2.243
[17559].out[0] (.names)                                          0.261     2.504
nen24_7.in[1] (.names)                                           0.623     3.128
nen24_7.out[0] (.names)                                          0.261     3.389
[4993].in[2] (.names)                                            0.623     4.012
[4993].out[0] (.names)                                           0.261     4.273
[17924].in[2] (.names)                                           0.100     4.373
[17924].out[0] (.names)                                          0.261     4.634
[19153].in[4] (.names)                                           0.336     4.970
[19153].out[0] (.names)                                          0.261     5.231
[19157].in[2] (.names)                                           0.335     5.566
[19157].out[0] (.names)                                          0.261     5.827
[19221].in[2] (.names)                                           0.100     5.927
[19221].out[0] (.names)                                          0.261     6.188
[19227].in[2] (.names)                                           0.100     6.288
[19227].out[0] (.names)                                          0.261     6.549
[19232].in[2] (.names)                                           0.100     6.649
[19232].out[0] (.names)                                          0.261     6.910
[19215].in[2] (.names)                                           0.336     7.245
[19215].out[0] (.names)                                          0.261     7.506
[4388].in[3] (.names)                                            0.100     7.606
[4388].out[0] (.names)                                           0.261     7.867
[6329].in[4] (.names)                                            0.481     8.349
[6329].out[0] (.names)                                           0.261     8.610
[6320].D[0] (.latch)                                             0.000     8.610
data arrival time                                                          8.610

clock pclk (rise edge)                                           0.000     0.000
clock source latency                                             0.000     0.000
pclk.inpad[0] (.input)                                           0.000     0.000
[6320].clk[0] (.latch)                                           0.042     0.042
clock uncertainty                                                0.000     0.042
cell setup time                                                 -0.066    -0.024
data required time                                                        -0.024
--------------------------------------------------------------------------------
data required time                                                        -0.024
data arrival time                                                         -8.610
--------------------------------------------------------------------------------
slack (VIOLATED)                                                          -8.633


#Path 72
Startpoint: [17752].Q[0] (.latch clocked by pclk)
Endpoint  : [11675].D[0] (.latch clocked by pclk)
Path Type : setup

Point                                                             Incr      Path
--------------------------------------------------------------------------------
clock pclk (rise edge)                                           0.000     0.000
clock source latency                                             0.000     0.000
pclk.inpad[0] (.input)                                           0.000     0.000
[17752].clk[0] (.latch)                                          0.042     0.042
[17752].Q[0] (.latch) [clock-to-output]                          0.124     0.166
[5571].in[4] (.names)                                            1.048     1.215
[5571].out[0] (.names)                                           0.261     1.476
[17559].in[2] (.names)                                           0.768     2.243
[17559].out[0] (.names)                                          0.261     2.504
nen24_7.in[1] (.names)                                           0.623     3.128
nen24_7.out[0] (.names)                                          0.261     3.389
[4993].in[2] (.names)                                            0.623     4.012
[4993].out[0] (.names)                                           0.261     4.273
[17924].in[2] (.names)                                           0.100     4.373
[17924].out[0] (.names)                                          0.261     4.634
[19153].in[4] (.names)                                           0.336     4.970
[19153].out[0] (.names)                                          0.261     5.231
[19157].in[2] (.names)                                           0.335     5.566
[19157].out[0] (.names)                                          0.261     5.827
[19221].in[2] (.names)                                           0.100     5.927
[19221].out[0] (.names)                                          0.261     6.188
[19227].in[2] (.names)                                           0.100     6.288
[19227].out[0] (.names)                                          0.261     6.549
[19232].in[2] (.names)                                           0.100     6.649
[19232].out[0] (.names)                                          0.261     6.910
[19215].in[2] (.names)                                           0.336     7.245
[19215].out[0] (.names)                                          0.261     7.506
[19068].in[5] (.names)                                           0.100     7.606
[19068].out[0] (.names)                                          0.261     7.867
[11684].in[4] (.names)                                           0.480     8.347
[11684].out[0] (.names)                                          0.261     8.608
[11675].D[0] (.latch)                                            0.000     8.608
data arrival time                                                          8.608

clock pclk (rise edge)                                           0.000     0.000
clock source latency                                             0.000     0.000
pclk.inpad[0] (.input)                                           0.000     0.000
[11675].clk[0] (.latch)                                          0.042     0.042
clock uncertainty                                                0.000     0.042
cell setup time                                                 -0.066    -0.024
data required time                                                        -0.024
--------------------------------------------------------------------------------
data required time                                                        -0.024
data arrival time                                                         -8.608
--------------------------------------------------------------------------------
slack (VIOLATED)                                                          -8.632


#Path 73
Startpoint: [17752].Q[0] (.latch clocked by pclk)
Endpoint  : [10985].D[0] (.latch clocked by pclk)
Path Type : setup

Point                                                             Incr      Path
--------------------------------------------------------------------------------
clock pclk (rise edge)                                           0.000     0.000
clock source latency                                             0.000     0.000
pclk.inpad[0] (.input)                                           0.000     0.000
[17752].clk[0] (.latch)                                          0.042     0.042
[17752].Q[0] (.latch) [clock-to-output]                          0.124     0.166
[5571].in[4] (.names)                                            1.048     1.215
[5571].out[0] (.names)                                           0.261     1.476
[17559].in[2] (.names)                                           0.768     2.243
[17559].out[0] (.names)                                          0.261     2.504
nen24_7.in[1] (.names)                                           0.623     3.128
nen24_7.out[0] (.names)                                          0.261     3.389
[4993].in[2] (.names)                                            0.623     4.012
[4993].out[0] (.names)                                           0.261     4.273
[17924].in[2] (.names)                                           0.100     4.373
[17924].out[0] (.names)                                          0.261     4.634
[19153].in[4] (.names)                                           0.336     4.970
[19153].out[0] (.names)                                          0.261     5.231
[19157].in[2] (.names)                                           0.335     5.566
[19157].out[0] (.names)                                          0.261     5.827
[19221].in[2] (.names)                                           0.100     5.927
[19221].out[0] (.names)                                          0.261     6.188
[19227].in[2] (.names)                                           0.100     6.288
[19227].out[0] (.names)                                          0.261     6.549
[19232].in[2] (.names)                                           0.100     6.649
[19232].out[0] (.names)                                          0.261     6.910
[19215].in[2] (.names)                                           0.336     7.245
[19215].out[0] (.names)                                          0.261     7.506
[19068].in[5] (.names)                                           0.100     7.606
[19068].out[0] (.names)                                          0.261     7.867
[10994].in[3] (.names)                                           0.480     8.347
[10994].out[0] (.names)                                          0.261     8.608
[10985].D[0] (.latch)                                            0.000     8.608
data arrival time                                                          8.608

clock pclk (rise edge)                                           0.000     0.000
clock source latency                                             0.000     0.000
pclk.inpad[0] (.input)                                           0.000     0.000
[10985].clk[0] (.latch)                                          0.042     0.042
clock uncertainty                                                0.000     0.042
cell setup time                                                 -0.066    -0.024
data required time                                                        -0.024
--------------------------------------------------------------------------------
data required time                                                        -0.024
data arrival time                                                         -8.608
--------------------------------------------------------------------------------
slack (VIOLATED)                                                          -8.632


#Path 74
Startpoint: [17752].Q[0] (.latch clocked by pclk)
Endpoint  : [15410].D[0] (.latch clocked by pclk)
Path Type : setup

Point                                                             Incr      Path
--------------------------------------------------------------------------------
clock pclk (rise edge)                                           0.000     0.000
clock source latency                                             0.000     0.000
pclk.inpad[0] (.input)                                           0.000     0.000
[17752].clk[0] (.latch)                                          0.042     0.042
[17752].Q[0] (.latch) [clock-to-output]                          0.124     0.166
[5571].in[4] (.names)                                            1.048     1.215
[5571].out[0] (.names)                                           0.261     1.476
[17559].in[2] (.names)                                           0.768     2.243
[17559].out[0] (.names)                                          0.261     2.504
nen24_7.in[1] (.names)                                           0.623     3.128
nen24_7.out[0] (.names)                                          0.261     3.389
[4993].in[2] (.names)                                            0.623     4.012
[4993].out[0] (.names)                                           0.261     4.273
[17924].in[2] (.names)                                           0.100     4.373
[17924].out[0] (.names)                                          0.261     4.634
[19153].in[4] (.names)                                           0.336     4.970
[19153].out[0] (.names)                                          0.261     5.231
[19157].in[2] (.names)                                           0.335     5.566
[19157].out[0] (.names)                                          0.261     5.827
[19221].in[2] (.names)                                           0.100     5.927
[19221].out[0] (.names)                                          0.261     6.188
[19227].in[2] (.names)                                           0.100     6.288
[19227].out[0] (.names)                                          0.261     6.549
[19232].in[2] (.names)                                           0.100     6.649
[19232].out[0] (.names)                                          0.261     6.910
[19215].in[2] (.names)                                           0.336     7.245
[19215].out[0] (.names)                                          0.261     7.506
[19068].in[5] (.names)                                           0.100     7.606
[19068].out[0] (.names)                                          0.261     7.867
[15419].in[4] (.names)                                           0.480     8.347
[15419].out[0] (.names)                                          0.261     8.608
[15410].D[0] (.latch)                                            0.000     8.608
data arrival time                                                          8.608

clock pclk (rise edge)                                           0.000     0.000
clock source latency                                             0.000     0.000
pclk.inpad[0] (.input)                                           0.000     0.000
[15410].clk[0] (.latch)                                          0.042     0.042
clock uncertainty                                                0.000     0.042
cell setup time                                                 -0.066    -0.024
data required time                                                        -0.024
--------------------------------------------------------------------------------
data required time                                                        -0.024
data arrival time                                                         -8.608
--------------------------------------------------------------------------------
slack (VIOLATED)                                                          -8.632


#Path 75
Startpoint: [17752].Q[0] (.latch clocked by pclk)
Endpoint  : [6365].D[0] (.latch clocked by pclk)
Path Type : setup

Point                                                             Incr      Path
--------------------------------------------------------------------------------
clock pclk (rise edge)                                           0.000     0.000
clock source latency                                             0.000     0.000
pclk.inpad[0] (.input)                                           0.000     0.000
[17752].clk[0] (.latch)                                          0.042     0.042
[17752].Q[0] (.latch) [clock-to-output]                          0.124     0.166
[5571].in[4] (.names)                                            1.048     1.215
[5571].out[0] (.names)                                           0.261     1.476
[17559].in[2] (.names)                                           0.768     2.243
[17559].out[0] (.names)                                          0.261     2.504
nen24_7.in[1] (.names)                                           0.623     3.128
nen24_7.out[0] (.names)                                          0.261     3.389
[4993].in[2] (.names)                                            0.623     4.012
[4993].out[0] (.names)                                           0.261     4.273
[17924].in[2] (.names)                                           0.100     4.373
[17924].out[0] (.names)                                          0.261     4.634
[19153].in[4] (.names)                                           0.336     4.970
[19153].out[0] (.names)                                          0.261     5.231
[19157].in[2] (.names)                                           0.335     5.566
[19157].out[0] (.names)                                          0.261     5.827
[19221].in[2] (.names)                                           0.100     5.927
[19221].out[0] (.names)                                          0.261     6.188
[19227].in[2] (.names)                                           0.100     6.288
[19227].out[0] (.names)                                          0.261     6.549
[19232].in[2] (.names)                                           0.100     6.649
[19232].out[0] (.names)                                          0.261     6.910
[19215].in[2] (.names)                                           0.336     7.245
[19215].out[0] (.names)                                          0.261     7.506
[4388].in[3] (.names)                                            0.100     7.606
[4388].out[0] (.names)                                           0.261     7.867
[6374].in[4] (.names)                                            0.455     8.322
[6374].out[0] (.names)                                           0.261     8.583
[6365].D[0] (.latch)                                             0.000     8.583
data arrival time                                                          8.583

clock pclk (rise edge)                                           0.000     0.000
clock source latency                                             0.000     0.000
pclk.inpad[0] (.input)                                           0.000     0.000
[6365].clk[0] (.latch)                                           0.042     0.042
clock uncertainty                                                0.000     0.042
cell setup time                                                 -0.066    -0.024
data required time                                                        -0.024
--------------------------------------------------------------------------------
data required time                                                        -0.024
data arrival time                                                         -8.583
--------------------------------------------------------------------------------
slack (VIOLATED)                                                          -8.607


#Path 76
Startpoint: [17752].Q[0] (.latch clocked by pclk)
Endpoint  : [14585].D[0] (.latch clocked by pclk)
Path Type : setup

Point                                                             Incr      Path
--------------------------------------------------------------------------------
clock pclk (rise edge)                                           0.000     0.000
clock source latency                                             0.000     0.000
pclk.inpad[0] (.input)                                           0.000     0.000
[17752].clk[0] (.latch)                                          0.042     0.042
[17752].Q[0] (.latch) [clock-to-output]                          0.124     0.166
[5571].in[4] (.names)                                            1.048     1.215
[5571].out[0] (.names)                                           0.261     1.476
[17559].in[2] (.names)                                           0.768     2.243
[17559].out[0] (.names)                                          0.261     2.504
nen17_4.in[1] (.names)                                           0.623     3.128
nen17_4.out[0] (.names)                                          0.261     3.389
[17719].in[3] (.names)                                           0.480     3.869
[17719].out[0] (.names)                                          0.261     4.130
[5291].in[3] (.names)                                            0.485     4.614
[5291].out[0] (.names)                                           0.261     4.875
[4442].in[3] (.names)                                            0.339     5.215
[4442].out[0] (.names)                                           0.261     5.476
[5173].in[3] (.names)                                            0.336     5.811
[5173].out[0] (.names)                                           0.261     6.072
[19520].in[4] (.names)                                           0.337     6.409
[19520].out[0] (.names)                                          0.261     6.670
[5162].in[4] (.names)                                            0.332     7.003
[5162].out[0] (.names)                                           0.261     7.264
[14594].in[4] (.names)                                           0.968     8.232
[14594].out[0] (.names)                                          0.261     8.493
[14585].D[0] (.latch)                                            0.000     8.493
data arrival time                                                          8.493

clock pclk (rise edge)                                           0.000     0.000
clock source latency                                             0.000     0.000
pclk.inpad[0] (.input)                                           0.000     0.000
[14585].clk[0] (.latch)                                          0.042     0.042
clock uncertainty                                                0.000     0.042
cell setup time                                                 -0.066    -0.024
data required time                                                        -0.024
--------------------------------------------------------------------------------
data required time                                                        -0.024
data arrival time                                                         -8.493
--------------------------------------------------------------------------------
slack (VIOLATED)                                                          -8.517


#Path 77
Startpoint: [17752].Q[0] (.latch clocked by pclk)
Endpoint  : [8810].D[0] (.latch clocked by pclk)
Path Type : setup

Point                                                             Incr      Path
--------------------------------------------------------------------------------
clock pclk (rise edge)                                           0.000     0.000
clock source latency                                             0.000     0.000
pclk.inpad[0] (.input)                                           0.000     0.000
[17752].clk[0] (.latch)                                          0.042     0.042
[17752].Q[0] (.latch) [clock-to-output]                          0.124     0.166
[5571].in[4] (.names)                                            1.048     1.215
[5571].out[0] (.names)                                           0.261     1.476
[17559].in[2] (.names)                                           0.768     2.243
[17559].out[0] (.names)                                          0.261     2.504
nen17_4.in[1] (.names)                                           0.623     3.128
nen17_4.out[0] (.names)                                          0.261     3.389
[17719].in[3] (.names)                                           0.480     3.869
[17719].out[0] (.names)                                          0.261     4.130
[5291].in[3] (.names)                                            0.485     4.614
[5291].out[0] (.names)                                           0.261     4.875
[4442].in[3] (.names)                                            0.339     5.215
[4442].out[0] (.names)                                           0.261     5.476
[5173].in[3] (.names)                                            0.336     5.811
[5173].out[0] (.names)                                           0.261     6.072
[19520].in[4] (.names)                                           0.337     6.409
[19520].out[0] (.names)                                          0.261     6.670
[5162].in[4] (.names)                                            0.332     7.003
[5162].out[0] (.names)                                           0.261     7.264
[8819].in[4] (.names)                                            0.968     8.232
[8819].out[0] (.names)                                           0.261     8.493
[8810].D[0] (.latch)                                             0.000     8.493
data arrival time                                                          8.493

clock pclk (rise edge)                                           0.000     0.000
clock source latency                                             0.000     0.000
pclk.inpad[0] (.input)                                           0.000     0.000
[8810].clk[0] (.latch)                                           0.042     0.042
clock uncertainty                                                0.000     0.042
cell setup time                                                 -0.066    -0.024
data required time                                                        -0.024
--------------------------------------------------------------------------------
data required time                                                        -0.024
data arrival time                                                         -8.493
--------------------------------------------------------------------------------
slack (VIOLATED)                                                          -8.517


#Path 78
Startpoint: [17752].Q[0] (.latch clocked by pclk)
Endpoint  : [5450].D[0] (.latch clocked by pclk)
Path Type : setup

Point                                                             Incr      Path
--------------------------------------------------------------------------------
clock pclk (rise edge)                                           0.000     0.000
clock source latency                                             0.000     0.000
pclk.inpad[0] (.input)                                           0.000     0.000
[17752].clk[0] (.latch)                                          0.042     0.042
[17752].Q[0] (.latch) [clock-to-output]                          0.124     0.166
[5571].in[4] (.names)                                            1.048     1.215
[5571].out[0] (.names)                                           0.261     1.476
[17559].in[2] (.names)                                           0.768     2.243
[17559].out[0] (.names)                                          0.261     2.504
nen17_4.in[1] (.names)                                           0.623     3.128
nen17_4.out[0] (.names)                                          0.261     3.389
[17719].in[3] (.names)                                           0.480     3.869
[17719].out[0] (.names)                                          0.261     4.130
[5291].in[3] (.names)                                            0.485     4.614
[5291].out[0] (.names)                                           0.261     4.875
[4442].in[3] (.names)                                            0.339     5.215
[4442].out[0] (.names)                                           0.261     5.476
[5173].in[3] (.names)                                            0.336     5.811
[5173].out[0] (.names)                                           0.261     6.072
[19520].in[4] (.names)                                           0.337     6.409
[19520].out[0] (.names)                                          0.261     6.670
[5162].in[4] (.names)                                            0.332     7.003
[5162].out[0] (.names)                                           0.261     7.264
[5459].in[4] (.names)                                            0.968     8.232
[5459].out[0] (.names)                                           0.261     8.493
[5450].D[0] (.latch)                                             0.000     8.493
data arrival time                                                          8.493

clock pclk (rise edge)                                           0.000     0.000
clock source latency                                             0.000     0.000
pclk.inpad[0] (.input)                                           0.000     0.000
[5450].clk[0] (.latch)                                           0.042     0.042
clock uncertainty                                                0.000     0.042
cell setup time                                                 -0.066    -0.024
data required time                                                        -0.024
--------------------------------------------------------------------------------
data required time                                                        -0.024
data arrival time                                                         -8.493
--------------------------------------------------------------------------------
slack (VIOLATED)                                                          -8.517


#Path 79
Startpoint: [17752].Q[0] (.latch clocked by pclk)
Endpoint  : [15050].D[0] (.latch clocked by pclk)
Path Type : setup

Point                                                             Incr      Path
--------------------------------------------------------------------------------
clock pclk (rise edge)                                           0.000     0.000
clock source latency                                             0.000     0.000
pclk.inpad[0] (.input)                                           0.000     0.000
[17752].clk[0] (.latch)                                          0.042     0.042
[17752].Q[0] (.latch) [clock-to-output]                          0.124     0.166
[5571].in[4] (.names)                                            1.048     1.215
[5571].out[0] (.names)                                           0.261     1.476
[17559].in[2] (.names)                                           0.768     2.243
[17559].out[0] (.names)                                          0.261     2.504
nen24_7.in[1] (.names)                                           0.623     3.128
nen24_7.out[0] (.names)                                          0.261     3.389
[4993].in[2] (.names)                                            0.623     4.012
[4993].out[0] (.names)                                           0.261     4.273
[17924].in[2] (.names)                                           0.100     4.373
[17924].out[0] (.names)                                          0.261     4.634
[19153].in[4] (.names)                                           0.336     4.970
[19153].out[0] (.names)                                          0.261     5.231
[19157].in[2] (.names)                                           0.335     5.566
[19157].out[0] (.names)                                          0.261     5.827
[19221].in[2] (.names)                                           0.100     5.927
[19221].out[0] (.names)                                          0.261     6.188
[19227].in[2] (.names)                                           0.100     6.288
[19227].out[0] (.names)                                          0.261     6.549
[19232].in[2] (.names)                                           0.100     6.649
[19232].out[0] (.names)                                          0.261     6.910
[19215].in[2] (.names)                                           0.336     7.245
[19215].out[0] (.names)                                          0.261     7.506
[4388].in[3] (.names)                                            0.100     7.606
[4388].out[0] (.names)                                           0.261     7.867
[15059].in[4] (.names)                                           0.337     8.204
[15059].out[0] (.names)                                          0.261     8.465
[15050].D[0] (.latch)                                            0.000     8.465
data arrival time                                                          8.465

clock pclk (rise edge)                                           0.000     0.000
clock source latency                                             0.000     0.000
pclk.inpad[0] (.input)                                           0.000     0.000
[15050].clk[0] (.latch)                                          0.042     0.042
clock uncertainty                                                0.000     0.042
cell setup time                                                 -0.066    -0.024
data required time                                                        -0.024
--------------------------------------------------------------------------------
data required time                                                        -0.024
data arrival time                                                         -8.465
--------------------------------------------------------------------------------
slack (VIOLATED)                                                          -8.489


#Path 80
Startpoint: [17752].Q[0] (.latch clocked by pclk)
Endpoint  : [9890].D[0] (.latch clocked by pclk)
Path Type : setup

Point                                                             Incr      Path
--------------------------------------------------------------------------------
clock pclk (rise edge)                                           0.000     0.000
clock source latency                                             0.000     0.000
pclk.inpad[0] (.input)                                           0.000     0.000
[17752].clk[0] (.latch)                                          0.042     0.042
[17752].Q[0] (.latch) [clock-to-output]                          0.124     0.166
[5571].in[4] (.names)                                            1.048     1.215
[5571].out[0] (.names)                                           0.261     1.476
[17559].in[2] (.names)                                           0.768     2.243
[17559].out[0] (.names)                                          0.261     2.504
nen24_7.in[1] (.names)                                           0.623     3.128
nen24_7.out[0] (.names)                                          0.261     3.389
[4993].in[2] (.names)                                            0.623     4.012
[4993].out[0] (.names)                                           0.261     4.273
[17924].in[2] (.names)                                           0.100     4.373
[17924].out[0] (.names)                                          0.261     4.634
[19153].in[4] (.names)                                           0.336     4.970
[19153].out[0] (.names)                                          0.261     5.231
[19157].in[2] (.names)                                           0.335     5.566
[19157].out[0] (.names)                                          0.261     5.827
[19221].in[2] (.names)                                           0.100     5.927
[19221].out[0] (.names)                                          0.261     6.188
[19227].in[2] (.names)                                           0.100     6.288
[19227].out[0] (.names)                                          0.261     6.549
[19232].in[2] (.names)                                           0.100     6.649
[19232].out[0] (.names)                                          0.261     6.910
[19215].in[2] (.names)                                           0.336     7.245
[19215].out[0] (.names)                                          0.261     7.506
[4388].in[3] (.names)                                            0.100     7.606
[4388].out[0] (.names)                                           0.261     7.867
[9899].in[4] (.names)                                            0.337     8.204
[9899].out[0] (.names)                                           0.261     8.465
[9890].D[0] (.latch)                                             0.000     8.465
data arrival time                                                          8.465

clock pclk (rise edge)                                           0.000     0.000
clock source latency                                             0.000     0.000
pclk.inpad[0] (.input)                                           0.000     0.000
[9890].clk[0] (.latch)                                           0.042     0.042
clock uncertainty                                                0.000     0.042
cell setup time                                                 -0.066    -0.024
data required time                                                        -0.024
--------------------------------------------------------------------------------
data required time                                                        -0.024
data arrival time                                                         -8.465
--------------------------------------------------------------------------------
slack (VIOLATED)                                                          -8.489


#Path 81
Startpoint: [17752].Q[0] (.latch clocked by pclk)
Endpoint  : [4880].D[0] (.latch clocked by pclk)
Path Type : setup

Point                                                             Incr      Path
--------------------------------------------------------------------------------
clock pclk (rise edge)                                           0.000     0.000
clock source latency                                             0.000     0.000
pclk.inpad[0] (.input)                                           0.000     0.000
[17752].clk[0] (.latch)                                          0.042     0.042
[17752].Q[0] (.latch) [clock-to-output]                          0.124     0.166
[5571].in[4] (.names)                                            1.048     1.215
[5571].out[0] (.names)                                           0.261     1.476
[17559].in[2] (.names)                                           0.768     2.243
[17559].out[0] (.names)                                          0.261     2.504
nen24_7.in[1] (.names)                                           0.623     3.128
nen24_7.out[0] (.names)                                          0.261     3.389
[4993].in[2] (.names)                                            0.623     4.012
[4993].out[0] (.names)                                           0.261     4.273
[17924].in[2] (.names)                                           0.100     4.373
[17924].out[0] (.names)                                          0.261     4.634
[19153].in[4] (.names)                                           0.336     4.970
[19153].out[0] (.names)                                          0.261     5.231
[19157].in[2] (.names)                                           0.335     5.566
[19157].out[0] (.names)                                          0.261     5.827
[19221].in[2] (.names)                                           0.100     5.927
[19221].out[0] (.names)                                          0.261     6.188
[19227].in[2] (.names)                                           0.100     6.288
[19227].out[0] (.names)                                          0.261     6.549
[19232].in[2] (.names)                                           0.100     6.649
[19232].out[0] (.names)                                          0.261     6.910
[19215].in[2] (.names)                                           0.336     7.245
[19215].out[0] (.names)                                          0.261     7.506
[4388].in[3] (.names)                                            0.100     7.606
[4388].out[0] (.names)                                           0.261     7.867
[4889].in[4] (.names)                                            0.337     8.204
[4889].out[0] (.names)                                           0.261     8.465
[4880].D[0] (.latch)                                             0.000     8.465
data arrival time                                                          8.465

clock pclk (rise edge)                                           0.000     0.000
clock source latency                                             0.000     0.000
pclk.inpad[0] (.input)                                           0.000     0.000
[4880].clk[0] (.latch)                                           0.042     0.042
clock uncertainty                                                0.000     0.042
cell setup time                                                 -0.066    -0.024
data required time                                                        -0.024
--------------------------------------------------------------------------------
data required time                                                        -0.024
data arrival time                                                         -8.465
--------------------------------------------------------------------------------
slack (VIOLATED)                                                          -8.489


#Path 82
Startpoint: [17752].Q[0] (.latch clocked by pclk)
Endpoint  : [10070].D[0] (.latch clocked by pclk)
Path Type : setup

Point                                                             Incr      Path
--------------------------------------------------------------------------------
clock pclk (rise edge)                                           0.000     0.000
clock source latency                                             0.000     0.000
pclk.inpad[0] (.input)                                           0.000     0.000
[17752].clk[0] (.latch)                                          0.042     0.042
[17752].Q[0] (.latch) [clock-to-output]                          0.124     0.166
[5571].in[4] (.names)                                            1.048     1.215
[5571].out[0] (.names)                                           0.261     1.476
[17559].in[2] (.names)                                           0.768     2.243
[17559].out[0] (.names)                                          0.261     2.504
nen24_7.in[1] (.names)                                           0.623     3.128
nen24_7.out[0] (.names)                                          0.261     3.389
[4993].in[2] (.names)                                            0.623     4.012
[4993].out[0] (.names)                                           0.261     4.273
[17924].in[2] (.names)                                           0.100     4.373
[17924].out[0] (.names)                                          0.261     4.634
[19153].in[4] (.names)                                           0.336     4.970
[19153].out[0] (.names)                                          0.261     5.231
[19157].in[2] (.names)                                           0.335     5.566
[19157].out[0] (.names)                                          0.261     5.827
[19221].in[2] (.names)                                           0.100     5.927
[19221].out[0] (.names)                                          0.261     6.188
[19227].in[2] (.names)                                           0.100     6.288
[19227].out[0] (.names)                                          0.261     6.549
[19232].in[2] (.names)                                           0.100     6.649
[19232].out[0] (.names)                                          0.261     6.910
[19215].in[2] (.names)                                           0.336     7.245
[19215].out[0] (.names)                                          0.261     7.506
[19068].in[5] (.names)                                           0.100     7.606
[19068].out[0] (.names)                                          0.261     7.867
[10079].in[4] (.names)                                           0.336     8.203
[10079].out[0] (.names)                                          0.261     8.464
[10070].D[0] (.latch)                                            0.000     8.464
data arrival time                                                          8.464

clock pclk (rise edge)                                           0.000     0.000
clock source latency                                             0.000     0.000
pclk.inpad[0] (.input)                                           0.000     0.000
[10070].clk[0] (.latch)                                          0.042     0.042
clock uncertainty                                                0.000     0.042
cell setup time                                                 -0.066    -0.024
data required time                                                        -0.024
--------------------------------------------------------------------------------
data required time                                                        -0.024
data arrival time                                                         -8.464
--------------------------------------------------------------------------------
slack (VIOLATED)                                                          -8.488


#Path 83
Startpoint: [17752].Q[0] (.latch clocked by pclk)
Endpoint  : [10730].D[0] (.latch clocked by pclk)
Path Type : setup

Point                                                             Incr      Path
--------------------------------------------------------------------------------
clock pclk (rise edge)                                           0.000     0.000
clock source latency                                             0.000     0.000
pclk.inpad[0] (.input)                                           0.000     0.000
[17752].clk[0] (.latch)                                          0.042     0.042
[17752].Q[0] (.latch) [clock-to-output]                          0.124     0.166
[5571].in[4] (.names)                                            1.048     1.215
[5571].out[0] (.names)                                           0.261     1.476
[17559].in[2] (.names)                                           0.768     2.243
[17559].out[0] (.names)                                          0.261     2.504
nen24_7.in[1] (.names)                                           0.623     3.128
nen24_7.out[0] (.names)                                          0.261     3.389
[4993].in[2] (.names)                                            0.623     4.012
[4993].out[0] (.names)                                           0.261     4.273
[17924].in[2] (.names)                                           0.100     4.373
[17924].out[0] (.names)                                          0.261     4.634
[19153].in[4] (.names)                                           0.336     4.970
[19153].out[0] (.names)                                          0.261     5.231
[19157].in[2] (.names)                                           0.335     5.566
[19157].out[0] (.names)                                          0.261     5.827
[19221].in[2] (.names)                                           0.100     5.927
[19221].out[0] (.names)                                          0.261     6.188
[19227].in[2] (.names)                                           0.100     6.288
[19227].out[0] (.names)                                          0.261     6.549
[19232].in[2] (.names)                                           0.100     6.649
[19232].out[0] (.names)                                          0.261     6.910
[19215].in[2] (.names)                                           0.336     7.245
[19215].out[0] (.names)                                          0.261     7.506
[19068].in[5] (.names)                                           0.100     7.606
[19068].out[0] (.names)                                          0.261     7.867
[10739].in[4] (.names)                                           0.336     8.203
[10739].out[0] (.names)                                          0.261     8.464
[10730].D[0] (.latch)                                            0.000     8.464
data arrival time                                                          8.464

clock pclk (rise edge)                                           0.000     0.000
clock source latency                                             0.000     0.000
pclk.inpad[0] (.input)                                           0.000     0.000
[10730].clk[0] (.latch)                                          0.042     0.042
clock uncertainty                                                0.000     0.042
cell setup time                                                 -0.066    -0.024
data required time                                                        -0.024
--------------------------------------------------------------------------------
data required time                                                        -0.024
data arrival time                                                         -8.464
--------------------------------------------------------------------------------
slack (VIOLATED)                                                          -8.488


#Path 84
Startpoint: [17752].Q[0] (.latch clocked by pclk)
Endpoint  : [14690].D[0] (.latch clocked by pclk)
Path Type : setup

Point                                                             Incr      Path
--------------------------------------------------------------------------------
clock pclk (rise edge)                                           0.000     0.000
clock source latency                                             0.000     0.000
pclk.inpad[0] (.input)                                           0.000     0.000
[17752].clk[0] (.latch)                                          0.042     0.042
[17752].Q[0] (.latch) [clock-to-output]                          0.124     0.166
[5571].in[4] (.names)                                            1.048     1.215
[5571].out[0] (.names)                                           0.261     1.476
[17559].in[2] (.names)                                           0.768     2.243
[17559].out[0] (.names)                                          0.261     2.504
nen24_7.in[1] (.names)                                           0.623     3.128
nen24_7.out[0] (.names)                                          0.261     3.389
[4993].in[2] (.names)                                            0.623     4.012
[4993].out[0] (.names)                                           0.261     4.273
[17924].in[2] (.names)                                           0.100     4.373
[17924].out[0] (.names)                                          0.261     4.634
[19153].in[4] (.names)                                           0.336     4.970
[19153].out[0] (.names)                                          0.261     5.231
[19157].in[2] (.names)                                           0.335     5.566
[19157].out[0] (.names)                                          0.261     5.827
[19221].in[2] (.names)                                           0.100     5.927
[19221].out[0] (.names)                                          0.261     6.188
[19227].in[2] (.names)                                           0.100     6.288
[19227].out[0] (.names)                                          0.261     6.549
[19232].in[2] (.names)                                           0.100     6.649
[19232].out[0] (.names)                                          0.261     6.910
[19215].in[2] (.names)                                           0.336     7.245
[19215].out[0] (.names)                                          0.261     7.506
[14699].in[4] (.names)                                           0.629     8.135
[14699].out[0] (.names)                                          0.261     8.396
[14690].D[0] (.latch)                                            0.000     8.396
data arrival time                                                          8.396

clock pclk (rise edge)                                           0.000     0.000
clock source latency                                             0.000     0.000
pclk.inpad[0] (.input)                                           0.000     0.000
[14690].clk[0] (.latch)                                          0.042     0.042
clock uncertainty                                                0.000     0.042
cell setup time                                                 -0.066    -0.024
data required time                                                        -0.024
--------------------------------------------------------------------------------
data required time                                                        -0.024
data arrival time                                                         -8.396
--------------------------------------------------------------------------------
slack (VIOLATED)                                                          -8.420


#Path 85
Startpoint: [17752].Q[0] (.latch clocked by pclk)
Endpoint  : [10445].D[0] (.latch clocked by pclk)
Path Type : setup

Point                                                             Incr      Path
--------------------------------------------------------------------------------
clock pclk (rise edge)                                           0.000     0.000
clock source latency                                             0.000     0.000
pclk.inpad[0] (.input)                                           0.000     0.000
[17752].clk[0] (.latch)                                          0.042     0.042
[17752].Q[0] (.latch) [clock-to-output]                          0.124     0.166
[5571].in[4] (.names)                                            1.048     1.215
[5571].out[0] (.names)                                           0.261     1.476
[17559].in[2] (.names)                                           0.768     2.243
[17559].out[0] (.names)                                          0.261     2.504
nen24_7.in[1] (.names)                                           0.623     3.128
nen24_7.out[0] (.names)                                          0.261     3.389
[4993].in[2] (.names)                                            0.623     4.012
[4993].out[0] (.names)                                           0.261     4.273
[17924].in[2] (.names)                                           0.100     4.373
[17924].out[0] (.names)                                          0.261     4.634
[19153].in[4] (.names)                                           0.336     4.970
[19153].out[0] (.names)                                          0.261     5.231
[19157].in[2] (.names)                                           0.335     5.566
[19157].out[0] (.names)                                          0.261     5.827
[19221].in[2] (.names)                                           0.100     5.927
[19221].out[0] (.names)                                          0.261     6.188
[19227].in[2] (.names)                                           0.100     6.288
[19227].out[0] (.names)                                          0.261     6.549
[19232].in[2] (.names)                                           0.100     6.649
[19232].out[0] (.names)                                          0.261     6.910
[19215].in[2] (.names)                                           0.336     7.245
[19215].out[0] (.names)                                          0.261     7.506
[10454].in[4] (.names)                                           0.627     8.133
[10454].out[0] (.names)                                          0.261     8.394
[10445].D[0] (.latch)                                            0.000     8.394
data arrival time                                                          8.394

clock pclk (rise edge)                                           0.000     0.000
clock source latency                                             0.000     0.000
pclk.inpad[0] (.input)                                           0.000     0.000
[10445].clk[0] (.latch)                                          0.042     0.042
clock uncertainty                                                0.000     0.042
cell setup time                                                 -0.066    -0.024
data required time                                                        -0.024
--------------------------------------------------------------------------------
data required time                                                        -0.024
data arrival time                                                         -8.394
--------------------------------------------------------------------------------
slack (VIOLATED)                                                          -8.418


#Path 86
Startpoint: [17752].Q[0] (.latch clocked by pclk)
Endpoint  : [9845].D[0] (.latch clocked by pclk)
Path Type : setup

Point                                                             Incr      Path
--------------------------------------------------------------------------------
clock pclk (rise edge)                                           0.000     0.000
clock source latency                                             0.000     0.000
pclk.inpad[0] (.input)                                           0.000     0.000
[17752].clk[0] (.latch)                                          0.042     0.042
[17752].Q[0] (.latch) [clock-to-output]                          0.124     0.166
[5571].in[4] (.names)                                            1.048     1.215
[5571].out[0] (.names)                                           0.261     1.476
[17559].in[2] (.names)                                           0.768     2.243
[17559].out[0] (.names)                                          0.261     2.504
nen24_7.in[1] (.names)                                           0.623     3.128
nen24_7.out[0] (.names)                                          0.261     3.389
[4993].in[2] (.names)                                            0.623     4.012
[4993].out[0] (.names)                                           0.261     4.273
[17924].in[2] (.names)                                           0.100     4.373
[17924].out[0] (.names)                                          0.261     4.634
[19153].in[4] (.names)                                           0.336     4.970
[19153].out[0] (.names)                                          0.261     5.231
[19157].in[2] (.names)                                           0.335     5.566
[19157].out[0] (.names)                                          0.261     5.827
[19221].in[2] (.names)                                           0.100     5.927
[19221].out[0] (.names)                                          0.261     6.188
[19227].in[2] (.names)                                           0.100     6.288
[19227].out[0] (.names)                                          0.261     6.549
[19232].in[2] (.names)                                           0.100     6.649
[19232].out[0] (.names)                                          0.261     6.910
[19091].in[5] (.names)                                           0.479     7.389
[19091].out[0] (.names)                                          0.261     7.650
[9854].in[3] (.names)                                            0.477     8.126
[9854].out[0] (.names)                                           0.261     8.387
[9845].D[0] (.latch)                                             0.000     8.387
data arrival time                                                          8.387

clock pclk (rise edge)                                           0.000     0.000
clock source latency                                             0.000     0.000
pclk.inpad[0] (.input)                                           0.000     0.000
[9845].clk[0] (.latch)                                           0.042     0.042
clock uncertainty                                                0.000     0.042
cell setup time                                                 -0.066    -0.024
data required time                                                        -0.024
--------------------------------------------------------------------------------
data required time                                                        -0.024
data arrival time                                                         -8.387
--------------------------------------------------------------------------------
slack (VIOLATED)                                                          -8.411


#Path 87
Startpoint: [17752].Q[0] (.latch clocked by pclk)
Endpoint  : [8000].D[0] (.latch clocked by pclk)
Path Type : setup

Point                                                             Incr      Path
--------------------------------------------------------------------------------
clock pclk (rise edge)                                           0.000     0.000
clock source latency                                             0.000     0.000
pclk.inpad[0] (.input)                                           0.000     0.000
[17752].clk[0] (.latch)                                          0.042     0.042
[17752].Q[0] (.latch) [clock-to-output]                          0.124     0.166
[5571].in[4] (.names)                                            1.048     1.215
[5571].out[0] (.names)                                           0.261     1.476
[17559].in[2] (.names)                                           0.768     2.243
[17559].out[0] (.names)                                          0.261     2.504
nen17_4.in[1] (.names)                                           0.623     3.128
nen17_4.out[0] (.names)                                          0.261     3.389
[17719].in[3] (.names)                                           0.480     3.869
[17719].out[0] (.names)                                          0.261     4.130
[5291].in[3] (.names)                                            0.485     4.614
[5291].out[0] (.names)                                           0.261     4.875
[4442].in[3] (.names)                                            0.339     5.215
[4442].out[0] (.names)                                           0.261     5.476
[5173].in[3] (.names)                                            0.336     5.811
[5173].out[0] (.names)                                           0.261     6.072
[19520].in[4] (.names)                                           0.337     6.409
[19520].out[0] (.names)                                          0.261     6.670
[3862].in[4] (.names)                                            0.985     7.655
[3862].out[0] (.names)                                           0.261     7.916
[8009].in[4] (.names)                                            0.100     8.016
[8009].out[0] (.names)                                           0.261     8.277
[8000].D[0] (.latch)                                             0.000     8.277
data arrival time                                                          8.277

clock pclk (rise edge)                                           0.000     0.000
clock source latency                                             0.000     0.000
pclk.inpad[0] (.input)                                           0.000     0.000
[8000].clk[0] (.latch)                                           0.042     0.042
clock uncertainty                                                0.000     0.042
cell setup time                                                 -0.066    -0.024
data required time                                                        -0.024
--------------------------------------------------------------------------------
data required time                                                        -0.024
data arrival time                                                         -8.277
--------------------------------------------------------------------------------
slack (VIOLATED)                                                          -8.300


#Path 88
Startpoint: [17752].Q[0] (.latch clocked by pclk)
Endpoint  : [6035].D[0] (.latch clocked by pclk)
Path Type : setup

Point                                                             Incr      Path
--------------------------------------------------------------------------------
clock pclk (rise edge)                                           0.000     0.000
clock source latency                                             0.000     0.000
pclk.inpad[0] (.input)                                           0.000     0.000
[17752].clk[0] (.latch)                                          0.042     0.042
[17752].Q[0] (.latch) [clock-to-output]                          0.124     0.166
[5571].in[4] (.names)                                            1.048     1.215
[5571].out[0] (.names)                                           0.261     1.476
[17559].in[2] (.names)                                           0.768     2.243
[17559].out[0] (.names)                                          0.261     2.504
nen17_4.in[1] (.names)                                           0.623     3.128
nen17_4.out[0] (.names)                                          0.261     3.389
[17719].in[3] (.names)                                           0.480     3.869
[17719].out[0] (.names)                                          0.261     4.130
[5291].in[3] (.names)                                            0.485     4.614
[5291].out[0] (.names)                                           0.261     4.875
[4442].in[3] (.names)                                            0.339     5.215
[4442].out[0] (.names)                                           0.261     5.476
[5173].in[3] (.names)                                            0.336     5.811
[5173].out[0] (.names)                                           0.261     6.072
[19520].in[4] (.names)                                           0.337     6.409
[19520].out[0] (.names)                                          0.261     6.670
[5162].in[4] (.names)                                            0.332     7.003
[5162].out[0] (.names)                                           0.261     7.264
[6044].in[4] (.names)                                            0.749     8.013
[6044].out[0] (.names)                                           0.261     8.274
[6035].D[0] (.latch)                                             0.000     8.274
data arrival time                                                          8.274

clock pclk (rise edge)                                           0.000     0.000
clock source latency                                             0.000     0.000
pclk.inpad[0] (.input)                                           0.000     0.000
[6035].clk[0] (.latch)                                           0.042     0.042
clock uncertainty                                                0.000     0.042
cell setup time                                                 -0.066    -0.024
data required time                                                        -0.024
--------------------------------------------------------------------------------
data required time                                                        -0.024
data arrival time                                                         -8.274
--------------------------------------------------------------------------------
slack (VIOLATED)                                                          -8.297


#Path 89
Startpoint: [17752].Q[0] (.latch clocked by pclk)
Endpoint  : [10700].D[0] (.latch clocked by pclk)
Path Type : setup

Point                                                             Incr      Path
--------------------------------------------------------------------------------
clock pclk (rise edge)                                           0.000     0.000
clock source latency                                             0.000     0.000
pclk.inpad[0] (.input)                                           0.000     0.000
[17752].clk[0] (.latch)                                          0.042     0.042
[17752].Q[0] (.latch) [clock-to-output]                          0.124     0.166
[5571].in[4] (.names)                                            1.048     1.215
[5571].out[0] (.names)                                           0.261     1.476
[17559].in[2] (.names)                                           0.768     2.243
[17559].out[0] (.names)                                          0.261     2.504
nen24_7.in[1] (.names)                                           0.623     3.128
nen24_7.out[0] (.names)                                          0.261     3.389
[4993].in[2] (.names)                                            0.623     4.012
[4993].out[0] (.names)                                           0.261     4.273
[17924].in[2] (.names)                                           0.100     4.373
[17924].out[0] (.names)                                          0.261     4.634
[19153].in[4] (.names)                                           0.336     4.970
[19153].out[0] (.names)                                          0.261     5.231
[19157].in[2] (.names)                                           0.335     5.566
[19157].out[0] (.names)                                          0.261     5.827
[19221].in[2] (.names)                                           0.100     5.927
[19221].out[0] (.names)                                          0.261     6.188
[19227].in[2] (.names)                                           0.100     6.288
[19227].out[0] (.names)                                          0.261     6.549
[19232].in[2] (.names)                                           0.100     6.649
[19232].out[0] (.names)                                          0.261     6.910
[19215].in[2] (.names)                                           0.336     7.245
[19215].out[0] (.names)                                          0.261     7.506
[10709].in[4] (.names)                                           0.486     7.992
[10709].out[0] (.names)                                          0.261     8.253
[10700].D[0] (.latch)                                            0.000     8.253
data arrival time                                                          8.253

clock pclk (rise edge)                                           0.000     0.000
clock source latency                                             0.000     0.000
pclk.inpad[0] (.input)                                           0.000     0.000
[10700].clk[0] (.latch)                                          0.042     0.042
clock uncertainty                                                0.000     0.042
cell setup time                                                 -0.066    -0.024
data required time                                                        -0.024
--------------------------------------------------------------------------------
data required time                                                        -0.024
data arrival time                                                         -8.253
--------------------------------------------------------------------------------
slack (VIOLATED)                                                          -8.277


#Path 90
Startpoint: [17752].Q[0] (.latch clocked by pclk)
Endpoint  : [14240].D[0] (.latch clocked by pclk)
Path Type : setup

Point                                                             Incr      Path
--------------------------------------------------------------------------------
clock pclk (rise edge)                                           0.000     0.000
clock source latency                                             0.000     0.000
pclk.inpad[0] (.input)                                           0.000     0.000
[17752].clk[0] (.latch)                                          0.042     0.042
[17752].Q[0] (.latch) [clock-to-output]                          0.124     0.166
[5571].in[4] (.names)                                            1.048     1.215
[5571].out[0] (.names)                                           0.261     1.476
[17559].in[2] (.names)                                           0.768     2.243
[17559].out[0] (.names)                                          0.261     2.504
nen24_7.in[1] (.names)                                           0.623     3.128
nen24_7.out[0] (.names)                                          0.261     3.389
[4993].in[2] (.names)                                            0.623     4.012
[4993].out[0] (.names)                                           0.261     4.273
[17924].in[2] (.names)                                           0.100     4.373
[17924].out[0] (.names)                                          0.261     4.634
[19153].in[4] (.names)                                           0.336     4.970
[19153].out[0] (.names)                                          0.261     5.231
[19157].in[2] (.names)                                           0.335     5.566
[19157].out[0] (.names)                                          0.261     5.827
[19221].in[2] (.names)                                           0.100     5.927
[19221].out[0] (.names)                                          0.261     6.188
[19227].in[2] (.names)                                           0.100     6.288
[19227].out[0] (.names)                                          0.261     6.549
[19232].in[2] (.names)                                           0.100     6.649
[19232].out[0] (.names)                                          0.261     6.910
[19215].in[2] (.names)                                           0.336     7.245
[19215].out[0] (.names)                                          0.261     7.506
[14249].in[4] (.names)                                           0.486     7.992
[14249].out[0] (.names)                                          0.261     8.253
[14240].D[0] (.latch)                                            0.000     8.253
data arrival time                                                          8.253

clock pclk (rise edge)                                           0.000     0.000
clock source latency                                             0.000     0.000
pclk.inpad[0] (.input)                                           0.000     0.000
[14240].clk[0] (.latch)                                          0.042     0.042
clock uncertainty                                                0.000     0.042
cell setup time                                                 -0.066    -0.024
data required time                                                        -0.024
--------------------------------------------------------------------------------
data required time                                                        -0.024
data arrival time                                                         -8.253
--------------------------------------------------------------------------------
slack (VIOLATED)                                                          -8.277


#Path 91
Startpoint: [17752].Q[0] (.latch clocked by pclk)
Endpoint  : [9530].D[0] (.latch clocked by pclk)
Path Type : setup

Point                                                             Incr      Path
--------------------------------------------------------------------------------
clock pclk (rise edge)                                           0.000     0.000
clock source latency                                             0.000     0.000
pclk.inpad[0] (.input)                                           0.000     0.000
[17752].clk[0] (.latch)                                          0.042     0.042
[17752].Q[0] (.latch) [clock-to-output]                          0.124     0.166
[5571].in[4] (.names)                                            1.048     1.215
[5571].out[0] (.names)                                           0.261     1.476
[17559].in[2] (.names)                                           0.768     2.243
[17559].out[0] (.names)                                          0.261     2.504
nen24_7.in[1] (.names)                                           0.623     3.128
nen24_7.out[0] (.names)                                          0.261     3.389
[4993].in[2] (.names)                                            0.623     4.012
[4993].out[0] (.names)                                           0.261     4.273
[17924].in[2] (.names)                                           0.100     4.373
[17924].out[0] (.names)                                          0.261     4.634
[19153].in[4] (.names)                                           0.336     4.970
[19153].out[0] (.names)                                          0.261     5.231
[19157].in[2] (.names)                                           0.335     5.566
[19157].out[0] (.names)                                          0.261     5.827
[19221].in[2] (.names)                                           0.100     5.927
[19221].out[0] (.names)                                          0.261     6.188
[19227].in[2] (.names)                                           0.100     6.288
[19227].out[0] (.names)                                          0.261     6.549
[19232].in[2] (.names)                                           0.100     6.649
[19232].out[0] (.names)                                          0.261     6.910
[19215].in[2] (.names)                                           0.336     7.245
[19215].out[0] (.names)                                          0.261     7.506
[9539].in[4] (.names)                                            0.486     7.992
[9539].out[0] (.names)                                           0.261     8.253
[9530].D[0] (.latch)                                             0.000     8.253
data arrival time                                                          8.253

clock pclk (rise edge)                                           0.000     0.000
clock source latency                                             0.000     0.000
pclk.inpad[0] (.input)                                           0.000     0.000
[9530].clk[0] (.latch)                                           0.042     0.042
clock uncertainty                                                0.000     0.042
cell setup time                                                 -0.066    -0.024
data required time                                                        -0.024
--------------------------------------------------------------------------------
data required time                                                        -0.024
data arrival time                                                         -8.253
--------------------------------------------------------------------------------
slack (VIOLATED)                                                          -8.277


#Path 92
Startpoint: [17752].Q[0] (.latch clocked by pclk)
Endpoint  : [14660].D[0] (.latch clocked by pclk)
Path Type : setup

Point                                                             Incr      Path
--------------------------------------------------------------------------------
clock pclk (rise edge)                                           0.000     0.000
clock source latency                                             0.000     0.000
pclk.inpad[0] (.input)                                           0.000     0.000
[17752].clk[0] (.latch)                                          0.042     0.042
[17752].Q[0] (.latch) [clock-to-output]                          0.124     0.166
[5571].in[4] (.names)                                            1.048     1.215
[5571].out[0] (.names)                                           0.261     1.476
[17559].in[2] (.names)                                           0.768     2.243
[17559].out[0] (.names)                                          0.261     2.504
nen24_7.in[1] (.names)                                           0.623     3.128
nen24_7.out[0] (.names)                                          0.261     3.389
[4993].in[2] (.names)                                            0.623     4.012
[4993].out[0] (.names)                                           0.261     4.273
[17924].in[2] (.names)                                           0.100     4.373
[17924].out[0] (.names)                                          0.261     4.634
[19153].in[4] (.names)                                           0.336     4.970
[19153].out[0] (.names)                                          0.261     5.231
[19157].in[2] (.names)                                           0.335     5.566
[19157].out[0] (.names)                                          0.261     5.827
[19221].in[2] (.names)                                           0.100     5.927
[19221].out[0] (.names)                                          0.261     6.188
[19227].in[2] (.names)                                           0.100     6.288
[19227].out[0] (.names)                                          0.261     6.549
[19232].in[2] (.names)                                           0.100     6.649
[19232].out[0] (.names)                                          0.261     6.910
[19091].in[5] (.names)                                           0.479     7.389
[19091].out[0] (.names)                                          0.261     7.650
[14669].in[3] (.names)                                           0.339     7.989
[14669].out[0] (.names)                                          0.261     8.250
[14660].D[0] (.latch)                                            0.000     8.250
data arrival time                                                          8.250

clock pclk (rise edge)                                           0.000     0.000
clock source latency                                             0.000     0.000
pclk.inpad[0] (.input)                                           0.000     0.000
[14660].clk[0] (.latch)                                          0.042     0.042
clock uncertainty                                                0.000     0.042
cell setup time                                                 -0.066    -0.024
data required time                                                        -0.024
--------------------------------------------------------------------------------
data required time                                                        -0.024
data arrival time                                                         -8.250
--------------------------------------------------------------------------------
slack (VIOLATED)                                                          -8.273


#Path 93
Startpoint: [17752].Q[0] (.latch clocked by pclk)
Endpoint  : [11510].D[0] (.latch clocked by pclk)
Path Type : setup

Point                                                             Incr      Path
--------------------------------------------------------------------------------
clock pclk (rise edge)                                           0.000     0.000
clock source latency                                             0.000     0.000
pclk.inpad[0] (.input)                                           0.000     0.000
[17752].clk[0] (.latch)                                          0.042     0.042
[17752].Q[0] (.latch) [clock-to-output]                          0.124     0.166
[5571].in[4] (.names)                                            1.048     1.215
[5571].out[0] (.names)                                           0.261     1.476
[17559].in[2] (.names)                                           0.768     2.243
[17559].out[0] (.names)                                          0.261     2.504
nen24_7.in[1] (.names)                                           0.623     3.128
nen24_7.out[0] (.names)                                          0.261     3.389
[4993].in[2] (.names)                                            0.623     4.012
[4993].out[0] (.names)                                           0.261     4.273
[17924].in[2] (.names)                                           0.100     4.373
[17924].out[0] (.names)                                          0.261     4.634
[19153].in[4] (.names)                                           0.336     4.970
[19153].out[0] (.names)                                          0.261     5.231
[19157].in[2] (.names)                                           0.335     5.566
[19157].out[0] (.names)                                          0.261     5.827
[19221].in[2] (.names)                                           0.100     5.927
[19221].out[0] (.names)                                          0.261     6.188
[19227].in[2] (.names)                                           0.100     6.288
[19227].out[0] (.names)                                          0.261     6.549
[19232].in[2] (.names)                                           0.100     6.649
[19232].out[0] (.names)                                          0.261     6.910
[19091].in[5] (.names)                                           0.479     7.389
[19091].out[0] (.names)                                          0.261     7.650
[11519].in[3] (.names)                                           0.339     7.989
[11519].out[0] (.names)                                          0.261     8.250
[11510].D[0] (.latch)                                            0.000     8.250
data arrival time                                                          8.250

clock pclk (rise edge)                                           0.000     0.000
clock source latency                                             0.000     0.000
pclk.inpad[0] (.input)                                           0.000     0.000
[11510].clk[0] (.latch)                                          0.042     0.042
clock uncertainty                                                0.000     0.042
cell setup time                                                 -0.066    -0.024
data required time                                                        -0.024
--------------------------------------------------------------------------------
data required time                                                        -0.024
data arrival time                                                         -8.250
--------------------------------------------------------------------------------
slack (VIOLATED)                                                          -8.273


#Path 94
Startpoint: [17752].Q[0] (.latch clocked by pclk)
Endpoint  : [10190].D[0] (.latch clocked by pclk)
Path Type : setup

Point                                                             Incr      Path
--------------------------------------------------------------------------------
clock pclk (rise edge)                                           0.000     0.000
clock source latency                                             0.000     0.000
pclk.inpad[0] (.input)                                           0.000     0.000
[17752].clk[0] (.latch)                                          0.042     0.042
[17752].Q[0] (.latch) [clock-to-output]                          0.124     0.166
[5571].in[4] (.names)                                            1.048     1.215
[5571].out[0] (.names)                                           0.261     1.476
[17559].in[2] (.names)                                           0.768     2.243
[17559].out[0] (.names)                                          0.261     2.504
nen24_7.in[1] (.names)                                           0.623     3.128
nen24_7.out[0] (.names)                                          0.261     3.389
[4993].in[2] (.names)                                            0.623     4.012
[4993].out[0] (.names)                                           0.261     4.273
[17924].in[2] (.names)                                           0.100     4.373
[17924].out[0] (.names)                                          0.261     4.634
[19153].in[4] (.names)                                           0.336     4.970
[19153].out[0] (.names)                                          0.261     5.231
[19157].in[2] (.names)                                           0.335     5.566
[19157].out[0] (.names)                                          0.261     5.827
[19221].in[2] (.names)                                           0.100     5.927
[19221].out[0] (.names)                                          0.261     6.188
[19227].in[2] (.names)                                           0.100     6.288
[19227].out[0] (.names)                                          0.261     6.549
[19232].in[2] (.names)                                           0.100     6.649
[19232].out[0] (.names)                                          0.261     6.910
[19215].in[2] (.names)                                           0.336     7.245
[19215].out[0] (.names)                                          0.261     7.506
[10199].in[4] (.names)                                           0.482     7.989
[10199].out[0] (.names)                                          0.261     8.250
[10190].D[0] (.latch)                                            0.000     8.250
data arrival time                                                          8.250

clock pclk (rise edge)                                           0.000     0.000
clock source latency                                             0.000     0.000
pclk.inpad[0] (.input)                                           0.000     0.000
[10190].clk[0] (.latch)                                          0.042     0.042
clock uncertainty                                                0.000     0.042
cell setup time                                                 -0.066    -0.024
data required time                                                        -0.024
--------------------------------------------------------------------------------
data required time                                                        -0.024
data arrival time                                                         -8.250
--------------------------------------------------------------------------------
slack (VIOLATED)                                                          -8.273


#Path 95
Startpoint: [17752].Q[0] (.latch clocked by pclk)
Endpoint  : [10955].D[0] (.latch clocked by pclk)
Path Type : setup

Point                                                             Incr      Path
--------------------------------------------------------------------------------
clock pclk (rise edge)                                           0.000     0.000
clock source latency                                             0.000     0.000
pclk.inpad[0] (.input)                                           0.000     0.000
[17752].clk[0] (.latch)                                          0.042     0.042
[17752].Q[0] (.latch) [clock-to-output]                          0.124     0.166
[5571].in[4] (.names)                                            1.048     1.215
[5571].out[0] (.names)                                           0.261     1.476
[17559].in[2] (.names)                                           0.768     2.243
[17559].out[0] (.names)                                          0.261     2.504
nen24_7.in[1] (.names)                                           0.623     3.128
nen24_7.out[0] (.names)                                          0.261     3.389
[4993].in[2] (.names)                                            0.623     4.012
[4993].out[0] (.names)                                           0.261     4.273
[17924].in[2] (.names)                                           0.100     4.373
[17924].out[0] (.names)                                          0.261     4.634
[19153].in[4] (.names)                                           0.336     4.970
[19153].out[0] (.names)                                          0.261     5.231
[19157].in[2] (.names)                                           0.335     5.566
[19157].out[0] (.names)                                          0.261     5.827
[19221].in[2] (.names)                                           0.100     5.927
[19221].out[0] (.names)                                          0.261     6.188
[19227].in[2] (.names)                                           0.100     6.288
[19227].out[0] (.names)                                          0.261     6.549
[19232].in[2] (.names)                                           0.100     6.649
[19232].out[0] (.names)                                          0.261     6.910
[19215].in[2] (.names)                                           0.336     7.245
[19215].out[0] (.names)                                          0.261     7.506
[10964].in[4] (.names)                                           0.482     7.989
[10964].out[0] (.names)                                          0.261     8.250
[10955].D[0] (.latch)                                            0.000     8.250
data arrival time                                                          8.250

clock pclk (rise edge)                                           0.000     0.000
clock source latency                                             0.000     0.000
pclk.inpad[0] (.input)                                           0.000     0.000
[10955].clk[0] (.latch)                                          0.042     0.042
clock uncertainty                                                0.000     0.042
cell setup time                                                 -0.066    -0.024
data required time                                                        -0.024
--------------------------------------------------------------------------------
data required time                                                        -0.024
data arrival time                                                         -8.250
--------------------------------------------------------------------------------
slack (VIOLATED)                                                          -8.273


#Path 96
Startpoint: [17752].Q[0] (.latch clocked by pclk)
Endpoint  : [12620].D[0] (.latch clocked by pclk)
Path Type : setup

Point                                                             Incr      Path
--------------------------------------------------------------------------------
clock pclk (rise edge)                                           0.000     0.000
clock source latency                                             0.000     0.000
pclk.inpad[0] (.input)                                           0.000     0.000
[17752].clk[0] (.latch)                                          0.042     0.042
[17752].Q[0] (.latch) [clock-to-output]                          0.124     0.166
[5571].in[4] (.names)                                            1.048     1.215
[5571].out[0] (.names)                                           0.261     1.476
[17559].in[2] (.names)                                           0.768     2.243
[17559].out[0] (.names)                                          0.261     2.504
nen24_7.in[1] (.names)                                           0.623     3.128
nen24_7.out[0] (.names)                                          0.261     3.389
[4993].in[2] (.names)                                            0.623     4.012
[4993].out[0] (.names)                                           0.261     4.273
[17924].in[2] (.names)                                           0.100     4.373
[17924].out[0] (.names)                                          0.261     4.634
[19153].in[4] (.names)                                           0.336     4.970
[19153].out[0] (.names)                                          0.261     5.231
[19157].in[2] (.names)                                           0.335     5.566
[19157].out[0] (.names)                                          0.261     5.827
[19221].in[2] (.names)                                           0.100     5.927
[19221].out[0] (.names)                                          0.261     6.188
[19227].in[2] (.names)                                           0.100     6.288
[19227].out[0] (.names)                                          0.261     6.549
[19232].in[2] (.names)                                           0.100     6.649
[19232].out[0] (.names)                                          0.261     6.910
[19215].in[2] (.names)                                           0.336     7.245
[19215].out[0] (.names)                                          0.261     7.506
[12629].in[4] (.names)                                           0.482     7.989
[12629].out[0] (.names)                                          0.261     8.250
[12620].D[0] (.latch)                                            0.000     8.250
data arrival time                                                          8.250

clock pclk (rise edge)                                           0.000     0.000
clock source latency                                             0.000     0.000
pclk.inpad[0] (.input)                                           0.000     0.000
[12620].clk[0] (.latch)                                          0.042     0.042
clock uncertainty                                                0.000     0.042
cell setup time                                                 -0.066    -0.024
data required time                                                        -0.024
--------------------------------------------------------------------------------
data required time                                                        -0.024
data arrival time                                                         -8.250
--------------------------------------------------------------------------------
slack (VIOLATED)                                                          -8.273


#Path 97
Startpoint: [17752].Q[0] (.latch clocked by pclk)
Endpoint  : [8885].D[0] (.latch clocked by pclk)
Path Type : setup

Point                                                             Incr      Path
--------------------------------------------------------------------------------
clock pclk (rise edge)                                           0.000     0.000
clock source latency                                             0.000     0.000
pclk.inpad[0] (.input)                                           0.000     0.000
[17752].clk[0] (.latch)                                          0.042     0.042
[17752].Q[0] (.latch) [clock-to-output]                          0.124     0.166
[5571].in[4] (.names)                                            1.048     1.215
[5571].out[0] (.names)                                           0.261     1.476
[17559].in[2] (.names)                                           0.768     2.243
[17559].out[0] (.names)                                          0.261     2.504
nen24_7.in[1] (.names)                                           0.623     3.128
nen24_7.out[0] (.names)                                          0.261     3.389
[4993].in[2] (.names)                                            0.623     4.012
[4993].out[0] (.names)                                           0.261     4.273
[17924].in[2] (.names)                                           0.100     4.373
[17924].out[0] (.names)                                          0.261     4.634
[19153].in[4] (.names)                                           0.336     4.970
[19153].out[0] (.names)                                          0.261     5.231
[19157].in[2] (.names)                                           0.335     5.566
[19157].out[0] (.names)                                          0.261     5.827
[19221].in[2] (.names)                                           0.100     5.927
[19221].out[0] (.names)                                          0.261     6.188
[19227].in[2] (.names)                                           0.100     6.288
[19227].out[0] (.names)                                          0.261     6.549
[19232].in[2] (.names)                                           0.100     6.649
[19232].out[0] (.names)                                          0.261     6.910
[19215].in[2] (.names)                                           0.336     7.245
[19215].out[0] (.names)                                          0.261     7.506
[8894].in[4] (.names)                                            0.482     7.989
[8894].out[0] (.names)                                           0.261     8.250
[8885].D[0] (.latch)                                             0.000     8.250
data arrival time                                                          8.250

clock pclk (rise edge)                                           0.000     0.000
clock source latency                                             0.000     0.000
pclk.inpad[0] (.input)                                           0.000     0.000
[8885].clk[0] (.latch)                                           0.042     0.042
clock uncertainty                                                0.000     0.042
cell setup time                                                 -0.066    -0.024
data required time                                                        -0.024
--------------------------------------------------------------------------------
data required time                                                        -0.024
data arrival time                                                         -8.250
--------------------------------------------------------------------------------
slack (VIOLATED)                                                          -8.273


#Path 98
Startpoint: [17752].Q[0] (.latch clocked by pclk)
Endpoint  : [12395].D[0] (.latch clocked by pclk)
Path Type : setup

Point                                                             Incr      Path
--------------------------------------------------------------------------------
clock pclk (rise edge)                                           0.000     0.000
clock source latency                                             0.000     0.000
pclk.inpad[0] (.input)                                           0.000     0.000
[17752].clk[0] (.latch)                                          0.042     0.042
[17752].Q[0] (.latch) [clock-to-output]                          0.124     0.166
[5571].in[4] (.names)                                            1.048     1.215
[5571].out[0] (.names)                                           0.261     1.476
[17559].in[2] (.names)                                           0.768     2.243
[17559].out[0] (.names)                                          0.261     2.504
nen24_7.in[1] (.names)                                           0.623     3.128
nen24_7.out[0] (.names)                                          0.261     3.389
[4993].in[2] (.names)                                            0.623     4.012
[4993].out[0] (.names)                                           0.261     4.273
[17924].in[2] (.names)                                           0.100     4.373
[17924].out[0] (.names)                                          0.261     4.634
[19153].in[4] (.names)                                           0.336     4.970
[19153].out[0] (.names)                                          0.261     5.231
[19157].in[2] (.names)                                           0.335     5.566
[19157].out[0] (.names)                                          0.261     5.827
[19221].in[2] (.names)                                           0.100     5.927
[19221].out[0] (.names)                                          0.261     6.188
[19227].in[2] (.names)                                           0.100     6.288
[19227].out[0] (.names)                                          0.261     6.549
[19232].in[2] (.names)                                           0.100     6.649
[19232].out[0] (.names)                                          0.261     6.910
[19091].in[5] (.names)                                           0.479     7.389
[19091].out[0] (.names)                                          0.261     7.650
[12404].in[4] (.names)                                           0.335     7.984
[12404].out[0] (.names)                                          0.261     8.245
[12395].D[0] (.latch)                                            0.000     8.245
data arrival time                                                          8.245

clock pclk (rise edge)                                           0.000     0.000
clock source latency                                             0.000     0.000
pclk.inpad[0] (.input)                                           0.000     0.000
[12395].clk[0] (.latch)                                          0.042     0.042
clock uncertainty                                                0.000     0.042
cell setup time                                                 -0.066    -0.024
data required time                                                        -0.024
--------------------------------------------------------------------------------
data required time                                                        -0.024
data arrival time                                                         -8.245
--------------------------------------------------------------------------------
slack (VIOLATED)                                                          -8.269


#Path 99
Startpoint: [17752].Q[0] (.latch clocked by pclk)
Endpoint  : [9800].D[0] (.latch clocked by pclk)
Path Type : setup

Point                                                             Incr      Path
--------------------------------------------------------------------------------
clock pclk (rise edge)                                           0.000     0.000
clock source latency                                             0.000     0.000
pclk.inpad[0] (.input)                                           0.000     0.000
[17752].clk[0] (.latch)                                          0.042     0.042
[17752].Q[0] (.latch) [clock-to-output]                          0.124     0.166
[5571].in[4] (.names)                                            1.048     1.215
[5571].out[0] (.names)                                           0.261     1.476
[17559].in[2] (.names)                                           0.768     2.243
[17559].out[0] (.names)                                          0.261     2.504
nen24_7.in[1] (.names)                                           0.623     3.128
nen24_7.out[0] (.names)                                          0.261     3.389
[4993].in[2] (.names)                                            0.623     4.012
[4993].out[0] (.names)                                           0.261     4.273
[17924].in[2] (.names)                                           0.100     4.373
[17924].out[0] (.names)                                          0.261     4.634
[19153].in[4] (.names)                                           0.336     4.970
[19153].out[0] (.names)                                          0.261     5.231
[19157].in[2] (.names)                                           0.335     5.566
[19157].out[0] (.names)                                          0.261     5.827
[19221].in[2] (.names)                                           0.100     5.927
[19221].out[0] (.names)                                          0.261     6.188
[19227].in[2] (.names)                                           0.100     6.288
[19227].out[0] (.names)                                          0.261     6.549
[19232].in[2] (.names)                                           0.100     6.649
[19232].out[0] (.names)                                          0.261     6.910
[19215].in[2] (.names)                                           0.336     7.245
[19215].out[0] (.names)                                          0.261     7.506
[9809].in[4] (.names)                                            0.477     7.983
[9809].out[0] (.names)                                           0.261     8.244
[9800].D[0] (.latch)                                             0.000     8.244
data arrival time                                                          8.244

clock pclk (rise edge)                                           0.000     0.000
clock source latency                                             0.000     0.000
pclk.inpad[0] (.input)                                           0.000     0.000
[9800].clk[0] (.latch)                                           0.042     0.042
clock uncertainty                                                0.000     0.042
cell setup time                                                 -0.066    -0.024
data required time                                                        -0.024
--------------------------------------------------------------------------------
data required time                                                        -0.024
data arrival time                                                         -8.244
--------------------------------------------------------------------------------
slack (VIOLATED)                                                          -8.268


#Path 100
Startpoint: [17752].Q[0] (.latch clocked by pclk)
Endpoint  : [7010].D[0] (.latch clocked by pclk)
Path Type : setup

Point                                                             Incr      Path
--------------------------------------------------------------------------------
clock pclk (rise edge)                                           0.000     0.000
clock source latency                                             0.000     0.000
pclk.inpad[0] (.input)                                           0.000     0.000
[17752].clk[0] (.latch)                                          0.042     0.042
[17752].Q[0] (.latch) [clock-to-output]                          0.124     0.166
[5571].in[4] (.names)                                            1.048     1.215
[5571].out[0] (.names)                                           0.261     1.476
[17559].in[2] (.names)                                           0.768     2.243
[17559].out[0] (.names)                                          0.261     2.504
nen24_7.in[1] (.names)                                           0.623     3.128
nen24_7.out[0] (.names)                                          0.261     3.389
[4993].in[2] (.names)                                            0.623     4.012
[4993].out[0] (.names)                                           0.261     4.273
[17924].in[2] (.names)                                           0.100     4.373
[17924].out[0] (.names)                                          0.261     4.634
[19153].in[4] (.names)                                           0.336     4.970
[19153].out[0] (.names)                                          0.261     5.231
[19157].in[2] (.names)                                           0.335     5.566
[19157].out[0] (.names)                                          0.261     5.827
[19221].in[2] (.names)                                           0.100     5.927
[19221].out[0] (.names)                                          0.261     6.188
[19227].in[2] (.names)                                           0.100     6.288
[19227].out[0] (.names)                                          0.261     6.549
[19232].in[2] (.names)                                           0.100     6.649
[19232].out[0] (.names)                                          0.261     6.910
[19215].in[2] (.names)                                           0.336     7.245
[19215].out[0] (.names)                                          0.261     7.506
[4388].in[3] (.names)                                            0.100     7.606
[4388].out[0] (.names)                                           0.261     7.867
[7019].in[5] (.names)                                            0.100     7.967
[7019].out[0] (.names)                                           0.261     8.228
[7010].D[0] (.latch)                                             0.000     8.228
data arrival time                                                          8.228

clock pclk (rise edge)                                           0.000     0.000
clock source latency                                             0.000     0.000
pclk.inpad[0] (.input)                                           0.000     0.000
[7010].clk[0] (.latch)                                           0.042     0.042
clock uncertainty                                                0.000     0.042
cell setup time                                                 -0.066    -0.024
data required time                                                        -0.024
--------------------------------------------------------------------------------
data required time                                                        -0.024
data arrival time                                                         -8.228
--------------------------------------------------------------------------------
slack (VIOLATED)                                                          -8.252


#End of timing report
